[{"relevant_topic_guid":"5426754a75cb94381654e39d0e017ac0","cnt_retweet":"0","publish_time":"20201028215009","page_action_type":"08","cnt_agree":"2","topic_guid":"20739763dec03772aef7c7bbabe6784f","userid":"maktetetsuo","cnt_comment":"0","content":"@RFA_Chinese 不奇怪。五月寫的可對照第二條已中，陸續有來。 https://t.co/cjW20szgac","url":"https://twitter.com/maktetetsuo/status/1321449174148108288","username":"水戶洋平"},{"relevant_topic_guid":"5426754a75cb94381654e39d0e017ac0","cnt_retweet":"0","publish_time":"20201029064446","page_action_type":"08","cnt_agree":"0","topic_guid":"a6571142b4621d0fde179f83f6212dde","userid":"Tomyang87562582","cnt_comment":"0","content":"@RFA_Chinese 要推翻专制政权，首先就要不使用，也不承认它的货币，让它失去购买力","url":"https://twitter.com/Tomyang87562582/status/1321583717136171008","username":"Tom yang"},{"relevant_topic_guid":"5426754a75cb94381654e39d0e017ac0","cnt_retweet":"0","publish_time":"20201028233344","page_action_type":"08","cnt_agree":"1","topic_guid":"d3c34c7332349b6f744567ff58d38fa8","userid":"AlahuakebarAGM","cnt_comment":"0","content":"@RFA_Chinese 怕什么，大不了和中国人民的老朋友委内瑞拉**津巴布韦**一样呗.","url":"https://twitter.com/AlahuakebarAGM/status/1321475243018493952","username":"为人民服务的螺丝钉**"},{"relevant_topic_guid":"5426754a75cb94381654e39d0e017ac0","cnt_retweet":"0","publish_time":"20201029000458","page_action_type":"08","cnt_agree":"8","topic_guid":"74ea47f9a5bb385faaf5fb89f3a09429","userid":"quitkina01","cnt_comment":"0","content":"@RFA_Chinese 反共人士們，這沒什麼值得高興的，共匪會以防偽之名，強制草民們把祖宗十八代的信息都綁定到數字貨幣的賬戶上。也有可能這種假冒本身就是共匪編排好的劇本，目的就是為大數據進一步造勢。","url":"https://twitter.com/quitkina01/status/1321483104092069890","username":"Enlightened Sheeple -我已去了GAB: @quitkina01"},{"relevant_topic_guid":"5426754a75cb94381654e39d0e017ac0","cnt_retweet":"0","publish_time":"20201029000010","page_action_type":"08","cnt_agree":"0","topic_guid":"c2de08b4868fa61c5bcdfce02a7cc431","userid":"lIVY59IFvAki8o4","cnt_comment":"0","content":"@RFA_Chinese @franktianxie 這是中共最高科技，獨霸全球","url":"https://twitter.com/lIVY59IFvAki8o4/status/1321481895259983874","username":"志德"},{"relevant_topic_guid":"5426754a75cb94381654e39d0e017ac0","cnt_retweet":"0","publish_time":"20201029041908","page_action_type":"08","cnt_agree":"0","topic_guid":"91c3200ef219754d3673d1678d900ab9","userid":"Discovery198405","cnt_comment":"0","content":"@RFA_Chinese 中国人牛，华强北的人更牛。","url":"https://twitter.com/Discovery198405/status/1321547064896049154","username":"David Li"},{"relevant_topic_guid":"05d7f5221aa8f823770fbb39cf76d64b","cnt_retweet":"1","publish_time":"20201112091054","page_action_type":"08","cnt_agree":"3","topic_guid":"580a4b1d0d74be551a2a70db9e5cdf77","userid":"bitex2047","cnt_comment":"0","content":"#赵进民退 时代已来临一封朝奏九重天，Xi贬潮阳路八千云横秦岭家何在，雪拥蓝关*不前 https://t.co/ay5XeLR8vM","url":"https://twitter.com/bitex2047/status/1326693921171271680","username":"bitex"},{"relevant_topic_guid":"5426754a75cb94381654e39d0e017ac0","cnt_retweet":"0","publish_time":"20201029074332","page_action_type":"08","cnt_agree":"0","topic_guid":"0336e2d0740624027e183547808e8416","userid":"wawawa_kekeke","cnt_comment":"0","content":"@RFA_Chinese 可喜可賀","url":"https://twitter.com/wawawa_kekeke/status/1321598504054091776","username":"♡ *****ིྀ******"},{"relevant_topic_guid":"8bc111595242e78a64fac8537389cbb0","cnt_retweet":"0","publish_time":"20201029111159","page_action_type":"08","cnt_agree":"0","topic_guid":"4dcf5e6094770aa55a69ceeeb71bcb53","userid":"njling1989","cnt_comment":"0","content":"@williamlong 这个没说清楚 哪位学者认为。姓名是谁？","url":"https://twitter.com/njling1989/status/1321650965502545920","username":"墙外楼"},{"relevant_topic_guid":"5426754a75cb94381654e39d0e017ac0","cnt_retweet":"0","publish_time":"20201028190444","page_action_type":"08","cnt_agree":"5","topic_guid":"eab4d4d04000256cc2e45cb7bb0f8bb5","userid":"Winnie_tony","cnt_comment":"0","content":"@RFA_Chinese 中國地區人民何時才能選《總統》，不必再當《奴才》，被《領導》領導","url":"https://twitter.com/Winnie_tony/status/1321407548189102081","username":"小熊維尼"},{"relevant_topic_guid":"5426754a75cb94381654e39d0e017ac0","cnt_retweet":"0","publish_time":"20201028192734","page_action_type":"08","cnt_agree":"3","topic_guid":"5a867ef68ab6891768cd886606bf30f7","userid":"Connor_Y_my7788","cnt_comment":"0","content":"@RFA_Chinese 一开始以为是区块链 高估了","url":"https://twitter.com/Connor_Y_my7788/status/1321413294821765121","username":"James bound"},{"relevant_topic_guid":"5426754a75cb94381654e39d0e017ac0","cnt_retweet":"0","publish_time":"20201028190916","page_action_type":"08","cnt_agree":"1","topic_guid":"f27a65b2d132cf667479979ad3629270","userid":"5thtrs","cnt_comment":"0","content":"@RFA_Chinese 說到仿冒造假，誰能與牆國比肩*","url":"https://twitter.com/5thtrs/status/1321408688364507138","username":"tommy"},{"relevant_topic_guid":"5426754a75cb94381654e39d0e017ac0","cnt_retweet":"0","publish_time":"20201028192019","page_action_type":"08","cnt_agree":"16","topic_guid":"0500984b24b3d5d2413f0f9c6c909cb8","userid":"QueenWong16","cnt_comment":"0","content":"@RFA_Chinese 造假国没有假货才是天方夜谭* https://t.co/LHvL5jM4IE","url":"https://twitter.com/QueenWong16/status/1321411467732606976","username":"Queen Wong"},{"relevant_topic_guid":"5426754a75cb94381654e39d0e017ac0","cnt_retweet":"0","publish_time":"20201028193412","page_action_type":"08","cnt_agree":"2","topic_guid":"31d9c0e89a3d1a8bf08f51da18179419","userid":"GoooglerH","cnt_comment":"0","content":"@RFA_Chinese 数字假币这么快问世，肯定是支付宝和微信支付干的。","url":"https://twitter.com/GoooglerH/status/1321414961432653828","username":"Gooogler Hoo"},{"relevant_topic_guid":"5426754a75cb94381654e39d0e017ac0","cnt_retweet":"0","publish_time":"20201028210606","page_action_type":"08","cnt_agree":"0","topic_guid":"9dab05eaa3ea6dbafb4e5ef7151eeee8","userid":"Sit_Takchin","cnt_comment":"0","content":"@RFA_Chinese 我操，这都可以造假。","url":"https://twitter.com/Sit_Takchin/status/1321438092272848897","username":"Sit Tak-chin"},{"relevant_topic_guid":"3d0d9d1b87dba38f7cd2b54fe6dcf099","cnt_retweet":"0","publish_time":"20201028151549","page_action_type":"08","cnt_agree":"0","topic_guid":"272eefebc8556cab09f7c0dca57cff76","userid":"danajin","cnt_comment":"0","content":"@dowei 这不就是粮票","url":"https://twitter.com/danajin/status/1321349939188756481","username":"Dana Jin"},{"relevant_topic_guid":"5426754a75cb94381654e39d0e017ac0","cnt_retweet":"0","publish_time":"20201028194315","page_action_type":"08","cnt_agree":"0","topic_guid":"84aed701411650a3eeda489d080f9a9a","userid":"jll5131","cnt_comment":"0","content":"@RFA_Chinese 做假貨最厲害","url":"https://twitter.com/jll5131/status/1321417240663617537","username":"jll513"},{"relevant_topic_guid":"5426754a75cb94381654e39d0e017ac0","cnt_retweet":"0","publish_time":"20201028201120","page_action_type":"08","cnt_agree":"1","topic_guid":"2cb5794088bf13d9debf74d07fba28c6","userid":"leonjingyu12","cnt_comment":"0","content":"@RFA_Chinese @Q0qHld2omyuGlnq 造芯片造量子工程没有这么快，造假就第一名…***","url":"https://twitter.com/leonjingyu12/status/1321424309252808704","username":"leonjingyu12"},{"relevant_topic_guid":"8497305c51c9348b42101218a9c26166","cnt_retweet":"0","publish_time":"20201026080038","page_action_type":"08","cnt_agree":"0","topic_guid":"5ad66e193b6e4187cce07d285ab35a17","userid":"Augustzhang8","cnt_comment":"0","content":"@caijingxiang 什么意思","url":"https://twitter.com/Augustzhang8/status/1320515643511193600","username":"August zhang"},{"relevant_topic_guid":"dcf32f18f55ea8aed1298f39141e01fd","cnt_retweet":"0","publish_time":"20201024123120","page_action_type":"08","cnt_agree":"2","topic_guid":"78ea42bc215722162b3907cf26b94e86","userid":"xijingping1111","cnt_comment":"0","content":"@caijingxiang 这个确实尤其是老头老太太，但是他们连智能手机都没有啊，一般也就是个能打电话的老年机，我不是歧视农村人，我奶奶也是农村的不是市里的，就我奶奶那辈人接受新知识新事物能力极差，跟老年记忆力差有一点关系，但是我们那的农村很严重，手机短信都不会删的…","url":"https://twitter.com/xijingping1111/status/1319858994094063617","username":"五年一看戏，目标2025 10个百人计划"},{"relevant_topic_guid":"8497305c51c9348b42101218a9c26166","cnt_retweet":"0","publish_time":"20201026065629","page_action_type":"08","cnt_agree":"5","topic_guid":"591c4cb330dbd9ecdb6332596f51d440","userid":"wxmdtt","cnt_comment":"0","content":"@caijingxiang 我就听懂一句：数字币没利息！！！","url":"https://twitter.com/wxmdtt/status/1320499501681963009","username":"王小米"},{"relevant_topic_guid":"8497305c51c9348b42101218a9c26166","cnt_retweet":"0","publish_time":"20201026084935","page_action_type":"08","cnt_agree":"2","topic_guid":"875cf8633c67d394e03ae3834fbd0b6e","userid":"yaonaomi2","cnt_comment":"0","content":"@caijingxiang 当他们说免费、福利的时候，就得小心了。","url":"https://twitter.com/yaonaomi2/status/1320527962823782401","username":"yaonaomi"},{"relevant_topic_guid":"8497305c51c9348b42101218a9c26166","cnt_retweet":"0","publish_time":"20201026081636","page_action_type":"08","cnt_agree":"1","topic_guid":"2170e94c2339c6d91dac894a08a05f0b","userid":"nanokeygen","cnt_comment":"0","content":"@caijingxiang 什么东西可以直接当现金用但没有利息没有手续费？代金券。什么钱有有效期？代金券。什么钱根本不能拿去国外用？代金券。发福利经常发什么？代金券。券发的多还是钱发的多？不一定。这是大家的生活常识。","url":"https://twitter.com/nanokeygen/status/1320519662669426688","username":"hbd"},{"relevant_topic_guid":"7782393f13f9c575ae4e681d8eb55c49","cnt_retweet":"0","publish_time":"20201024121624","page_action_type":"08","cnt_agree":"0","topic_guid":"603f3a5547a19ab9cfa494dc5301400f","userid":"m103134","cnt_comment":"0","content":"@zxd197701291 @jackoop @hermit181 不太懂一開始說數字貨幣可以換外匯，後來改口拉紙幣也不能隨意換下水，接著放大絕反正網上很多都不懂，那到底數字貨幣是怎麼換外匯？既然這麼了解就該解釋下吧。","url":"https://twitter.com/m103134/status/1319855234026336256","username":"跖"},{"relevant_topic_guid":"a99a09f3f1228c2f686c03e17f5c288d","cnt_retweet":"0","publish_time":"20201022165919","page_action_type":"08","cnt_agree":"0","topic_guid":"1fe068c72d20c3554c0375353b641c5c","userid":"Daniellin_CN","cnt_comment":"0","content":"@caesar8100x @ChineseWSJ 不正确","url":"https://twitter.com/Daniellin_CN/status/1319201659319246849","username":"Daniellin_CN"},{"relevant_topic_guid":"a99a09f3f1228c2f686c03e17f5c288d","cnt_retweet":"0","publish_time":"20201022170034","page_action_type":"08","cnt_agree":"1","topic_guid":"29229c5ce0d91f541bfe16f2bf57bb64","userid":"Daniellin_CN","cnt_comment":"0","content":"@caesar8100x @ChineseWSJ 更重要的是击破美金的霸权地位","url":"https://twitter.com/Daniellin_CN/status/1319201970897391617","username":"Daniellin_CN"},{"relevant_topic_guid":"05d7f5221aa8f823770fbb39cf76d64b","cnt_retweet":"0","publish_time":"20201027150455","page_action_type":"08","cnt_agree":"5","topic_guid":"a840be12d512ea5ba18d69801452fb4e","userid":"bitex2047","cnt_comment":"0","content":"郭台铭不是因缺钱才卖掉持有13年的阿里巴巴 $BABA下面这新闻就是证据：富士康科技集团与中保投资有限责任公司建立全面合作关系，发起设立符合双方全面合作要求的私募投资基金，首期规模100亿，总规模200亿，并共同设立市场化平台。 https://t.co/O2jD4wPzsc","url":"https://twitter.com/bitex2047/status/1320984809489850368","username":"bitex"},{"relevant_topic_guid":"c415a6ae04bc01ad3b431d1517eeec19","cnt_retweet":"0","publish_time":"20201021010811","page_action_type":"08","cnt_agree":"0","topic_guid":"049f878bb05493b3ac10d9f1884c752d","userid":"pangzi43838435","cnt_comment":"0","content":"@oopsie06020861 @sinylei @RainbowayChaser @lei_GG 如果你卖了，再从国内进货，也就不需要换汇了吧。","url":"https://twitter.com/pangzi43838435/status/1318599909868670977","username":"pangzi"},{"relevant_topic_guid":"dcf32f18f55ea8aed1298f39141e01fd","cnt_retweet":"0","publish_time":"20201024115818","page_action_type":"08","cnt_agree":"0","topic_guid":"c3437a937d0cee71db0cd72a3b82d164","userid":"INX41PYnmuSO73H","cnt_comment":"0","content":"@caijingxiang 你在头条和推特上两头扯淡！","url":"https://twitter.com/INX41PYnmuSO73H/status/1319850678286598145","username":"撒旦的眼睛"},{"relevant_topic_guid":"104e46be89d4bdb7683daf994115b974","cnt_retweet":"0","publish_time":"20201021005528","page_action_type":"08","cnt_agree":"0","topic_guid":"42df60ff2b6aaca4463f327320f22dcc","userid":"oopsie06020861","cnt_comment":"0","content":"@pangzi43838435 @sinylei @RainbowayChaser @lei_GG 隐私主要的目的是去美元交易， 规避中国和美国的金融机构的追踪和制裁。支持美元国际化最大的势力就是全球的地下经济活动。技术上最困难是三种系统的即时清算系统。","url":"https://twitter.com/oopsie06020861/status/1318596708603809792","username":"细奶奶"},{"relevant_topic_guid":"fda058d20e7bbb45c1e6e42988b919eb","cnt_retweet":"0","publish_time":"20201017195524","page_action_type":"08","cnt_agree":"0","topic_guid":"d8b871e55287548cd5808411bc258988","userid":"DucOfSilver","cnt_comment":"0","content":"1.去中介化 把银行储蓄转化为了个人持有的货币（感觉这个对于个人而言意义不大吧，而且某种程度上个人的数字货币又何尝不是一个银行账户呢？）2.无网络的时候也可以使用，是一个不错的功能，但是真正无网络的地方使用的依旧是现金吧，而使用电子支付手段的居民也很少存在无网络困扰。","url":"https://twitter.com/DucOfSilver/status/1317434029910577153","username":"ギン"},{"relevant_topic_guid":"632f969666401865a98e36b1b5e4774a","cnt_retweet":"0","publish_time":"20210220124329","page_action_type":"08","cnt_agree":"0","topic_guid":"91a307ff1b8e8090e6d529695d20290c","userid":"AlanChan789000","cnt_comment":"0","content":"@maskman47338380 @YouTube 官員合法無限量結婚就可以了。哈哈！！","url":"https://twitter.com/AlanChan789000/status/1362986206712131589","username":"不動明王"},{"relevant_topic_guid":"458d2d0d1bd38615f77427cb81887a07","cnt_retweet":"0","publish_time":"20210211201455","page_action_type":"08","cnt_agree":"1","topic_guid":"26799fd5e9c1284faaa4d66715ee7bdb","userid":"John1320319029","cnt_comment":"0","content":"@VOAChinese 如果人民币能够逐步迈向国际结算货币，那世界的格局将真正改变了。这是好消息，保持关注……","url":"https://twitter.com/John1320319029/status/1359838321619308545","username":"John tay"},{"relevant_topic_guid":"437417e2bf0bb8ae4ad813115d0e7f4b","cnt_retweet":"0","publish_time":"20210209094809","page_action_type":"08","cnt_agree":"0","topic_guid":"9565fc227dbce12a6f29688e95c155f9","userid":"gaochunyong197s","cnt_comment":"0","content":"@K0xXjun43aGRK23 @YouTube 沒有的事老哥，N多老年人基本不會用神馬網絡支付","url":"https://twitter.com/gaochunyong197s/status/1358955818234703873","username":"髙春永gaochunyong1974"},{"relevant_topic_guid":"02f3034d7a6e10f8c1a8f0c259bba7e6","cnt_retweet":"0","publish_time":"20210212124929","page_action_type":"08","cnt_agree":"0","topic_guid":"2e08b9211b62f896932120df5a923547","userid":"shen_liya","cnt_comment":"0","content":"@caichu88 Bad idea.","url":"https://twitter.com/shen_liya/status/1360088613531320320","username":"Liya Shen"},{"relevant_topic_guid":"458d2d0d1bd38615f77427cb81887a07","cnt_retweet":"0","publish_time":"20210211201327","page_action_type":"08","cnt_agree":"0","topic_guid":"dc9d38a1b4df8a57a64f770030faa7d2","userid":"flazlt","cnt_comment":"0","content":"@VOAChinese 货币要能买到东西","url":"https://twitter.com/flazlt/status/1359837954382962689","username":"Setter 火木*️*"},{"relevant_topic_guid":"7e62f5c180c38370075a7c1898250174","cnt_retweet":"1","publish_time":"20210211210226","page_action_type":"08","cnt_agree":"0","topic_guid":"be1f939e52ace96a596322d248757625","userid":"caichu88","cnt_comment":"0","content":"金融中心要有一定的上架比率，其次是各国央行愿意把人民币当成储备货币，亦即，人民币不仅要作为计价、结算等交易货币，还要作为投资和外汇储备货币，后两项要件，通常对人均GDP达已开发国家、经济体制成熟健全、金融市场高度开放的国家才可能达标，因此，非中国短期内所能企及的。","url":"https://twitter.com/caichu88/status/1359850281262022660","username":"Cai Chu"},{"relevant_topic_guid":"458d2d0d1bd38615f77427cb81887a07","cnt_retweet":"0","publish_time":"20210211204117","page_action_type":"08","cnt_agree":"2","topic_guid":"7719325514e077ff6ff7c7c82f0a6f41","userid":"guaen2","cnt_comment":"0","content":"@VOAChinese 这一定是再一次对国内老百姓洗劫*","url":"https://twitter.com/guaen2/status/1359844959680012288","username":"Gavin wang"},{"relevant_topic_guid":"458d2d0d1bd38615f77427cb81887a07","cnt_retweet":"0","publish_time":"20210211201750","page_action_type":"08","cnt_agree":"6","topic_guid":"190191396abe64c6c6ff89fee3268b52","userid":"FHYdZsingKInmyB","cnt_comment":"0","content":"@VOAChinese * 人民幣要想搶美元地位必須開放自由兌換，而且金融系統也必須改革和開放，我看以習的眼界不現實！","url":"https://twitter.com/FHYdZsingKInmyB/status/1359839058730516483","username":"炸蛆人"},{"relevant_topic_guid":"458d2d0d1bd38615f77427cb81887a07","cnt_retweet":"0","publish_time":"20210211201807","page_action_type":"08","cnt_agree":"0","topic_guid":"abee9105cbb111cb6a132ec55f83bbab","userid":"huyue996","cnt_comment":"0","content":"@VOAChinese 此新闻在中共国内已经吵得沸沸扬扬了……","url":"https://twitter.com/huyue996/status/1359839130058915846","username":"炫蓝胡悦仙"},{"relevant_topic_guid":"458d2d0d1bd38615f77427cb81887a07","cnt_retweet":"0","publish_time":"20210211204320","page_action_type":"08","cnt_agree":"2","topic_guid":"d4ebb89ad9bce05f7e015ccbff760ebf","userid":"krislabert","cnt_comment":"0","content":"@VOAChinese 人民幣的國際化取決於護照和移民的開放，中國超越美國有很多陷阱，2032年只是預測，否則不可能取代美國。","url":"https://twitter.com/krislabert/status/1359845474681958401","username":"Kris Blake******"},{"relevant_topic_guid":"4b0b21e04d6138813c8ba69d0b9bc1be","cnt_retweet":"0","publish_time":"20210208101653","page_action_type":"08","cnt_agree":"0","topic_guid":"aa998eeadd9d410261ba2d4b9d50db63","userid":"asobi47379737","cnt_comment":"0","content":"@RFI_Cn 又在忽悠","url":"https://twitter.com/asobi47379737/status/1358600658312568834","username":"走西口asobi"},{"relevant_topic_guid":"25619eb4aa4dbaff59c9deef33fe2ad5","cnt_retweet":"0","publish_time":"20210208113949","page_action_type":"08","cnt_agree":"0","topic_guid":"17c435ac244c2092053243fdd9589892","userid":"superyiang","cnt_comment":"0","content":"@luoleiorg 一个iPhone有什么好办法快速切换区域呢","url":"https://twitter.com/superyiang/status/1358621530565976064","username":"山坡羊"},{"relevant_topic_guid":"458d2d0d1bd38615f77427cb81887a07","cnt_retweet":"0","publish_time":"20210211213530","page_action_type":"08","cnt_agree":"0","topic_guid":"f4943e3648eb078bf7a093c170f2c7ce","userid":"ODIFA83yKdAYRIw","cnt_comment":"0","content":"@VOAChinese 劣币驱除良币的时代到了","url":"https://twitter.com/ODIFA83yKdAYRIw/status/1359858600852656129","username":"三七二一"},{"relevant_topic_guid":"458d2d0d1bd38615f77427cb81887a07","cnt_retweet":"0","publish_time":"20210211214101","page_action_type":"08","cnt_agree":"0","topic_guid":"ec8431674aafd663094831a0c0bb2b7d","userid":"TomyKing13","cnt_comment":"0","content":"@VOAChinese SWIFT會成美姦嗎？","url":"https://twitter.com/TomyKing13/status/1359859991126114307","username":"Tomy King"},{"relevant_topic_guid":"25619eb4aa4dbaff59c9deef33fe2ad5","cnt_retweet":"0","publish_time":"20210208131214","page_action_type":"08","cnt_agree":"0","topic_guid":"bb72c750ac3d356fe4e5a233dd1beb54","userid":"i_loder","cnt_comment":"0","content":"@luoleiorg 一个中区，一个美区不行吗？","url":"https://twitter.com/i_loder/status/1358644789416132613","username":"S68S"},{"relevant_topic_guid":"25619eb4aa4dbaff59c9deef33fe2ad5","cnt_retweet":"0","publish_time":"20210208103522","page_action_type":"08","cnt_agree":"0","topic_guid":"7520ac9e72e9dac215c5bb5c1e493677","userid":"massacre1989","cnt_comment":"0","content":"@luoleiorg 數字人民幣注定是瓦房店化的新工分","url":"https://twitter.com/massacre1989/status/1358605310529855491","username":"盧霍斯"},{"relevant_topic_guid":"4b0b21e04d6138813c8ba69d0b9bc1be","cnt_retweet":"0","publish_time":"20210208072759","page_action_type":"08","cnt_agree":"3","topic_guid":"9d8d8d3bcdb9c7bfc883a80d02b1f7be","userid":"xuelizhang1971","cnt_comment":"0","content":"@RFI_Cn 控制疫情扩散减少人员流动，保护更多居民。为政府的行为点赞*……为响应号召不回家过年*的中国人点赞*","url":"https://twitter.com/xuelizhang1971/status/1358558154942935040","username":"内心强大"},{"relevant_topic_guid":"fd6d8c719ddf3bdcdae9fa40825e08cb","cnt_retweet":"0","publish_time":"20201017140512","page_action_type":"08","cnt_agree":"14","topic_guid":"94c433f4fdec231625bfec7b4580c6f1","userid":"blueskyinla","cnt_comment":"0","content":"@bbcchinese 方便\"一键清零\"","url":"https://twitter.com/blueskyinla/status/1317345900834942977","username":"Teresa T"},{"relevant_topic_guid":"fd6d8c719ddf3bdcdae9fa40825e08cb","cnt_retweet":"0","publish_time":"20201017161521","page_action_type":"08","cnt_agree":"1","topic_guid":"303abbf4c148fa1e4ea8f9e45138bc07","userid":"tsuruya1987","cnt_comment":"0","content":"@bbcchinese 我觉得支付宝只是电子支付，本质还是钱存到银行然后链接银行卡使用。电子货币那就相当于电子人民币放到兜里，可以不用依托银行。个人认为","url":"https://twitter.com/tsuruya1987/status/1317378655627153408","username":"鶴屋"},{"relevant_topic_guid":"fd6d8c719ddf3bdcdae9fa40825e08cb","cnt_retweet":"0","publish_time":"20201018033458","page_action_type":"08","cnt_agree":"0","topic_guid":"b3c039546814ea21fd26ca780282951f","userid":"Liusheng_cn","cnt_comment":"0","content":"@bbcchinese 把自由流通的貨幣改組成輕車熟路的奴役","url":"https://twitter.com/Liusheng_cn/status/1317549686300041216","username":"地獄之魘"},{"relevant_topic_guid":"fd6d8c719ddf3bdcdae9fa40825e08cb","cnt_retweet":"0","publish_time":"20201018111607","page_action_type":"08","cnt_agree":"3","topic_guid":"c5de174d00797688caf650fe1dbf342e","userid":"vancegaobo","cnt_comment":"0","content":"@bbcchinese 我看BBC只是看人类编辑水平的下限","url":"https://twitter.com/vancegaobo/status/1317665737587052546","username":"vancegaobo"},{"relevant_topic_guid":"fd6d8c719ddf3bdcdae9fa40825e08cb","cnt_retweet":"0","publish_time":"20201017203939","page_action_type":"08","cnt_agree":"0","topic_guid":"ac42c9ea015a76806c1134bf5556107e","userid":"Lich38771283","cnt_comment":"0","content":"@bbcchinese 夭寿啦，中国又要崩溃了","url":"https://twitter.com/Lich38771283/status/1317445169210445825","username":"华盛顿民主自由灵车"},{"relevant_topic_guid":"92714fbfff6e92f92754695322d4114a","cnt_retweet":"0","publish_time":"20201115113349","page_action_type":"08","cnt_agree":"0","topic_guid":"f28e8f2243b78203764743c0fe8ff91a","userid":"we80s3","cnt_comment":"0","content":"@RFA_Chinese 这个视频根本就不明白，国内发行的数字货币和用于国际结算的，不是一回事。","url":"https://twitter.com/we80s3/status/1327817051482640385","username":"we80s"},{"relevant_topic_guid":"9b1f5aba642eb3964ae76becdbe9088b","cnt_retweet":"0","publish_time":"20201110112320","page_action_type":"08","cnt_agree":"2","topic_guid":"b9e408006d05783588b88c01c4c8e719","userid":"songhan04538952","cnt_comment":"0","content":"@RFA_Chinese 在共产党看来，中国人确实就是个数字。","url":"https://twitter.com/songhan04538952/status/1326002474738573313","username":"寒松—不学习"},{"relevant_topic_guid":"92714fbfff6e92f92754695322d4114a","cnt_retweet":"0","publish_time":"20201115114234","page_action_type":"08","cnt_agree":"0","topic_guid":"4b28037d5e5c2f95f410a3e9cc6b3796","userid":"grKW2ghZDOS0LbH","cnt_comment":"0","content":"@RFA_Chinese 人们为什么对中共做的任何事情都进行质疑与批评，是因为他们本质上是极权恶魔，他们不仅仅是极权，而且利用权力为恶，恶行累累。美国也有霸权，也有各种超强的能力，但他们是民主制度，权力来源于民众，他们没有黑暗权力，所以做不得恶，但中共却把所有反对，甚至仅仅不同意他们行为的所有人都施加强力","url":"https://twitter.com/grKW2ghZDOS0LbH/status/1327819255971147776","username":"龚自珍"},{"relevant_topic_guid":"92714fbfff6e92f92754695322d4114a","cnt_retweet":"0","publish_time":"20201115122813","page_action_type":"08","cnt_agree":"0","topic_guid":"f71ebe0510b6dc2ab821cf193cc6ba3c","userid":"donovan66707","cnt_comment":"0","content":"@RFA_Chinese 就喜欢看你们逼逼赖赖，又无能为力的蠢样子，而后跟着一群道听途说，无脑杂耍的信徒，实在可笑。一张口就是世界公认，180多个国家领导都没你们有智慧嘛？","url":"https://twitter.com/donovan66707/status/1327830740181032960","username":"空空"},{"relevant_topic_guid":"92714fbfff6e92f92754695322d4114a","cnt_retweet":"0","publish_time":"20201115114737","page_action_type":"08","cnt_agree":"0","topic_guid":"ff61051b7380f439f8a3764e74a1a947","userid":"grKW2ghZDOS0LbH","cnt_comment":"0","content":"@RFA_Chinese 这就是中共常常“抱怨”双重标准的根本原因：因为你恶行累累，权力与能力就是魔鬼的力量，令人恐惧，而别的地方，权力与能力都是民众的意志，而这世界本质上是民众的，所以他们只能创造社会的能力，民众的财富，而不是邪恶的能力。天使拥有能力是希望，而魔鬼拥有能力就是恐惧。","url":"https://twitter.com/grKW2ghZDOS0LbH/status/1327820524366430211","username":"龚自珍"},{"relevant_topic_guid":"9752d0a82dad017778173094c56d61c3","cnt_retweet":"0","publish_time":"20201031135224","page_action_type":"08","cnt_agree":"0","topic_guid":"8ffa956f4c0750d34894432d6dc5db36","userid":"LauraStuart777","cnt_comment":"0","content":"@2Lmwx 數字糧票搭配良民證","url":"https://twitter.com/LauraStuart777/status/1322416110742859776","username":"ローラ・スチュアート"},{"relevant_topic_guid":"9b1f5aba642eb3964ae76becdbe9088b","cnt_retweet":"0","publish_time":"20201117080202","page_action_type":"08","cnt_agree":"3","topic_guid":"f0e5de6f38517b26f82cda8db4482cb3","userid":"NYRailfan","cnt_comment":"0","content":"@RFA_Chinese ????? https://t.co/QUKGkOtoM0","url":"https://twitter.com/NYRailfan/status/1328488529886851072","username":"台湾省两栖动物研究院"},{"relevant_topic_guid":"291141ce3268e8a836f060b1ce8ebc73","cnt_retweet":"0","publish_time":"20201026233916","page_action_type":"08","cnt_agree":"1","topic_guid":"4c0cf1ac4e331dcc0428f4afd55f58d8","userid":"EZqkzsCFrgcaoww","cnt_comment":"0","content":"@SusanHa70016730 厉害了，他们没有办不到，只有你想不到。","url":"https://twitter.com/EZqkzsCFrgcaoww/status/1320751860685238272","username":"糊塗"},{"relevant_topic_guid":"5426754a75cb94381654e39d0e017ac0","cnt_retweet":"0","publish_time":"20201029085051","page_action_type":"08","cnt_agree":"0","topic_guid":"058d9f5c3a740ea09c1ddf766a0c8961","userid":"yclpc0662","cnt_comment":"0","content":"@RFA_Chinese @alicedreamss 卧槽","url":"https://twitter.com/yclpc0662/status/1321615446529900544","username":"碰石头的蛋"},{"relevant_topic_guid":"291141ce3268e8a836f060b1ce8ebc73","cnt_retweet":"0","publish_time":"20201026181130","page_action_type":"08","cnt_agree":"1","topic_guid":"d0c8f6bdd00a4d4fa5720be18ca19bf7","userid":"siying2365","cnt_comment":"0","content":"@SusanHa70016730 电子不可靠，这是经验总结出来的……","url":"https://twitter.com/siying2365/status/1320669374982676480","username":"周思颖"},{"relevant_topic_guid":"5426754a75cb94381654e39d0e017ac0","cnt_retweet":"0","publish_time":"20201028215106","page_action_type":"08","cnt_agree":"0","topic_guid":"2cfd826c7b1899f3412d446a4e40fe9d","userid":"A88131200790083","cnt_comment":"0","content":"@RFA_Chinese 我只想说，求分享制造过程","url":"https://twitter.com/A88131200790083/status/1321449415505186818","username":"30624300"},{"relevant_topic_guid":"92714fbfff6e92f92754695322d4114a","cnt_retweet":"0","publish_time":"20201115113728","page_action_type":"08","cnt_agree":"0","topic_guid":"c091f9d775de5066a1248fee4d53b082","userid":"grKW2ghZDOS0LbH","cnt_comment":"0","content":"@RFA_Chinese 但中共集所有权力于一身，本身又任意妄为，无视国际任何的压力，肆意剥夺与侵害公民权力，甚至达到了人神共愤地大规模建集中营，大规模系统性非法拘禁少数民族的滔天罪行，大规模系统性加害异议人士自由甚至生命的恶行，由这种人，这些人来控制发行单方面数字信息霸权的货币，让极权实现了致命覆盖！","url":"https://twitter.com/grKW2ghZDOS0LbH/status/1327817969515151360","username":"龚自珍"},{"relevant_topic_guid":"9b1f5aba642eb3964ae76becdbe9088b","cnt_retweet":"0","publish_time":"20201110110636","page_action_type":"08","cnt_agree":"0","topic_guid":"b36759c822b73a57c93346ed0b785819","userid":"cao2001516","cnt_comment":"0","content":"@RFA_Chinese 意味着小偷就是偷了钱也无法用～","url":"https://twitter.com/cao2001516/status/1325998264781398017","username":"isaiah"},{"relevant_topic_guid":"92714fbfff6e92f92754695322d4114a","cnt_retweet":"0","publish_time":"20201115111418","page_action_type":"08","cnt_agree":"1","topic_guid":"83692f5ea355f1b755401e58bf1cfcad","userid":"ERIC40041861","cnt_comment":"0","content":"@RFA_Chinese 抄不到就开始逼逼，要打破美元的垄断地位就开始颤抖了吧！美帝印钞割全世界的羊毛也没见你们BB，爱用不用，不用请滚","url":"https://twitter.com/ERIC40041861/status/1327812141030621184","username":"ERIC.YAO"},{"relevant_topic_guid":"1734f896a3cef0e5dad63ab2c388d1fe","cnt_retweet":"0","publish_time":"20201031075514","page_action_type":"08","cnt_agree":"0","topic_guid":"9bc16b93c4b69f4925bf301ef2d88044","userid":"Doraemon_CHN","cnt_comment":"0","content":"6、视频通话时可以智能改变自己的背景7、首发视频110报警8、全球首款亚米级车道导航","url":"https://twitter.com/Doraemon_CHN/status/1322326226380357632","username":"Doraemon"},{"relevant_topic_guid":"9b1f5aba642eb3964ae76becdbe9088b","cnt_retweet":"0","publish_time":"20201110180535","page_action_type":"08","cnt_agree":"0","topic_guid":"f049347976e56b987a4a6f673e6cc712","userid":"Laurali19179587","cnt_comment":"0","content":"@RFA_Chinese 天天放屁，酸得很柠檬一样，这些都是技术的进步，信息化提升的表现好嘛","url":"https://twitter.com/Laurali19179587/status/1326103702789255169","username":"Laura.liu"},{"relevant_topic_guid":"8fe1d44fcbc256d707ea4220c6688f77","cnt_retweet":"0","publish_time":"20201109194256","page_action_type":"08","cnt_agree":"0","topic_guid":"02334e21631160beecd87f9159bdd71c","userid":"zGOFxdL3SYdvMNp","cnt_comment":"0","content":"@Coca82888457 @nytchinese 脑子是个好东西，希望你也能又一个*","url":"https://twitter.com/zGOFxdL3SYdvMNp/status/1325765817041121280","username":"且觉"},{"relevant_topic_guid":"9b1f5aba642eb3964ae76becdbe9088b","cnt_retweet":"0","publish_time":"20201110115504","page_action_type":"08","cnt_agree":"0","topic_guid":"915df9af97d4f89eedfc8333679027a6","userid":"lucas43418164","cnt_comment":"0","content":"@RFA_Chinese 这些东西美国也在做呢，哈哈，中国科技发展真的是重要的战略呢，因为只要是中国有的科技，西方一定会反对，祝西方早日反回原始社会，这样就彻底自由民主了","url":"https://twitter.com/lucas43418164/status/1326010459690921984","username":"lucas"},{"relevant_topic_guid":"9b1f5aba642eb3964ae76becdbe9088b","cnt_retweet":"0","publish_time":"20201110113605","page_action_type":"08","cnt_agree":"0","topic_guid":"6c773525571d6bdd63bfe585a5d1fb14","userid":"jet_vic","cnt_comment":"0","content":"@RFA_Chinese 卧槽，怎么这么多井底之蛙，美国在你头上拉屎你还说香呢","url":"https://twitter.com/jet_vic/status/1326005682865201152","username":"JetVic"},{"relevant_topic_guid":"9b1f5aba642eb3964ae76becdbe9088b","cnt_retweet":"0","publish_time":"20201115230137","page_action_type":"08","cnt_agree":"0","topic_guid":"f54637cce02d3838f6ddeb9170089746","userid":"liujj619","cnt_comment":"0","content":"@RFA_Chinese 能够遏制资本主义这个吸血鬼的，只有中共了，中共刚刚收拾了蚂蚁，接着出台了互联网反垄断法，想一家独大在中国不可能，想一劳永逸，不劳而获，不可能，中国还会继续在扶贫上投入，缩小贫困差距，消除寡头，在西方的资本主义体制下可能吗？政府可以动华尔街吗？","url":"https://twitter.com/liujj619/status/1327990144415064065","username":"Eric Liu"},{"relevant_topic_guid":"9b1f5aba642eb3964ae76becdbe9088b","cnt_retweet":"0","publish_time":"20201110105820","page_action_type":"08","cnt_agree":"0","topic_guid":"e6e38deaf726301ff78cabb3cb730651","userid":"HtSekiro","cnt_comment":"0","content":"@RFA_Chinese 他老人家还活着就不错了居然还特么抱怨买不了盒马鲜生，盒马本来就贵的一笔桂枝至少13亿人吃不起，万恶的知识分子臭老九真应该去夹鞭沟接受贫下中农教育","url":"https://twitter.com/HtSekiro/status/1325996180979896321","username":"SekiroHT*"},{"relevant_topic_guid":"9b1f5aba642eb3964ae76becdbe9088b","cnt_retweet":"0","publish_time":"20201115162519","page_action_type":"08","cnt_agree":"1","topic_guid":"4176d3f424a742e7d968a7d807dcc51a","userid":"CG131242","cnt_comment":"0","content":"@RFA_Chinese 先截图，等你美爹打你脸。","url":"https://twitter.com/CG131242/status/1327890410815909888","username":"dadaliao*"},{"relevant_topic_guid":"9b1f5aba642eb3964ae76becdbe9088b","cnt_retweet":"1","publish_time":"20201115115336","page_action_type":"08","cnt_agree":"12","topic_guid":"e8268fb3f63d1cf1f3584ebf07d6ad1a","userid":"MiniFunKevin","cnt_comment":"0","content":"@RFA_Chinese 中国没钱挨饿时，外媒骂中国政府贪污腐败压榨人民中国有钱有技术时，外媒骂中国政府监控人民科技监狱.....什么话都被你说完了，切**","url":"https://twitter.com/MiniFunKevin/status/1327822030985564160","username":"Kevin Dare*"},{"relevant_topic_guid":"9b1f5aba642eb3964ae76becdbe9088b","cnt_retweet":"0","publish_time":"20201111002331","page_action_type":"08","cnt_agree":"0","topic_guid":"3dc135afb562542c84988b937a7f0ca7","userid":"1771gmal","cnt_comment":"0","content":"@RFA_Chinese https://t.co/FPuU2ZbjR6","url":"https://twitter.com/1771gmal/status/1326198814756179973","username":"李 芳"},{"relevant_topic_guid":"9b1f5aba642eb3964ae76becdbe9088b","cnt_retweet":"0","publish_time":"20201118181434","page_action_type":"08","cnt_agree":"1","topic_guid":"da2fa92ee6362355db6dd11f53851567","userid":"longaxjl","cnt_comment":"0","content":"@RFA_Chinese 嫉妒别人的先进  自己沉溺于落后的傻逼世界  还不自知  还在这诋毁  你那么喜欢落后你来发推特干嘛  你怎么不去用报纸  或者更早的原始方式  真是个der","url":"https://twitter.com/longaxjl/status/1329005069446963200","username":"子烦"},{"relevant_topic_guid":"9b1f5aba642eb3964ae76becdbe9088b","cnt_retweet":"0","publish_time":"20201111003155","page_action_type":"08","cnt_agree":"0","topic_guid":"bfe2d760005e139df9594741b33afeda","userid":"Michael64711792","cnt_comment":"0","content":"@RFA_Chinese 处处抹黑，结果中国却越来越强大","url":"https://twitter.com/Michael64711792/status/1326200925913014274","username":"Michael"},{"relevant_topic_guid":"9b1f5aba642eb3964ae76becdbe9088b","cnt_retweet":"0","publish_time":"20201115130308","page_action_type":"08","cnt_agree":"0","topic_guid":"7988aa90a2a815f2ed9c73705527d417","userid":"Sugarman2020","cnt_comment":"0","content":"@RFA_Chinese 看看棱镜计划，裸奔的是谁？","url":"https://twitter.com/Sugarman2020/status/1327839527252099072","username":"Sugarman"},{"relevant_topic_guid":"9b1f5aba642eb3964ae76becdbe9088b","cnt_retweet":"0","publish_time":"20201117093155","page_action_type":"08","cnt_agree":"0","topic_guid":"6b96b4f418912b27234fba45a26803c3","userid":"AndrewHuang2017","cnt_comment":"0","content":"@RFA_Chinese 哈，真是搞笑，居然把扎克伯格的视频都给弄出来了，他提到中国的数字货币不正是想在美国建立数字货币吗？","url":"https://twitter.com/AndrewHuang2017/status/1328511150783418369","username":"Andrew Huang"},{"relevant_topic_guid":"9b1f5aba642eb3964ae76becdbe9088b","cnt_retweet":"0","publish_time":"20201110120930","page_action_type":"08","cnt_agree":"1","topic_guid":"98cfb84c2fc4476e329b5c2bba3d4bb2","userid":"kuryumei","cnt_comment":"0","content":"@RFA_Chinese 数字货币在中国普及，几十年内我看没戏","url":"https://twitter.com/kuryumei/status/1326014093904416768","username":"thati"},{"relevant_topic_guid":"28754e787843a0e7d07f511196dc48c6","cnt_retweet":"0","publish_time":"20201101203615","page_action_type":"08","cnt_agree":"0","topic_guid":"4d2147d029154068cb4eb7e53e0705ed","userid":"Iri63GcY0iephNl","cnt_comment":"0","content":"@1lhmXXWtQAEQe7E @maozedongguilai https://t.co/En8bR7RbxZ","url":"https://twitter.com/Iri63GcY0iephNl/status/1322880127706013697","username":"翻斗花园小怪"},{"relevant_topic_guid":"1336d014b5345a2877623562c726506f","cnt_retweet":"0","publish_time":"20201029204141","page_action_type":"08","cnt_agree":"0","topic_guid":"279346a351bae7161835a9683cf4095b","userid":"pinkyp12345","cnt_comment":"0","content":"@yunyunfengfeng 真的要“考”吗？","url":"https://twitter.com/pinkyp12345/status/1321794332349894656","username":"pinkyp12345**#Vote PPC*"},{"relevant_topic_guid":"9b1f5aba642eb3964ae76becdbe9088b","cnt_retweet":"0","publish_time":"20201119091520","page_action_type":"08","cnt_agree":"0","topic_guid":"f27e91b33ec2f255fcfb2a2bfe08f892","userid":"H76dibOnRmgEBhI","cnt_comment":"0","content":"@RFA_Chinese 你这是嫉妒中国疫情防控工作做的好吗，健康码等等的互联网新科技服务为广大群众带来了便捷，这也能黑？如果黑媒体。","url":"https://twitter.com/H76dibOnRmgEBhI/status/1329231753806942209","username":"菲基诗"},{"relevant_topic_guid":"a3bdea21fd437718f8438ffc8ef22091","cnt_retweet":"0","publish_time":"20201030070324","page_action_type":"08","cnt_agree":"0","topic_guid":"0e67be7ceba87634afcffcdce7083827","userid":"justuseforpost","cnt_comment":"0","content":"@jeven_shi68 评论评论：为毛要搞去中心化。","url":"https://twitter.com/justuseforpost/status/1321950794778697729","username":"NewParadigm"},{"relevant_topic_guid":"9b1f5aba642eb3964ae76becdbe9088b","cnt_retweet":"0","publish_time":"20210815222647","page_action_type":"08","cnt_agree":"0","topic_guid":"7a4e80284e8f7e7ff20504866afc628e","userid":"wzs011","cnt_comment":"0","content":"@RFA_Chinese @MT6oi7 美国就没有信用制度吗？照你这么说美国人早就死绝了？？？","url":"https://twitter.com/wzs011/status/1426913263590199297","username":"0101011✨"},{"relevant_topic_guid":"ccf29bad72776503b70e5c35562e4c59","cnt_retweet":"0","publish_time":"20201029182219","page_action_type":"08","cnt_agree":"0","topic_guid":"53fd7e608ed1cedd3fa3b6fb94d8a42c","userid":"AlanJade1","cnt_comment":"0","content":"@Jackpot202011 @nytchinese 瓦房店傻逼得瑟个逼啊。","url":"https://twitter.com/AlanJade1/status/1321759260703776768","username":"Alan Jade"},{"relevant_topic_guid":"5426754a75cb94381654e39d0e017ac0","cnt_retweet":"0","publish_time":"20201028185500","page_action_type":"08","cnt_agree":"4","topic_guid":"67234edbc36d7bf04490f45ab95ef04e","userid":"JirenHan","cnt_comment":"0","content":"@RFA_Chinese 这并不奇怪。不造假就不是我们伟大的民族*","url":"https://twitter.com/JirenHan/status/1321405098107416576","username":"Jiren Han"},{"relevant_topic_guid":"5426754a75cb94381654e39d0e017ac0","cnt_retweet":"0","publish_time":"20201028183516","page_action_type":"08","cnt_agree":"6","topic_guid":"791f1baf8934840962f5583f49348f22","userid":"yongfu_ge","cnt_comment":"0","content":"@RFA_Chinese 又一个新兴伴随行业诞生了。","url":"https://twitter.com/yongfu_ge/status/1321400130302627842","username":"YFG"},{"relevant_topic_guid":"5426754a75cb94381654e39d0e017ac0","cnt_retweet":"0","publish_time":"20201028181435","page_action_type":"08","cnt_agree":"0","topic_guid":"37010859f911b87a25624b521f1023d0","userid":"Pythen4","cnt_comment":"0","content":"@RFA_Chinese 说的是假钱包吧！不是假币","url":"https://twitter.com/Pythen4/status/1321394926068772864","username":"Pythen"},{"relevant_topic_guid":"5426754a75cb94381654e39d0e017ac0","cnt_retweet":"0","publish_time":"20201028173912","page_action_type":"08","cnt_agree":"29","topic_guid":"72d460120cff3584e7fad4a46b33583e","userid":"SmileRichard01","cnt_comment":"0","content":"@RFA_Chinese 六年来耗费了巨大的人力物力财力，到头来就是图片人民币。","url":"https://twitter.com/SmileRichard01/status/1321386022484103168","username":"Richard"},{"relevant_topic_guid":"5426754a75cb94381654e39d0e017ac0","cnt_retweet":"0","publish_time":"20201028173452","page_action_type":"08","cnt_agree":"12","topic_guid":"2453588296b5f8e6a8811f0084920ee2","userid":"Viggogo","cnt_comment":"0","content":"@RFA_Chinese @RogerHBNg 讲道理，假币也要搞试点嘛","url":"https://twitter.com/Viggogo/status/1321384932137005056","username":"Viggo"},{"relevant_topic_guid":"5426754a75cb94381654e39d0e017ac0","cnt_retweet":"0","publish_time":"20201028181328","page_action_type":"08","cnt_agree":"11","topic_guid":"f32bfcdc28608d58ff309a56d4d32571","userid":"Hahaha_CCCC","cnt_comment":"0","content":"@RFA_Chinese 這絶對符合造假大國的國情啊！","url":"https://twitter.com/Hahaha_CCCC/status/1321394644484190210","username":"Haha*"},{"relevant_topic_guid":"99267c86d87c366154636620bc6ea7b3","cnt_retweet":"0","publish_time":"20201029152644","page_action_type":"08","cnt_agree":"0","topic_guid":"a89139cbd08a0f23088121743429db38","userid":"ZT8uSbH2qmOi8dA","cnt_comment":"0","content":"@Jackpot202011 @AlanJade1 @nytchinese 不可以用别人的身份办个数字货币么？公务员贪污也都是用别人的身份信息啊……","url":"https://twitter.com/ZT8uSbH2qmOi8dA/status/1321715074227077120","username":"一路向南"},{"relevant_topic_guid":"ccf29bad72776503b70e5c35562e4c59","cnt_retweet":"0","publish_time":"20201029182150","page_action_type":"08","cnt_agree":"0","topic_guid":"64b1391b9368474c61a17e6cbda8990c","userid":"AlanJade1","cnt_comment":"0","content":"@Jackpot202011 @nytchinese 蠢逼玩意，假数字币都出来了。","url":"https://twitter.com/AlanJade1/status/1321759137219276804","username":"Alan Jade"},{"relevant_topic_guid":"5426754a75cb94381654e39d0e017ac0","cnt_retweet":"0","publish_time":"20201028170258","page_action_type":"08","cnt_agree":"67","topic_guid":"87215084d742cb775c95135762e56364","userid":"zexi_hezhi","cnt_comment":"0","content":"@RFA_Chinese 和“中国最安全”这个说法一样可笑？","url":"https://twitter.com/zexi_hezhi/status/1321376902385438721","username":"*Hannibal *********"},{"relevant_topic_guid":"8bc111595242e78a64fac8537389cbb0","cnt_retweet":"0","publish_time":"20201028192020","page_action_type":"08","cnt_agree":"0","topic_guid":"a56e5ed36137f93989d3b625425026f5","userid":"kulanclan","cnt_comment":"0","content":"@williamlong 消息可靠吗？","url":"https://twitter.com/kulanclan/status/1321411471306227712","username":"cellfusion"},{"relevant_topic_guid":"8bc111595242e78a64fac8537389cbb0","cnt_retweet":"0","publish_time":"20201028190431","page_action_type":"08","cnt_agree":"0","topic_guid":"df1e2edf0d9157d9c7853a63c9ee2a1a","userid":"chenxiaoau","cnt_comment":"0","content":"@williamlong 哈哈，上当的不少","url":"https://twitter.com/chenxiaoau/status/1321407492929150977","username":"陈潇"},{"relevant_topic_guid":"fd6d8c719ddf3bdcdae9fa40825e08cb","cnt_retweet":"0","publish_time":"20201017145243","page_action_type":"08","cnt_agree":"1","topic_guid":"3ec93d5c9a1f25b57d9c439f3c631114","userid":"pearl47348038","cnt_comment":"0","content":"@bbcchinese 不可以換外匯，不可以買黃金。壞處多着呢。人權受到更大控制。","url":"https://twitter.com/pearl47348038/status/1317357858673995777","username":"pearl"}]