[{"relevant_topic_guid":"eaf43aa4103d30c98607a7dea8c44c0e","cnt_retweet":"0","publish_time":"20210813221216","page_action_type":"08","cnt_agree":"0","topic_guid":"2ecc77c9fae66f771c6e231e7c26d552","userid":"dYqXCJidZGixCCL","cnt_comment":"0","content":"@mails39228394 @fQfEEj5mgK3d810 新币换旧币，把黑钱都废掉，再搞数字人民币","url":"https://twitter.com/dYqXCJidZGixCCL/status/1426184835224072194","username":"风风555"},{"relevant_topic_guid":"ecb1197e42ad17c44b9a69114a86b230","cnt_retweet":"0","publish_time":"20210813200604","page_action_type":"08","cnt_agree":"0","topic_guid":"60cecb945dbae0dce1ca97cb5348a643","userid":"Brock789000","cnt_comment":"0","content":"@kanzhongguo 这数字人民币是个什么玩意，怎么西方国家不提倡","url":"https://twitter.com/Brock789000/status/1426153074683486210","username":"Hoonigan"},{"relevant_topic_guid":"bca968f660d219668167ebcb2d140cf6","cnt_retweet":"0","publish_time":"20210805140218","page_action_type":"07","cnt_agree":"2","topic_guid":"bca968f660d219668167ebcb2d140cf6","userid":"dorio_eth","cnt_comment":"1","content":"중국 금융 스페셜리스트 안유화 교수님의 CDBC(e-CNY) 및 비트코인에 대한 인터뷰입니다. 꼭 보세요! #BTChttps://t.co/JQw8SAd2gx","url":"https://twitter.com/dorio_eth/status/1423162428301332480","username":"Dorio♦"},{"relevant_topic_guid":"fc53d888c45af1c7e26add2bc344a226","cnt_retweet":"3","publish_time":"20210805124354","page_action_type":"07","cnt_agree":"44","topic_guid":"fc53d888c45af1c7e26add2bc344a226","userid":"mizuyoukan81","cnt_comment":"2","content":"中国早え～中国・北京の地下鉄、「デジタル人民元（e-CNY）」による決済を本格導入開始 https://t.co/SYbvXcFkWx @coin_postより","url":"https://twitter.com/mizuyoukan81/status/1423142698786070529","username":"みず"},{"relevant_topic_guid":"fe576ac7353445a2abe1a7ecd32c66d1","cnt_retweet":"0","publish_time":"20210805123820","page_action_type":"07","cnt_agree":"0","topic_guid":"fe576ac7353445a2abe1a7ecd32c66d1","userid":"bitvalu","cnt_comment":"0","content":"中国・北京の地下鉄、「デジタル人民元（e-CNY）」による決済を本格導入開始 https://t.co/xcFCAZ9zbu https://t.co/dyFnBY1Ql9","url":"https://twitter.com/bitvalu/status/1423141297548713984","username":"BITVALU@暗号資産を増やせる情報サイト"},{"relevant_topic_guid":"ca6e74fb344c7481a538a5f34de1d352","cnt_retweet":"0","publish_time":"20210805135119","page_action_type":"07","cnt_agree":"2","topic_guid":"ca6e74fb344c7481a538a5f34de1d352","userid":"GTR5519","cnt_comment":"0","content":"中国・北京の地下鉄、「デジタル人民元（e-CNY）」による決済を本格導入開始 https://t.co/25gZ8eGghy @coin_postより","url":"https://twitter.com/GTR5519/status/1423159663399378945","username":"大願成就"},{"relevant_topic_guid":"8dc1b535f3e7e9faa77e59045aa4ce9b","cnt_retweet":"0","publish_time":"20210805123833","page_action_type":"07","cnt_agree":"0","topic_guid":"8dc1b535f3e7e9faa77e59045aa4ce9b","userid":"satoyoo","cnt_comment":"0","content":"中国・北京の地下鉄、「デジタル人民元（e-CNY）」による決済を本格導入開始 https://t.co/lQ91QNAwTO","url":"https://twitter.com/satoyoo/status/1423141349423943684","username":"青べこさん@XRP"},{"relevant_topic_guid":"535f767670554a423b80c7e3b4f2e9d6","cnt_retweet":"0","publish_time":"20210805121722","page_action_type":"07","cnt_agree":"0","topic_guid":"535f767670554a423b80c7e3b4f2e9d6","userid":"CoinewsLink","cnt_comment":"0","content":"中国・北京の地下鉄、「デジタル人民元（e-CNY）」による決済を本格導入開始 https://t.co/zLzXTV5FsQ","url":"https://twitter.com/CoinewsLink/status/1423136021340950528","username":"coinews仮想通貨総合ニュース（BOT）"},{"relevant_topic_guid":"08e57764d0466c236977a3a1ef84f9d4","cnt_retweet":"0","publish_time":"20210805123510","page_action_type":"07","cnt_agree":"0","topic_guid":"08e57764d0466c236977a3a1ef84f9d4","userid":"flyine3","cnt_comment":"0","content":"中国・北京の地下鉄、「デジタル人民元（e-CNY）」による決済を本格導入開始 https://t.co/EpNHlXCt7x","url":"https://twitter.com/flyine3/status/1423140500907991041","username":"スマイルパーカーJr."},{"relevant_topic_guid":"c845c7497f44434c9fbbc31f7f3b470f","cnt_retweet":"0","publish_time":"20210805123229","page_action_type":"07","cnt_agree":"1","topic_guid":"c845c7497f44434c9fbbc31f7f3b470f","userid":"KuriputantoLove","cnt_comment":"0","content":"中国・北京の地下鉄、「デジタル人民元（e-CNY）」による決済を本格導入開始https://t.co/L0dcBqdIvN#暗号資産 #仮想通貨 #ビットコイン #副業 #主婦 https://t.co/jQ6uIzkYAj","url":"https://twitter.com/KuriputantoLove/status/1423139823196409858","username":"くりぷたんと*リケジョな投資家"},{"relevant_topic_guid":"5e304eee7c1cb91b3acc5706fecf36d3","cnt_retweet":"0","publish_time":"20210805135508","page_action_type":"07","cnt_agree":"0","topic_guid":"5e304eee7c1cb91b3acc5706fecf36d3","userid":"crypto_garibit","cnt_comment":"0","content":"中国・北京の地下鉄、「デジタル人民元（e-CNY）」による決済を本格導入開始 https://t.co/474aB3O0zC https://t.co/Wz24GMRfcX","url":"https://twitter.com/crypto_garibit/status/1423160625400844292","username":"FX@HERO"},{"relevant_topic_guid":"e1ba5d660f3f4ae684cbc2967d73da72","cnt_retweet":"0","publish_time":"20210805122530","page_action_type":"07","cnt_agree":"0","topic_guid":"e1ba5d660f3f4ae684cbc2967d73da72","userid":"dokomademomo","cnt_comment":"0","content":"中国・北京の地下鉄、「デジタル人民元（e-CNY）」による決済を本格導入開始 https://t.co/Q4s1cCNwNS","url":"https://twitter.com/dokomademomo/status/1423138065854386176","username":"働かずにどこまで稼げるか？"},{"relevant_topic_guid":"8d683e1cc599da27360d860e30ee5d88","cnt_retweet":"0","publish_time":"20210805123336","page_action_type":"07","cnt_agree":"0","topic_guid":"8d683e1cc599da27360d860e30ee5d88","userid":"crypt_headline","cnt_comment":"0","content":"中国・北京の地下鉄、「デジタル人民元（e-CNY）」による決済を本格導入開始 https://t.co/YB6zxgdjXj","url":"https://twitter.com/crypt_headline/status/1423140104177074177","username":"仮想通貨ヘッドライン"},{"relevant_topic_guid":"a67e8562ffcba38bdaf4ede7bcd71d7e","cnt_retweet":"0","publish_time":"20210805122928","page_action_type":"07","cnt_agree":"0","topic_guid":"a67e8562ffcba38bdaf4ede7bcd71d7e","userid":"stock_market_a","cnt_comment":"0","content":"中国・北京の地下鉄、「デジタル人民元（e-CNY）」による決済を本格導入開始 https://t.co/0tet6xFwlo","url":"https://twitter.com/stock_market_a/status/1423139066044993536","username":"株式市場市況まとめアンテナ"},{"relevant_topic_guid":"a5cb8fbe4fa0513823a2659fe876201d","cnt_retweet":"0","publish_time":"20210805122002","page_action_type":"07","cnt_agree":"0","topic_guid":"a5cb8fbe4fa0513823a2659fe876201d","userid":"cryptolincmag","cnt_comment":"0","content":"中国・北京の地下鉄、「デジタル人民元（e-CNY）」による決済を本格導入開始 https://t.co/n1vMuiBsFX - CoinPost #仮想通貨 #暗号資産","url":"https://twitter.com/cryptolincmag/status/1423136692031029256","username":"クリプトマグ"},{"relevant_topic_guid":"540aa51a27a2b25f79d97aed7e6fe707","cnt_retweet":"0","publish_time":"20210805122808","page_action_type":"07","cnt_agree":"1","topic_guid":"540aa51a27a2b25f79d97aed7e6fe707","userid":"CrRju8b86bkk3I1","cnt_comment":"0","content":"仮想通貨を締め出す理由が明確で、やることしっかりやってくるのだから、賛否はあれど、強いよね中国・北京の地下鉄、「デジタル人民元（e-CNY）」による決済を本格導入開始 https://t.co/id5WX9UTyN @coin_postより","url":"https://twitter.com/CrRju8b86bkk3I1/status/1423138729040834572","username":"薬膳心_NEM@XYM"},{"relevant_topic_guid":"ab84122641568828e64e96d35285ea76","cnt_retweet":"0","publish_time":"20210805115702","page_action_type":"07","cnt_agree":"0","topic_guid":"ab84122641568828e64e96d35285ea76","userid":"ganbare8112","cnt_comment":"0","content":"中国・北京の地下鉄、「デジタル人民元（e-CNY）」による決済を本格導入開始 https://t.co/aYuiHebrai","url":"https://twitter.com/ganbare8112/status/1423130904738861057","username":"豪流"},{"relevant_topic_guid":"7463d068c0e98a60a245c43dee0ea801","cnt_retweet":"0","publish_time":"20210805120001","page_action_type":"07","cnt_agree":"0","topic_guid":"7463d068c0e98a60a245c43dee0ea801","userid":"Charlotte_de_R","cnt_comment":"0","content":"中国・北京の地下鉄、「デジタル人民元（e-CNY）」による決済を本格導入開始　https://t.co/V9lY9z0FKb","url":"https://twitter.com/Charlotte_de_R/status/1423131655762366471","username":"Charlotte de Rosetta"},{"relevant_topic_guid":"55d056cc9a1c7c32bbd18a892f259dff","cnt_retweet":"0","publish_time":"20210805114106","page_action_type":"07","cnt_agree":"0","topic_guid":"55d056cc9a1c7c32bbd18a892f259dff","userid":"warai_relation","cnt_comment":"0","content":"中国・北京の地下鉄、「デジタル人民元（e-CNY）」による決済を本格導入開始 https://t.co/NPTEabfs09","url":"https://twitter.com/warai_relation/status/1423126892882898946","username":"仮想通貨＠相互"},{"relevant_topic_guid":"187208e30ce28c9a3565a05d75d62206","cnt_retweet":"1","publish_time":"20210805113942","page_action_type":"07","cnt_agree":"1","topic_guid":"187208e30ce28c9a3565a05d75d62206","userid":"akb48_in","cnt_comment":"0","content":"【 仮想通貨 ニュース COIN POST 】中国・北京の地下鉄、「デジタル人民元（e-CNY）」による決済を本格導入開始 https://t.co/SZ592yO815 #仮想通貨 #暗号通貨 #ビットコイン #リップル","url":"https://twitter.com/akb48_in/status/1423126542905978882","username":"AKB48 仮想通貨 暗号資産 デジタル通貨 ツイッター"},{"relevant_topic_guid":"9517d64d7a28986307cf1a6eb59b4aed","cnt_retweet":"0","publish_time":"20210805120514","page_action_type":"07","cnt_agree":"0","topic_guid":"9517d64d7a28986307cf1a6eb59b4aed","userid":"JSWhxyCmms8xEgL","cnt_comment":"0","content":"中国・北京の地下鉄、「デジタル人民元（e-CNY）」による決済を本格導入開始 https://t.co/DAINm459lz https://t.co/lfAW844fDf","url":"https://twitter.com/JSWhxyCmms8xEgL/status/1423132967266816003","username":"ガッツリ狙う！仮想通貨ナビ"},{"relevant_topic_guid":"ccbc825c8145da2facf060b50cb3c413","cnt_retweet":"0","publish_time":"20210805120337","page_action_type":"07","cnt_agree":"0","topic_guid":"ccbc825c8145da2facf060b50cb3c413","userid":"coin_matome0","cnt_comment":"0","content":"中国・北京の地下鉄、「デジタル人民元（e-CNY）」による決済を本格導入開始 https://t.co/GQenNGM6QG","url":"https://twitter.com/coin_matome0/status/1423132562126430208","username":"仮想通貨まとめました。"},{"relevant_topic_guid":"4a11b1c91a49b65c6f166b1f41f7dd55","cnt_retweet":"0","publish_time":"20210805120100","page_action_type":"07","cnt_agree":"0","topic_guid":"4a11b1c91a49b65c6f166b1f41f7dd55","userid":"CryptoMediaNews","cnt_comment":"0","content":"【速報】仮想通貨ニュースサイト-CoinPost#ビットコイン #BTC #仮想通貨 #投資 中国・北京の地下鉄、「デジタル人民元（e-CNY）」による決済を本格導入開始 https://t.co/1ElUupm0k8","url":"https://twitter.com/CryptoMediaNews/status/1423131901859139585","username":"ビットコイン海外速報-仮想通貨ニュース"},{"relevant_topic_guid":"adf4f56749f4947421b9f3ac42844566","cnt_retweet":"1","publish_time":"20210805120223","page_action_type":"07","cnt_agree":"1","topic_guid":"adf4f56749f4947421b9f3ac42844566","userid":"samfxeabtc","cnt_comment":"0","content":"中国・北京の地下鉄、「デジタル人民元（e-CNY）」による決済を本格導入開始 https://t.co/cbzVCOrEnk https://t.co/wCX3O7Rofm","url":"https://twitter.com/samfxeabtc/status/1423132248375799808","username":"さむどるふぃん＠海外FXでEA運用＆キャッシュバック♪"},{"relevant_topic_guid":"578c36bf4ab4e92ab38aed07d60f599d","cnt_retweet":"0","publish_time":"20210805114925","page_action_type":"07","cnt_agree":"0","topic_guid":"578c36bf4ab4e92ab38aed07d60f599d","userid":"rerereone","cnt_comment":"0","content":"中国・北京の地下鉄、「デジタル人民元（e-CNY）」による決済を本格導入開始 https://t.co/mniBMwCkBB","url":"https://twitter.com/rerereone/status/1423128986771759104","username":"ｳﾞｧｨｫﾚｯﾄ"},{"relevant_topic_guid":"f33cf81036f95f89d2236cf3993dd877","cnt_retweet":"0","publish_time":"20210805114239","page_action_type":"07","cnt_agree":"0","topic_guid":"f33cf81036f95f89d2236cf3993dd877","userid":"fx_antenna16","cnt_comment":"0","content":"中国・北京の地下鉄、「デジタル人民元（e-CNY）」による決済を本格導入開始 https://t.co/IaWiwGtF7O","url":"https://twitter.com/fx_antenna16/status/1423127285436125187","username":"FX外国為替アンテナ"},{"relevant_topic_guid":"543715a7f41840d61fda25edf19d8d8c","cnt_retweet":"1","publish_time":"20210805115837","page_action_type":"07","cnt_agree":"1","topic_guid":"543715a7f41840d61fda25edf19d8d8c","userid":"wataru4","cnt_comment":"0","content":"中国・北京の地下鉄、「デジタル人民元（e-CNY）」による決済を本格導入開始【coinpost】https://t.co/p1BrcAVGPA","url":"https://twitter.com/wataru4/status/1423131299804446725","username":"wataru"},{"relevant_topic_guid":"91190a913cdaf05847310040ca803ef9","cnt_retweet":"0","publish_time":"20210805115312","page_action_type":"07","cnt_agree":"0","topic_guid":"91190a913cdaf05847310040ca803ef9","userid":"lettycrypto","cnt_comment":"0","content":"中国・北京の地下鉄、「デジタル人民元（e-CNY）」による決済を本格導入開始https://t.co/mO9ckTOj4D","url":"https://twitter.com/lettycrypto/status/1423129940673785856","username":"れってぃー＠仮想通貨勉強中"},{"relevant_topic_guid":"95115ce8d639e6915ad8fa7e25099ead","cnt_retweet":"0","publish_time":"20210805115543","page_action_type":"07","cnt_agree":"0","topic_guid":"95115ce8d639e6915ad8fa7e25099ead","userid":"yamakota3737","cnt_comment":"0","content":"中国・北京の地下鉄、「デジタル人民元（e-CNY）」による決済を本格導入開始 https://t.co/tl7ldUzLds","url":"https://twitter.com/yamakota3737/status/1423130572923232259","username":"りん魂1968"},{"relevant_topic_guid":"0573eaa41e36074bf3bfdf5aa4bddc7f","cnt_retweet":"0","publish_time":"20210805113819","page_action_type":"07","cnt_agree":"0","topic_guid":"0573eaa41e36074bf3bfdf5aa4bddc7f","userid":"YfLhc","cnt_comment":"0","content":"地下鉄24路線、428の駅で決済や、決済残高のチャージをする手段として選択できる海外旅行で、中国は選ばん自信があるから、興味ない*中国・北京の地下鉄、「デジタル人民元（e-CNY）」による決済を本格導入開始 https://t.co/agk95jMFJ8","url":"https://twitter.com/YfLhc/status/1423126194262663177","username":"ぺろ@QASH(LQT)使う分以外ガチホ！"},{"relevant_topic_guid":"a4ad63735d07230c46da6427fe89ade5","cnt_retweet":"0","publish_time":"20210805113208","page_action_type":"07","cnt_agree":"0","topic_guid":"a4ad63735d07230c46da6427fe89ade5","userid":"aitata_","cnt_comment":"0","content":"中国・北京の地下鉄、「デジタル人民元（e-CNY）」による決済を本格導入開始 https://t.co/zNGs9YpNl7","url":"https://twitter.com/aitata_/status/1423124638477930501","username":"ユージ"},{"relevant_topic_guid":"caa90d026f9a39ceaafeb73eb2abbc24","cnt_retweet":"0","publish_time":"20210805164107","page_action_type":"07","cnt_agree":"0","topic_guid":"caa90d026f9a39ceaafeb73eb2abbc24","userid":"leprivatebanker","cnt_comment":"0","content":"Research quick primer on the digital #yuan e-CNY has been posted for our subscribers: https://t.co/VpQZtX3ddv#DigitalCurrency #ecny","url":"https://twitter.com/leprivatebanker/status/1423202396063289351","username":"The Private Banker"},{"relevant_topic_guid":"f5b5746668c0677688ed57a272cf8470","cnt_retweet":"0","publish_time":"20210805170131","page_action_type":"07","cnt_agree":"0","topic_guid":"f5b5746668c0677688ed57a272cf8470","userid":"CoinmatomeNews","cnt_comment":"0","content":"仮想通貨ニュース速報 － 仮想通貨まとめNews : 中国・北京の地下鉄、「デジタル人民元（e-CNY）」による決済を本格導入開始https://t.co/8YZB0b0jOZ","url":"https://twitter.com/CoinmatomeNews/status/1423207528716849154","username":"仮想通貨まとめNews"},{"relevant_topic_guid":"f2f03aabbc098b39618c094b92775d0d","cnt_retweet":"0","publish_time":"20210805171401","page_action_type":"07","cnt_agree":"0","topic_guid":"f2f03aabbc098b39618c094b92775d0d","userid":"tomoevo4","cnt_comment":"0","content":"中国・北京の地下鉄、「デジタル人民元（e-CNY）」による決済を本格導入開始 https://t.co/4WtmUrmh1e","url":"https://twitter.com/tomoevo4/status/1423210675820802051","username":"ドリームサクセス情報案内人@TAKA＆相互"},{"relevant_topic_guid":"8f189e7ff44b95f0dccb29bbfed04d71","cnt_retweet":"0","publish_time":"20210805171750","page_action_type":"07","cnt_agree":"0","topic_guid":"8f189e7ff44b95f0dccb29bbfed04d71","userid":"suropachi_line","cnt_comment":"0","content":"中国・北京の地下鉄、「デジタル人民元（e-CNY）」による決済を本格導入開始 https://t.co/pltRwgYtTr","url":"https://twitter.com/suropachi_line/status/1423211637058637827","username":"スロパチまとめらいん"},{"relevant_topic_guid":"ba68e216d9a21ee8f4632613f01d44c6","cnt_retweet":"0","publish_time":"20210805171514","page_action_type":"07","cnt_agree":"0","topic_guid":"ba68e216d9a21ee8f4632613f01d44c6","userid":"tankikasegu8","cnt_comment":"0","content":"中国・北京の地下鉄、「デジタル人民元（e-CNY）」による決済を本格導入開始 https://t.co/9oeVLYLtDi","url":"https://twitter.com/tankikasegu8/status/1423210981870735366","username":"稼ぐ運用まとめアンテナ"},{"relevant_topic_guid":"7afe42b5a3d3787b9f97cb9178dd1305","cnt_retweet":"0","publish_time":"20210805153044","page_action_type":"07","cnt_agree":"0","topic_guid":"7afe42b5a3d3787b9f97cb9178dd1305","userid":"koukishin_news","cnt_comment":"0","content":"中国・北京の地下鉄、「デジタル人民元（e-CNY）」による決済を本格導入開始 https://t.co/iccnzdDnLp @coin_postより","url":"https://twitter.com/koukishin_news/status/1423184681139204098","username":"最新ニュース@トレンド"},{"relevant_topic_guid":"25cdf3e54811d669063afaea3ace5dcb","cnt_retweet":"17","publish_time":"20210805141910","page_action_type":"07","cnt_agree":"104","topic_guid":"25cdf3e54811d669063afaea3ace5dcb","userid":"tanukichiXRP","cnt_comment":"2","content":"中国はビットコインを規制排除してデジタル人民元の普及を急いでる。クリプト界の覇権国争いはもう始まってる。対して日本は、新紙幣を作ろうとしてる。失われた30年は40年、50年になっていくね。中国・北京の地下鉄、「デジタル人民元（e-CNY）」による決済を本格導入開始https://t.co/foCUYotWRi","url":"https://twitter.com/tanukichiXRP/status/1423166674149154816","username":"たぬきちょXRP*"},{"relevant_topic_guid":"241c7764a57f262613d4de5f62f9b194","cnt_retweet":"0","publish_time":"20210805170318","page_action_type":"07","cnt_agree":"0","topic_guid":"241c7764a57f262613d4de5f62f9b194","userid":"cryptoUK01","cnt_comment":"0","content":"【仮想通貨まとめNews♥最新版♥】 中国・北京の地下鉄、「デジタル人民元（e-CNY）」による決済を本格導入開始 中国・北京の地下鉄、「デジタル人民元（e-CNY）」による決済を本格導入開始coi 【仮想通貨まとめNews】 https://t.co/4S6gJIXZrA","url":"https://twitter.com/cryptoUK01/status/1423207976567930880","username":"仮想通貨女子(*\u0027\u0027ω\u0027\u0027*)投資家"},{"relevant_topic_guid":"7120eea5e34fd9d0f36758f83c50e6a2","cnt_retweet":"0","publish_time":"20210805210203","page_action_type":"07","cnt_agree":"0","topic_guid":"7120eea5e34fd9d0f36758f83c50e6a2","userid":"jingbojingbo88","cnt_comment":"0","content":"金色晚报 | 8 月 5 日晚间重要动态一览 - 12:00-21:00 关键词：新加坡金融监管局、比特币 ETF、数字人民币、CoinShares 1. V 神发布针对信标链的终结性模型替代设计构想 2. Tether 将 10 亿枚 USDT 从 Tron 转移至以太坊链","url":"https://twitter.com/jingbojingbo88/status/1423268059683463173","username":"景博"},{"relevant_topic_guid":"1dff9fbbfab7eb7d18ed839ae6228779","cnt_retweet":"0","publish_time":"20210806113600","page_action_type":"07","cnt_agree":"0","topic_guid":"1dff9fbbfab7eb7d18ed839ae6228779","userid":"OptimalWin","cnt_comment":"0","content":"[Full Episode]CGTN BizTalk: The future of money #财经高峰会#【完整节目：从数字人民币看货币的未来】 https://t.co/wFDfqlBX0N via @YouTube","url":"https://twitter.com/OptimalWin/status/1423487998943916035","username":"Optimal Win"},{"relevant_topic_guid":"6b31ecc64f4ec663cf32ee5f6238fa1a","cnt_retweet":"0","publish_time":"20210806121532","page_action_type":"07","cnt_agree":"0","topic_guid":"6b31ecc64f4ec663cf32ee5f6238fa1a","userid":"hermesstrategy","cnt_comment":"0","content":"矿视界译文：数字人民币能否挑战比特币？ - 区块链社区 - ChainNode 链节点 https://t.co/4ieuyTQaaJ","url":"https://twitter.com/hermesstrategy/status/1423497946415476742","username":"Hermes strategygroup"},{"relevant_topic_guid":"c2e6f2baa65989066423b850ce3ef27b","cnt_retweet":"0","publish_time":"20210807121616","page_action_type":"07","cnt_agree":"1","topic_guid":"c2e6f2baa65989066423b850ce3ef27b","userid":"InvestOnJapan","cnt_comment":"0","content":"数字货币掀起全球热潮，数字人民币试点场景已超132万个 数字… #数字货币 https://t.co/vhmuc3UjkG","url":"https://twitter.com/InvestOnJapan/status/1423860520726183937","username":"数字货币 視頻與新聞"},{"relevant_topic_guid":"23765f112e3c920d61e9e0e8748ddb7b","cnt_retweet":"0","publish_time":"20210805223403","page_action_type":"07","cnt_agree":"0","topic_guid":"23765f112e3c920d61e9e0e8748ddb7b","userid":"jingbojingbo88","cnt_comment":"0","content":"央行营管部：稳妥推进数字人民币冬奥场景试点 - 8 月 5 日消息，今日中国人民银行营业管理部以主会场和分会场相结合的形式召开 2021 年下半年工作会议。会议指出，稳妥推进数字人民币冬奥场景试点，在总行研发工作组的统筹协调下，加强与地方政府的沟通协调，继续加强纵向和横向沟通，加","url":"https://twitter.com/jingbojingbo88/status/1423291213935902732","username":"景博"},{"relevant_topic_guid":"458771fbc7651765cf23816f9352e295","cnt_retweet":"0","publish_time":"20210805205407","page_action_type":"07","cnt_agree":"0","topic_guid":"458771fbc7651765cf23816f9352e295","userid":"thinkingchain","cnt_comment":"0","content":"广东：支持深圳在数字人民币应用上先行先试评：跟区块链有半毛钱关系","url":"https://twitter.com/thinkingchain/status/1423266065585377281","username":"理想区块链"},{"relevant_topic_guid":"319a307f46c577ec9b1c33e5f80c665a","cnt_retweet":"0","publish_time":"20210809112100","page_action_type":"07","cnt_agree":"0","topic_guid":"319a307f46c577ec9b1c33e5f80c665a","userid":"_xHARVESTx_","cnt_comment":"0","content":"打出租车可以用数字人民币了，市民乘客支付更便捷_强生 - https://t.co/iEYBELlekM","url":"https://twitter.com/_xHARVESTx_/status/1424571387260243971","username":"HARVEST"},{"relevant_topic_guid":"dd50d4863a6b865ae65fa411b9e42d2f","cnt_retweet":"3","publish_time":"20210809183800","page_action_type":"07","cnt_agree":"18","topic_guid":"dd50d4863a6b865ae65fa411b9e42d2f","userid":"dw_chinese","cnt_comment":"17","content":"我们的 #DW一看你就懂 新影片上线：https://t.co/jcGik3C80y各国央行竞相推出自己的 #虚拟货币，走在最前面的是中国。北京为何大力推动 #数字人民币？各国央行入场将如何搅动全球金融权力格局？除了跨国汇款，#数字货币 还将如何影响普通消费者? 答案都在影片中 https://t.co/7fd1FpwCxL","url":"https://twitter.com/dw_chinese/status/1424681360116133888","username":"DW 中文- 德国之声"},{"relevant_topic_guid":"45ca45719384992db2a9c650b13482f2","cnt_retweet":"0","publish_time":"20210808124803","page_action_type":"07","cnt_agree":"0","topic_guid":"45ca45719384992db2a9c650b13482f2","userid":"jingbojingbo88","cnt_comment":"0","content":"2021 亚洲数字艺术展：所有支付均使用数字人民币 - 近日召开的 2021 亚洲数字艺术展多个作品展示出数字艺术的力量，除了让市民对数字艺术有最直观的体验，了解当前数字艺术的发展前沿，也希望将文化与艺术通过科技手段融入到城市、融入到人们的生活当中。据悉，数字人民币是本届亚洲数字","url":"https://twitter.com/jingbojingbo88/status/1424230906018029570","username":"景博"},{"relevant_topic_guid":"cfef6ee75ade324f1af42318a5ce80e8","cnt_retweet":"0","publish_time":"20210809083738","page_action_type":"07","cnt_agree":"0","topic_guid":"cfef6ee75ade324f1af42318a5ce80e8","userid":"Ivan04278","cnt_comment":"0","content":"竞跑加速！数字人民币场景战白热化，怎么实现全覆盖？https://t.co/GEl5cpDutQ","url":"https://twitter.com/Ivan04278/status/1424530272347824136","username":"Ivan"},{"relevant_topic_guid":"f598fac16b6c2e08633ad26b17c05d43","cnt_retweet":"0","publish_time":"20210807201443","page_action_type":"07","cnt_agree":"1","topic_guid":"f598fac16b6c2e08633ad26b17c05d43","userid":"ChenweiStudyGen","cnt_comment":"0","content":"对美国的这种所谓制裁，中国人越来越无感了。所谓制裁，就是不供应芯片，不让用美国控制的SWIFT金融结算系统。不让用美国芯片，中国公司就用中国造的芯片，国产芯片市场变大。不让用SWIFT结算系统，中国就用数字人民币。制裁本身，也是在缩小美国芯片的市场，也是在缩减SWIFT这个结算网络的结点","url":"https://twitter.com/ChenweiStudyGen/status/1423980926774636552","username":"chenwei70"},{"relevant_topic_guid":"fda026791ec0c73ddfd17b3cc7373b1c","cnt_retweet":"0","publish_time":"20210806131703","page_action_type":"07","cnt_agree":"0","topic_guid":"fda026791ec0c73ddfd17b3cc7373b1c","userid":"jingbojingbo88","cnt_comment":"0","content":"香港在新发展格局中助推数字人民币国际化 - 作为人民币最大离岸市场，香港可在新发展格局中助推数字人民币国际化，数字人民币的跨境支付可应用于境外旅游、生活、消费等多个场景。数字人民币的跨境支付不仅使得整个跨境支付的过程更加经济、安全，还可以提高人民币在境外的使用度和认可度。香港金融","url":"https://twitter.com/jingbojingbo88/status/1423513426727510019","username":"景博"},{"relevant_topic_guid":"b6c0b18e3f66b5e0b12217121fa45f8b","cnt_retweet":"0","publish_time":"20210807004620","page_action_type":"07","cnt_agree":"1","topic_guid":"b6c0b18e3f66b5e0b12217121fa45f8b","userid":"LEOLI07592668","cnt_comment":"0","content":"数字货币掀起全球热潮，数字人民币试点场景已超132万个 数字人民币未来将探索跨境支付试点 |《今晚60分》TONIGHT 20210806【东方... https://t.co/t31d7V8em0 來自 @YouTube","url":"https://twitter.com/LEOLI07592668/status/1423686890704621573","username":"芝麻梦 利害了 我的蝈!"},{"relevant_topic_guid":"3f0ea4635dfb71428dc33582b4f48f16","cnt_retweet":"0","publish_time":"20210802210029","page_action_type":"07","cnt_agree":"1","topic_guid":"3f0ea4635dfb71428dc33582b4f48f16","userid":"aj5zIWd90N5TPBK","cnt_comment":"0","content":"北京轨道交通支持数字人民币过闸和购票乘车https://t.co/ukTSfaUSv9","url":"https://twitter.com/aj5zIWd90N5TPBK/status/1422180503889891332","username":"穿越来的史史"},{"relevant_topic_guid":"9d68b156a2a5e07717d053c567f0b7ac","cnt_retweet":"3","publish_time":"20210801134710","page_action_type":"07","cnt_agree":"0","topic_guid":"9d68b156a2a5e07717d053c567f0b7ac","userid":"akbarth3great","cnt_comment":"1","content":"#cbdc #crptocurrency #blockchain #crypto #digitalcurrency 北京迎来“京彩奋斗者”数字人民币红包 https://t.co/T1s3evyfZ0","url":"https://twitter.com/akbarth3great/status/1421709067752333315","username":"Umair"},{"relevant_topic_guid":"cd0484f8ed411977d390ec99d67036c4","cnt_retweet":"1","publish_time":"20210802101704","page_action_type":"07","cnt_agree":"0","topic_guid":"cd0484f8ed411977d390ec99d67036c4","userid":"mzyu1240","cnt_comment":"0","content":"央行召开2021年下半年工作会议，明确下半年工作将主要围绕八大任务展开，其中货币政策、绿色金融、虚拟货币、数字人民币等内容被重点提及。下半年货币政策将继续支持降低中小企业融资成本，保持流动性合理充裕。会议要求，督促指导平台企业对照监管要求全面整改，对虚拟货币交易炒作保持高压态势。","url":"https://twitter.com/mzyu1240/status/1422018582439813121","username":"股海先锋"},{"relevant_topic_guid":"9ed2203da6ad6e23b0c9d9858c636089","cnt_retweet":"0","publish_time":"20210801131706","page_action_type":"07","cnt_agree":"0","topic_guid":"9ed2203da6ad6e23b0c9d9858c636089","userid":"ChainNewscom","cnt_comment":"0","content":"【北京地铁新增支持数字人民币购票、充值等应用场景，实现数字人民币在轨道交通过闸及购票支付场景的全覆盖】链闻消息，8 月 1 日起北京轨道交通新增支持数字人民币线下购票 / 卡、补票和充值以及「亿通行 APP」线上购票等场景的…… https://t.co/8s8ZudHQks","url":"https://twitter.com/ChainNewscom/status/1421701501517451267","username":"链闻 ChainNews"},{"relevant_topic_guid":"2ca12122ce7ec086585d2a9099733c42","cnt_retweet":"0","publish_time":"20210801204948","page_action_type":"07","cnt_agree":"1","topic_guid":"2ca12122ce7ec086585d2a9099733c42","userid":"PANewsCN","cnt_comment":"2","content":"1/ 据北京日报报道，8月1日起，北京轨道交通新增支持数字人民币线下购票卡、补票和充值，以及亿通行APP线上购票等场景的应用。#RMB #eCNY https://t.co/chJy6w37LU","url":"https://twitter.com/PANewsCN/status/1421815426330226692","username":"PANews 中文"},{"relevant_topic_guid":"58d1971962c7c9bd55035d3afc78d8b1","cnt_retweet":"15","publish_time":"20210731220100","page_action_type":"07","cnt_agree":"38","topic_guid":"58d1971962c7c9bd55035d3afc78d8b1","userid":"ChineseWSJ","cnt_comment":"27","content":"#本周热读 中国正呼吁民营领军企业蚂蚁集团和腾讯为国家支持的数字人民币的发展助一臂之力，但数字人民币的兴起反过来又会威胁到这两家公司广受欢迎的支付网络。一位分析师说，“支付本质上是一场零和游戏”，数字人民币的成功会削弱支付宝和微信支付的主导地位。https://t.co/iaKYumTbIa","url":"https://twitter.com/ChineseWSJ/status/1421470957319954441","username":"华尔街日报中文网"},{"relevant_topic_guid":"b1963c795eed6eb8092d893b76836009","cnt_retweet":"0","publish_time":"20210731121324","page_action_type":"07","cnt_agree":"0","topic_guid":"b1963c795eed6eb8092d893b76836009","userid":"Jasonvalliere2","cnt_comment":"0","content":"\"深圳启动数字人民币在公交地铁试点应用\" https://t.co/cupkvuxLfM","url":"https://twitter.com/Jasonvalliere2/status/1421323083881668610","username":"Jason"},{"relevant_topic_guid":"1104272149578d7d3fc4617d7500a46f","cnt_retweet":"0","publish_time":"20210731155722","page_action_type":"07","cnt_agree":"0","topic_guid":"1104272149578d7d3fc4617d7500a46f","userid":"WayneNj","cnt_comment":"0","content":"央行：稳妥推进数字人民币研发试点 https://t.co/gcPn8qmj00","url":"https://twitter.com/WayneNj/status/1421379446318239747","username":"wayne_lc"},{"relevant_topic_guid":"e0859857df32824eade30b6554bee0b2","cnt_retweet":"0","publish_time":"20210802091303","page_action_type":"07","cnt_agree":"0","topic_guid":"e0859857df32824eade30b6554bee0b2","userid":"jingbojingbo88","cnt_comment":"0","content":"上海市商务委：完善重点商圈数字人民币受理环境建设 - 8 月 1 日，上海市商务委员会透露，上海将聚焦 7 个方面、28 项任务，力争到“十四五”末率先基本建成国际消费中心城市的总体目标。上海商务委指出，要加快商业数字化转型，打造商业数字化转型示范区，优化消费市场环境，完善重点商","url":"https://twitter.com/jingbojingbo88/status/1422002470780297217","username":"景博"},{"relevant_topic_guid":"79e86b678535d6bcf0a74f0c8570757c","cnt_retweet":"3","publish_time":"20210802103604","page_action_type":"07","cnt_agree":"0","topic_guid":"79e86b678535d6bcf0a74f0c8570757c","userid":"akbarth3great","cnt_comment":"0","content":"#digitalcurrency #cbdc #blockchain #cryptocurrency #crypto 来看白皮书！系统解答你对数字人民币的好奇 https://t.co/gLjD4O82O0","url":"https://twitter.com/akbarth3great/status/1422023365510930436","username":"Umair"},{"relevant_topic_guid":"dd94a305c8e25f9aa951aff0ba3f6d66","cnt_retweet":"0","publish_time":"20210729105806","page_action_type":"07","cnt_agree":"1","topic_guid":"dd94a305c8e25f9aa951aff0ba3f6d66","userid":"JoeChan40503067","cnt_comment":"0","content":"出大事了，快跑啊！支付宝/微信的钱变数字人民币了，场外买U进局子了，AXS/SLP马上迎来瀑布，稳赚不赔的投资策略，你需要了解！ https://t.co/ys99vllGZw via @YouTube 订阅面具人，转发分享，免费领AXIE蛋","url":"https://twitter.com/JoeChan40503067/status/1420579355168632833","username":"Joe Chan"},{"relevant_topic_guid":"0380a88d2755cfcde31cea07df9cf0ce","cnt_retweet":"0","publish_time":"20210808120919","page_action_type":"08","cnt_agree":"0","topic_guid":"07acd2377ebcd0f66055cc532c9416c0","userid":"oyjc","cnt_comment":"0","content":"@nimiq e-CNY","url":"https://twitter.com/oyjc/status/1424221158996537351","username":"oyjc.com ⬣"},{"relevant_topic_guid":"b014800834ad23cf0fa72c3a5910f263","cnt_retweet":"0","publish_time":"20210809113752","page_action_type":"08","cnt_agree":"0","topic_guid":"9f7d9215c48acd6aabdfe4e1d54f0041","userid":"tuoluocaijing","cnt_comment":"0","content":"8/8, The central bank camp management department: steadily promote E-CNY in winter Olympic scene pilot","url":"https://twitter.com/tuoluocaijing/status/1424575629932994564","username":"Gyro Finance陀螺财经"},{"relevant_topic_guid":"a2a534caa0eec59b2798785005aa4768","cnt_retweet":"0","publish_time":"20210807150158","page_action_type":"08","cnt_agree":"0","topic_guid":"500d2f807cce27237196e67f58f55c69","userid":"richardturrin","cnt_comment":"0","content":"@lajohnstondr @alykhansatchu @IEAKwame @PeterDraper5 @estariade @WeiweiChen16 @RichardHumphri1 Now this is where the e-CNY will excel!    #CBDC loves red hot chili peppers!","url":"https://twitter.com/richardturrin/status/1423902219213099008","username":"Richard Turrin"},{"relevant_topic_guid":"aa355d5a62044e2b843edb132abebc3b","cnt_retweet":"0","publish_time":"20210805205131","page_action_type":"08","cnt_agree":"0","topic_guid":"92cfc7b6ab40cabd10dd4568fd03af0f","userid":"ONEch_01","cnt_comment":"0","content":"中国・北京の地下鉄、「デジタル人民元（e-CNY）」による決済を本格導入開始 -- https://t.co/x77ZD3J7IX","url":"https://twitter.com/ONEch_01/status/1423265409554272257","username":"- ONEch.ワンチャン ! - | YT channel"},{"relevant_topic_guid":"c4eacd64577c96f7b6711f9808a6db74","cnt_retweet":"0","publish_time":"20210805174755","page_action_type":"08","cnt_agree":"1","topic_guid":"364b014b830723ff1dfc1c3c80de4163","userid":"LennixOkex","cnt_comment":"0","content":"The Chinese govt is pushing the e-CNY pilot and building more applications based on it.2000万数字人民币空投！中国交通银行和京东网给上海和苏州市民空投了50万份数字人民币红包。 每个红包有20元数字人民币和20元京东优惠券。  中国在全力推进数字人民币试点和应用建设 https://t.co/wfVEn1OJGq","url":"https://twitter.com/LennixOkex/status/1423219207966130176","username":"Lennix Lai (OKEx)"},{"relevant_topic_guid":"2c4ae274bbf8c8f6ba2fd7b3693631a8","cnt_retweet":"0","publish_time":"20210801155755","page_action_type":"07","cnt_agree":"0","topic_guid":"2c4ae274bbf8c8f6ba2fd7b3693631a8","userid":"WayneNj","cnt_comment":"1","content":"8月1日起北京地铁可用数字人民币买票充值 https://t.co/ZrMZl7ILta","url":"https://twitter.com/WayneNj/status/1421741972621074435","username":"wayne_lc"},{"relevant_topic_guid":"464e4660fd563e85d9917d1bdde238bf","cnt_retweet":"0","publish_time":"20210731140104","page_action_type":"07","cnt_agree":"0","topic_guid":"464e4660fd563e85d9917d1bdde238bf","userid":"llchenyang","cnt_comment":"1","content":"那些被卡护照的得多揪心啊不要怕保持理性他卡你就要证据拿不出来就找管事的现在都有任务要一条路小程序app支付宝微信绑卡还有数字人民币太可怕了我现在心猛跳刚才理性压制了一下现在回过味来我绑俩油桶都得走啊*","url":"https://twitter.com/llchenyang/status/1421350178007568384","username":"for freedom"},{"relevant_topic_guid":"be1d237af50699a3ed28b2b9384c2679","cnt_retweet":"0","publish_time":"20210731134735","page_action_type":"07","cnt_agree":"1","topic_guid":"be1d237af50699a3ed28b2b9384c2679","userid":"llchenyang","cnt_comment":"0","content":"还要申请一个什么数字人民币回去取消我要回归现金和小额交易了太可怕了","url":"https://twitter.com/llchenyang/status/1421346785352577024","username":"for freedom"},{"relevant_topic_guid":"b3eb29047ac09c0eefb9e0c3d5478036","cnt_retweet":"0","publish_time":"20210730141756","page_action_type":"07","cnt_agree":"0","topic_guid":"b3eb29047ac09c0eefb9e0c3d5478036","userid":"hermesstrategy","cnt_comment":"0","content":"数字人民币的隐私保护和安全问题 - 区块链社区 - ChainNode 链节点 https://t.co/sQrf8vEuct https://t.co/tTmRrEVKxz","url":"https://twitter.com/hermesstrategy/status/1420992032844222465","username":"Hermes strategygroup"},{"relevant_topic_guid":"ae7b4913a1a1560988f275e759c5bd6d","cnt_retweet":"0","publish_time":"20210731104533","page_action_type":"07","cnt_agree":"0","topic_guid":"ae7b4913a1a1560988f275e759c5bd6d","userid":"Alex_Cao6969","cnt_comment":"0","content":"一起读读中国数字人民币白皮书 https://t.co/6AKvozBZwv 来自 @YouTube","url":"https://twitter.com/Alex_Cao6969/status/1421300975768272905","username":"Alex_Cao⭕️⭕️⭕️"},{"relevant_topic_guid":"9324d5855d90bf45a57f8ce43f57fa70","cnt_retweet":"0","publish_time":"20210728113425","page_action_type":"07","cnt_agree":"0","topic_guid":"9324d5855d90bf45a57f8ce43f57fa70","userid":"hermesstrategy","cnt_comment":"0","content":"海南数字人民币试点成果显著 已支持5万家商户，开通64万个个人钱包 https://t.co/PY4D8QfSO7 https://t.co/9IpCiykANh","url":"https://twitter.com/hermesstrategy/status/1420226107920453636","username":"Hermes strategygroup"},{"relevant_topic_guid":"ec6cb2da472a699767501a8d1f4dbe06","cnt_retweet":"0","publish_time":"20210728143803","page_action_type":"07","cnt_agree":"0","topic_guid":"ec6cb2da472a699767501a8d1f4dbe06","userid":"jingbojingbo88","cnt_comment":"0","content":"李启元：比特币不是数字人民币的直接竞争者 - 前比特币中国 CEO 李启元（BobbyLee）最近讨论了中国持续打击加密货币的影响，李启元表示，2017 年标志着监管审查的增加，按照这种速度，担心 4-5 年后，国家可能会直接禁止它（加密货币），鉴于交易量的激增，中国最近对加密货","url":"https://twitter.com/jingbojingbo88/status/1420272321978322945","username":"景博"},{"relevant_topic_guid":"26724ef26f9e0c6f691b0e2e03ab03ed","cnt_retweet":"1","publish_time":"20210729075832","page_action_type":"07","cnt_agree":"1","topic_guid":"26724ef26f9e0c6f691b0e2e03ab03ed","userid":"BigOneWD","cnt_comment":"1","content":"出大事了，快跑啊！支付宝/微信的钱变数字人民币了，场外买U进局子了，AXS/SLP马上迎来瀑布，稳赚不赔的投资策略，你需要了解！ https://t.co/mQQEyzc3RY via @YouTube","url":"https://twitter.com/BigOneWD/status/1420534168434348034","username":"BigOneWD"},{"relevant_topic_guid":"895baab1a469e25bb0cce12ee102ca7e","cnt_retweet":"0","publish_time":"20210805110303","page_action_type":"07","cnt_agree":"0","topic_guid":"895baab1a469e25bb0cce12ee102ca7e","userid":"jingbojingbo88","cnt_comment":"0","content":"英媒：数字人民币将“闪耀”北京冬奥 - 据英国《金融时报》8 月 3 日报道，当全世界的注意力都集中在参加东京奥运会的运动员身上时，中国政府正积极努力，以完成 6 个月后将要举行的冬奥会的筹备工作。这不仅意味着建造新的体育馆，央行研发人员也在为中国新型数字货币的首次重大国际测试做","url":"https://twitter.com/jingbojingbo88/status/1423117318868045824","username":"景博"},{"relevant_topic_guid":"79db633468d56fbb613a898b779e9107","cnt_retweet":"0","publish_time":"20210728152417","page_action_type":"07","cnt_agree":"0","topic_guid":"79db633468d56fbb613a898b779e9107","userid":"liubingshao","cnt_comment":"1","content":"随着数字人民币试点逐步深入，相关专利申请数量正不断被刷新，国内多家知名机构申请专利数量超过去年。其中，中国移动、中钞信用卡、腾讯、百度、工行、中行等机构在上半年都有相关专利更新。数字人民币具备的可编程性让智能合约备受青睐，多项专利得到市场高度关注。","url":"https://twitter.com/liubingshao/status/1420283958126792706","username":"刘冰芍"},{"relevant_topic_guid":"ac23cab72a439fdffa734ffd60d0d5b7","cnt_retweet":"0","publish_time":"20210728101159","page_action_type":"07","cnt_agree":"0","topic_guid":"ac23cab72a439fdffa734ffd60d0d5b7","userid":"XiaoZhen0537","cnt_comment":"0","content":"现实核查——中国的数字人民币不是西方的威胁 https://t.co/IMfKxBrvTb","url":"https://twitter.com/XiaoZhen0537/status/1420205364566429696","username":"每日头条 - 时事百科抢先看"},{"relevant_topic_guid":"e256d814ba27aab118bfebc0dfa2936a","cnt_retweet":"0","publish_time":"20210804175504","page_action_type":"07","cnt_agree":"0","topic_guid":"e256d814ba27aab118bfebc0dfa2936a","userid":"jingbojingbo88","cnt_comment":"0","content":"北京大兴：积极争取数字人民币试点在自贸试验区落地 - 8 月 4 日消息，北京大兴发布数字经济创新发展三年行动计划（2021-2023 年），建设“四个高地” 后年底大兴全区数字经济增加值将超五百亿。据悉，大兴区将推动数据跨境流动安全管理政策突破，探索建设数字贸易特殊监管区和离岸","url":"https://twitter.com/jingbojingbo88/status/1422858615971622912","username":"景博"},{"relevant_topic_guid":"2268add5af2b5aae014af6deb01a79a7","cnt_retweet":"1","publish_time":"20210728112305","page_action_type":"07","cnt_agree":"0","topic_guid":"2268add5af2b5aae014af6deb01a79a7","userid":"carlosrof","cnt_comment":"0","content":"\"数字人民币是我们在过去30、40年中面临的对西方的最大威胁。海曼资本管理公司的凯尔-巴斯说：\"它允许中国把爪子伸向西方的每个人，并出口其数字专制主义https://t.co/9OYnd4amIO","url":"https://twitter.com/carlosrof/status/1420223258201411586","username":"Carlos R. Ferreira"},{"relevant_topic_guid":"a1bc930c47fe28635e445597bb0f8fa4","cnt_retweet":"0","publish_time":"20210805152306","page_action_type":"07","cnt_agree":"0","topic_guid":"a1bc930c47fe28635e445597bb0f8fa4","userid":"ChainNewscom","cnt_comment":"0","content":"【交行联合京东将面向沪苏市民发放 50 万份总计 2000 万元数字人民币礼包】链闻消息，交通银行联合京东将于 8 月 6 日 10 时至 8 月 12 日 24 时面向上海、苏州市民发放 50 万份总计 2000 万元的数…… https://t.co/w2poXiEbzr","url":"https://twitter.com/ChainNewscom/status/1423182762278854657","username":"链闻 ChainNews"},{"relevant_topic_guid":"75cf2fc760efe93417d54a252da4ac30","cnt_retweet":"0","publish_time":"20210804175204","page_action_type":"07","cnt_agree":"0","topic_guid":"75cf2fc760efe93417d54a252da4ac30","userid":"jingbojingbo88","cnt_comment":"0","content":"沪苏联动数字人民币试点启动：交通银行和京东将推 50 万份总计 2000 万元礼包 - 交通银行沪苏联动数字人民币试点京东专场活动将于 8 月 6 日启动，届时将向上海、苏州市民发放 50 万份总计 2000 万元的数字人民币礼包。据悉，上海和苏州两地的市民可在 8 月 6 日","url":"https://twitter.com/jingbojingbo88/status/1422857861202382848","username":"景博"},{"relevant_topic_guid":"3261cf93e4db19483ecd9b4e71a1bb92","cnt_retweet":"0","publish_time":"20210805171503","page_action_type":"07","cnt_agree":"0","topic_guid":"3261cf93e4db19483ecd9b4e71a1bb92","userid":"jingbojingbo88","cnt_comment":"0","content":"广东：支持深圳在数字人民币应用上先行先试 - 广东省人民政府印发《广东省金融改革发展“十四五”规划》。规划提出，支持深圳在数字人民币应用上先行先试，营造一流创新创业生态环境，完善金融科技产业孵化机制，加快培育金融科技龙头机构和产业链，建设全球金融科技中心。支持深圳申建绿色金融改革","url":"https://twitter.com/jingbojingbo88/status/1423210936609955840","username":"景博"},{"relevant_topic_guid":"977a356c7745afb97f02403f8bd37284","cnt_retweet":"0","publish_time":"20210803111213","page_action_type":"07","cnt_agree":"0","topic_guid":"977a356c7745afb97f02403f8bd37284","userid":"Zack0330","cnt_comment":"1","content":"数字人民币的特点可控姓名，可溯来源，交易双方信息对央行来说是不匿名的，每个交易节点和每一位经手人的信息都会被完整记录。 https://t.co/fHWrYKCy2V","url":"https://twitter.com/Zack0330/status/1422394848640831489","username":"全球护照办理：13324500772"},{"relevant_topic_guid":"c3bcb0d57245dfe30456c150ca67a374","cnt_retweet":"0","publish_time":"20210804093042","page_action_type":"07","cnt_agree":"0","topic_guid":"c3bcb0d57245dfe30456c150ca67a374","userid":"7fY5LjiJbUcdodz","cnt_comment":"0","content":"科技改变生活，真的是越来越便利了，希望数字人民币的使用可以普及到全国各地","url":"https://twitter.com/7fY5LjiJbUcdodz/status/1422731689122353152","username":"就叫我嘉神好了"},{"relevant_topic_guid":"92124073da1c5106419f4d51b7199da1","cnt_retweet":"0","publish_time":"20210803165200","page_action_type":"07","cnt_agree":"0","topic_guid":"92124073da1c5106419f4d51b7199da1","userid":"hermesstrategy","cnt_comment":"0","content":"近十家银行落地数字人民币业务 解析非运营机构入局模式 https://t.co/yCRhXYvHxc https://t.co/ULJ77SqgsT","url":"https://twitter.com/hermesstrategy/status/1422480358998790165","username":"Hermes strategygroup"},{"relevant_topic_guid":"60bdd51e04f7080beaf9b76100a0eede","cnt_retweet":"0","publish_time":"20210803215649","page_action_type":"07","cnt_agree":"0","topic_guid":"60bdd51e04f7080beaf9b76100a0eede","userid":"otr2021","cnt_comment":"0","content":"大盘涨的厉害有什么用，我买的股票继续亏，难受想哭。这个月什么板块会撑起来，肯定是数字人民币数字支付板块啊，我要选好股，不能再亏，让我选龙头，不要辣鸡股。 https://t.co/1rLpkccxXY","url":"https://twitter.com/otr2021/status/1422557066489733142","username":"五星大道无名散户"},{"relevant_topic_guid":"33376fae4ba16cef8329e70e08a8ae5b","cnt_retweet":"0","publish_time":"20210804130657","page_action_type":"07","cnt_agree":"1","topic_guid":"33376fae4ba16cef8329e70e08a8ae5b","userid":"saltyfox5","cnt_comment":"0","content":"还不够，以后买啥东西都要出示码，买油用油码，买鱼用鱼码，码由当地社区党支部统一发送，一个月配比固定，不可多买，买的时候限定使用数字人民币…","url":"https://twitter.com/saltyfox5/status/1422786110527217664","username":"举狗老师"},{"relevant_topic_guid":"67501369e5e4d1101a8a7515b4bc5217","cnt_retweet":"0","publish_time":"20210802211330","page_action_type":"07","cnt_agree":"0","topic_guid":"67501369e5e4d1101a8a7515b4bc5217","userid":"Jessica11430029","cnt_comment":"0","content":"【数字标杆城市】北京轨道交通支持数字人民币过闸和购票乘车（新华网）https://t.co/tWavGLwL1H","url":"https://twitter.com/Jessica11430029/status/1422183779930542082","username":"Jessica"},{"relevant_topic_guid":"ed8bfe0a4c6518f2175c530b737fbbe8","cnt_retweet":"22","publish_time":"20210805112901","page_action_type":"07","cnt_agree":"61","topic_guid":"ed8bfe0a4c6518f2175c530b737fbbe8","userid":"coin_post","cnt_comment":"0","content":"中国・北京の地下鉄、「デジタル人民元（e-CNY）」による決済を本格導入開始https://t.co/j67ObHmdTi","url":"https://twitter.com/coin_post/status/1423123854268928000","username":"CoinPost -仮想通貨情報サイト-【アプリ配信中】"},{"relevant_topic_guid":"df2834a05261a7facbc544f9cdb39769","cnt_retweet":"0","publish_time":"20210803133531","page_action_type":"07","cnt_agree":"0","topic_guid":"df2834a05261a7facbc544f9cdb39769","userid":"briankuo","cnt_comment":"0","content":"近日，中国首家#AI社区食堂在上海开业。该餐厅配备了执行食物准备任务的机械手臂和其他人工智能技术，以完全自动化消费过程，餐厅接受多种支付选项，包括数字人民币。#竹手","url":"https://twitter.com/briankuo/status/1422430913720307714","username":"无定创客 Brian"},{"relevant_topic_guid":"ce93ef87ce306df8fed445ee7f7e4a8a","cnt_retweet":"0","publish_time":"20210804231201","page_action_type":"07","cnt_agree":"0","topic_guid":"ce93ef87ce306df8fed445ee7f7e4a8a","userid":"anmcrypto","cnt_comment":"0","content":"Beijing subway has fully integrated the e-CNY with its payment ecosystem https://t.co/WcffWE9oEg @theblock__","url":"https://twitter.com/anmcrypto/status/1422938381311434754","username":"DBOX PANDORAS BOX"},{"relevant_topic_guid":"814b9eff1db15c61d23ff4f9bb21ecb2","cnt_retweet":"0","publish_time":"20210804232206","page_action_type":"07","cnt_agree":"0","topic_guid":"814b9eff1db15c61d23ff4f9bb21ecb2","userid":"PABS_News","cnt_comment":"0","content":"Beijing subway has fully integrated the e-CNY with its payment ecosystemhttps://t.co/F42mJU5ESf","url":"https://twitter.com/PABS_News/status/1422940920023064577","username":"PABS Crypto News"},{"relevant_topic_guid":"bc59e6794b7abd8fb95d536f3b1e93ec","cnt_retweet":"0","publish_time":"20210805013438","page_action_type":"07","cnt_agree":"1","topic_guid":"bc59e6794b7abd8fb95d536f3b1e93ec","userid":"parkerjayp","cnt_comment":"0","content":"Less than two months ago, China’s e-CNY was supported only on the Yitongxing mobile app. Now, the CBDC is available as a payment method across 428 subway stations \u0026amp; 24 lines in Beijing. Meanwhile, the US is still in the “research” phase of CBDC development https://t.co/BWPjHlyHzv","url":"https://twitter.com/parkerjayp/status/1422974270255337476","username":"Parker Jay-Pachirat"},{"relevant_topic_guid":"022314382ec50feafaac488a5eac29cc","cnt_retweet":"0","publish_time":"20210805100018","page_action_type":"07","cnt_agree":"1","topic_guid":"022314382ec50feafaac488a5eac29cc","userid":"protocol","cnt_comment":"1","content":"China\u0027s the first major economy to launch a centrally-backed digital currency. Can users trust the Chinese government not to use the e-CNY to peer into their habits? We asked the experts. https://t.co/b9vh6CSMFa","url":"https://twitter.com/protocol/status/1423101524432068612","username":"Protocol"},{"relevant_topic_guid":"7181376407d40c1276b6d8037d55df77","cnt_retweet":"1","publish_time":"20210803120431","page_action_type":"07","cnt_agree":"0","topic_guid":"7181376407d40c1276b6d8037d55df77","userid":"BTV_beijing","cnt_comment":"0","content":"自8月1日起，北京轨道交通在24条地铁运营线路支持数字人民币过闸及购票乘车。此前，北京轨道交通\"亿通行App\"已支持使用数字人民币过闸乘车。此次升级后，新增数字人民币线下购票/卡、补票和充值，以及“亿通行App\"线上购票等场景应用，实现了数字人民币在北京轨道交通过闸及购票支付场景的全覆盖。","url":"https://twitter.com/BTV_beijing/status/1422408009477672969","username":"北京卫视"},{"relevant_topic_guid":"e821ba992a758ac0155e01602b43c57a","cnt_retweet":"0","publish_time":"20210805013000","page_action_type":"07","cnt_agree":"0","topic_guid":"e821ba992a758ac0155e01602b43c57a","userid":"ForexBrasil","cnt_comment":"0","content":"#Notícias_forexYuan digital - sistema metroviário da cidade de Pequim integra e-CNY.Saiba mais em: https://t.co/Xr9dgG9974 https://t.co/jbmlfdvAMu","url":"https://twitter.com/ForexBrasil/status/1422973105983696902","username":"Forum Brasil"},{"relevant_topic_guid":"8e9ebcabb2ce6a6e58907deed1f73ca3","cnt_retweet":"0","publish_time":"20210804220543","page_action_type":"07","cnt_agree":"0","topic_guid":"8e9ebcabb2ce6a6e58907deed1f73ca3","userid":"leprivatebanker","cnt_comment":"0","content":"Quick Primer on the digital #yuan e-CNY has been posted on our website as exclusive article for our subscripers. You can read it here:#digitalcurrency #ecny","url":"https://twitter.com/leprivatebanker/status/1422921696663805956","username":"The Private Banker"},{"relevant_topic_guid":"05260f285a1f391e32a0d73d8ff358fe","cnt_retweet":"0","publish_time":"20210802155846","page_action_type":"08","cnt_agree":"1","topic_guid":"4cf358ca197f701a5c85c42417d3552e","userid":"yangliu13021","cnt_comment":"0","content":"@Solitude_Sola 你别着急啊，等数字人民币成气候，或者像上礼拜郑州那样断网断电的时候，你就知道现金香了……","url":"https://twitter.com/yangliu13021/status/1422104575113252867","username":"哈哈哈"},{"relevant_topic_guid":"022314382ec50feafaac488a5eac29cc","cnt_retweet":"0","publish_time":"20210805100602","page_action_type":"08","cnt_agree":"0","topic_guid":"9c51df8bb33623883f8b850be123d913","userid":"TaiwanTension","cnt_comment":"0","content":"@protocol Chinese tech companies?","url":"https://twitter.com/TaiwanTension/status/1423102967985680384","username":"Currencies"}]