[{"relevant_topic_guid":"47b134b87ca60855a9753d1c83a9748d","cnt_retweet":"0","publish_time":"20210824172333","page_action_type":"11","cnt_agree":"0","topic_guid":"47b134b87ca60855a9753d1c83a9748d","userid":"6272800904","cnt_comment":"0","content":"数字人民币正式发放之时就是b安和水b回归之日 RT:@比特吴老湿 数字人民币取代纸质人民币是板上钉钉的事了，未来非法交易无法通过现金实现，转而会更加依赖加密货币。 上海：稳步推进数字人民币应用试点","url":"https://m.weibo.cn/status/4673769786314664","username":"密码朋克b_c"},{"relevant_topic_guid":"6be9464c0b263c7fbf5187d91af15db4","cnt_retweet":"0","publish_time":"20210824171028","page_action_type":"11","cnt_agree":"0","topic_guid":"6be9464c0b263c7fbf5187d91af15db4","userid":"6456772530","cnt_comment":"0","content":"转发微博 RT:@创维数码hk00751 $创维集团 hk00751$ 创维集团(00751.HK)附属创维数字(000810.SZ)半年纯利2.84亿元人民币升59.1%，点击链接查看更多-\u003e创维集团(00751.HK)附属创维数字(000810.SZ)半年纯利2.84亿元人民币升59.1%","url":"https://m.weibo.cn/status/4673766494044927","username":"个股资讯"},{"relevant_topic_guid":"0c4f490b5557682df02cd56f20bbefb3","cnt_retweet":"1","publish_time":"20210824163856","page_action_type":"11","cnt_agree":"3","topic_guid":"0c4f490b5557682df02cd56f20bbefb3","userid":"5186856444","cnt_comment":"0","content":"【#数字人民币首次在期货市场上应用#】 RT:@澎湃新闻 【#数字人民币首次在期货市场上应用#】大连商品交易所24日通过数字人民币形式向交割仓库——大连良运集团储运有限公司支付仓储费，实现了数字人民币在期货市场的首次应用。数字人民币是由人民银行发行的数字形式的法定货币，数字人民币在使用时不计付利息，可用于小额、零售、高频等业务。与传统的银行 ...全文","url":"https://m.weibo.cn/status/4673758554495161","username":"成都高新法院"},{"relevant_topic_guid":"609d15a55a6828d1f4d973178a1e0259","cnt_retweet":"0","publish_time":"20210824154400","page_action_type":"11","cnt_agree":"0","topic_guid":"609d15a55a6828d1f4d973178a1e0259","userid":"6875228642","cnt_comment":"0","content":"228亿人民币，是我不敢想象的数字 RT:@新浪泉州 【安踏发布上半年业绩：超越阿迪，接近耐克中国！】#安踏线上首超耐克阿迪#作为咱厝最瞩目的明星企业之一，安踏刚刚公布了今年上半年业绩：上半年收益超过228亿元人民币，增速超过55%！超过阿迪达斯中国及露露乐蒙（LULULEMON）全球，与耐克中国拉近距离。线上，1-7月安踏集团在天猫行业类目的总流水， ...全文","url":"https://m.weibo.cn/status/4673744729541179","username":"小螃卡"},{"relevant_topic_guid":"dd5a679e7598f4efe0900b16bc180a02","cnt_retweet":"0","publish_time":"20210824163821","page_action_type":"07","cnt_agree":"0","topic_guid":"dd5a679e7598f4efe0900b16bc180a02","userid":"2031864307","cnt_comment":"0","content":"【#数字人民币首次在期货市场上应用#】大连商品交易所今天通过数字人民币形式向交割仓库――大连良运集团储运有限公司支付仓储费，实现了数字人民币在期货市场的首次应用。数字人民币首次在期货市场上应用","url":"https://m.weibo.cn/status/4673758407168686","username":"新浪银行"},{"relevant_topic_guid":"d36bbf74553dca2304151b2d0abdc660","cnt_retweet":"5","publish_time":"20210824163951","page_action_type":"07","cnt_agree":"8","topic_guid":"d36bbf74553dca2304151b2d0abdc660","userid":"5051077448","cnt_comment":"0","content":"实时播报：【数字人民币首次在期货市场上应用】大连商品交易所今天通过数字人民币形式向交割仓库――大连良运集团储运有限公司支付仓储费，实现了数字人民币在期货市场的首次应用。","url":"https://m.weibo.cn/status/4673758785180215","username":"快兰斯24小时财经直播"},{"relevant_topic_guid":"e7bf2923cbe3e647e553554a74f41cf0","cnt_retweet":"0","publish_time":"20210824165433","page_action_type":"07","cnt_agree":"0","topic_guid":"e7bf2923cbe3e647e553554a74f41cf0","userid":"7648908287","cnt_comment":"0","content":"实时播报：【创维集团：创维数字上半年股东应占利润2.84亿元 同比增长59.09%】创维集团发布公告，2021年上半年，附属公司创维数字营业收入45.75亿元人民币(单位下同)，同比增长23.37%;归属于上市公司股东的净利润2.84亿元，同比增长59.09%(调整后);基本每股收益0.2673元。","url":"https://m.weibo.cn/status/4673762484819383","username":"快兰斯港股财经"},{"relevant_topic_guid":"a5a71b20afa388f5f1bf41ba62a4e743","cnt_retweet":"0","publish_time":"20210824165004","page_action_type":"07","cnt_agree":"0","topic_guid":"a5a71b20afa388f5f1bf41ba62a4e743","userid":"6084296576","cnt_comment":"1","content":"当前阴历月（我第0541个周月）：辛丑年七月20210808-20210906我手机开始持续使用方正小篆体中。 已使用数字人民币。 开始使用xmind思维导图软件。","url":"https://m.weibo.cn/status/4673761356287016","username":"吴宏波1977"},{"relevant_topic_guid":"dc197f839f3f2926055f366d8dbc26ea","cnt_retweet":"0","publish_time":"20210824161842","page_action_type":"07","cnt_agree":"0","topic_guid":"dc197f839f3f2926055f366d8dbc26ea","userid":"7527666934","cnt_comment":"0","content":"【#快讯#】雄安新区完成国内首笔“区块链+”科创融资业务。#区块链# #数字人民币# 比特币","url":"https://m.weibo.cn/status/4673753462345051","username":"马路财经"},{"relevant_topic_guid":"e7aafa72c59564c269f460dcb1afe685","cnt_retweet":"0","publish_time":"20210824160438","page_action_type":"07","cnt_agree":"2","topic_guid":"e7aafa72c59564c269f460dcb1afe685","userid":"6573108811","cnt_comment":"0","content":"【上海：“十四五”期间稳步推进数字人民币应用试点，丰富相关应用场景】 8月24日消息，上海市人民政府印发《上海国际金融中心建设“十四五”规划》（以下简称《规划》）。 《规划》表示，加大金融科技关键技术研发力度，提升对金融产品、金融服务、金融监管创新的支撑能力。推动在浦东设立国家级金融科技研究机构。提升金融科技应用水平，稳步推进数字人民币应用试点，丰富数字人民币应用场景。 #区块链##比特币##以太坊##加密货币##数字货币##金融#","url":"https://m.weibo.cn/status/4673749922614958","username":"欧科链讯"},{"relevant_topic_guid":"e7adf9da87daf6d1ad186f024310f549","cnt_retweet":"1","publish_time":"20210824155522","page_action_type":"07","cnt_agree":"3","topic_guid":"e7adf9da87daf6d1ad186f024310f549","userid":"1315587597","cnt_comment":"0","content":"【上海：稳步推进数字人民币应用试点】8月24日，上海市人民政府印发《上海国际金融中心建设“十四五”规划》。《规划》提出，加大金融科技关键技术研发力度，提升对金融产品、金融服务、金融监管创新的支撑能力。推动在浦东设立国家级金融科技研究机构。提升金融科技应用水平，稳步推进数字人民币应用试点，丰富数字人民币应用场景。推进金融科技在金融市场交易、支付结算服务、智慧银行建设、智能投资管理服务、保险产品创新等领域应用。加快金融机构数字化转型。推动形成一批技术和业务创新的“上海标准”，为全球金融科技发展贡献“上海力量”。","url":"https://m.weibo.cn/status/4673747590322278","username":"中国证券报"},{"relevant_topic_guid":"8d28fda3c0a1a9cab71eac985d280885","cnt_retweet":"0","publish_time":"20210824171220","page_action_type":"07","cnt_agree":"1","topic_guid":"8d28fda3c0a1a9cab71eac985d280885","userid":"7583060049","cnt_comment":"0","content":"【上海：“十四五”期间稳步推进数字人民币应用试点】 上海市政府印发《上海国际金融中心建设“十四五”规划》，《规划》表示，提升金融科技应用水平，稳步推进数字人民币应用试点，丰富数字人民币应用场景。推进金融科技在金融市场交易、支付结算服务、智慧银行建设、智能投资管理服务、保险产品创新等领域应用。加快金融机构数字化转型。推动形成一批技术和业务创新的“上海标准”，为全球金融科技发展贡献“上海力量”。#数字人民币#科技","url":"https://m.weibo.cn/status/4673766959353033","username":"星河云大数据"},{"relevant_topic_guid":"fb78b85391b3ebed67fb1bb5d79d0975","cnt_retweet":"0","publish_time":"20210824155251","page_action_type":"07","cnt_agree":"0","topic_guid":"fb78b85391b3ebed67fb1bb5d79d0975","userid":"7527666934","cnt_comment":"0","content":"【币圈时事】上海：“十四五”期间稳步推进数字人民币应用试点 上海市政府印发《上海国际金融中心建设“十四五”规划》，《规划》表示，提升金融科技应用水平，稳步推进数字人民币应用试点，丰富数字人民币应用场景。推进金融科技在金融市场交易、支付结算服务、智慧银行建设、智能投资管理服务、保险产品创新等领域应用。加快金融机构数字化转型。推动形成一批技术和业务创新的“上海标准”，为全球金融科技发展贡献“上海力量”。#数字人民币#","url":"https://m.weibo.cn/status/4673746956716983","username":"马路财经"},{"relevant_topic_guid":"a98199d016d1acd86b08f7ea38870cb0","cnt_retweet":"3","publish_time":"20210904142804","page_action_type":"11","cnt_agree":"10","topic_guid":"a98199d016d1acd86b08f7ea38870cb0","userid":"1497042545","cnt_comment":"1","content":"数字人民币，用起来真方便。 RT:@北京新闻广播 #我在服贸会等你# 【2021服贸会金融服务篇】服贸会上的金融服务展区，最大的亮点是数字人民币的应用推广，一起来看怎么用数字人民币买东西吧！ 北京新闻广播的微博视频","url":"https://m.weibo.cn/status/4677711891005660","username":"张国庆看天下"},{"relevant_topic_guid":"a8e87dd5a2f11a7068f9312b10caaae8","cnt_retweet":"0","publish_time":"20210904000029","page_action_type":"11","cnt_agree":"0","topic_guid":"a8e87dd5a2f11a7068f9312b10caaae8","userid":"6456772530","cnt_comment":"0","content":"转发微博 RT:@建设银行sh601939 $建设银行 sh601939$ 服贸会现场直击：央行副行长陈雨露“探馆” 六大行各显神通展示数字人民币场景应用，点击链接查看更多-\u003e网页链接","url":"https://m.weibo.cn/status/4677493551795732","username":"个股资讯"},{"relevant_topic_guid":"da416f867dce9b27b391da979ece605f","cnt_retweet":"8","publish_time":"20210825115435","page_action_type":"11","cnt_agree":"64","topic_guid":"da416f867dce9b27b391da979ece605f","userid":"1094954164","cnt_comment":"1","content":"淘宝、京东、拼多多都有售//@LW麽都管:我也想看看这本书，尤其是中国数字人民币马上出来了，如果像比特币一样运行在一个联盟链上走出国门，一定要有锚定物 RT:@陶永谊 做股票的朋友都知道有一个指标叫资产负债率，这是一个评价公司负债水平的综合指标。同时也是一项衡量公司利用债权人资金进行经营活动能力的指标，也反映债权人发放贷款的安全程度。对企业来说：一般认为，资产负债率的适宜水平为50～60%，超过70%的负债率有点过高了。 在某种意义上说，国家的运营 ...全文","url":"https://m.weibo.cn/status/4674049383335603","username":"陶永谊"},{"relevant_topic_guid":"a0c5f02a9e8361a05dc9d11ec9ab066e","cnt_retweet":"1","publish_time":"20210825105451","page_action_type":"11","cnt_agree":"12","topic_guid":"a0c5f02a9e8361a05dc9d11ec9ab066e","userid":"7347522063","cnt_comment":"7","content":"回复@FeymanQuark:哥们数学真好//@FeymanQuark:cao，人民币3个亿，就为了买个像素头像的数字所有权//@布衣墨菲:少部分是，但是真实成交其实也不少，你这段时间如果有，你敢挂出去就会被人秒。//@舍漏陋:不断左右手倒腾，找人接盘呗 RT:@布衣墨菲 这个NFT石头用19天时间从一个1.7 ETH涨到400ETH，Punk7252以1600ETH成交。魔幻吗？","url":"https://m.weibo.cn/status/4674034350165093","username":"布衣墨菲"},{"relevant_topic_guid":"8a99560a55096188ab591aa9cf3e72e0","cnt_retweet":"0","publish_time":"20210825084725","page_action_type":"11","cnt_agree":"0","topic_guid":"8a99560a55096188ab591aa9cf3e72e0","userid":"1093952161","cnt_comment":"0","content":"【打造数字人民币的大运应用场景】 RT:@成都发展改革 【打造数字人民币的大运应用场景】明年即将举行的成都大运会，也成为数字人民币应用场景之一——作为成都大运会银行类官方独家合作伙伴，工商银行通过开展多形态的数字人民币体验活动，让数字人民币走进大运，充分展示数字人民币的独特性和便捷性。本期《成都经济观察》，我们就以数字人民币的大运会应 ...全文","url":"https://m.weibo.cn/status/4674002280779099","username":"蒲江县发改局"},{"relevant_topic_guid":"07cb58e6bed576df1147468ad674dc49","cnt_retweet":"0","publish_time":"20210910155934","page_action_type":"07","cnt_agree":"0","topic_guid":"07cb58e6bed576df1147468ad674dc49","userid":"7520766530","cnt_comment":"0","content":"深圳特区报今日刊文《数字人民币加速低碳生活落地》，文章指出数字人民币本身就是绿色货币，低能耗、高效率，节省货币制造和流通成本，还可大幅降低交易成本。数字货币、共享经济叠加发力，释放环保能量的能级更高。#数字人民币#","url":"https://m.weibo.cn/status/4679909240998939","username":"链动精灵"},{"relevant_topic_guid":"7ff37728ceade55663e04e2cd3c0623d","cnt_retweet":"0","publish_time":"20210923160055","page_action_type":"07","cnt_agree":"0","topic_guid":"7ff37728ceade55663e04e2cd3c0623d","userid":"2960558287","cnt_comment":"0","content":"《伊朗正式用人民币替代美元,宣布变更国家新货币后,意料外的事出现》与此同时，中国目前也正在进行试验的数字人民币可以帮助增加人民币的国际使用。网页链接","url":"https://m.weibo.cn/status/4684620623515406","username":"效鲁"},{"relevant_topic_guid":"a32a6063102f6565baf00165c70d7e76","cnt_retweet":"0","publish_time":"20210923204137","page_action_type":"07","cnt_agree":"0","topic_guid":"a32a6063102f6565baf00165c70d7e76","userid":"6788499283","cnt_comment":"0","content":"【采购数字化服务企业商越科技完成3.2亿人民币B轮融资】采购数字化服务企业商越科技正式宣布完成3.2亿元人民币B轮融资。记者获悉，本轮融资由启明创投领投，原有股东红杉中国、元璟资本、赛意产业基金、银杏谷资本及执一资本持续加码，融资资金将持续投入到产品打造中。此外，商越科技在今日正式发布商越千机阁PaaS平台。（财联社） 网页链接","url":"https://m.weibo.cn/status/4684691267387460","username":"微博财经7X24小时"},{"relevant_topic_guid":"ebb7f5e48fef11325734ac47f082e4fe","cnt_retweet":"0","publish_time":"20210923210239","page_action_type":"07","cnt_agree":"0","topic_guid":"ebb7f5e48fef11325734ac47f082e4fe","userid":"2068243297","cnt_comment":"0","content":"七月梅子青突发奇想，主权国家有没有可能以双碳基数做底的数字货币发行？现在是石油美元，为什么不能有电力人民币？","url":"https://m.weibo.cn/status/4684696556409600","username":"今天你逾期了吗"},{"relevant_topic_guid":"152d2d82912f42c6ccb7c43381d86db7","cnt_retweet":"0","publish_time":"20210921075113","page_action_type":"07","cnt_agree":"1","topic_guid":"152d2d82912f42c6ccb7c43381d86db7","userid":"1226125495","cnt_comment":"0","content":"周二读报[愉快]中秋节快乐* 数字人民币信用证[强]自动驾驶国标出炉[悠闲]广东438万个学位安徽800智能工厂[玫瑰]国际铜库存增加地产数据三下降『9月21日周二兆聪读报』9月21日周二兆聪读报","url":"https://m.weibo.cn/status/4683772610216776","username":"莫兆聪"},{"relevant_topic_guid":"dfd5f225d78370b57e67e5ebec7cadc7","cnt_retweet":"0","publish_time":"20210921080817","page_action_type":"07","cnt_agree":"1","topic_guid":"dfd5f225d78370b57e67e5ebec7cadc7","userid":"7616226033","cnt_comment":"0","content":"中国工商银行在港分支—工银亚洲周一称，近日完成首笔区块链跨境人民币信用证交易，用以支付进口铁矿石款项。 工银亚洲在一份声明中表示，是次交易中，该行透过金融科技公司CONTOUR，协助大宗商品贸易平台—冀东发展（香港）国际有限公司向外国某大型上游矿山企业直接开立数字化人民币信用证，用以支付进口铁矿石款项，充分满足了冀东香港在大宗商品交易中的跨境人民币支付结算需求。 “是次交易将创新技术融入传统贸易融资业务，有助促进贸易融资生态建设及跨境人民币业务拓展。”该行并称。 冀东香港执行董事吕磊表示，此次交易不仅是该公司与世界矿山巨头首次在人民币国际化、贸易融资数字化领域的成功合作，更是各方进一步运用区块链技术打造数字化新科技的典范。 天门","url":"https://m.weibo.cn/status/4683776904398279","username":"巴厘岛的红树林"},{"relevant_topic_guid":"abca5e530e8e965bda4028c86b3e8a20","cnt_retweet":"4","publish_time":"20210921073321","page_action_type":"07","cnt_agree":"11","topic_guid":"abca5e530e8e965bda4028c86b3e8a20","userid":"5652570013","cnt_comment":"6","content":"比特币大饼数字人民币国际化开始了工银亚洲完成首笔区块链跨境人民币信用证交易 工银亚洲官网9月20日消息，中国工商银行（亚洲）有限公司近日透过金融科技公司CONTOUR，成功协助大宗商品贸易平台冀东发展（香港）国际有限公司完成首笔基于区块链技术的跨境人民币信用证交易。这次交易中，工银亚洲透过CONTOUR平台为冀东香港向外国某大型上游矿山企业直接开立数字化人民币信用证，用以支付进口铁矿石款项。","url":"https://m.weibo.cn/status/4683768113399659","username":"肥宅的比特币"},{"relevant_topic_guid":"f6f4466796a6a299e169454abdbe840f","cnt_retweet":"0","publish_time":"20210921094508","page_action_type":"07","cnt_agree":"0","topic_guid":"f6f4466796a6a299e169454abdbe840f","userid":"1688861413","cnt_comment":"0","content":"我就去银行换个零钱，被强迫下了数字人民币…","url":"https://m.weibo.cn/status/4683801277500920","username":"MookieZhou"},{"relevant_topic_guid":"ee17bbe3ed01a4df4812c5fb4157dbb4","cnt_retweet":"1","publish_time":"20210918194403","page_action_type":"07","cnt_agree":"0","topic_guid":"ee17bbe3ed01a4df4812c5fb4157dbb4","userid":"1909367514","cnt_comment":"0","content":"#明日真爱粉资料#【宏观研究宝典：详解中美财政体制】【2021年中国城区高质量发展白皮书暨赛迪百强区】【DCEP，数字人民币引领未来支付新趋势】【丛林法则：中国证券私募管理人报告2021】【2021贸易战对南亚经济的影响】","url":"https://m.weibo.cn/status/4682864837003321","username":"我是二姐夫"},{"relevant_topic_guid":"d32cd83a049eda071c6bbe04184cfcd1","cnt_retweet":"0","publish_time":"20210918192027","page_action_type":"07","cnt_agree":"0","topic_guid":"d32cd83a049eda071c6bbe04184cfcd1","userid":"7303494626","cnt_comment":"0","content":"#南财视频# 【第十届金交会】广州：已申请纳入数字人民币试点城市 在第十届中国（广州）国际金融交易博览会上，广州市地方金融监督管理局介绍前三季度广州金融业发展情况，并透露，广州市政府已经报请省政府，向国务院申请将广州市纳入数字人民币试点。 南财视频的微博视频","url":"https://m.weibo.cn/status/4682858897869872","username":"南财视频"},{"relevant_topic_guid":"e50fa44b46f5ff3abbe41ed953c404af","cnt_retweet":"0","publish_time":"20210918184906","page_action_type":"07","cnt_agree":"0","topic_guid":"e50fa44b46f5ff3abbe41ed953c404af","userid":"1319693762","cnt_comment":"0","content":"【一流湾区】广州已申请纳入数字人民币试点 网页链接","url":"https://m.weibo.cn/status/4682851007858876","username":"叶小小鱼Susan"},{"relevant_topic_guid":"4bb0fd68aa8c80d4964f46414fbf4fd7","cnt_retweet":"0","publish_time":"20210918180719","page_action_type":"07","cnt_agree":"0","topic_guid":"4bb0fd68aa8c80d4964f46414fbf4fd7","userid":"3170318815","cnt_comment":"0","content":"除了对内，对外也值得研究。我不懂，数字人民币美元黄金国债什么的这些。专家经济学家懂。还有国外投资者大佬们来中国股市投资，咱可不可以雁过拔毛，设置一些条件？","url":"https://m.weibo.cn/status/4682840492738203","username":"呆萌小玉兔v"},{"relevant_topic_guid":"331684b8ff8eece2a13f61b09b25d1a4","cnt_retweet":"0","publish_time":"20210919014344","page_action_type":"07","cnt_agree":"1","topic_guid":"331684b8ff8eece2a13f61b09b25d1a4","userid":"1843057440","cnt_comment":"0","content":"体验一下数字人民币","url":"https://m.weibo.cn/status/4682955354276769","username":"Manu_Tu"},{"relevant_topic_guid":"c0953d804b9ee651b419a37afc53da42","cnt_retweet":"0","publish_time":"20210919003711","page_action_type":"07","cnt_agree":"0","topic_guid":"c0953d804b9ee651b419a37afc53da42","userid":"6124514416","cnt_comment":"0","content":"工商银行 有没有有数字人民币推广任务的小伙伴过来交流一下","url":"https://m.weibo.cn/status/4682938606682767","username":"大猫的奇思妙想c"},{"relevant_topic_guid":"7d5e4b6fe2c08e482e668a3c17bafb93","cnt_retweet":"0","publish_time":"20210919003548","page_action_type":"07","cnt_agree":"1","topic_guid":"7d5e4b6fe2c08e482e668a3c17bafb93","userid":"6124514416","cnt_comment":"0","content":"银行 有没有数字人民币推广任务的小伙伴，过来交流一下","url":"https://m.weibo.cn/status/4682938257769618","username":"大猫的奇思妙想c"},{"relevant_topic_guid":"9658e71179348d41990cd2e2b777eb19","cnt_retweet":"0","publish_time":"20210918084604","page_action_type":"07","cnt_agree":"0","topic_guid":"9658e71179348d41990cd2e2b777eb19","userid":"7429899304","cnt_comment":"0","content":"德媒：数字欧元向数字人民币“取经”@新浪财经 股票#基金# 德媒：数字欧元向数字人民币“取经”","url":"https://m.weibo.cn/status/4682699249288037","username":"王琛皇"},{"relevant_topic_guid":"aec93f8b4743cbb5256d612fcf4306f5","cnt_retweet":"0","publish_time":"20210917235334","page_action_type":"07","cnt_agree":"0","topic_guid":"aec93f8b4743cbb5256d612fcf4306f5","userid":"1908417784","cnt_comment":"0","content":"【中国电信数字人民币钱包上线】今日，中国电信宣布，与中国银行联合研发的“数字人民币”钱包正式上线，用户可在翼支付APP中(我的-基础服务)一键开启数字人民币钱包，在通过实名认证、绑定银行卡后，即可通过数字人民币进行存银行、换数币、转账等操作。（区块链日报）","url":"https://m.weibo.cn/status/4682565242586489","username":"遂昌快活林"},{"relevant_topic_guid":"8da9c4e3021f90ea1dbfee5db9a33ad9","cnt_retweet":"0","publish_time":"20210917235548","page_action_type":"11","cnt_agree":"0","topic_guid":"8da9c4e3021f90ea1dbfee5db9a33ad9","userid":"6404264396","cnt_comment":"0","content":"回复@不知道在干嘛的小廖:给了十块钱不错//@不知道在干嘛的小廖:美团可以拿到数字人民币的红包，搜数字人民币就有（深圳是这样的） RT:@-acwell 开通了建行数字人民币钱包。。。钱从哪来啊？","url":"https://m.weibo.cn/status/4682565804361671","username":"-acwell"},{"relevant_topic_guid":"445541068d9195de8e8040a373898f55","cnt_retweet":"0","publish_time":"20210924095413","page_action_type":"07","cnt_agree":"1","topic_guid":"445541068d9195de8e8040a373898f55","userid":"3854996917","cnt_comment":"0","content":"收到一张纸币，我看了看心想这铁是张假的，他这数字像是油漆涂上去的，假的离谱。回头一查发现19年版本的人民币就长这样...","url":"https://m.weibo.cn/status/4684890727256525","username":"既然可以改名就改一下好了"},{"relevant_topic_guid":"d96af89a2e1dfeb5b80c1e14ca5fb5f6","cnt_retweet":"0","publish_time":"20210924094013","page_action_type":"07","cnt_agree":"0","topic_guid":"d96af89a2e1dfeb5b80c1e14ca5fb5f6","userid":"2067545760","cnt_comment":"0","content":"【一流湾区】广州新设数字金融研究平台：重点开展数字人民币应用场景等研究 网页链接","url":"https://m.weibo.cn/status/4684887203775100","username":"LeenKOUHI"},{"relevant_topic_guid":"77bbc740a6f484d69b120d9bc026cea4","cnt_retweet":"0","publish_time":"20210924093228","page_action_type":"07","cnt_agree":"0","topic_guid":"77bbc740a6f484d69b120d9bc026cea4","userid":"2127254682","cnt_comment":"0","content":"【一流湾区】广州新设数字金融研究平台：重点开展数字人民币应用场景等研究 网页链接","url":"https://m.weibo.cn/status/4684885257617487","username":"lancyzz"},{"relevant_topic_guid":"4f412225ba9e88876b605680bfe35b46","cnt_retweet":"0","publish_time":"20210924094023","page_action_type":"07","cnt_agree":"0","topic_guid":"4f412225ba9e88876b605680bfe35b46","userid":"2711492184","cnt_comment":"0","content":"【金融科技4.0时代，带您详解数智化增长密码】近年来，数字人民币在全国范围内得到了极大的发展和推广。前不久，北京轨道交通新增利用数字人民币支付乘车的形式。通过“数字人民币APP”，乘客可在全路网24条线、428座车站现场办理各项业务。 快上车！Teradata天睿公司亚太区行业咨询顾问余俊越，带您详解数智化增长密码~更多精彩内容点击查看：金融科技4.0时代，带您详解数智化增长密码","url":"https://m.weibo.cn/status/4684887245980183","username":"Teradata天睿"},{"relevant_topic_guid":"a186d3f2514f358896279faa04dd5b6e","cnt_retweet":"0","publish_time":"20210924083108","page_action_type":"07","cnt_agree":"0","topic_guid":"a186d3f2514f358896279faa04dd5b6e","userid":"1880995140","cnt_comment":"0","content":"【一流湾区】广州新设数字金融研究平台：重点开展数字人民币应用场景等研究 网页链接","url":"https://m.weibo.cn/status/4684869819435689","username":"勉耕"},{"relevant_topic_guid":"0c6d4dc7d81221dd9987443bfc1e671b","cnt_retweet":"0","publish_time":"20210924090946","page_action_type":"07","cnt_agree":"0","topic_guid":"0c6d4dc7d81221dd9987443bfc1e671b","userid":"6656312939","cnt_comment":"0","content":"发布了文章 《数字人民币使用后，最大的2好处在哪？还能反洗钱？》 数字人民币使用后，最大的2好处在哪？还能反洗钱？","url":"https://m.weibo.cn/status/4684879544975572","username":"匀枫投资人私密圈"},{"relevant_topic_guid":"12e231b76c6a61a906f3daf80a4bfa40","cnt_retweet":"0","publish_time":"20210924090010","page_action_type":"07","cnt_agree":"0","topic_guid":"12e231b76c6a61a906f3daf80a4bfa40","userid":"2590506142","cnt_comment":"1","content":"#妙笔生花看丰台#【丽泽金融商务区擦亮数字金融新名片】近日，中国人民银行数字货币研究所与丽泽金融商务区共同设立的数字金融技术检测中心正式揭牌。北京市金融局正式向丽泽金融商务区颁授“北京法定数字货币试验区”，拓展特色金融科技应用场景，助力丽泽打造数字人民币技术与应用生态。作为新兴金融产业集聚区、首都金融改革试验区，丽泽金融商务区又将如何发展？点击文章查看→ 丽泽金融商务区擦亮数字金融新名片","url":"https://m.weibo.cn/status/4684877125126288","username":"北京丰台"},{"relevant_topic_guid":"8be8c3572ff48845c432a77ce8e6765b","cnt_retweet":"0","publish_time":"20210924073037","page_action_type":"07","cnt_agree":"0","topic_guid":"8be8c3572ff48845c432a77ce8e6765b","userid":"6456772530","cnt_comment":"0","content":"$工商银行 sh601398$ 老年人操作起来也方便 数字人民币支付受欢迎，点击链接查看更多-\u003e老年人操作起来也方便 数字人民币支付受欢迎","url":"https://m.weibo.cn/status/4684854593585479","username":"个股资讯"},{"relevant_topic_guid":"a207cce247b30e471b5312b3dbde0ed2","cnt_retweet":"0","publish_time":"20210924074917","page_action_type":"07","cnt_agree":"0","topic_guid":"a207cce247b30e471b5312b3dbde0ed2","userid":"1973935982","cnt_comment":"0","content":"【一流湾区】广州新设数字金融研究平台：重点开展数字人民币应用场景等研究 网页链接","url":"https://m.weibo.cn/status/4684859286490522","username":"blue_sea86"},{"relevant_topic_guid":"8472f63fdee06b3093899de206c1a550","cnt_retweet":"0","publish_time":"20210924074228","page_action_type":"07","cnt_agree":"0","topic_guid":"8472f63fdee06b3093899de206c1a550","userid":"2074900447","cnt_comment":"0","content":"【一流湾区】广州新设数字金融研究平台：重点开展数字人民币应用场景等研究 网页链接","url":"https://m.weibo.cn/status/4684857572328437","username":"paris敏"},{"relevant_topic_guid":"f0841a47d2c159aac429db6585460661","cnt_retweet":"0","publish_time":"20210924074756","page_action_type":"07","cnt_agree":"0","topic_guid":"f0841a47d2c159aac429db6585460661","userid":"1875020834","cnt_comment":"0","content":"【一流湾区】广州新设数字金融研究平台：重点开展数字人民币应用场景等研究 网页链接","url":"https://m.weibo.cn/status/4684858946749637","username":"小wu08"},{"relevant_topic_guid":"79ee3d7b16a7997c73c195a1a035d988","cnt_retweet":"0","publish_time":"20210924143157","page_action_type":"07","cnt_agree":"0","topic_guid":"79ee3d7b16a7997c73c195a1a035d988","userid":"1659280190","cnt_comment":"0","content":"#量化对冲基金#【穆长春：在数字人民币试点中维护支付市场的公平竞争】中国人民银行数字货币研究所所长穆长春24日在中国支付清算论坛上表示，在数字人民币试点中维护支付市场的公平竞争。一方面，数字人民币将为不同支付服务机构的创新发展提供公平的准入机会和统一基础设施，促进市场竞争择优；另一方面，利用数字人民币的法偿地位打破支付市场中的机构壁垒、工具壁垒和平台壁垒，实现数字人民币的全场景支付，提升零售支付服务的可达性和社会总福利水平。（e公司）","url":"https://m.weibo.cn/status/4684960620873290","username":"QuantHedgeFund"},{"relevant_topic_guid":"9dba04d68e842d156920f978910deca7","cnt_retweet":"0","publish_time":"20210924142446","page_action_type":"07","cnt_agree":"0","topic_guid":"9dba04d68e842d156920f978910deca7","userid":"6573108811","cnt_comment":"0","content":"【北京培育建设国际消费中心城市实施方案：推进数字人民币重点场景应用】 9月24日消息，北京市人民政府办公厅印发《北京培育建设国际消费中心城市实施方案(2021—2025年)》。《方案》指出，应用区块链等现代信息技术推进数字经济新模式，推进数字人民币在本市交通出行、餐饮住宿、购物消费、旅游观光、医疗卫生、通信服务、票务娱乐等重点场景应用推广。培育数字消费新生态。持续推进数字经济和实体经济深度融合，应用5G、区块链、大数据、云计算、物联网、人工智能等现代信息技术，积极推进智能制造、反向定制、数字零售、社交电商、在线健身、在线诊疗、云旅游、云展览、云演出等数字经济新模式。 #比特币# #区块链# 以太坊 数字货币 加密货币 金融","url":"https://m.weibo.cn/status/4684958814440537","username":"欧科链讯"},{"relevant_topic_guid":"2814b17d776ee35df06c0453b9ca48fa","cnt_retweet":"0","publish_time":"20210924141600","page_action_type":"07","cnt_agree":"0","topic_guid":"2814b17d776ee35df06c0453b9ca48fa","userid":"6581359737","cnt_comment":"0","content":"中国人民银行数字货币研究所所长穆长春24日在中国支付清算论坛上表示，在数字人民币试点中维护支付市场的公平竞争。一方面，数字人民币将为不同支付服务机构的创新发展提供公平的准入机会和统一基础设施，促进市场竞争择优；另一方面，利用数字人民币的法偿地位打破支付市场中的机构壁垒、工具壁垒和平台壁垒，实现数字人民币的全场景支付，提升零售支付服务的可达性和社会总福利水平。","url":"https://m.weibo.cn/status/4684956608235815","username":"寻股识途"},{"relevant_topic_guid":"f2fe14c12d8f51f029c59a4923f7279f","cnt_retweet":"0","publish_time":"20210920203934","page_action_type":"07","cnt_agree":"0","topic_guid":"f2fe14c12d8f51f029c59a4923f7279f","userid":"2149574733","cnt_comment":"0","content":"我认为，许家印失败的根本原因是：以前用纸质人民币，钱都是许家印的，以后用数字人民币，不需要印了[旺柴] 广安·武胜县","url":"https://m.weibo.cn/status/4683603583701152","username":"好白菜遭_猪拱了"},{"relevant_topic_guid":"9aafa5d02c11fc36cb0f467794186815","cnt_retweet":"0","publish_time":"20210920193540","page_action_type":"07","cnt_agree":"0","topic_guid":"9aafa5d02c11fc36cb0f467794186815","userid":"3940264079","cnt_comment":"0","content":"西蜀布衣阅读与思考认为：科技是第一生产力～数字人民币全方位推进的脚步声越来越近了《马云东山再起已成定局？身价缩水717亿，最后靠什么一招向死而生》马云东山再起已成定局？身价缩水717亿，最后靠什么一招向死而生网页链接","url":"https://m.weibo.cn/status/4683587503526454","username":"西蜀布衣刘堂至"},{"relevant_topic_guid":"39d7eaa47612085fbbc23a3396d25ffa","cnt_retweet":"0","publish_time":"20210920212322","page_action_type":"07","cnt_agree":"0","topic_guid":"39d7eaa47612085fbbc23a3396d25ffa","userid":"1847477691","cnt_comment":"0","content":"【一流湾区】广州已申请纳入数字人民币试点 网页链接","url":"https://m.weibo.cn/status/4683614605806979","username":"C_Cybmingren"},{"relevant_topic_guid":"3dd3bf713da1148db06531a870753522","cnt_retweet":"0","publish_time":"20210920211604","page_action_type":"07","cnt_agree":"0","topic_guid":"3dd3bf713da1148db06531a870753522","userid":"2118552594","cnt_comment":"0","content":"中国电信数字人民币正式上线 据介绍，用户可在翼支付 App 中一键开启数字人民币钱包，在通过实名认证、绑定银行卡后，即可通过数字人民币进行存银行、换数币、转账等操作。中国电信在10月底后，还将试点推出电信 SIM 卡硬钱包功能，支持“离线”收付款。数字人民币的“离线”支付指数字人民币在交易过程中，收款方或付款方的终端处于离线无网络的情况下仍然能够完成支付。","url":"https://m.weibo.cn/status/4683612769486823","username":"金蝴蝶探索者"},{"relevant_topic_guid":"16f2a25e00b9fe45717e4b3e2b53e3e6","cnt_retweet":"0","publish_time":"20210921001802","page_action_type":"07","cnt_agree":"0","topic_guid":"16f2a25e00b9fe45717e4b3e2b53e3e6","userid":"5247304167","cnt_comment":"1","content":"三亚国际免税城有人需要吗 去不了海南 只能在海南线下用 800的数字人民币","url":"https://m.weibo.cn/status/4683658562636308","username":"三十六碼五"},{"relevant_topic_guid":"908c3b69ae03bbf92e245295efef26b9","cnt_retweet":"0","publish_time":"20210919210251","page_action_type":"07","cnt_agree":"0","topic_guid":"908c3b69ae03bbf92e245295efef26b9","userid":"2622056220","cnt_comment":"0","content":"【数字人民币试点商圈在西岗开启！】市集、盲盒、亲子互动，创新打造数字人民币应用场景；黔货、商超、大连礼物，多元化商品展销共享消费红利……数字服务走进百姓生活，西岗区开启数字人民币试点商圈。9月19日10：00，GO购西岗趣玩嘉年华活动暨西岗区数字人民币试点商圈启幕仪式在印象城中央广场缤纷启幕。活动作为GO购西岗乐活节系列活动之一，为市民带来“乐活、有趣、新奇”的购物体验和消费红利。详见：数字人民币试点商圈在西岗开启！ #美好辽宁欢迎您##百年风华连心向党#（西岗区商务局、@大连发布 文字：宋宇 图片：雪林、晋通 视频：张晋通 视频编辑：李姝潼） 新闻大连的微博视频","url":"https://m.weibo.cn/status/4683247059992808","username":"新闻大连"},{"relevant_topic_guid":"b5b99cb9e36b4eafce512a44386e9c18","cnt_retweet":"0","publish_time":"20210919205803","page_action_type":"07","cnt_agree":"0","topic_guid":"b5b99cb9e36b4eafce512a44386e9c18","userid":"6396634787","cnt_comment":"0","content":"#美好辽宁欢迎您# 【数字人民币试点商圈在西岗开启！】9月19日10:00，GO购西岗趣玩嘉年华活动暨西岗区数字人民币试点商圈启幕仪式在印象城中央广场缤纷启幕，本次活动由西岗区人民政府主办，西岗区商务局、西岗区财政事务服务中心等承办。活动作为GO购西岗乐活节系列活动之一，将为市民带来“乐活、有趣、新奇”的购物体验和消费红利。数字人民币试点商圈在西岗开启！ 大连发布的微博视频","url":"https://m.weibo.cn/status/4683245847841357","username":"大连发布"},{"relevant_topic_guid":"4742f3f9b945c923d47e561366e0031e","cnt_retweet":"0","publish_time":"20210919201524","page_action_type":"07","cnt_agree":"0","topic_guid":"4742f3f9b945c923d47e561366e0031e","userid":"1642566441","cnt_comment":"0","content":"中关村：“科技向北”大会将发1万个数字人民币红包金色财经报道，中关村软件园将于9月26日启动“科技向北”产业盛会，以前沿科技赛事为核心，融合数字人民币等元素，活动期间特别在中关村软件园开设了数字人民币购物节，将发放10000个专属数字人民币红包。","url":"https://m.weibo.cn/status/4683235114615883","username":"币圈亿达社区"},{"relevant_topic_guid":"e2497cb4a5b7d431cff17f6d13d1d450","cnt_retweet":"0","publish_time":"20210919123300","page_action_type":"07","cnt_agree":"0","topic_guid":"e2497cb4a5b7d431cff17f6d13d1d450","userid":"1787567623","cnt_comment":"0","content":"【2021年1-7月美国“杀猪盘”经济损失约为 1.33 亿美元】美国联邦调查局表示，今年 1-7 月份接到逾 1800 起网恋欺诈投诉，受害人蒙受的经济损失约为 1.33 亿美元（约合人民币 8.58 亿元），受害人被欺骗以数字方式向犯罪分子转账或交易加密货币。FBI：2021年1-7月美国“杀猪盘”经济损失约为 1.33 亿美元","url":"https://m.weibo.cn/status/4683118747845946","username":"199IT-互联网数据资讯网"},{"relevant_topic_guid":"e1a66fdd132374cf90e17f6e6def036d","cnt_retweet":"0","publish_time":"20210919120830","page_action_type":"07","cnt_agree":"0","topic_guid":"e1a66fdd132374cf90e17f6e6def036d","userid":"6460409821","cnt_comment":"0","content":"长沙：加快推进长沙“数字人民币”试点9月19日消息，据华声在线，湖南省政府新闻办在长沙召开中国（湖南）自由贸易试验区建设一周年新闻发布会，表示在金融开放创新方面，湖南省将加快推进长沙“数字人民币”试点，实施跨境人民币便利化政策。","url":"https://m.weibo.cn/status/4683112581169979","username":"世链财经"},{"relevant_topic_guid":"bc86e83abd2101af66f1513f16aac1ee","cnt_retweet":"0","publish_time":"20210919140437","page_action_type":"07","cnt_agree":"0","topic_guid":"bc86e83abd2101af66f1513f16aac1ee","userid":"2235427322","cnt_comment":"0","content":"广州市地方金融监管局：已申请将广州纳入数字人民币试点@QQ浏览器 网页链接","url":"https://m.weibo.cn/status/4683141803675682","username":"正墓室1"},{"relevant_topic_guid":"81e9894817a1978838ee74b1cfcc3018","cnt_retweet":"0","publish_time":"20210919143052","page_action_type":"07","cnt_agree":"0","topic_guid":"81e9894817a1978838ee74b1cfcc3018","userid":"2235427322","cnt_comment":"0","content":"广州市地方金融监管局：已申请将广州纳入数字人民币试点@QQ浏览器 网页链接","url":"https://m.weibo.cn/status/4683148413108346","username":"正墓室1"},{"relevant_topic_guid":"37e34cfa2bd744d532feeb3ec3b88f29","cnt_retweet":"0","publish_time":"20210919151934","page_action_type":"07","cnt_agree":"13","topic_guid":"37e34cfa2bd744d532feeb3ec3b88f29","userid":"2150825094","cnt_comment":"28","content":"中关村：“科技向北”大会将发1万个数字人民币红包金色财经报道，中关村软件园将于9月26日启动“科技向北”产业盛会，以前沿科技赛事为核心，融合数字人民币等元素，活动期间特别在中关村软件园开设了数字人民币购物节，将发放10000个专属数字人民币红包。（北京日报）","url":"https://m.weibo.cn/status/4683160669913260","username":"财经牛人老张"},{"relevant_topic_guid":"b696f85a3e27257ac1344d3db5918b02","cnt_retweet":"0","publish_time":"20210919144051","page_action_type":"07","cnt_agree":"0","topic_guid":"b696f85a3e27257ac1344d3db5918b02","userid":"6400787380","cnt_comment":"0","content":"#股票# 赚了23亿够了，财务自由了！原来近日比亚迪董事夏佐全在这几个月连续减持股份，截止9月19日，大概卖出了964.78万股，套现均价大概在240元左右，这样来算，夏佐全大概套现23亿元。 也就是说，夏佐全通过减持股份，一下子就拥有了23亿人民币现金，这可是一笔庞大的数字了。拥有了这么多钱，即使存银行每年也有1个亿左右的利息收入，足够过上非常好的富裕生活了。 而夏佐全即使减持了这么多股份，也只是减持了0.338个百分点股权。此前夏佐全持有公司3.306%股权，而这次套现之后，夏佐全仍然持有公司2.968%股权。而现在比亚迪市值7299亿元，这样来算，夏佐全的2.968%股权大概市值在216亿元，夏佐全也算是妥妥的两百亿富翁了。 夏佐全，1995年成为比亚迪公司共同创始人，为比亚迪第三大股东，也因为共同创立了比亚迪，现在随着比亚迪股价的上涨，夏佐全财富也在快速上升，现在来说，夏佐全总财富达到了230亿元以上，这也算是妥妥的超级富豪了。","url":"https://m.weibo.cn/status/4683150922090820","username":"雪球说"},{"relevant_topic_guid":"df9f831cc73276ae677f3832afd2e95e","cnt_retweet":"0","publish_time":"20210919163259","page_action_type":"07","cnt_agree":"0","topic_guid":"df9f831cc73276ae677f3832afd2e95e","userid":"6460409821","cnt_comment":"0","content":"中关村：“科技向北”大会将发1万个数字人民币红包中关村软件园将于9月26日启动“科技向北”产业盛会，以前沿科技赛事为核心，融合数字人民币等元素，活动期间特别在中关村软件园开设了数字人民币购物节，将发放10000个专属数字人民币红包。（中国日报）","url":"https://m.weibo.cn/status/4683179141106657","username":"世链财经"},{"relevant_topic_guid":"954b15010ada9a915fccdc718c3a5a1d","cnt_retweet":"0","publish_time":"20210922144022","page_action_type":"07","cnt_agree":"1","topic_guid":"954b15010ada9a915fccdc718c3a5a1d","userid":"7605629615","cnt_comment":"0","content":"中秋已过比特币能够出现反弹吗？进我主页头条看更多最新走势！【老杨说链】比特币与数字人民币有什么区别？提前数字人民币，大部分人第一时间想到的是，就好比这是正规军的 比特币与数字人民币有什么区别 网页链接","url":"https://m.weibo.cn/status/4684237967982706","username":"火焰鸟之火币"},{"relevant_topic_guid":"2d67e4380b1eb3d1c8b55c8e42ae5d13","cnt_retweet":"0","publish_time":"20210921160002","page_action_type":"07","cnt_agree":"1","topic_guid":"2d67e4380b1eb3d1c8b55c8e42ae5d13","userid":"1775158187","cnt_comment":"0","content":"#一图读懂金融标准# 现金被拒收，可不一定是数字货币的“锅”，也可能是人民币磨损导致的哦！看《不宜流通人民币——硬币》，一图get流通硬币的判定标准。","url":"https://m.weibo.cn/status/4683895625222482","username":"中国农业银行"},{"relevant_topic_guid":"b2eb2100b5d866cbc52db3cebeb634e8","cnt_retweet":"0","publish_time":"20210921212101","page_action_type":"07","cnt_agree":"0","topic_guid":"b2eb2100b5d866cbc52db3cebeb634e8","userid":"5866256779","cnt_comment":"0","content":"简直不要让人太羡慕了：近日，“用数字人民币，享低碳骑行季”试点活动在北京、上海、海南、深圳、苏州、西安、长沙、成都、雄安新区等九大数字人民币试点地区同步开展。   凡是在以上城市工作或生活的社会公众，均可通过在美团App首页搜索“数字人民币”，报名参与活动即可领取相应的数字人民币低碳红包奖励。   儿子今年毕业，今年去了深圳一家策划公司工作。   因为刚出去工作，懂事的儿子平时从出租屋到公司上下班都是搭公交车多。有次因为太累了。早上睡过头了，赶时间搭了一回出租车，花了几十块，儿子心痛不已，打电话回来说以后再也不会了。   这让我们做父母的很是心酸又无奈，毕竟像我们这样生活在边远地区的农民，送他们兄妹二人读完大学，实在太吃力了。但是，俩孩子现在有了出息，我们也是非常高兴。   没想到，儿子昨晚打电话回来说，以后不用挤地铁也不用搭公交去上班了，因为有了更好的出行方式了，最重要的还是免费的。   我着急的问他是怎么回事。儿子就说是美团app推出的一款用数字人民币享低碳骑行的活动，也就是说，他骑共享单车上下班，既环保又不花钱。   虽然我们广西还没在活动范围的城市，但是想想儿子工作的地方在深圳，还是享受了此优惠政策，我还是很开心的。希望这样的福利能尽快覆盖全国各个省区，受益更多民众。","url":"https://m.weibo.cn/status/4683976407777390","username":"潍坊市潍坊事"},{"relevant_topic_guid":"ab2c490286d54b989123f412ea47fdbf","cnt_retweet":"0","publish_time":"20210922100017","page_action_type":"07","cnt_agree":"0","topic_guid":"ab2c490286d54b989123f412ea47fdbf","userid":"5857288686","cnt_comment":"0","content":"我给丈母娘发了8000红包作为过年费，但给我妈偷偷塞了10000块，老婆知道后，气得直接回娘家过年，还不许我去，我现在很苦恼。 #情感# 其实，我是想今年去拜访他们家的时候，再把剩下的2000当面给丈母娘的，我觉得，手机上显示的都是数字，一张张拿到手才能感受到人民币的厚重！ 可惜的是，我没提前跟她商量好，我如今打电话她不接，发短信她不会，她可能看到我解释了，但觉得这是我补救措施，不肯原谅我。 我和老婆结婚近2年了，我们当初是相亲认识的，是我追的她，她一开始是看不上我的，但是经过我不懈的努力，又是给她父母送礼，又是对她各种表白，终于，她接受了我的追求。 我们恋爱半年，就结为了夫妻。婚后，我们虽然有一些争吵，但夫妻床头打架床尾和，第二天我们就和好如初了。当然，很多时候是我服的软。 可是，我老婆却和我妈的关系不太好，她总觉得我妈太老土，思想太顽固，两人常常谈几句就开始争吵，我多次做她们的和事佬，但是夹在中间，心里总不好受，为了减少烦恼，我很少带老婆回家，除了过年过节外，我们都在外居住。 可是，担心的事情还是发生了，前几天，我偷偷塞给我妈10000块，一方面是给她作为过年费，包红包、买礼物之类的，一方面是让她给我弟，作为他大学的生活费。 我内心肯定是想一碗水端平，所以也转了8000给丈母娘，但还有2000，我想去给她拜年的时候当面给到她，可没有提前跟老婆商量，结果，她误解了我，觉得我偏心。 现在我解释，她也觉得这是在补救，认为我打心底就偏心我父母，对她父母不够尊重。现在我很烦恼，我现在该怎么办？ （来源网络）","url":"https://m.weibo.cn/status/4684167478249171","username":"有关爱情"},{"relevant_topic_guid":"939ed086ab92887ad07f8bde16443f3c","cnt_retweet":"0","publish_time":"20210922020407","page_action_type":"07","cnt_agree":"0","topic_guid":"939ed086ab92887ad07f8bde16443f3c","userid":"3483379901","cnt_comment":"0","content":"我是第11位申请创建#数字人民币[超话]#超话的粉丝，助力创建人数越多，开通几率越大！大家快来戳这里→ 网页链接 帮我加快创建速度吧~","url":"https://m.weibo.cn/status/4684047647507074","username":"哎吆妖怪"},{"relevant_topic_guid":"68211de9a45089999e8ba585fa0dd07a","cnt_retweet":"5","publish_time":"20210922193023","page_action_type":"07","cnt_agree":"4","topic_guid":"68211de9a45089999e8ba585fa0dd07a","userid":"1663937380","cnt_comment":"0","content":"#观点网#【中国会如何开放资本账户】专栏作家白士泮表示，最近一些西方媒体和搞技术的币圈人士，因为中国e-CNY在法定数字货币研发的领先优势，纷纷预言中国即将加速推动人民币国际化以取代美元争夺国际金融霸权。 　　此类言论缺乏对中国经济与金融的了解。人民币国际化与外汇资本账户开放是相辅相成的，资金双向跨境流动也是一国货币国际化的必然发展。但在中国经济发展历史，控制资本账户是中国一个关键政策工具。若开放资本账户，将会是一个稳妥有序，逐步推进的过程。何况人民币国际化需要坚持市场驱动原则，急也急不来。 　　我们先从“三元悖论” (或称“不可能的三角” ) 理论开始。三元悖论理论阐述了国际经济学的政策选择问题。它说到（1）独立的货币政策，即控制国内利率；（2）固定或稳定的汇率；以及（3）资本自由流动的三个目标，一个国家只能达到其中的两个目标。中国会如何开放资本账户","url":"https://m.weibo.cn/status/4684310953067111","username":"财新网"},{"relevant_topic_guid":"6cb4799fa39242357d0947e5c8bcf8f5","cnt_retweet":"0","publish_time":"20210910094610","page_action_type":"11","cnt_agree":"0","topic_guid":"6cb4799fa39242357d0947e5c8bcf8f5","userid":"3543674062","cnt_comment":"0","content":"【鼓励低碳出行 成都市民今起报名可领数字人民币红包用于单车骑行】 RT:@成都青白江 【鼓励低碳出行 成都市民今起报名可领数字人民币红包用于单车骑行】#成都市民数字人民币使用又有新场景#啦！9月9日，记者获悉，为了增加成都地区数字人民币的使用频率，拓展应用人群，即日起至12月31日，成都市民打开美团App搜索“数字人民币”，完成报名即可领取数字人民币红包，用于APP内单车骑行费 ...全文","url":"https://m.weibo.cn/status/4679815272334780","username":"青白江统计"},{"relevant_topic_guid":"7b346ef772e77a3e561ddf1084ff1902","cnt_retweet":"0","publish_time":"20210910100343","page_action_type":"07","cnt_agree":"0","topic_guid":"7b346ef772e77a3e561ddf1084ff1902","userid":"2818093703","cnt_comment":"0","content":"美团app搜索“数字人民币”直接报名领10元红包，凡是在北京、上海、海南、深圳、长沙、苏州、西安、成都、雄安新区，地区的居民都可以参加网页链接","url":"https://m.weibo.cn/status/4679819688152454","username":"惠马生活"},{"relevant_topic_guid":"468b8067a41d48c2247a08348d9f17f3","cnt_retweet":"0","publish_time":"20210910093815","page_action_type":"07","cnt_agree":"0","topic_guid":"468b8067a41d48c2247a08348d9f17f3","userid":"5127441686","cnt_comment":"0","content":"#数字人民币# 很久没见过“钱”了，感觉还挺新鲜。","url":"https://m.weibo.cn/status/4679813279778123","username":"是aP先生"},{"relevant_topic_guid":"bbd690abfba6a5969f7925407707b349","cnt_retweet":"0","publish_time":"20210910095708","page_action_type":"07","cnt_agree":"0","topic_guid":"bbd690abfba6a5969f7925407707b349","userid":"5724369233","cnt_comment":"0","content":"参加美团活动，可领数字人民币红包『突发！数字人民币消息传来了！9大试点地区联动测试！！』突发！数字人民币消息传来了！9大试点地区联动测试！！","url":"https://m.weibo.cn/status/4679818032188005","username":"pxj189189"},{"relevant_topic_guid":"8d4074d237a0742f3621fee7ad822694","cnt_retweet":"0","publish_time":"20210910100144","page_action_type":"07","cnt_agree":"0","topic_guid":"8d4074d237a0742f3621fee7ad822694","userid":"1445876417","cnt_comment":"0","content":"【美团：试点用数字人民币免费骑单车】9月9日起至12月31日，美团试点用数字人民币免费骑单车，此次活动由美团联合农行、邮储、建行共同发起，面向北京、上海、深圳、海南、长沙、苏州、西安、成都、雄安新区等9大数字人民币试点地区居民免费发放数字人民币低碳出行红包。","url":"https://m.weibo.cn/status/4679819189551963","username":"科技金融在线"},{"relevant_topic_guid":"e1f328334505f46bb7966696a5e8b437","cnt_retweet":"0","publish_time":"20210910094038","page_action_type":"07","cnt_agree":"1","topic_guid":"e1f328334505f46bb7966696a5e8b437","userid":"1971731711","cnt_comment":"0","content":"9月10日，星期五，AI头条 1.美团：数字人民币碳中和试点落地9城区。 2.魅族科技官方删除“三零手机”相关内容。 3.微软宣布无限期推迟重返办公室。 4.腾讯：“共同富裕专项计划”500亿元资金首期开始落地。 5.央行新增3000亿元支小再贷•款额度，加大对中小微企业纾困帮扶力度。 6.上海将筹建数•据交易所。 7.腾讯回应“60岁老人凌晨三点打排位”：无法判断是否为“他人代过人脸”。","url":"https://m.weibo.cn/status/4679813878518212","username":"华秋网络"},{"relevant_topic_guid":"968760f81a447f52c48a25bb68f7093f","cnt_retweet":"0","publish_time":"20210910094041","page_action_type":"07","cnt_agree":"0","topic_guid":"968760f81a447f52c48a25bb68f7093f","userid":"5486009310","cnt_comment":"0","content":"美团在上海等地试点用数字人民币免费骑单车 美团App上线“数字人民币”用于支付美团单车骑行费用，之后再骑行还能额外获得相应的数字人民币低碳红包奖励，用于更多低碳出行。据了解，此次活动由美团联合中国农业银行、中国邮政储蓄银行、中国建设银行共同发起，面向北京、上海、深圳、海南、长沙、苏州、西安、成都、雄安新区等9大数字人民币试点地区居民免费发放数字人民币低碳出行红包。","url":"https://m.weibo.cn/status/4679813891360144","username":"新夸克"},{"relevant_topic_guid":"b7bce40d833522043a6fc1a5348d4d34","cnt_retweet":"0","publish_time":"20210910111000","page_action_type":"07","cnt_agree":"0","topic_guid":"b7bce40d833522043a6fc1a5348d4d34","userid":"1682825112","cnt_comment":"0","content":"北京市副市长卢映川：北京将稳步推进数字人民币全场景试点 网页链接","url":"https://m.weibo.cn/status/4679836368635654","username":"股市思索哥"},{"relevant_topic_guid":"51e6d252573ac710097b2e20da391490","cnt_retweet":"0","publish_time":"20210910094540","page_action_type":"07","cnt_agree":"0","topic_guid":"51e6d252573ac710097b2e20da391490","userid":"6727896809","cnt_comment":"0","content":"【李礼辉：当前#数字人民币# 的底层技术和运营体系已相对成熟】 全国人大财经委委员、中国互联网金融协会区块链研究组组长、中国银行原行长李礼辉认为，从以前多地相对独立的“单点”试点模式逐步向多地联动的“区域网”试点模式过渡，意味着数字人民币的底层技术和运营体系已经达到中等规模可靠运行的基本需求。数字人民币在交通出行场景的密集试点，说明当前数字人民币的底层技术和运营体系已相对成熟，正在进入从早期注重体验覆盖面转向中期注重测试深入度的新阶段。（经济日报）网页链接","url":"https://m.weibo.cn/status/4679815145718621","username":"碳链价值"},{"relevant_topic_guid":"9a5e18dd4735f6e85498dc5640da8890","cnt_retweet":"0","publish_time":"20210910095332","page_action_type":"07","cnt_agree":"0","topic_guid":"9a5e18dd4735f6e85498dc5640da8890","userid":"2699543161","cnt_comment":"0","content":"【没有国内银行账户？不会用智能手机？数字人民币也可用！】 “老年人不会用数字人民币App怎么办？”“数字人民币对于商家而言有何便利”“来华境外居民没有国内银行账户如何灵活支付？”上述问题有望迎来一个新的解决方案——数字人民币。 在北京首钢园举行的中国国际服务贸易交易会上，丰台区、数研所、六大行及蚂蚁、腾讯、京东、华为、紫光国微、华大电子、恒宝股份等机构纷纷展示了数字人民币的相关产品和新应用场景。 尽管此前《金融时报》记者已多次在超市、餐饮、书店等场合体验过数字人民币支付，这次仍有不少新“惊喜”。在观展中《金融时报》记者感受到，为了适应“一老一小一外”等需求特点，数字人民币的使用场景正越来越丰富。没有国内银行账户？不会用智能手机？数字人民币也可用！","url":"https://m.weibo.cn/status/4679817124906491","username":"金融时报"},{"relevant_topic_guid":"b54c32a91c17da2dfc7e2aaafa96c11b","cnt_retweet":"0","publish_time":"20210910112216","page_action_type":"07","cnt_agree":"0","topic_guid":"b54c32a91c17da2dfc7e2aaafa96c11b","userid":"1906051633","cnt_comment":"0","content":"9月9日，由美团联合中国邮政储蓄银行、中国农业银行、中国建设银行共同发起的“用数字人民币，享低碳骑行季”试点活动正式开启报名通道。北京、上海、深圳等9个省市居民可通过报名参加活动，用数字人民币免费骑共享单车，累计的骑行次数还可以换取更多数字人民币奖励，用于支付后续的骑行费用，进而形成“低碳骑行—数字人民币激励—更多低碳骑行”的正向循环。 来源：经济日报 2021/09/10/07:39:47","url":"https://m.weibo.cn/status/4679839456694861","username":"浅层地震预报研究员余晓飞"},{"relevant_topic_guid":"02a76f018a1d60cd71fc1879a86eb0a2","cnt_retweet":"1","publish_time":"20210910113020","page_action_type":"07","cnt_agree":"1","topic_guid":"02a76f018a1d60cd71fc1879a86eb0a2","userid":"1651428902","cnt_comment":"0","content":"【深圳：拟创新彩票销售管理，开发数字人民币有关彩票购买支付及小奖兑付方式】9月10日消息，深圳市民政局日前发布《深圳市民政事业发展“十四五”规划（征求意见稿）》。 意见提出，拟创新彩票销售管理。推进中间业务平台建设并加快接入广东省统一身份认证平台，推进采用智能网络系统建设，实现定向数据存证与公证、数据统计分析、可自动追溯的深圳责任彩票联盟链。创新应用区块链技术服务彩民回馈抽奖活动，开发数字人民币有关彩票购买支付及小奖兑付方式。详见** 深圳：拟创新彩票销售管理 开发数字人民币有关彩票购买支付及小奖兑付方式","url":"https://m.weibo.cn/status/4679841486473304","username":"21世纪经济报道"},{"relevant_topic_guid":"e2d4cd1cb562d9e0217ec6811951fddd","cnt_retweet":"0","publish_time":"20210910114033","page_action_type":"07","cnt_agree":"0","topic_guid":"e2d4cd1cb562d9e0217ec6811951fddd","userid":"1649173367","cnt_comment":"0","content":"#深圳拟创新数字人民币买兑彩票#【深圳：拟创新彩票销售管理，开发数字人民币有关彩票购买支付及小奖兑付方式】深圳市民政局日前发布《深圳市民政事业发展“十四五”规划（征求意见稿）》。意见提出，拟创新彩票销售管理。推进中间业务平台建设并加快接入广东省统一身份认证平台，推进采用智能网络系统建设，实现定向数据存证与公证、数据统计分析、可自动追溯的深圳责任彩票联盟链。创新应用区块链技术服务彩民回馈抽奖活动，开发数字人民币有关彩票购买支付及小奖兑付方式。（证券时报；贝塔）","url":"https://m.weibo.cn/status/4679844056532352","username":"每日经济新闻"},{"relevant_topic_guid":"94b0e30265b1388272c3eae7ea3afcfc","cnt_retweet":"0","publish_time":"20210910111804","page_action_type":"07","cnt_agree":"0","topic_guid":"94b0e30265b1388272c3eae7ea3afcfc","userid":"2994021060","cnt_comment":"0","content":"【深圳：拟创新彩票销售管理 开发数字人民币有关彩票购买支付及小奖兑付方式】深圳市民政局日前发布《深圳市民政事业发展“十四五”规划（征求意见稿）》。意见提出，拟创新彩票销售管理。推进中间业务平台建设并加快接入广东省统一身份认证平台，推进采用智能网络系统建设，实现定向数据存证与公证、数据统计分析、可自动追溯的深圳责任彩票联盟链。创新应用区块链技术服务彩民回馈抽奖活动，开发数字人民币有关彩票购买支付及小奖兑付方式。网页链接","url":"https://m.weibo.cn/status/4679838399467718","username":"维赛特资讯"},{"relevant_topic_guid":"6de69703edfc43117edffce4750abdff","cnt_retweet":"0","publish_time":"20210910111536","page_action_type":"07","cnt_agree":"101","topic_guid":"6de69703edfc43117edffce4750abdff","userid":"6882846664","cnt_comment":"0","content":"#深圳拟开发数字人民币买兑彩票#【深圳：拟创新彩票销售管理，开发数字人民币有关彩票购买支付及小奖兑付方式】 深圳市民政局日前发布《深圳市民政事业发展“十四五”规划（征求意见稿）》。意见提出，拟创新彩票销售管理。推进中间业务平台建设并加快接入广东省统一身份认证平台，推进采用智能网络系统建设，实现定向数据存证与公证、数据统计分析、可自动追溯的深圳责任彩票联盟链。创新应用区块链技术服务彩民回馈抽奖活动，开发数字人民币有关彩票购买支付及小奖兑付方式。(证券时报)","url":"https://m.weibo.cn/status/4679837777923539","username":"财富时代"},{"relevant_topic_guid":"4922e3b68db78f204cb1c84fe03f4005","cnt_retweet":"0","publish_time":"20210910113554","page_action_type":"07","cnt_agree":"0","topic_guid":"4922e3b68db78f204cb1c84fe03f4005","userid":"1646051850","cnt_comment":"1","content":"#深圳拟开发数字人民币购买及兑付彩票#【#深圳拟创新彩票销售管理# 开发数字人民币有关彩票购买支付及小奖兑付方式】深圳市民政局日前发布《深圳市民政事业发展“十四五”规划（征求意见稿）》。意见提出，拟创新彩票销售管理。推进中间业务平台建设并加快接入广东省统一身份认证平台，推进采用智能网络系统建设，实现定向数据存证与公证、数据统计分析、可自动追溯的深圳责任彩票联盟链。创新应用区块链技术服务彩民回馈抽奖活动，开发数字人民币有关彩票购买支付及小奖兑付方式。","url":"https://m.weibo.cn/status/4679842886845562","username":"新京报贝壳财经"},{"relevant_topic_guid":"82d3cc7fd37c0eadcae01098a99b5b3e","cnt_retweet":"0","publish_time":"20210910053340","page_action_type":"07","cnt_agree":"0","topic_guid":"82d3cc7fd37c0eadcae01098a99b5b3e","userid":"1197949071","cnt_comment":"0","content":"我在看：【亲测！手把手教你怎么用数字人民币免费骑上共享单车，中奖率百分百！】 #跟新浪看热点# 亲测！手把手教你怎么用数字人民币免费骑上共享单车，中奖率百分百！","url":"https://m.weibo.cn/status/4679751727317586","username":"guoan911"},{"relevant_topic_guid":"2ea5dd48d34f3caaccbe5d21f161e7b8","cnt_retweet":"0","publish_time":"20210910062027","page_action_type":"07","cnt_agree":"0","topic_guid":"2ea5dd48d34f3caaccbe5d21f161e7b8","userid":"6456772530","cnt_comment":"0","content":"$中国银行 BACHY$ 服务“一老一小一外” 数字人民币应用场景日渐丰富，点击链接查看更多-\u003e服务“一老一小一外” 数字人民币应用场景日渐丰富","url":"https://m.weibo.cn/status/4679763500991306","username":"个股资讯"},{"relevant_topic_guid":"602daf3c6056b19edd10d7cf047268e1","cnt_retweet":"0","publish_time":"20210910063003","page_action_type":"07","cnt_agree":"0","topic_guid":"602daf3c6056b19edd10d7cf047268e1","userid":"1892327960","cnt_comment":"0","content":"#成都早新闻# 周五到啦~明天就是快乐的周末！来看看昨天又发生了什么↓↓ ①金牛区一#串串店在调料中添加吗啡等有害物质# 。成都市场监管局公布第二批典型案例。其中，金牛区一串串店自制调料含罂粟碱、吗啡、可待因、那可丁等有害物质，当事人涉嫌犯罪，该案目前已移送公安机关。 ②成都中医药大学实施的“沉香”学生资助项目，会筛选平均每日消费额低于12元且每月总消费额低于600元的同学，核实名单后，由学校悄悄发放360-600元的伙食补贴至受助同学一卡通。#伙食费补贴悄悄打入学生饭卡# ③#成都可用数字人民币免费骑单车# 。即日起至12月31日，成都市民打开美团App搜索“数字人民币”，完成报名就可以获得10元数字人民币红包，用于支付美团单车骑行费用！此次活动不设户籍限制，以手机GPS定位为准，只要报名时所处的地理位置在成都就能参与。 ④#三星堆和金沙到底有多像# ？三星堆遗址新出土一件迄今为止最大的完整金面具引发关注。而在距离三星堆遗址仅40公里的金沙遗址，也曾出土过一个造型类似的金面具。据梳理发现，两个遗址间相似的文物不止一件↓ ⑤#四川的秋天到底有多甜# 秋天是丰收的季节，四川一大波水果也成熟上市啦四川蒲江红心猕猴桃、攀枝花凯特芒果、汶川红脆李、泸县龙眼、会理软籽石榴、广汉冬枣、盐源苹果、石棉八月瓜……四川的秋天，甜到你心里！","url":"https://m.weibo.cn/status/4679765917696284","username":"爱看头条"},{"relevant_topic_guid":"9cdd8493cf07d67c3d4b1acba135f838","cnt_retweet":"0","publish_time":"20210910004048","page_action_type":"07","cnt_agree":"0","topic_guid":"9cdd8493cf07d67c3d4b1acba135f838","userid":"6456772530","cnt_comment":"0","content":"$美团－Ｗ hk03690$ 数字人民币测试“扩容”：从“单地试点”迈向“多地联动”，点击链接查看更多-\u003e数字人民币测试“扩容”：从“单地试点”迈向“多地联动”","url":"https://m.weibo.cn/status/4679678025009824","username":"个股资讯"},{"relevant_topic_guid":"a5377fe380eae4b5d4007b0d372fd5a1","cnt_retweet":"0","publish_time":"20210910003313","page_action_type":"07","cnt_agree":"0","topic_guid":"a5377fe380eae4b5d4007b0d372fd5a1","userid":"1731991807","cnt_comment":"0","content":"我在看：【亲测！手把手教你怎么用数字人民币免费骑上共享单车，中奖率百分百！】 #跟新浪看热点# 亲测！手把手教你怎么用数字人民币免费骑上共享单车，中奖率百分百！","url":"https://m.weibo.cn/status/4679676117911425","username":"快活家族Happy伟"},{"relevant_topic_guid":"69a2c156f959a3b52620c71294f45455","cnt_retweet":"0","publish_time":"20210910005051","page_action_type":"07","cnt_agree":"0","topic_guid":"69a2c156f959a3b52620c71294f45455","userid":"6456772530","cnt_comment":"0","content":"$美团－Ｗ hk03690$ 北京等地美团单车可用数字人民币付费，点击链接查看更多-\u003e北京等地美团单车可用数字人民币付费","url":"https://m.weibo.cn/status/4679680555485405","username":"个股资讯"},{"relevant_topic_guid":"361434b9aee841806f9eb18238ed1312","cnt_retweet":"0","publish_time":"20210910071945","page_action_type":"07","cnt_agree":"0","topic_guid":"361434b9aee841806f9eb18238ed1312","userid":"1767739293","cnt_comment":"0","content":"早，#每日行业新闻 8月CPI同比涨0.8% ；多部门约谈腾讯、网易；多地可用数字人民币免费骑单车；招聘不得限定男性或男性优先…","url":"https://m.weibo.cn/status/4679778424064902","username":"isavedeagal"},{"relevant_topic_guid":"15177d896350fc2f4ba5af555610db52","cnt_retweet":"0","publish_time":"20210910072528","page_action_type":"07","cnt_agree":"0","topic_guid":"15177d896350fc2f4ba5af555610db52","userid":"2032556081","cnt_comment":"0","content":"【没有国内银行账户？不会用智能手机？数字人民币也可用！】“老年人不会用数字人民币App怎么办？”“数字人民币对于商家而言有何便利”“来华境外居民没有国内银行账户如何灵活支付？”上述问题有望迎来一个新的解决方案——数字人民币。没有国内银行账户？不会用智能手机？数字人民币也可用！","url":"https://m.weibo.cn/status/4679779863496291","username":"新浪期货"},{"relevant_topic_guid":"7bbe1fddd768eb06afd556dec247159b","cnt_retweet":"0","publish_time":"20210910072528","page_action_type":"07","cnt_agree":"0","topic_guid":"7bbe1fddd768eb06afd556dec247159b","userid":"6522911909","cnt_comment":"0","content":"【没有国内银行账户？不会用智能手机？数字人民币也可用！】“老年人不会用数字人民币App怎么办？”“数字人民币对于商家而言有何便利”“来华境外居民没有国内银行账户如何灵活支付？”上述问题有望迎来一个新的解决方案——数字人民币。没有国内银行账户？不会用智能手机？数字人民币也可用！","url":"https://m.weibo.cn/status/4679779863235198","username":"新浪区块链"},{"relevant_topic_guid":"8c6312b8bfe7ff9c99ee9b035dc2e155","cnt_retweet":"1","publish_time":"20210910083414","page_action_type":"07","cnt_agree":"1","topic_guid":"8c6312b8bfe7ff9c99ee9b035dc2e155","userid":"2405635012","cnt_comment":"0","content":"区块链快讯 | 09月10日 星期五 1、美团在上海等地试点数字人民币低碳红包，可用于支付共享单车费用 2、全国首个知识产权区块链公共存证平台“浙江省知识产权区块链公共存证平台”正式上线 3、全球航运商业网络（GSBN）推出区块链国际贸易平台，蚂蚁链、阿里云、甲骨文和微软提供技术支持 4、趣链科技助力全国首批区块链数据资产质押贷款落地杭州 5、天喻信息计划在数据安全及数字人民币系列产品产业化项目投资6.1亿元 —内容源自网络— #区块链新闻# 、#数字人民币#、#元宇宙#","url":"https://m.weibo.cn/status/4679797169455925","username":"辛泓睿"},{"relevant_topic_guid":"3cb65db8ec14bf3fd3f0b452e4d6e1bf","cnt_retweet":"0","publish_time":"20210910082845","page_action_type":"07","cnt_agree":"0","topic_guid":"3cb65db8ec14bf3fd3f0b452e4d6e1bf","userid":"3353835172","cnt_comment":"0","content":"任何事情都会有一个过程，这是正常的现象，但是NFT却在暴发式的增长，不会因为一个证监会或者几个游戏“专家”的瞎搅和停止不前！曾记否？#区块链##数字人民币# 证监会无数次的搅和有用吗？ #东方财富#“元宇宙”的中场战事：巨头快跑入局 落地还需10年？ “元宇宙”的中场战事：巨头快跑入局 落地还需10年？ 来自@东方财富网","url":"https://m.weibo.cn/status/4679795789530573","username":"青岛蓝溪"},{"relevant_topic_guid":"7a4cce06773e470d5957bdcf07d27425","cnt_retweet":"0","publish_time":"20210910082942","page_action_type":"07","cnt_agree":"0","topic_guid":"7a4cce06773e470d5957bdcf07d27425","userid":"1738004582","cnt_comment":"0","content":"#燕都微阅读#【知河北 阅天下】《河北省民政事业发展“十四五”规划》出台 2025年社区养老设施配建率100%；津石高速石家庄段 两收费站主体工程完工；衡水严查不文明养犬行为 有人提绳不拴任狗撒欢；用数字人民币免费骑单车 雄安新区全国首批“尝鲜”要闻 #教师节快乐# #老师您辛苦了#","url":"https://m.weibo.cn/status/4679796028607594","username":"燕赵都市报"},{"relevant_topic_guid":"a8ef80b1d19d018ea9aba5cc8b4b3f7e","cnt_retweet":"0","publish_time":"20210910092914","page_action_type":"11","cnt_agree":"0","topic_guid":"a8ef80b1d19d018ea9aba5cc8b4b3f7e","userid":"2685099583","cnt_comment":"0","content":"【鼓励低碳出行 成都市民今起报名可领数字人民币红包用于单车骑行】 RT:@成都青白江 【鼓励低碳出行 成都市民今起报名可领数字人民币红包用于单车骑行】#成都市民数字人民币使用又有新场景#啦！9月9日，记者获悉，为了增加成都地区数字人民币的使用频率，拓展应用人群，即日起至12月31日，成都市民打开美团App搜索“数字人民币”，完成报名即可领取数字人民币红包，用于APP内单车骑行费 ...全文","url":"https://m.weibo.cn/status/4679811010136411","username":"青白江民政"},{"relevant_topic_guid":"602daf3c6056b19edd10d7cf047268e1","publish_time":"20210910063500","page_action_type":"08","cnt_agree":"1","topic_guid":"bfa2317ebc5f75126f52b49ae1dbd484","userid":"1757326427","content":"周五早上好啊艾小妹儿 [兔子] [暖一下] [兔子]","url":"https://m.weibo.cn/status/4679765917696284/###4679767280845665","username":"臭屁花妞妞"}]