[{"relevant_topic_guid":"fd6d8c719ddf3bdcdae9fa40825e08cb","cnt_retweet":"0","publish_time":"20201017152538","page_action_type":"08","cnt_agree":"6","topic_guid":"fd8c5f07c0239377b383f89422648d70","userid":"goufugui2","cnt_comment":"0","content":"@bbcchinese 坏处：1、建立每分每秒监控公民每个动作的监视帝国2、剥夺人民拥有纸币的权利。3、饭票粮票升级版。方便政府掠夺人民资产。4、侵犯人权。好处：社会主义的东西怎么能叫好呢都是从评论区抄的。美国台湾的基础教育真的有点反智。。。","url":"https://twitter.com/goufugui2/status/1317366141665169408","username":"狗富贵**"},{"relevant_topic_guid":"624131be40236474c4d6e61e3a7dd261","cnt_retweet":"0","publish_time":"20201016204653","page_action_type":"08","cnt_agree":"0","topic_guid":"295ebe5eeccfb52da56b93b85aa06b36","userid":"moniesoke","cnt_comment":"0","content":"@ghhMKOxIdHKgWN8 @DSon1313 @1925GY 而且就别拿深圳说事了好吧。深圳不能代表中国。","url":"https://twitter.com/moniesoke/status/1317084598917058560","username":"莫世杰"},{"relevant_topic_guid":"9b1f5aba642eb3964ae76becdbe9088b","cnt_retweet":"0","publish_time":"20210226094521","page_action_type":"08","cnt_agree":"0","topic_guid":"02be26ec6c76805425e02dea4b69fdc4","userid":"DN8Dy2j0hEkgdQX","cnt_comment":"0","content":"@RFA_Chinese 一delete server什麼都沒有了，割韭菜神器。","url":"https://twitter.com/DN8Dy2j0hEkgdQX/status/1365115705297788928","username":"鬼面蕉人"},{"relevant_topic_guid":"5426754a75cb94381654e39d0e017ac0","cnt_retweet":"0","publish_time":"20201028170806","page_action_type":"08","cnt_agree":"1","topic_guid":"bd58bd38357a448cdbecfcb8987a6357","userid":"AFairyStory","cnt_comment":"0","content":"@RFA_Chinese 中心化的數字貨幣，必然可以造假","url":"https://twitter.com/AFairyStory/status/1321378197447929856","username":"*舞漢費鹽"},{"relevant_topic_guid":"5426754a75cb94381654e39d0e017ac0","cnt_retweet":"0","publish_time":"20201028170823","page_action_type":"08","cnt_agree":"1","topic_guid":"814304f021b62bdcbe64b6d3f3e3f744","userid":"MiniFunKevin","cnt_comment":"0","content":"@RFA_Chinese 确定是真实消息？你RFA越来越水了","url":"https://twitter.com/MiniFunKevin/status/1321378268738510850","username":"Kevin Dare*"},{"relevant_topic_guid":"5426754a75cb94381654e39d0e017ac0","cnt_retweet":"0","publish_time":"20201028171200","page_action_type":"08","cnt_agree":"0","topic_guid":"bcdaebc3e824a3e11a81213176aa1981","userid":"MscAmir1","cnt_comment":"0","content":"@RFA_Chinese 是安全而且慢慢来全世界会使用中国数字货币差不多各国的最大的进口伙伴是中国。美金的时代快会结束。","url":"https://twitter.com/MscAmir1/status/1321379176365121538","username":"Comrade, صديق الصين , 中国盟友"},{"relevant_topic_guid":"5426754a75cb94381654e39d0e017ac0","cnt_retweet":"0","publish_time":"20201028190231","page_action_type":"08","cnt_agree":"0","topic_guid":"3961801d442c8863f00e7fbf5d6b183e","userid":"chenxiaoau","cnt_comment":"0","content":"@RFA_Chinese 什么狗屁新闻?标题党","url":"https://twitter.com/chenxiaoau/status/1321406988224401410","username":"陈潇"},{"relevant_topic_guid":"5426754a75cb94381654e39d0e017ac0","cnt_retweet":"0","publish_time":"20201028191735","page_action_type":"08","cnt_agree":"0","topic_guid":"dc1c9cd15ad8ca88433aa3ee9fd0dd77","userid":"shiyoutang","cnt_comment":"0","content":"@RFA_Chinese 防伪度高？还是 仿伪度高？打错字了？","url":"https://twitter.com/shiyoutang/status/1321410780965838848","username":"吸吸屁"},{"relevant_topic_guid":"5426754a75cb94381654e39d0e017ac0","cnt_retweet":"0","publish_time":"20201028172005","page_action_type":"08","cnt_agree":"0","topic_guid":"553c6a603c0fc8df0e40d399a89fc3a9","userid":"v3j001","cnt_comment":"0","content":"@RFA_Chinese 搜了一下，这个消息居然是真的，看来我们大部分人真的还没见过，就要先见见假的了*","url":"https://twitter.com/v3j001/status/1321381211474808833","username":"骟颠科递刀手"},{"relevant_topic_guid":"5426754a75cb94381654e39d0e017ac0","cnt_retweet":"0","publish_time":"20201028172028","page_action_type":"08","cnt_agree":"8","topic_guid":"cd481491d93f5de1bca82fdcfb0a0357","userid":"SmileRichard01","cnt_comment":"0","content":"@RFA_Chinese 若干年前鄙人曾刻苦学过PS，但一直学无所用。今天看了这条消息，我忽然明白了一个道理，没有白流的汗水，有付出就会有回报。**","url":"https://twitter.com/SmileRichard01/status/1321381308627521536","username":"Richard"},{"relevant_topic_guid":"5426754a75cb94381654e39d0e017ac0","cnt_retweet":"0","publish_time":"20201028171704","page_action_type":"08","cnt_agree":"0","topic_guid":"c16cf4586568e3a75a1e58d89271361f","userid":"LWX6","cnt_comment":"0","content":"@RFA_Chinese 来源一目了然，哪个傻卵做出来的假币*","url":"https://twitter.com/LWX6/status/1321380452305760256","username":"樽*️"},{"relevant_topic_guid":"291141ce3268e8a836f060b1ce8ebc73","cnt_retweet":"0","publish_time":"20201026122159","page_action_type":"08","cnt_agree":"0","topic_guid":"534ce93c6febf8c7f730e44dfc0adcbd","userid":"20190125huang","cnt_comment":"0","content":"@SusanHa70016730 厉害国，真厉害，这种事，没有几个银行内鬼，是做不出来的","url":"https://twitter.com/20190125huang/status/1320581417852547072","username":"K"},{"relevant_topic_guid":"5426754a75cb94381654e39d0e017ac0","cnt_retweet":"0","publish_time":"20201028184344","page_action_type":"08","cnt_agree":"0","topic_guid":"38472f9d49c1e9436ea9fb199985afc4","userid":"jackson86616151","cnt_comment":"0","content":"@RFA_Chinese 哈哈","url":"https://twitter.com/jackson86616151/status/1321402263785492482","username":"jackson thomas"},{"relevant_topic_guid":"fd6d8c719ddf3bdcdae9fa40825e08cb","cnt_retweet":"0","publish_time":"20201017140837","page_action_type":"08","cnt_agree":"2","topic_guid":"0442931f7cd4271ab056d98a722b4034","userid":"chen44323479","cnt_comment":"0","content":"@bbcchinese 数字货币基于区块链技术，每一分钱都有其独特识别号。以后洗钱、非法所得、贿赂这些的都不要想了，每一分钱怎么来的去了哪里都明明白白的。","url":"https://twitter.com/chen44323479/status/1317346759115300865","username":"chen"},{"relevant_topic_guid":"727fdb813406e83fb25d57171c2f5d2f","cnt_retweet":"0","publish_time":"20201018110553","page_action_type":"08","cnt_agree":"0","topic_guid":"cbd5c578f59fe57d858acaae89d84c7a","userid":"j_z_1234","cnt_comment":"0","content":"@cherylnatsu 这句好像侮辱国家领导层","url":"https://twitter.com/j_z_1234/status/1317663160560717824","username":"j_z_1234"},{"relevant_topic_guid":"727fdb813406e83fb25d57171c2f5d2f","cnt_retweet":"0","publish_time":"20201016220458","page_action_type":"08","cnt_agree":"0","topic_guid":"10b87d38aee574bb6d504fe39524b20a","userid":"kenyi_us","cnt_comment":"0","content":"@cherylnatsu 嫖娼怎么办","url":"https://twitter.com/kenyi_us/status/1317104249038237697","username":"kEN"},{"relevant_topic_guid":"fd6d8c719ddf3bdcdae9fa40825e08cb","cnt_retweet":"0","publish_time":"20201017141535","page_action_type":"08","cnt_agree":"2","topic_guid":"4689347de0d3959527e02186a8efd125","userid":"QXE7xzIdeImVc9P","cnt_comment":"0","content":"@bbcchinese 事实是各国都在搞数字货币，隐忧还不一样了？","url":"https://twitter.com/QXE7xzIdeImVc9P/status/1317348512044961792","username":"侦查取证"},{"relevant_topic_guid":"fd6d8c719ddf3bdcdae9fa40825e08cb","cnt_retweet":"0","publish_time":"20201017141241","page_action_type":"08","cnt_agree":"1","topic_guid":"9aeb006d27e044dd43bf3e35e3507a28","userid":"freedom94426383","cnt_comment":"0","content":"@bbcchinese 以后更方便控制每一个人了，饭票粮票的升级版，坚决反对数字货币！","url":"https://twitter.com/freedom94426383/status/1317347785188913153","username":"People"},{"relevant_topic_guid":"010b6a4d04dcdad5c738be9b79cd9378","cnt_retweet":"0","publish_time":"20201120114408","page_action_type":"08","cnt_agree":"0","topic_guid":"bf6360f5364d4393093be3b79b3942a4","userid":"kayandtt","cnt_comment":"0","content":"@ITwiThere4IAm 最後一句是關鍵","url":"https://twitter.com/kayandtt/status/1329631587911098372","username":"簌簌流沙涓"},{"relevant_topic_guid":"fd6d8c719ddf3bdcdae9fa40825e08cb","cnt_retweet":"0","publish_time":"20201017142725","page_action_type":"08","cnt_agree":"3","topic_guid":"dd4c4d1eb8ad8e4af9570378377ac676","userid":"D_F_JOO","cnt_comment":"0","content":"@bbcchinese 来谈谈信用卡盗刷问题呗中国的事重点在隐忧美国虽然害死人但重点是不用负责啊","url":"https://twitter.com/D_F_JOO/status/1317351492865544192","username":"Joyce Oliver"},{"relevant_topic_guid":"fd6d8c719ddf3bdcdae9fa40825e08cb","cnt_retweet":"0","publish_time":"20201017141148","page_action_type":"08","cnt_agree":"1","topic_guid":"2b355d142c14537c77ca9a101599fb0e","userid":"YAMA198107","cnt_comment":"0","content":"@bbcchinese 中共国就是要老百姓高度依赖手机，这样就可以利用手机监控到每个个人的日常行为。","url":"https://twitter.com/YAMA198107/status/1317347563301863424","username":"YAMA"},{"relevant_topic_guid":"fd6d8c719ddf3bdcdae9fa40825e08cb","cnt_retweet":"0","publish_time":"20201017143334","page_action_type":"08","cnt_agree":"8","topic_guid":"c89ddaafa2cd9e2fa506811b6441605b","userid":"shenqin13","cnt_comment":"0","content":"@bbcchinese 最大的隐患就是，你英国想用没的用。","url":"https://twitter.com/shenqin13/status/1317353039900991488","username":"沈怡卿****"},{"relevant_topic_guid":"fd6d8c719ddf3bdcdae9fa40825e08cb","cnt_retweet":"0","publish_time":"20201017145346","page_action_type":"08","cnt_agree":"2","topic_guid":"0bf5e9341ebfd4f78b265c7ec185d0e7","userid":"ILoveCNPanda","cnt_comment":"0","content":"@bbcchinese bbc舔共，看看你国家的狗儿子港独港甴都骂你了","url":"https://twitter.com/ILoveCNPanda/status/1317358123934384128","username":"民主大國是大熊貓************台湾傻事推特分支部"},{"relevant_topic_guid":"0aea28d5f7b42c79bfceb69ed9f5c917","cnt_retweet":"0","publish_time":"20201029192830","page_action_type":"08","cnt_agree":"0","topic_guid":"7cef56127515425f82037ed9c7abe6e9","userid":"ZeDongMao_1893","cnt_comment":"0","content":"@RFA_Chinese 真是愚的一手好民啊","url":"https://twitter.com/ZeDongMao_1893/status/1321775916721135617","username":"毛泽东Mao ZeDong"},{"relevant_topic_guid":"0aea28d5f7b42c79bfceb69ed9f5c917","cnt_retweet":"0","publish_time":"20201029194850","page_action_type":"08","cnt_agree":"0","topic_guid":"066f664ce1d32169680e10a480bb45a7","userid":"65unifromfuck","cnt_comment":"0","content":"@RFA_Chinese 加拿大先去谴责教宗吧！","url":"https://twitter.com/65unifromfuck/status/1321781031385493509","username":"wuhan cov"},{"relevant_topic_guid":"56098c6b723afe1b0bdfdfa94567eb44","cnt_retweet":"0","publish_time":"20201028171016","page_action_type":"08","cnt_agree":"0","topic_guid":"d11da2f648343c64eb527fce281332e5","userid":"XiaoFeiZhe1","cnt_comment":"0","content":"@QIAOLONG @changchengwai 我对此新闻持怀疑态度：1、央行钱包不至于很容易伪造，否则，网络数字安全根本就是子虚乌有的事。2、非央行钱包，无法对接收付。真钱包收不了假货币，假钱包收不了真货币。这种技术，应该不会那么简单可以突破。3、以上2条，如果都是否定的，只能说央行数字技术，还不够格。","url":"https://twitter.com/XiaoFeiZhe1/status/1321378742510342145","username":"REN"},{"relevant_topic_guid":"4f3f3a357d510f31f306baf1847100d9","cnt_retweet":"0","publish_time":"20201029153603","page_action_type":"08","cnt_agree":"0","topic_guid":"7a8d69392de03301eb26da04535c45dc","userid":"daydayup_yang","cnt_comment":"0","content":"@Michael49534191 @zhanglifan 你作为非专业人士，没有信心也可以理解吧","url":"https://twitter.com/daydayup_yang/status/1321717418465644544","username":"jonathan liu"},{"relevant_topic_guid":"56098c6b723afe1b0bdfdfa94567eb44","cnt_retweet":"0","publish_time":"20201028171231","page_action_type":"08","cnt_agree":"0","topic_guid":"831495d2df7721a2463a399caae624d9","userid":"XiaoFeiZhe1","cnt_comment":"0","content":"@QIAOLONG @changchengwai 无论是央行钱包或是数字货币，如此容易伪造，显然是央行数字技术达不到要求。","url":"https://twitter.com/XiaoFeiZhe1/status/1321379306359021568","username":"REN"},{"relevant_topic_guid":"8bc111595242e78a64fac8537389cbb0","cnt_retweet":"0","publish_time":"20201028213639","page_action_type":"08","cnt_agree":"1","topic_guid":"3b50ed0a32c9f6ecd44d567de7fafc90","userid":"_242883715539","cnt_comment":"0","content":"@williamlong 金圆券还有假冒的","url":"https://twitter.com/_242883715539/status/1321445777281970178","username":"Meme"},{"relevant_topic_guid":"8bc111595242e78a64fac8537389cbb0","cnt_retweet":"0","publish_time":"20201028175253","page_action_type":"08","cnt_agree":"20","topic_guid":"bc7cd6347c314e93fa372b4e0142e6b1","userid":"g_w_1","cnt_comment":"0","content":"@williamlong 第一次盗版比正版出的快。*","url":"https://twitter.com/g_w_1/status/1321389465781346304","username":"Gr@y W"},{"relevant_topic_guid":"8bc111595242e78a64fac8537389cbb0","cnt_retweet":"0","publish_time":"20201028191642","page_action_type":"08","cnt_agree":"0","topic_guid":"54f7a5ec9fa306bd359722af2e56f535","userid":"shawgeeen","cnt_comment":"0","content":"@williamlong 我就想知道假冒的转得进钱包吗？","url":"https://twitter.com/shawgeeen/status/1321410560005529600","username":"shawgeen"},{"relevant_topic_guid":"56098c6b723afe1b0bdfdfa94567eb44","cnt_retweet":"0","publish_time":"20201028172259","page_action_type":"08","cnt_agree":"0","topic_guid":"f1d908a09585b91f785f5e69f38138fe","userid":"XiaoFeiZhe1","cnt_comment":"0","content":"@QIAOLONG @changchengwai 我认为，技术上，真正的数字货币伪造，理应比纸币伪造更难。除了设备要求更难以外，人为判断纸币的真伪，也比数字技术判断真伪更容易出错。至于为什么出现这种虚假数字货币，实在是难以理解。","url":"https://twitter.com/XiaoFeiZhe1/status/1321381940591616001","username":"REN"},{"relevant_topic_guid":"8bc111595242e78a64fac8537389cbb0","cnt_retweet":"0","publish_time":"20201029130056","page_action_type":"08","cnt_agree":"0","topic_guid":"62c8cf76e6012e06d2f5cabcf63e4299","userid":"huahuayu","cnt_comment":"0","content":"@williamlong 一查一个准，牢底坐穿","url":"https://twitter.com/huahuayu/status/1321678379897163777","username":"Shiming"},{"relevant_topic_guid":"8bc111595242e78a64fac8537389cbb0","cnt_retweet":"0","publish_time":"20201028215651","page_action_type":"08","cnt_agree":"1","topic_guid":"142283ba8770436a7fc400adde85794a","userid":"hjhhunjn","cnt_comment":"0","content":"@williamlong 去年的时候就出来利用以太坊的假币了","url":"https://twitter.com/hjhhunjn/status/1321450860602380288","username":"Zzz"},{"relevant_topic_guid":"8bc111595242e78a64fac8537389cbb0","cnt_retweet":"0","publish_time":"20201029055832","page_action_type":"08","cnt_agree":"0","topic_guid":"7cff635dc458c303de0587aad6a162e3","userid":"Giannilee66","cnt_comment":"0","content":"@williamlong 看样子距发布不远了，开始造势了","url":"https://twitter.com/Giannilee66/status/1321572079787913216","username":"Gianni lee"},{"relevant_topic_guid":"8bc111595242e78a64fac8537389cbb0","cnt_retweet":"0","publish_time":"20201029060915","page_action_type":"08","cnt_agree":"0","topic_guid":"e34cad4894032dc56818ef15d9a93c7e","userid":"OXSCOFFICE","cnt_comment":"0","content":"@williamlong 这个是短时效应，初期小白容易误入，后期就不会有问题。你听说有人冒充支付宝了吗？","url":"https://twitter.com/OXSCOFFICE/status/1321574777128189952","username":"Jack"},{"relevant_topic_guid":"fd6d8c719ddf3bdcdae9fa40825e08cb","cnt_retweet":"0","publish_time":"20201017142738","page_action_type":"08","cnt_agree":"5","topic_guid":"285eb0f388dddd8bd42f989549fd5040","userid":"MoeWai47176833","cnt_comment":"0","content":"@bbcchinese 好处多了去  建议英国也加盟大中国梦 就可以用数字货币了 *","url":"https://twitter.com/MoeWai47176833/status/1317351545172717568","username":"Moe Wai"},{"relevant_topic_guid":"fd6d8c719ddf3bdcdae9fa40825e08cb","cnt_retweet":"0","publish_time":"20201017145943","page_action_type":"08","cnt_agree":"4","topic_guid":"7c10fd092e67768be270d7e42e8bd4c5","userid":"owen123owen1","cnt_comment":"0","content":"@bbcchinese 好處是割韮菜方便，監控人民更深入","url":"https://twitter.com/owen123owen1/status/1317359622089445377","username":"fccp_123_gogolo"},{"relevant_topic_guid":"e4e89bfb7154db92fd9c17e51e011edd","cnt_retweet":"0","publish_time":"20201017101744","page_action_type":"08","cnt_agree":"1","topic_guid":"3736420934ba29c25ece9138725db8ec","userid":"Zb2316","cnt_comment":"0","content":"@lh9983 左手限制自由兑换 右手想蚕食美元霸权国际化 左右搏击 神功盖世","url":"https://twitter.com/Zb2316/status/1317288655069745153","username":"Zb23"},{"relevant_topic_guid":"fd6d8c719ddf3bdcdae9fa40825e08cb","cnt_retweet":"0","publish_time":"20201017140701","page_action_type":"08","cnt_agree":"4","topic_guid":"32aa7d879ff513f37b905618ee85f567","userid":"xiaohui9528","cnt_comment":"0","content":"@bbcchinese 被摘了大脑的人又要吐槽，中国连人民拥有纸币的人权都没有……独裁……哈哈哈","url":"https://twitter.com/xiaohui9528/status/1317346356009213952","username":"我不同意你的观点但是我誓死捍卫你说话及屏蔽拉黑我的权利"},{"relevant_topic_guid":"e4e89bfb7154db92fd9c17e51e011edd","cnt_retweet":"0","publish_time":"20201017162047","page_action_type":"08","cnt_agree":"1","topic_guid":"360c1bf27fd2a2e183f34aa16feb860a","userid":"cnsinga","cnt_comment":"0","content":"@lh9983 @lihlii64 中心化数字币不怕黑客吗？","url":"https://twitter.com/cnsinga/status/1317380023251161088","username":"cnsinga游子"},{"relevant_topic_guid":"fd6d8c719ddf3bdcdae9fa40825e08cb","cnt_retweet":"0","publish_time":"20201017141031","page_action_type":"08","cnt_agree":"7","topic_guid":"e6b87326a0b849fd218b092d4610fba8","userid":"Woods07898467","cnt_comment":"0","content":"@bbcchinese 瞧把洋大人酸的","url":"https://twitter.com/Woods07898467/status/1317347238461407232","username":"Woods ***️"},{"relevant_topic_guid":"fd6d8c719ddf3bdcdae9fa40825e08cb","cnt_retweet":"0","publish_time":"20201017140830","page_action_type":"08","cnt_agree":"0","topic_guid":"be955aa767486412a19a24974ebd2908","userid":"NicolaChan_01","cnt_comment":"0","content":"@bbcchinese 赶紧去银行取钱，换美金。抓紧","url":"https://twitter.com/NicolaChan_01/status/1317346733014147073","username":"Nicola Chan"},{"relevant_topic_guid":"fd6d8c719ddf3bdcdae9fa40825e08cb","cnt_retweet":"0","publish_time":"20201017140754","page_action_type":"08","cnt_agree":"2","topic_guid":"1ae8361c89923f802fc13e5bf3b34c70","userid":"KominternAc_m","cnt_comment":"0","content":"@bbcchinese 在英國更重要的是好處，在中國更重要的是「隱憂」","url":"https://twitter.com/KominternAc_m/status/1317346581260238848","username":"☭ Коминтерн.Ач.****"},{"relevant_topic_guid":"e4e89bfb7154db92fd9c17e51e011edd","cnt_retweet":"0","publish_time":"20201017223150","page_action_type":"08","cnt_agree":"2","topic_guid":"bdbc88c5c54c6c76f35c648201d9b0b2","userid":"nanasean1","cnt_comment":"0","content":"@lh9983 细雨润无声","url":"https://twitter.com/nanasean1/status/1317473400210640896","username":"Jessie.N.X"},{"relevant_topic_guid":"e4e89bfb7154db92fd9c17e51e011edd","cnt_retweet":"0","publish_time":"20201017101028","page_action_type":"08","cnt_agree":"7","topic_guid":"259760d68d18d31dc333a784462c97c5","userid":"jichiduo","cnt_comment":"0","content":"@lh9983 现在我朝应该做的事情就像支付宝刚开始做各个银行的接口一样，一个国家一个国家去谈，去对接，让整套系统转起来。你自己不开放人民币在国际范围的流通，谈何取代美元?","url":"https://twitter.com/jichiduo/status/1317286829599711233","username":"曾老师"},{"relevant_topic_guid":"dcf32f18f55ea8aed1298f39141e01fd","cnt_retweet":"0","publish_time":"20201024151901","page_action_type":"08","cnt_agree":"0","topic_guid":"6d28c5751ec7b5dac2f17f32df729d78","userid":"OrzSusie","cnt_comment":"0","content":"@caijingxiang 农村都是些老头老太太留守儿童，这估计没啥用","url":"https://twitter.com/OrzSusie/status/1319901192693174273","username":"Ｓｕｓｉｅ"},{"relevant_topic_guid":"224c6061c5488379a4e5c9318918046a","cnt_retweet":"0","publish_time":"20201022105215","page_action_type":"08","cnt_agree":"0","topic_guid":"dcd5dd46f88fe04b43750237cac243c0","userid":"4kH8ctoZqkOjX7K","cnt_comment":"0","content":"@SoundOfHope_SOH 割韭菜的工具","url":"https://twitter.com/4kH8ctoZqkOjX7K/status/1319109281023553536","username":"竹叶青"},{"relevant_topic_guid":"dcf32f18f55ea8aed1298f39141e01fd","cnt_retweet":"0","publish_time":"20201024141918","page_action_type":"08","cnt_agree":"0","topic_guid":"6e2f166bfafe137ce6864cdd217a60df","userid":"oldcat1970","cnt_comment":"0","content":"@caijingxiang 数字货币挺好的，你们为何老是说骗啊","url":"https://twitter.com/oldcat1970/status/1319886165676298240","username":"q2"},{"relevant_topic_guid":"dcf32f18f55ea8aed1298f39141e01fd","cnt_retweet":"0","publish_time":"20201024201320","page_action_type":"08","cnt_agree":"0","topic_guid":"071aa62d3dc2f0e1e13be62d2c5f5c45","userid":"R6BrRnzfIJZVMHt","cnt_comment":"0","content":"@caijingxiang ！","url":"https://twitter.com/R6BrRnzfIJZVMHt/status/1319975261039783936","username":"黃銓"},{"relevant_topic_guid":"dcf32f18f55ea8aed1298f39141e01fd","cnt_retweet":"0","publish_time":"20201024184702","page_action_type":"08","cnt_agree":"0","topic_guid":"36919b8f3c51168e3150bc61982d7c69","userid":"FPSXbvbLNGyPhyP","cnt_comment":"0","content":"@caijingxiang 一针见血*","url":"https://twitter.com/FPSXbvbLNGyPhyP/status/1319953542115803137","username":"Meidong Momoko"},{"relevant_topic_guid":"8497305c51c9348b42101218a9c26166","cnt_retweet":"0","publish_time":"20201026065832","page_action_type":"08","cnt_agree":"1","topic_guid":"ca953424227663df751b67dc4ca5dd78","userid":"wxmdtt","cnt_comment":"0","content":"@caijingxiang 那我向银行借数字币是不是也不用还利息！！！","url":"https://twitter.com/wxmdtt/status/1320500016629252097","username":"王小米"},{"relevant_topic_guid":"dcf32f18f55ea8aed1298f39141e01fd","cnt_retweet":"0","publish_time":"20201025145056","page_action_type":"08","cnt_agree":"0","topic_guid":"0e0d1cd2a805c8dda726aff5ce2a258b","userid":"alsjmm1017","cnt_comment":"0","content":"@caijingxiang 中国农民太可怜了****","url":"https://twitter.com/alsjmm1017/status/1320256512376225792","username":"fifty_shades_of_grey"},{"relevant_topic_guid":"8497305c51c9348b42101218a9c26166","cnt_retweet":"0","publish_time":"20201026094152","page_action_type":"08","cnt_agree":"0","topic_guid":"91cdb60239667d2d412ef60874dc0447","userid":"lamjoshfong","cnt_comment":"0","content":"@caijingxiang 免费的东西是最贵的，这个坑挖得比老毛的粮票还大","url":"https://twitter.com/lamjoshfong/status/1320541120388943872","username":"joshuafong"},{"relevant_topic_guid":"dcf32f18f55ea8aed1298f39141e01fd","cnt_retweet":"0","publish_time":"20201024141553","page_action_type":"08","cnt_agree":"0","topic_guid":"4b1a523b6f6130a9629c713db64a0abc","userid":"l03060823","cnt_comment":"0","content":"@caijingxiang 那是你没看到广场舞大妈为了领一包纸或买点大促销的鸡零狗碎而大排长龙甚至大打出手。","url":"https://twitter.com/l03060823/status/1319885303952199680","username":"大年三十除夕夜"},{"relevant_topic_guid":"8497305c51c9348b42101218a9c26166","cnt_retweet":"0","publish_time":"20201025232000","page_action_type":"08","cnt_agree":"0","topic_guid":"bbc0762452e01d4d48f0a670f6430b6d","userid":"SeeGTV","cnt_comment":"0","content":"@caijingxiang 这数字货币好像据说美国梅奴亲提供的，中共也许配套不来，不会用。所以发现不伦不类。","url":"https://twitter.com/SeeGTV/status/1320384625470885888","username":"郭文贵!加油!（新中国联邦）"},{"relevant_topic_guid":"0aea28d5f7b42c79bfceb69ed9f5c917","cnt_retweet":"0","publish_time":"20201030020406","page_action_type":"08","cnt_agree":"2","topic_guid":"094a69ade3afeac443a83500aaf2929e","userid":"milpitas95035","cnt_comment":"0","content":"@RFA_Chinese 快评：克鲁兹怒斥推特等成言论自由最大威胁、拜登邮件门文件不翼而飞、骚扰威胁美国居民要受法律严惩（10/29） https://t.co/CzkdqviqHp 推特老板JACK说可能是黑客得到的信息所以屏蔽了纽约邮报有关拜登的信息。克鲁兹质问他，谁给了你审查信息的权力？你和FB、GOOGLE三家社媒已成为言论自由最大威胁！","url":"https://twitter.com/milpitas95035/status/1321875470502252546","username":"郭宝胜 Baosheng Guo"},{"relevant_topic_guid":"ef28202b0ad7bd4548b5f5b3cc355447","cnt_retweet":"0","publish_time":"20210205135542","page_action_type":"08","cnt_agree":"0","topic_guid":"de023e111ac5b32eb0ebd26527ebfafc","userid":"guangfuxinxing","cnt_comment":"0","content":"@caijingxiang 如此看来人民币将来不会大幅度变化，长期看好缓慢升值。","url":"https://twitter.com/guangfuxinxing/status/1357568563930750976","username":"水木年華"},{"relevant_topic_guid":"ef28202b0ad7bd4548b5f5b3cc355447","cnt_retweet":"0","publish_time":"20210205141416","page_action_type":"08","cnt_agree":"1","topic_guid":"a87ac739c007fbd272fd11f67f16416b","userid":"pgjtch","cnt_comment":"0","content":"@caijingxiang 換美元的要哭暈了","url":"https://twitter.com/pgjtch/status/1357573237551419394","username":"招財進寶"},{"relevant_topic_guid":"291141ce3268e8a836f060b1ce8ebc73","cnt_retweet":"0","publish_time":"20201026111630","page_action_type":"08","cnt_agree":"1","topic_guid":"4ccbb9eb6a4d2e07dfb9845c611d9d3e","userid":"James72291083","cnt_comment":"0","content":"@SusanHa70016730 中国银行系统本来就很脆弱，用千疮百孔的银行系统去搞这种没有有效防范机制的东西，最后估计会消耗很多人力物力财力，还弄的一团糟。属于搬起石头砸自己的脚。","url":"https://twitter.com/James72291083/status/1320564937228537857","username":"James杨地"},{"relevant_topic_guid":"797c5372a8cc39d125ad7123de6994fd","cnt_retweet":"0","publish_time":"20201026123604","page_action_type":"08","cnt_agree":"0","topic_guid":"3801756ca9d92d26917109f6dbbbb205","userid":"Ginroast","cnt_comment":"0","content":"@ifanr 坚决抵制国产棋魂","url":"https://twitter.com/Ginroast/status/1320584958365188096","username":"銀の日誌"},{"relevant_topic_guid":"cb6ed220beaa615d1496becaab3d0f7a","cnt_retweet":"0","publish_time":"20210508142427","page_action_type":"08","cnt_agree":"1","topic_guid":"5d5f94664bbe3d5012b0d72979e78446","userid":"BigYellowCat1","cnt_comment":"0","content":"@dahongfei So can you send me some to my metamask? Or how does this work?","url":"https://twitter.com/BigYellowCat1/status/1390915481591234563","username":"₿ig Yellow Cat"},{"relevant_topic_guid":"16a0eaeffb70ff8304e915411b701b67","cnt_retweet":"0","publish_time":"20210505051919","page_action_type":"08","cnt_agree":"2","topic_guid":"fdc51ff691ef22b0287620206f064175","userid":"cryptoken_board","cnt_comment":"0","content":"@jamieCrypto @BTCTN This is a massive tweet.JR breaking new grounds always","url":"https://twitter.com/cryptoken_board/status/1389691129742856192","username":"cryptoken board ™"},{"relevant_topic_guid":"cb6ed220beaa615d1496becaab3d0f7a","cnt_retweet":"0","publish_time":"20210509065740","page_action_type":"08","cnt_agree":"0","topic_guid":"eca9da0305a9e5c4510d725d494387d4","userid":"Sidallan1","cnt_comment":"0","content":"@dahongfei There are many green, could be collaborating with @Neo_Blockchain. *","url":"https://twitter.com/Sidallan1/status/1391165433760387081","username":"Sidallan⚡️"},{"relevant_topic_guid":"cb6ed220beaa615d1496becaab3d0f7a","cnt_retweet":"0","publish_time":"20210508145552","page_action_type":"08","cnt_agree":"0","topic_guid":"542ef4443bb4ce4514d4605d418c2817","userid":"violentgamer93","cnt_comment":"0","content":"@dahongfei Spoken like a true statist.","url":"https://twitter.com/violentgamer93/status/1390923389364224003","username":"Alison BNB Hodler"},{"relevant_topic_guid":"cb6ed220beaa615d1496becaab3d0f7a","cnt_retweet":"0","publish_time":"20210508172450","page_action_type":"08","cnt_agree":"3","topic_guid":"11cfce5f333f004e8a5577f43d8a4f23","userid":"NewKidNo","cnt_comment":"0","content":"@dahongfei Testing something with $NEO #N3? *","url":"https://twitter.com/NewKidNo/status/1390960877222957061","username":"New Kid On The Blockchain"},{"relevant_topic_guid":"16a0eaeffb70ff8304e915411b701b67","cnt_retweet":"0","publish_time":"20210505060145","page_action_type":"08","cnt_agree":"0","topic_guid":"9346d27d401547c7bfcb4436ebaeb7af","userid":"cryptoken_board","cnt_comment":"0","content":"@jamieCrypto @BTCTN Not to mention, I like to break ground tooconnect the dots: \u0027Tesla Wins #Tencent Backing as China Tech Giant Buys 5% Stake\u0027 so that is now 50 billionless than $doge coin LOL","url":"https://twitter.com/cryptoken_board/status/1389701807807545348","username":"cryptoken board ™"},{"relevant_topic_guid":"cb6ed220beaa615d1496becaab3d0f7a","cnt_retweet":"0","publish_time":"20210508160619","page_action_type":"08","cnt_agree":"0","topic_guid":"da926c71954bcc8ffa6389647e2eb8f0","userid":"victorJi15","cnt_comment":"0","content":"@dahongfei wenMoon？","url":"https://twitter.com/victorJi15/status/1390941115994591233","username":"Victor Ji ₑₓₚₑcₜ cₕₐₒₛ"},{"relevant_topic_guid":"cb6ed220beaa615d1496becaab3d0f7a","cnt_retweet":"0","publish_time":"20210508162616","page_action_type":"08","cnt_agree":"0","topic_guid":"25830d0cb20ed8bd63c420a63c04fe33","userid":"AnAn0n","cnt_comment":"0","content":"@dahongfei Does the eye icon next to the amount represent the surveillance state?","url":"https://twitter.com/AnAn0n/status/1390946138375794688","username":"AnAnon"},{"relevant_topic_guid":"09a59e6822ddbe0dac25ccc08a7b8dc0","cnt_retweet":"0","publish_time":"20210430071343","page_action_type":"08","cnt_agree":"0","topic_guid":"f44d83286c4892448468a22f480c315a","userid":"LIKEqiangCHN","cnt_comment":"0","content":"@LionCity_Sgp @SpokespersonCHN 凉拌！电动车回收赚大钱，买房35岁以下才能有借房贷！https://t.co/O2WeQcpgiU","url":"https://twitter.com/LIKEqiangCHN/status/1387907983217156096","username":"北大经济学博士、法学学士木子刻墙"},{"relevant_topic_guid":"44ae5057442283bc545a44eccfc31153","cnt_retweet":"0","publish_time":"20210426104016","page_action_type":"08","cnt_agree":"0","topic_guid":"95a85e54ab352d4d6bfa996fefa47b6f","userid":"jike_collection","cnt_comment":"0","content":"… 称全球缺芯或持续两年8.华为推出 HarmonyOS 版 Mate 40 Pro 4G9.荣耀 50 Pro + 配置参数曝光详情点击*https://t.co/1pXMthyMYK  #科技圈大小事","url":"https://twitter.com/jike_collection/status/1386510408823889924","username":"即刻精选"},{"relevant_topic_guid":"7d3d8468c9204528a7332bfa3cb105db","cnt_retweet":"0","publish_time":"20210501075456","page_action_type":"08","cnt_agree":"0","topic_guid":"9a345fdf27b927d072b36eae8d4eb248","userid":"fishzhangsr","cnt_comment":"0","content":"@G2_1988 都在中国？那这些币怎么卖钱？","url":"https://twitter.com/fishzhangsr/status/1388280743336452099","username":"bigbigfish"},{"relevant_topic_guid":"cb6ed220beaa615d1496becaab3d0f7a","cnt_retweet":"0","publish_time":"20210508151110","page_action_type":"08","cnt_agree":"0","topic_guid":"edd825034f2a7192257822dc33315885","userid":"Cryptokoala_Aus","cnt_comment":"0","content":"@dahongfei Uncle Da, we all know that $NEO is better and more decentralised","url":"https://twitter.com/Cryptokoala_Aus/status/1390927239097688064","username":"**⚡₿ITCOIN KOALA****"},{"relevant_topic_guid":"cb6ed220beaa615d1496becaab3d0f7a","cnt_retweet":"0","publish_time":"20210508150413","page_action_type":"08","cnt_agree":"1","topic_guid":"ac6b6362a97f9019433fd1d137179534","userid":"ThienTr85018148","cnt_comment":"0","content":"@dahongfei Do something to NEO, I have been with you very long time. I also hold FLM, do something !","url":"https://twitter.com/ThienTr85018148/status/1390925491004051457","username":"Jack"},{"relevant_topic_guid":"cb6ed220beaa615d1496becaab3d0f7a","cnt_retweet":"0","publish_time":"20210509092209","page_action_type":"08","cnt_agree":"0","topic_guid":"fae07f2d7bdfe72fa9f84360455e0afa","userid":"RaymondCheongCM","cnt_comment":"0","content":"@dahongfei cool","url":"https://twitter.com/RaymondCheongCM/status/1391201795276300288","username":"RaymondCheong"},{"relevant_topic_guid":"7d3d8468c9204528a7332bfa3cb105db","cnt_retweet":"0","publish_time":"20210501071039","page_action_type":"08","cnt_agree":"0","topic_guid":"8e5099040be1d177848ff790afcda922","userid":"dd98yjsfHnT0qI2","cnt_comment":"0","content":"@G2_1988 如此一来，国家发行的绿票子红票子不值钱了怎么办？资金的流通不能监控怎么办？","url":"https://twitter.com/dd98yjsfHnT0qI2/status/1388269596340154376","username":"王刚*"},{"relevant_topic_guid":"cb6ed220beaa615d1496becaab3d0f7a","cnt_retweet":"0","publish_time":"20210508225600","page_action_type":"08","cnt_agree":"1","topic_guid":"e8dbc678f5112010ad61435b6c423402","userid":"Lucash2763","cnt_comment":"0","content":"@dahongfei Foreshadowing","url":"https://twitter.com/Lucash2763/status/1391044217296670723","username":"Lucas **"},{"relevant_topic_guid":"cb6ed220beaa615d1496becaab3d0f7a","cnt_retweet":"8","publish_time":"20210521214516","page_action_type":"08","cnt_agree":"26","topic_guid":"dccfdd13b1be998342384c5926132208","userid":"echotestm","cnt_comment":"0","content":"@dahongfei @dahongfei  we are #NEO legion, we follow , support and promote NEO vision , we celebrate in good times and stay and support in the past 3 years , the community ask for you voice , say something to us , inspire us , fuel our believes. Walk the talk and become as us, all in one *","url":"https://twitter.com/echotestm/status/1395737460269895686","username":"NEOmaster"},{"relevant_topic_guid":"12adb152af7d4dc4e68bac10b2e64446","cnt_retweet":"0","publish_time":"20210426164317","page_action_type":"08","cnt_agree":"0","topic_guid":"72e799e0a1eda013a2279f79e6dcf56d","userid":"CarlesMoma","cnt_comment":"0","content":"@Dinastiachip ¿Es posible que se vincule ese Yuan Digital a Alipay para que sea esta última el método de pago? Me encajaría bastante con las regulaciones a Ant Group","url":"https://twitter.com/CarlesMoma/status/1386601764657446912","username":"Carles Moma"},{"relevant_topic_guid":"3f53f9e0f857f36b62fe509faced4457","cnt_retweet":"0","publish_time":"20210430071335","page_action_type":"08","cnt_agree":"0","topic_guid":"b3a3a91acaf005b64dd8d16324735029","userid":"liangjiahechun","cnt_comment":"0","content":"@liuzigege @SpokespersonCHN 凉拌！电动车回收赚大钱，买房35岁以下才能有借房贷！https://t.co/9tzF0jDNlY","url":"https://twitter.com/liangjiahechun/status/1387907947058106369","username":"梁家河清华双博士习禁评刁太大"},{"relevant_topic_guid":"cb6ed220beaa615d1496becaab3d0f7a","cnt_retweet":"0","publish_time":"20210508145233","page_action_type":"08","cnt_agree":"1","topic_guid":"4bef7904ca1198acc7bfd0931d908fae","userid":"XhuiW0K3yUBh3LB","cnt_comment":"0","content":"@dahongfei https://t.co/g8g3jE12HI","url":"https://twitter.com/XhuiW0K3yUBh3LB/status/1390922552025837571","username":"여동성"},{"relevant_topic_guid":"1a97efedc3bb2fdc2206fdbb5d1ab80c","cnt_retweet":"0","publish_time":"20210426232705","page_action_type":"08","cnt_agree":"2","topic_guid":"0dd7380c41a98d8617bc25255e87a71b","userid":"chinasmpb","cnt_comment":"0","content":"13〉想来，上述实在是一件很有意思，也很有哲理的事实，但它们就发生在我们眼前，华为“突然”进入智能汽车领域，肯定会助力中国国产新能源汽车在市场上严重冲击特斯拉的份额；华为在鸿蒙上的拼命发力，我看不用1年时间，就能把原来由苹果和安卓双雄垄断的手机操作系统市场分走数亿台不止。","url":"https://twitter.com/chinasmpb/status/1386703384040796163","username":"司马平邦"},{"relevant_topic_guid":"ecae76413ad531ec194fc600327eef21","cnt_retweet":"0","publish_time":"20210430071351","page_action_type":"08","cnt_agree":"0","topic_guid":"385548a17a881e689914ffc3a6a25a6d","userid":"seventythreeCHN","cnt_comment":"0","content":"@wzapril @SpokespersonCHN 凉拌！电动车回收赚大钱，买房35岁以下才能有借房贷！https://t.co/zAUSPa73yr","url":"https://twitter.com/seventythreeCHN/status/1387908015324606466","username":"大学普通班、高级经济师王七三"},{"relevant_topic_guid":"12adb152af7d4dc4e68bac10b2e64446","cnt_retweet":"0","publish_time":"20210426164512","page_action_type":"08","cnt_agree":"0","topic_guid":"a835a0d5b489beb8cd56842aa026725b","userid":"RobertoStekman5","cnt_comment":"0","content":"@Dinastiachip Tienes la noticia donde dijo eso? No importa que esté en Mandarin es para un artículo que estoy escribiendo.","url":"https://twitter.com/RobertoStekman5/status/1386602248990494721","username":"Roberto Stekman"},{"relevant_topic_guid":"7d3d8468c9204528a7332bfa3cb105db","cnt_retweet":"0","publish_time":"20210502012031","page_action_type":"08","cnt_agree":"1","topic_guid":"d950b808dd2b3d0dc2642db559092059","userid":"GreatCNpeople","cnt_comment":"0","content":"@G2_1988 18年年初就看到比特币低点在3000美金左右，这一轮最高目标价可能翻一百倍到30万美金，如果中国政府这么做，比特币要不了多久，就可以到30万美金的目标价","url":"https://twitter.com/GreatCNpeople/status/1388543872532246528","username":"Mr Dai**"},{"relevant_topic_guid":"9dfae392e381f5b305a9b4ecdd35a955","cnt_retweet":"0","publish_time":"20210512235130","page_action_type":"08","cnt_agree":"0","topic_guid":"faf8b40d743ab20cf4e23d5d5b02dc02","userid":"JRosario123","cnt_comment":"0","content":"@Quicktake_EE Hay una cryptomania en todo el mundo.","url":"https://twitter.com/JRosario123/status/1392507734688468994","username":"Juan Rosario"},{"relevant_topic_guid":"977ef95be7ed65a631d78cacfe8f952f","cnt_retweet":"0","publish_time":"20210511162313","page_action_type":"08","cnt_agree":"0","topic_guid":"da023598772bafdc5714b3c95d1d476a","userid":"Kwarten70899479","cnt_comment":"0","content":"@technodechina Good luck China","url":"https://twitter.com/Kwarten70899479/status/1392032533911687169","username":"Kwarteng"},{"relevant_topic_guid":"410f3a39e6ac60449f60e5f6b24e6b4c","cnt_retweet":"0","publish_time":"20210509231049","page_action_type":"08","cnt_agree":"0","topic_guid":"4bfc5961a5059c96dc68b3c98dbe4303","userid":"zim49721826","cnt_comment":"0","content":"@twyli2 @shucaileibaozha 别张嘴政府政府的压人，政府你家开的？把钱存银行就是借钱给政府，懂吗？P民就图实惠和安全，放支付宝的零钱就给利息，我暂时感觉这玩意对老百姓没啥意义。","url":"https://twitter.com/zim49721826/status/1391410335920181251","username":"支綫劇情"},{"relevant_topic_guid":"65a8580840998a56f50fb21a703bd316","cnt_retweet":"0","publish_time":"20210509202406","page_action_type":"08","cnt_agree":"0","topic_guid":"34b10a8728d5125236192502c225db3b","userid":"Gauss86380061","cnt_comment":"0","content":"@WillZhou888 @dn_yemao @CountryIsFamily @XijinLi 没网也能用","url":"https://twitter.com/Gauss86380061/status/1391368377470316545","username":"Leo Schky"},{"relevant_topic_guid":"3b23a61e56430a3a0784f82541fafec5","cnt_retweet":"0","publish_time":"20210507161139","page_action_type":"08","cnt_agree":"0","topic_guid":"6da2b3bb541aa99f6bad177cf3ea2afa","userid":"Fb3324s3FV6b62x","cnt_comment":"0","content":"@kentzhu 应该有后门吧，闭源的。","url":"https://twitter.com/Fb3324s3FV6b62x/status/1390580070020894720","username":"Fb3324s3FV6b62x"},{"relevant_topic_guid":"9e87dd0c125245614226921bb97bf069","cnt_retweet":"0","publish_time":"20210509164244","page_action_type":"08","cnt_agree":"0","topic_guid":"a22d8ecdef3f0485a566ac8ed6048d8b","userid":"kaxibwe_Edris","cnt_comment":"0","content":"@business @nicolesyLIVE @Quicktake https://t.co/B1cF0aizVU","url":"https://twitter.com/kaxibwe_Edris/status/1391312668250804225","username":"Kazibwe Edris from UGANDA"},{"relevant_topic_guid":"9e87dd0c125245614226921bb97bf069","cnt_retweet":"0","publish_time":"20210510022829","page_action_type":"08","cnt_agree":"0","topic_guid":"44b59183578fadede80a794ed910ddf9","userid":"stevenhead211","cnt_comment":"0","content":"@business @nicolesyLIVE @Quicktake Why don’t we all use $btc? What an idea!","url":"https://twitter.com/stevenhead211/status/1391460080068055045","username":"BMY_bull"},{"relevant_topic_guid":"0e515c9a7399166596f1f2e685fa7446","cnt_retweet":"0","publish_time":"20210510031652","page_action_type":"08","cnt_agree":"0","topic_guid":"efdc0c9fd01500feb6d6cbb1c2a2d5a4","userid":"GrabowskiDylan","cnt_comment":"0","content":"@Duck2021Duck No official partnership or relationshipBut, I wouldn\u0027t be surprised if DCEP devs spoke with mainland Chinese blockchain projects about tech","url":"https://twitter.com/GrabowskiDylan/status/1391472255981428736","username":"****ℕ Ξ *ᚱ*₿**§*i"},{"relevant_topic_guid":"65a8580840998a56f50fb21a703bd316","cnt_retweet":"0","publish_time":"20210509223004","page_action_type":"08","cnt_agree":"0","topic_guid":"5390609c58721dbc8d623a1ef2b90af6","userid":"dn_yemao","cnt_comment":"0","content":"@WillZhou888 @CountryIsFamily @XijinLi 银行体系包括央行，监管，组织，机构包含商行。dcep由央行建立发行，通过商业银行兑换，向第三方支付流通。目前参与试点的都是商业银行的数字钱包app或银行卡。央行不开办个人储蓄业务，数字币作为货币本身不包含银行服务。","url":"https://twitter.com/dn_yemao/status/1391400079945347073","username":"云"},{"relevant_topic_guid":"c63fff39b7d0908da2aa67270a43c0a5","cnt_retweet":"0","publish_time":"20210509210831","page_action_type":"08","cnt_agree":"1","topic_guid":"b7a98637328ac2b221f0c2b24a09cac7","userid":"aiyuchen","cnt_comment":"0","content":"@Richard1976Show @Jurecy__ @mihoadult 即便数字人民币还没普及的今天，我也好多年不带现金出门了。","url":"https://twitter.com/aiyuchen/status/1391379556943028225","username":"李惟"},{"relevant_topic_guid":"4f129935832b2036b96c737935c4d2a2","cnt_retweet":"0","publish_time":"20210506095222","page_action_type":"08","cnt_agree":"0","topic_guid":"aadacb145c7e9b9e9871bf4305bcbdbb","userid":"jksDRlIDE2zdF0A","cnt_comment":"0","content":"@bannedebook 本身加速主义是一个很中性的词汇，为什么会演变成现在这样，真正的问题在于，互联网的讨论方式，使所有思想的表述都极端化了。","url":"https://twitter.com/jksDRlIDE2zdF0A/status/1390122234342113283","username":"锅盖老师"},{"relevant_topic_guid":"fd88b674f02be2f3bfce7dfb793ae43c","cnt_retweet":"1","publish_time":"20210522170650","page_action_type":"08","cnt_agree":"7","topic_guid":"37be6e695266ad7463a1c5dc3f8149b9","userid":"shen_shiwei","cnt_comment":"0","content":"... and playing catch-up in the era of digital economy, envisions raising efficiency and reducing costs and serving the retail payment system in particular. However strong the DCEP might be, can\u0027t replace the dominance of the US dollar. #DigitalCurrency","url":"https://twitter.com/shen_shiwei/status/1396029777262235648","username":"Shen Shiwei沈诗伟"},{"relevant_topic_guid":"45ce4c54f785b7ab115fed7200deb1fa","cnt_retweet":"1","publish_time":"20210519133738","page_action_type":"08","cnt_agree":"5","topic_guid":"18d005f1f01b4fa5b598f404383a0b75","userid":"gladstein","cnt_comment":"0","content":"@ArjunKharpal CBDC is much better.","url":"https://twitter.com/gladstein/status/1394889967818592260","username":"Alex Gladstein * ⚡"},{"relevant_topic_guid":"1c1c75e69b70fd080bbb4e2762b49c41","cnt_retweet":"0","publish_time":"20210510205248","page_action_type":"08","cnt_agree":"0","topic_guid":"f32463e76385f9c6ce3061802ff64954","userid":"iClannad","cnt_comment":"0","content":"@XinhuaChinese 目前看支付宝和微信比这个方便和安全","url":"https://twitter.com/iClannad/status/1391737989701591040","username":"yukiho雪穂"},{"relevant_topic_guid":"61bf8ca52cf7313b499eca835d56d2b3","cnt_retweet":"0","publish_time":"20210523141039","page_action_type":"08","cnt_agree":"0","topic_guid":"255cf4479d77087dff4dcd73589dcf75","userid":"Dan63174340","cnt_comment":"0","content":"@ChineseWSJ https://t.co/DPFwOC6DLB","url":"https://twitter.com/Dan63174340/status/1396347825382838272","username":"mediachk.com"}]