[{"relevant_topic_guid":"2e091c7a525232a3ef7148b7971df4cd","cnt_retweet":"0","publish_time":"20210303164718","page_action_type":"08","cnt_agree":"0","topic_guid":"afaed0730b02cdbefddc409610877263","userid":"bluefish_79","cnt_comment":"0","content":"@myfxtrader 感谢分享，媒体来源有吗？","url":"https://twitter.com/bluefish_79/status/1367033832315252736","username":"₿luefish"},{"relevant_topic_guid":"b6662cedbc88387b58a542e6481da50c","cnt_retweet":"0","publish_time":"20210302100711","page_action_type":"08","cnt_agree":"2","topic_guid":"1b173e89197f9973d630e66c622fdad2","userid":"nihaodajia","cnt_comment":"0","content":"@nytchinese 这是好事，绕过swift，取代美元。","url":"https://twitter.com/nihaodajia/status/1366570751625596932","username":"A chinese TikToker"},{"relevant_topic_guid":"b6662cedbc88387b58a542e6481da50c","cnt_retweet":"0","publish_time":"20210302170810","page_action_type":"08","cnt_agree":"0","topic_guid":"c534a6ad6c67a294472582cf0b038120","userid":"Hy_lil","cnt_comment":"0","content":"@nytchinese 不好意思 我一个人代表全世界 ***","url":"https://twitter.com/Hy_lil/status/1366676696238284802","username":"Hy_Lil"},{"relevant_topic_guid":"b6662cedbc88387b58a542e6481da50c","cnt_retweet":"0","publish_time":"20210302131039","page_action_type":"08","cnt_agree":"0","topic_guid":"8ccd39558191f151c26088e49d8995b5","userid":"AlfredZhang16","cnt_comment":"0","content":"@nytchinese Messy world.","url":"https://twitter.com/AlfredZhang16/status/1366616924038127620","username":"Alfred Zhang"},{"relevant_topic_guid":"79d8c43c63a2ed710da71deaac19d482","cnt_retweet":"0","publish_time":"20210228234615","page_action_type":"08","cnt_agree":"1","topic_guid":"6f73539c505541f36bcb3ecfc30df241","userid":"dD5ZQuid","cnt_comment":"0","content":"@Lilililieeeee *所以就是双轨制咯","url":"https://twitter.com/dD5ZQuid/status/1366052101361655808","username":"Nehalem-Lf"},{"relevant_topic_guid":"b6662cedbc88387b58a542e6481da50c","cnt_retweet":"0","publish_time":"20210302095916","page_action_type":"08","cnt_agree":"3","topic_guid":"ddfe63bc521d777ce710c956b05aa200","userid":"Lionaldo777","cnt_comment":"0","content":"@nytchinese 纽约时报一小时放一个屁","url":"https://twitter.com/Lionaldo777/status/1366568757905281025","username":"萧瀚"},{"relevant_topic_guid":"b6662cedbc88387b58a542e6481da50c","cnt_retweet":"0","publish_time":"20210302102027","page_action_type":"08","cnt_agree":"0","topic_guid":"a6e020526d4efcbf8ab5b56ab2b80d77","userid":"panke216","cnt_comment":"0","content":"@nytchinese 科莫的糗事儿都上不了你们的简报吗？","url":"https://twitter.com/panke216/status/1366574091067482112","username":"panke216"},{"relevant_topic_guid":"b6662cedbc88387b58a542e6481da50c","cnt_retweet":"0","publish_time":"20210302112600","page_action_type":"08","cnt_agree":"3","topic_guid":"5475a08059248845586db27b31d2bcab","userid":"r26PpvveIbfY8rY","cnt_comment":"0","content":"@nytchinese 香港那个就别吹了，还罕见呢，太*巴小气了才一百多个人，多给点钱请个几百万人，出来表演一下","url":"https://twitter.com/r26PpvveIbfY8rY/status/1366590586036232195","username":"婷"},{"relevant_topic_guid":"b6662cedbc88387b58a542e6481da50c","cnt_retweet":"0","publish_time":"20210302123334","page_action_type":"08","cnt_agree":"1","topic_guid":"2ca4fbcf5f3d6b343bcdfd1263425f56","userid":"Wilson39875605","cnt_comment":"0","content":"@nytchinese Shameless New York Times, the Fake/Misleading media. God will punish you liars from New York Times!!! New York Times LIES Exposed-1: https://t.co/1qneHpRGVc New York Times LIES Exposed-2: https://t.co/k4Noty2uYHNew York Times LIES Exposed-3: https://t.co/pxSnZ2myQO","url":"https://twitter.com/Wilson39875605/status/1366607589216165888","username":"Wilson (❤️）"},{"relevant_topic_guid":"b6662cedbc88387b58a542e6481da50c","cnt_retweet":"0","publish_time":"20210302132659","page_action_type":"08","cnt_agree":"0","topic_guid":"a05aa4fdd92404bb448aa47b199894fb","userid":"allen16883","cnt_comment":"0","content":"@nytchinese 香港没有政治犯，只有暴徒，乱港分子。","url":"https://twitter.com/allen16883/status/1366621034489597952","username":"Allen16883"},{"relevant_topic_guid":"df3110ba2c6786127744ec908f5e33de","cnt_retweet":"0","publish_time":"20210224104020","page_action_type":"08","cnt_agree":"3","topic_guid":"b1e35f5f0b2418d7347779785ec2ec8c","userid":"stfrt3","cnt_comment":"0","content":"@renfanzi 感觉的赶紧买买99会员了","url":"https://twitter.com/stfrt3/status/1364404765652709376","username":"St. Francisco"},{"relevant_topic_guid":"881024073c7d67ac63e43452be4bb0dc","cnt_retweet":"0","publish_time":"20210227120657","page_action_type":"08","cnt_agree":"0","topic_guid":"8af85e256f8d2b7dc42e24ccc888686c","userid":"catmamgo","cnt_comment":"0","content":"@wongkim728 @joinClubhouse 可以邀请我上去","url":"https://twitter.com/catmamgo/status/1365513729861849088","username":"猫总"},{"relevant_topic_guid":"b6662cedbc88387b58a542e6481da50c","cnt_retweet":"0","publish_time":"20210302130253","page_action_type":"08","cnt_agree":"1","topic_guid":"7217a11367ba92e2e96d8a1289d37ad1","userid":"SiChuGuanCha","cnt_comment":"0","content":"@nytchinese 港人？曱甴吧？算哪根葱？","url":"https://twitter.com/SiChuGuanCha/status/1366614966120312833","username":"四处观察**"},{"relevant_topic_guid":"d2d1cb1e57222faa1b5f4eae6dc334c2","cnt_retweet":"0","publish_time":"20210303104116","page_action_type":"08","cnt_agree":"9","topic_guid":"3e8e9eae670fc0048ac9edb904363915","userid":"AlphaScrying","cnt_comment":"0","content":"@renfanzi 韭菜所持有的现金和金融资产及经营性现金流全部电子人民币化之后，人民币资本自由兑换以及金融市场进一步开放也就能继续推进了，因为再不用担心韭菜去挤兑外汇储备了。","url":"https://twitter.com/AlphaScrying/status/1366941717040148487","username":"l\u0027enfant sauvage"},{"relevant_topic_guid":"b6662cedbc88387b58a542e6481da50c","cnt_retweet":"0","publish_time":"20210302164626","page_action_type":"08","cnt_agree":"0","topic_guid":"1dc8cbed974e37da8beef40ba3a6b703","userid":"Kuldahar","cnt_comment":"0","content":"@nytchinese 天翻地覆又一天，反华新闻再排前！","url":"https://twitter.com/Kuldahar/status/1366671226941235201","username":"酷达哈"},{"relevant_topic_guid":"b6662cedbc88387b58a542e6481da50c","cnt_retweet":"0","publish_time":"20210302102505","page_action_type":"08","cnt_agree":"0","topic_guid":"98c0fcc072f206eb549b8adf3cc62b31","userid":"DN8Dy2j0hEkgdQX","cnt_comment":"0","content":"@nytchinese 共匪及其爪牙認為拒絕做奴才者大逆不道，喪心病狂，就是越來越妒忌香港市民堅決擁護泛民主派，香港市民心裡堅持自由主義普世價值，結果共匪爪牙每逢選舉都全軍覆沒，所以他們就只能粉飾太平，或推行惡法羅織罪名，他們千方百計迫害泛民主派，香港市民都洞悉共匪的破壞香港政制的毒計，決不讓他們得逞。","url":"https://twitter.com/DN8Dy2j0hEkgdQX/status/1366575257335685121","username":"鬼面蕉人"},{"relevant_topic_guid":"b6662cedbc88387b58a542e6481da50c","cnt_retweet":"0","publish_time":"20210302114835","page_action_type":"08","cnt_agree":"2","topic_guid":"c484a2e20919ddbcb863fd424b7db828","userid":"1yjDGaahFJiZZBX","cnt_comment":"0","content":"@nytchinese 政治犯啊，犯啊。有这么随便释放犯的吗？","url":"https://twitter.com/1yjDGaahFJiZZBX/status/1366596268055687169","username":"一樹梨花壓海棠"},{"relevant_topic_guid":"ec3b443fe619939782612ff8dca013f6","cnt_retweet":"0","publish_time":"20210301102647","page_action_type":"08","cnt_agree":"9","topic_guid":"1cf6359a4bec5ce13c88ae510de8b962","userid":"Dinastiachip","cnt_comment":"0","content":"Según Li, las monedas digitales foráneas podrían amenazar la soberanía monetaria de los estados. Por ello, Li espera que China \"preste atención a las decisiones estratégicas de EE.UU con respecto a un dólar digital y el desarrollo de Libra y otras monedas supranacionales\"","url":"https://twitter.com/Dinastiachip/status/1366213297469415426","username":"Dinastía Chip"},{"relevant_topic_guid":"f990fd9091d1d0aebcc6f3c22fbce45b","cnt_retweet":"0","publish_time":"20210302155832","page_action_type":"08","cnt_agree":"0","topic_guid":"de7b79b2f7bbff0f12ee21644b01325d","userid":"Andre52571804","cnt_comment":"0","content":"@nytchinese 轮得到你们担忧？","url":"https://twitter.com/Andre52571804/status/1366659170888339463","username":"Andre"},{"relevant_topic_guid":"d2d31d29227e162c7763c3f6af3df785","cnt_retweet":"0","publish_time":"20210224124106","page_action_type":"08","cnt_agree":"0","topic_guid":"debd8a6e3d90915b14fb176dafa65b01","userid":"Icanfly26044626","cnt_comment":"0","content":"@Hoyooyoo 凭空产生的，不需要任何锚","url":"https://twitter.com/Icanfly26044626/status/1364435159253090304","username":"Icanfly"},{"relevant_topic_guid":"f990fd9091d1d0aebcc6f3c22fbce45b","cnt_retweet":"0","publish_time":"20210302160522","page_action_type":"08","cnt_agree":"0","topic_guid":"e09677db0cbd1adea8c9fc124a587920","userid":"dickycheng811","cnt_comment":"0","content":"@nytchinese 应该是引发美国对美元霸权的担忧吧。","url":"https://twitter.com/dickycheng811/status/1366660890162913281","username":"dickycheng"},{"relevant_topic_guid":"f9dbd101cd0992b7fe19ade55e934959","cnt_retweet":"0","publish_time":"20210226193604","page_action_type":"08","cnt_agree":"0","topic_guid":"bc5f46cf4c6481d2450bc4c566ce9a89","userid":"Fwu58513647","cnt_comment":"0","content":"@RFA_Chinese 紅包能就多買吃的","url":"https://twitter.com/Fwu58513647/status/1365264365310513153","username":"Fwu"},{"relevant_topic_guid":"f990fd9091d1d0aebcc6f3c22fbce45b","cnt_retweet":"0","publish_time":"20210302163011","page_action_type":"08","cnt_agree":"0","topic_guid":"61947bea4c6ce13dde59f13b8e5ee107","userid":"lilian25535220","cnt_comment":"0","content":"@nytchinese 这不挺好的吗，防止收受贿赂啊，每笔钱都有迹可循","url":"https://twitter.com/lilian25535220/status/1366667136601493505","username":"lilian"},{"relevant_topic_guid":"f9dbd101cd0992b7fe19ade55e934959","cnt_retweet":"0","publish_time":"20210226090248","page_action_type":"08","cnt_agree":"1","topic_guid":"cbad782254f2eeb0520663531289e8bf","userid":"Kcc70bem8H5Pkyg","cnt_comment":"0","content":"@RFA_Chinese 屁用处没有，整天自我高潮。做给外人看的","url":"https://twitter.com/Kcc70bem8H5Pkyg/status/1365104997910802440","username":"林夕"},{"relevant_topic_guid":"f990fd9091d1d0aebcc6f3c22fbce45b","cnt_retweet":"0","publish_time":"20210302162156","page_action_type":"08","cnt_agree":"0","topic_guid":"d4fa118f0dbd8db88bf9deca26af9ceb","userid":"zhj88","cnt_comment":"0","content":"@nytchinese 在西方，经常有新事物在隐私方面要遭受质疑，也许有太多见不得人的事在发生。","url":"https://twitter.com/zhj88/status/1366665059653459968","username":"Jiao Zheng"},{"relevant_topic_guid":"f990fd9091d1d0aebcc6f3c22fbce45b","cnt_retweet":"0","publish_time":"20210302161721","page_action_type":"08","cnt_agree":"0","topic_guid":"d00319df1215b7f2222211eb89ad10c8","userid":"KameT2020","cnt_comment":"0","content":"@nytchinese 送给你***","url":"https://twitter.com/KameT2020/status/1366663909080326144","username":"Kame*"},{"relevant_topic_guid":"0281cd3344947b6f9b501f7344a6cd29","cnt_retweet":"0","publish_time":"20210224193041","page_action_type":"08","cnt_agree":"0","topic_guid":"6cdc512499857693cd00c1edaac4d14b","userid":"bketck","cnt_comment":"0","content":"@big_ear_cat @evilinside44 就是电子粮票而已","url":"https://twitter.com/bketck/status/1364538234395533312","username":"揹著喵亂跑"},{"relevant_topic_guid":"f990fd9091d1d0aebcc6f3c22fbce45b","cnt_retweet":"0","publish_time":"20210302163349","page_action_type":"08","cnt_agree":"1","topic_guid":"f13facd6e48dcc1b3e95a257844c0c4e","userid":"Terryso73901275","cnt_comment":"0","content":"@nytchinese 如果不是洗黑錢，請問有什麼隱私擔憂呢？數字貨幣和數字支付是兩個概念，貨幣沒有國家信用背書的話，隨時就可能變成廢物。要不紐時的小編先領個狗狗幣當工資吧","url":"https://twitter.com/Terryso73901275/status/1366668049890250755","username":"Terryson"},{"relevant_topic_guid":"aa8a9829a6e00a406231daaab87506fa","cnt_retweet":"0","publish_time":"20210224212040","page_action_type":"08","cnt_agree":"0","topic_guid":"f81a006327dec35b35316a7b4c4205a0","userid":"wjianjvn","cnt_comment":"0","content":"@Architect10b 美金放的水也不少，有钱就去北上广买房子，那的房子保值，或者把手里的钱构建成一个有源源不断现金流的体系，只有每天都赚钱才能抵抗货币的贬值","url":"https://twitter.com/wjianjvn/status/1364565911147933702","username":"Peter"},{"relevant_topic_guid":"ee5057c35bb0a7659beac5aac227b5da","cnt_retweet":"0","publish_time":"20210222121642","page_action_type":"08","cnt_agree":"0","topic_guid":"495c3df1207e9a12b2019d240bd18914","userid":"aO9tie92gKthuWa","cnt_comment":"0","content":"@ark999 市民\u003d演员","url":"https://twitter.com/aO9tie92gKthuWa/status/1363704241949319179","username":"点绛唇"},{"relevant_topic_guid":"39aa8996aeb63e51ae369a2753b27817","cnt_retweet":"0","publish_time":"20210216160913","page_action_type":"08","cnt_agree":"0","topic_guid":"eef8f4947b702e99bdb2c207e6052b8a","userid":"pinghong10","cnt_comment":"0","content":"@GoShuft @91porn 是啥？","url":"https://twitter.com/pinghong10/status/1361588429738270727","username":"小哪吒"},{"relevant_topic_guid":"ee5057c35bb0a7659beac5aac227b5da","cnt_retweet":"0","publish_time":"20210222142856","page_action_type":"08","cnt_agree":"0","topic_guid":"fafb3739d88037b2046c333d467feed8","userid":"a_ba_la_gu","cnt_comment":"0","content":"@ark999 我觉得老年人使用这个不太方便，因为那个字太小，根本看不清楚。","url":"https://twitter.com/a_ba_la_gu/status/1363737519347662851","username":"abalagu"},{"relevant_topic_guid":"ee5057c35bb0a7659beac5aac227b5da","cnt_retweet":"0","publish_time":"20210222215325","page_action_type":"08","cnt_agree":"0","topic_guid":"e89b90c722be5ea24a57a798574b0fb1","userid":"a969696962000","cnt_comment":"0","content":"@ark999 脫褲子放屁，小額直接用現金就好。","url":"https://twitter.com/a969696962000/status/1363849376993472516","username":"a969696962000"},{"relevant_topic_guid":"4dfb8e616849ac740b75e10b31130686","cnt_retweet":"0","publish_time":"20210217141529","page_action_type":"08","cnt_agree":"0","topic_guid":"1481428c08b6132d963064c30751f872","userid":"shajiabiji","cnt_comment":"0","content":"@whoisleebing 好像刷云闪付折扣更大一点","url":"https://twitter.com/shajiabiji/status/1361922194645811202","username":"Sha Jia"},{"relevant_topic_guid":"f8ca330918eedd6b0b6031c0b0eb7787","cnt_retweet":"0","publish_time":"20210221004156","page_action_type":"08","cnt_agree":"0","topic_guid":"d0892647ce85612c53ed038c53f197df","userid":"yukiexe","cnt_comment":"0","content":"@Kagurazakaizumi 嗯嗯嗯？這需要推廣？","url":"https://twitter.com/yukiexe/status/1363167009203122176","username":"咚醬*️‍⚧️"},{"relevant_topic_guid":"f8ca330918eedd6b0b6031c0b0eb7787","cnt_retweet":"0","publish_time":"20210221115503","page_action_type":"08","cnt_agree":"0","topic_guid":"9eecd909be9b9e03dca2cc6e99d9e0ff","userid":"LLer_together","cnt_comment":"0","content":"@Kagurazakaizumi 和支付宝有啥区别","url":"https://twitter.com/LLer_together/status/1363336404663631872","username":"南結弦*東財院生を目指し(淡推中)"},{"relevant_topic_guid":"453a44afd2c53dab0e9c8403a4b62b30","cnt_retweet":"0","publish_time":"20210222123002","page_action_type":"08","cnt_agree":"0","topic_guid":"7e74411b8daddca4c2e803a164af9585","userid":"0755yanzhi_fq","cnt_comment":"0","content":"@Derek37938642 那种不玩，就玩了一些基金","url":"https://twitter.com/0755yanzhi_fq/status/1363707596591439873","username":"深圳颜值夫妻"},{"relevant_topic_guid":"e55c121c62d21ac9f9310020b97d8a52","cnt_retweet":"1","publish_time":"20210224025927","page_action_type":"08","cnt_agree":"2","topic_guid":"64687373b9ef334bdde2cacce619a128","userid":"jayi_wang","cnt_comment":"0","content":"#NextChina /10-3#乡村建设#RuralConstruction#十四五规划 (2021~25) #14thFiveYearPlan February 23, 2021 https://t.co/nrX91qXGUchttps://t.co/lsqwuZKMfj","url":"https://twitter.com/jayi_wang/status/1364288782971805698","username":"James Jayi Wang"},{"relevant_topic_guid":"02f3034d7a6e10f8c1a8f0c259bba7e6","cnt_retweet":"1","publish_time":"20210211205430","page_action_type":"08","cnt_agree":"0","topic_guid":"fe8a7ed549e43706d91857db819534d2","userid":"caichu88","cnt_comment":"0","content":"据路透社于２月4日报道，SWIFT 、中国央行清算总中心、人民币跨境支付系统（Cross-border Interbank Payments System, CIPS）和央行旗下的数字货币研究所，已于今年1月16日注册成立合资公司—金融网关信息服务有限公司，注册资本额为1,000万欧元(约1,210万美元)，而四大股东分别持股55%、34%、5%、3%。","url":"https://twitter.com/caichu88/status/1359848285859635201","username":"Cai Chu"},{"relevant_topic_guid":"9a0816af6ca20cc4fabf77798cd6c54d","cnt_retweet":"0","publish_time":"20210224093244","page_action_type":"08","cnt_agree":"0","topic_guid":"a39867052cfcc65a6b7441a77ced837c","userid":"strongerhuhu","cnt_comment":"0","content":"@SiriusChen00 这下子套的更紧了","url":"https://twitter.com/strongerhuhu/status/1364387756772757504","username":"青蛙下的世界"},{"relevant_topic_guid":"f9dbd101cd0992b7fe19ade55e934959","cnt_retweet":"0","publish_time":"20210226020745","page_action_type":"08","cnt_agree":"0","topic_guid":"72d023d0b3fcd8d1611e2e859cb41384","userid":"slave52546623","cnt_comment":"0","content":"@RFA_Chinese 这叫啥领先？奴役人口最多？革了你的命抢了你的地最多？还是洗脑投入最多？…… 恐怖啊！","url":"https://twitter.com/slave52546623/status/1365000548366229506","username":"slave"},{"relevant_topic_guid":"f9dbd101cd0992b7fe19ade55e934959","cnt_retweet":"0","publish_time":"20210226004438","page_action_type":"08","cnt_agree":"3","topic_guid":"e0a320ef06115d152ba834df1d1f4f62","userid":"Lich38771283","cnt_comment":"0","content":"@RFA_Chinese https://t.co/7wKpa4MKrJ","url":"https://twitter.com/Lich38771283/status/1364979630675959813","username":"华盛顿民主自由灵车"},{"relevant_topic_guid":"f990fd9091d1d0aebcc6f3c22fbce45b","cnt_retweet":"0","publish_time":"20210302232751","page_action_type":"08","cnt_agree":"0","topic_guid":"01cbba97d91def6d12968678b0b4a025","userid":"Remo52573229","cnt_comment":"0","content":"@nytchinese 不做坏事担忧个屁，纽约时报假新闻","url":"https://twitter.com/Remo52573229/status/1366772246954602500","username":"Remo"},{"relevant_topic_guid":"f9dbd101cd0992b7fe19ade55e934959","cnt_retweet":"0","publish_time":"20210226011241","page_action_type":"08","cnt_agree":"0","topic_guid":"12feb39ba99118d3165a8bd17b7ac416","userid":"lf76cn","cnt_comment":"0","content":"@RFA_Chinese 告诉你们一个简便易行的方法，只有人民币上还印着毛泽东，不管啥形式，纸币，数字币，四维币，火星币...都是坏消息。","url":"https://twitter.com/lf76cn/status/1364986688766885888","username":"汤饼客"},{"relevant_topic_guid":"f990fd9091d1d0aebcc6f3c22fbce45b","cnt_retweet":"0","publish_time":"20210302164917","page_action_type":"08","cnt_agree":"0","topic_guid":"95aae50aa3f3703b28a7b4c1422a3b95","userid":"hamyoo101","cnt_comment":"0","content":"@nytchinese 新华网纽约分部。","url":"https://twitter.com/hamyoo101/status/1366671944100192259","username":"JOHN"},{"relevant_topic_guid":"f990fd9091d1d0aebcc6f3c22fbce45b","cnt_retweet":"0","publish_time":"20210302171214","page_action_type":"08","cnt_agree":"0","topic_guid":"d3ced154a5e8dab01b9180e620ceb5a1","userid":"BozhenXie","cnt_comment":"0","content":"@nytchinese 现在还没有逼美国人用吧，你们担心个蛋蛋","url":"https://twitter.com/BozhenXie/status/1366677720315273218","username":"Xie Bozhen"},{"relevant_topic_guid":"0281cd3344947b6f9b501f7344a6cd29","cnt_retweet":"0","publish_time":"20210302231540","page_action_type":"08","cnt_agree":"0","topic_guid":"fb68fdad758452e8a54bb5554a65fcf7","userid":"sdcat2","cnt_comment":"0","content":"@big_ear_cat @evilinside44 这是消费券","url":"https://twitter.com/sdcat2/status/1366769180670746628","username":"鳴かない猫****"},{"relevant_topic_guid":"f9dbd101cd0992b7fe19ade55e934959","cnt_retweet":"0","publish_time":"20210226073133","page_action_type":"08","cnt_agree":"0","topic_guid":"071952ff5eae2ec39f2dbce4401893d3","userid":"William48265160","cnt_comment":"0","content":"@RFA_Chinese 一群傻逼什么是数字货币都没弄清，就在这硬黑，希望你们米爹也这样认为","url":"https://twitter.com/William48265160/status/1365082032469024774","username":"America Human Rights Watch"},{"relevant_topic_guid":"f990fd9091d1d0aebcc6f3c22fbce45b","cnt_retweet":"0","publish_time":"20210302190821","page_action_type":"08","cnt_agree":"0","topic_guid":"db7865b76541381c8375ee204e1137cf","userid":"stephen24167703","cnt_comment":"0","content":"@nytchinese 隐私？除非你脱离美国的银行体系，否则你的所有支付行为哪一处不受监管？笑话！","url":"https://twitter.com/stephen24167703/status/1366706939632123908","username":"stephenNg**"},{"relevant_topic_guid":"f9dbd101cd0992b7fe19ade55e934959","cnt_retweet":"0","publish_time":"20210226005705","page_action_type":"08","cnt_agree":"0","topic_guid":"0281803994f67c33ac25b81cce792792","userid":"HouseShih","cnt_comment":"0","content":"@RFA_Chinese https://t.co/M3Czf0xG0O","url":"https://twitter.com/HouseShih/status/1364982763053404161","username":"House**"},{"relevant_topic_guid":"f990fd9091d1d0aebcc6f3c22fbce45b","cnt_retweet":"0","publish_time":"20210303101110","page_action_type":"08","cnt_agree":"0","topic_guid":"e715b9dabe2d20773a498a53984d1b3d","userid":"pin11253609","cnt_comment":"0","content":"@nytchinese 美国不是最多监控账户，最多经济制裁国家、个人的吗？动不动就冻结账户，据为己有，跟抢劫有差吗？","url":"https://twitter.com/pin11253609/status/1366934141975945217","username":"吕肃章"},{"relevant_topic_guid":"f990fd9091d1d0aebcc6f3c22fbce45b","cnt_retweet":"0","publish_time":"20210302214226","page_action_type":"08","cnt_agree":"0","topic_guid":"d22ad964194665ddefa22b1c0f959f26","userid":"donaldwang","cnt_comment":"0","content":"@nytchinese 你的人民币资产, 通过手机就在全球多个国家展开贸易结算, 免手续费, 免洗钱佣金, 一切都由中国央行作为担保. 各大经济体都发行自己的数字货币, 相互之间可以按市价通过期货市场保值兑换, 但通常并不需要频繁的转换. 美元怎么办? 只有战争能防止这些发生.","url":"https://twitter.com/donaldwang/status/1366745718195511296","username":"DonaldWang01"},{"relevant_topic_guid":"1f6064fa013d3a95a798f5c6d44a074e","cnt_retweet":"0","publish_time":"20210224085153","page_action_type":"08","cnt_agree":"0","topic_guid":"014747a1378e1c458a489e4d21224ed9","userid":"KOpmKJOFcrBdJUn","cnt_comment":"0","content":"@Jinx85537329 真的假的，别不是诈骗短信","url":"https://twitter.com/KOpmKJOFcrBdJUn/status/1364377472913928196","username":"清淨夜空"},{"relevant_topic_guid":"61099127b6ceb164aac168077d4067c6","cnt_retweet":"0","publish_time":"20210225235712","page_action_type":"08","cnt_agree":"0","topic_guid":"835b63bf9c5c0246d4c8a6835b6e5baa","userid":"6699","cnt_comment":"0","content":"@cherylnatsu Q币应该借鉴","url":"https://twitter.com/6699/status/1364967693498089474","username":"YOU 2"},{"relevant_topic_guid":"c81499e169488e4bc61dc2a6d5bb09f8","cnt_retweet":"0","publish_time":"20210223163638","page_action_type":"08","cnt_agree":"0","topic_guid":"32e234468971d8de6384ec5b532a6581","userid":"zhongyi_lao","cnt_comment":"0","content":"@WallStTV 嗯嗯嗯，這就是川粉說的英國川普，果然比川普更直接的表達！","url":"https://twitter.com/zhongyi_lao/status/1364132045451001858","username":"老中醫，專治吹牛逼！"},{"relevant_topic_guid":"49b89d7bf084f977f5786d9d5a93b0fe","cnt_retweet":"0","publish_time":"20210224211946","page_action_type":"08","cnt_agree":"0","topic_guid":"ba567decc0c5b45b995c9ad4ecb5e44d","userid":"zja0104000","cnt_comment":"0","content":"@Joh_Shanghai @SusanHa70016730 绝了！","url":"https://twitter.com/zja0104000/status/1364565687264366595","username":"哎 又被搞了"},{"relevant_topic_guid":"34ca9a648ef5cae6e7a4623bc9bbd9dc","cnt_retweet":"0","publish_time":"20210224014538","page_action_type":"08","cnt_agree":"0","topic_guid":"de03337be23cfd672f2b67c0f3e49435","userid":"Iacob53","cnt_comment":"0","content":"@wstv_lizzi 希拉里的一生确实够惊悚","url":"https://twitter.com/Iacob53/status/1364270204692307968","username":"Luo Yong"},{"relevant_topic_guid":"f990fd9091d1d0aebcc6f3c22fbce45b","cnt_retweet":"0","publish_time":"20210303121900","page_action_type":"08","cnt_agree":"0","topic_guid":"0695350b7731c303238bec728ba88108","userid":"NpLy6LUpu1wG7r1","cnt_comment":"0","content":"@nytchinese 滚你妈的隐私。事无不可对人言。所谓隐私就没有什么好事。一个男人的隐私就是酒店开房记录。一个女人隐私就是和谁开过房。一个罪犯隐私就是犯罪过程。一个国家隐私就是对别国的预谋破坏。隐私。所有网络账号密码没有一个是绝对安全的。所有隐私都基于所谓的私人公司的保证。那些保证都是笑话。","url":"https://twitter.com/NpLy6LUpu1wG7r1/status/1366966310580613123","username":"张小龙"},{"relevant_topic_guid":"d2d1cb1e57222faa1b5f4eae6dc334c2","cnt_retweet":"0","publish_time":"20210303195921","page_action_type":"08","cnt_agree":"0","topic_guid":"5d689fe572ca99983e23a7e35ba91d45","userid":"fight4realfacts","cnt_comment":"0","content":"@renfanzi 就是那個短命王朝？**","url":"https://twitter.com/fight4realfacts/status/1367082165192650755","username":"fight for justice"},{"relevant_topic_guid":"7533aefaa25a2ba3604e151694ba1836","cnt_retweet":"0","publish_time":"20210307165545","page_action_type":"08","cnt_agree":"1","topic_guid":"8cf89d1b4a11772beb5f3e6dafe491be","userid":"jester16888","cnt_comment":"0","content":"@nytchinese 海南地方金融监督管理局失职渎职给社会带来极大隐患，破坏国家信用和法制社会，P2P关闭后，地方金融监督管理局工作不扎实，给无赖平台转移财富的时间，没有建立定期通报平台清退进展情况没有请独立的审计机构及时介入，不披露平台实际运行情况，任由平台转移资产，制订收割方案","url":"https://twitter.com/jester16888/status/1368485509434023939","username":"jester Lee"},{"relevant_topic_guid":"700719cd50e36c33924031a9ce4b284b","cnt_retweet":"0","publish_time":"20210302185425","page_action_type":"08","cnt_agree":"0","topic_guid":"ade7d8ab7ec4eecf3b893b5a201cbece","userid":"kustasbruce","cnt_comment":"0","content":"@rudolph87471573 @Jackpot202011 @nytchinese 比如增发了四万亿国债以后，政府用强制力让房价上涨了50倍。","url":"https://twitter.com/kustasbruce/status/1366703435081392132","username":"Kustas Bruce"},{"relevant_topic_guid":"0a0f2f12f4d0b5cd90d5e3a5581ce64f","cnt_retweet":"0","publish_time":"20210225122535","page_action_type":"08","cnt_agree":"0","topic_guid":"bbb1faf70af95f75a8037ac9a93454be","userid":"LeeBriar","cnt_comment":"0","content":"@lunareadingnote 这个*，逐步实现","url":"https://twitter.com/LeeBriar/status/1364793639835103235","username":"Briar Lee"},{"relevant_topic_guid":"ddfe51933f0af23eca70cd1eac444747","cnt_retweet":"0","publish_time":"20210325125400","page_action_type":"08","cnt_agree":"0","topic_guid":"e27831abf1da67caa4228ebbd66e3444","userid":"chenjinbo2016","cnt_comment":"0","content":"@maskman47338380 @YouTube 面具人真消失了？哎，都没啥人关心！感谢面具人的视频提供了不一样的视觉！","url":"https://twitter.com/chenjinbo2016/status/1374947651670532096","username":"Amy 陈锦波"},{"relevant_topic_guid":"edd97b83f5a444a426dd644537474049","cnt_retweet":"0","publish_time":"20210320225214","page_action_type":"08","cnt_agree":"0","topic_guid":"11bdd871ebe3fe12a4c3a0d9751b5f5d","userid":"ump910163347","cnt_comment":"0","content":"@despina_hampton 我听有些人说他们日子怎么怎么苦","url":"https://twitter.com/ump910163347/status/1373286263491465218","username":"ump9"},{"relevant_topic_guid":"384ec2cf3f999381772328f0ab3c9c46","cnt_retweet":"0","publish_time":"20210322093311","page_action_type":"08","cnt_agree":"0","topic_guid":"4a8184fecaca292ab4af41774f8a2adb","userid":"tracy_bian","cnt_comment":"0","content":"@catmamgo 做得对哦，投资首先要看一个国家的发展前途和前景.","url":"https://twitter.com/tracy_bian/status/1373809952192491525","username":"Tracy"},{"relevant_topic_guid":"edd97b83f5a444a426dd644537474049","cnt_retweet":"0","publish_time":"20210320225203","page_action_type":"08","cnt_agree":"0","topic_guid":"0f0fe3c93a17280dac80e62b4577db35","userid":"ump910163347","cnt_comment":"0","content":"@despina_hampton 我倒没觉得很苦 可能是因为我家里收入还不错吧。。。","url":"https://twitter.com/ump910163347/status/1373286216402018311","username":"ump9"},{"relevant_topic_guid":"ddfe51933f0af23eca70cd1eac444747","cnt_retweet":"0","publish_time":"20210322094749","page_action_type":"08","cnt_agree":"0","topic_guid":"b71f44f307f66752c4f6a8d1d7e60457","userid":"expose_ccp","cnt_comment":"0","content":"@maskman47338380 你还好吗？","url":"https://twitter.com/expose_ccp/status/1373813636989382656","username":"Truth Matter-2/律政悟空"},{"relevant_topic_guid":"095d8edc2cb2f215956bc7f720cb2e76","cnt_retweet":"0","publish_time":"20210327215537","page_action_type":"08","cnt_agree":"1","topic_guid":"0dac3f55225eaf9792834a50c2c79b07","userid":"ydfwind","cnt_comment":"0","content":"@clinshu 去掉欧美10亿人口，地球上不还有60亿么，只是那10亿话语权大，盖住了其他六十亿人。","url":"https://twitter.com/ydfwind/status/1375808732227985408","username":"云雨道长风叶"},{"relevant_topic_guid":"ddfe51933f0af23eca70cd1eac444747","cnt_retweet":"0","publish_time":"20210321214824","page_action_type":"08","cnt_agree":"0","topic_guid":"7f334631409706dac5d045449bdbd7b3","userid":"expose_ccp","cnt_comment":"0","content":"@maskman47338380 如果你有安全之虞，@ABC74174741又十几个小时联系不到你，他应该报警*‼️","url":"https://twitter.com/expose_ccp/status/1373632586564653056","username":"Truth Matter-2/律政悟空"},{"relevant_topic_guid":"edd97b83f5a444a426dd644537474049","cnt_retweet":"0","publish_time":"20210320225324","page_action_type":"08","cnt_agree":"0","topic_guid":"86c0acbf374266238623daf79fa30215","userid":"ump910163347","cnt_comment":"0","content":"@despina_hampton 反正 现在不说政策如何如何一个国家最根本的东西是教育你教育现在拉胯到什么地步了要我说 如果教育还是这个样子 再过不了几代人就要废掉了","url":"https://twitter.com/ump910163347/status/1373286559315750914","username":"ump9"},{"relevant_topic_guid":"fb168393c55a829973c4bf218b9cd681","cnt_retweet":"0","publish_time":"20210309180403","page_action_type":"08","cnt_agree":"0","topic_guid":"4943dcf1a3a4f8a51f6fc9db4596b3b1","userid":"stormwa03970181","cnt_comment":"0","content":"@WildermohnE @jessica20492 你们这些大陆猴，整天自己快要吃不上香蕉了，自己还总觉得别人危机更大。你那狗屁冥币留着给自己烧纸吧。你在共匪政府部门工作过吗，你知道大陆物价是美国的三倍嘛，你知道中国的地方政府隐形债务和中央的，比世界全部国家加起来还要多嘛？无知又蠢的大陆猴，还整天用灵圈故事舔共，真是高级五毛狗","url":"https://twitter.com/stormwa03970181/status/1369227475436269569","username":"storm watcher"},{"relevant_topic_guid":"7753a6fdc72f17e6cc30d4ead96ea1cf","cnt_retweet":"0","publish_time":"20210703031935","page_action_type":"08","cnt_agree":"0","topic_guid":"0ab24efb1e20583398b8c005f7dff64e","userid":"tmdlllf","cnt_comment":"0","content":"@EwT25s @nw_on8 @antichinaccp ？？？什么几把逻辑？","url":"https://twitter.com/tmdlllf/status/1411041881362821120","username":"LIULF9920"},{"relevant_topic_guid":"eef2061999c8e834661cbfb00b31fb8f","cnt_retweet":"0","publish_time":"20210306220602","page_action_type":"08","cnt_agree":"1","topic_guid":"4dddfaf1268e26ab672affa807d86f03","userid":"liusangxx","cnt_comment":"0","content":"@caqiangzouhuoMG 该来的终究会来，这是人民愚昧要付出的代价","url":"https://twitter.com/liusangxx/status/1368201205717950467","username":"Nabuenki"},{"relevant_topic_guid":"eef2061999c8e834661cbfb00b31fb8f","cnt_retweet":"13","publish_time":"20210306212246","page_action_type":"08","cnt_agree":"27","topic_guid":"05879430c201a7c84b9222c607cc9a6a","userid":"jSQZNeI7kBbK267","cnt_comment":"0","content":"@caqiangzouhuoMG https://t.co/SuIzBMwFsH","url":"https://twitter.com/jSQZNeI7kBbK267/status/1368190321276911617","username":"文北"},{"relevant_topic_guid":"73e575a52bba2051d09d581d415a0d4f","cnt_retweet":"0","publish_time":"20210315032135","page_action_type":"08","cnt_agree":"0","topic_guid":"0b7c00af3cd98ffc9311590dac196556","userid":"Dan63174340","cnt_comment":"0","content":"@MJTVHoPin @MingJingNews https://t.co/Yu1u3keZHD","url":"https://twitter.com/Dan63174340/status/1371179722172862471","username":"mediachk.com"},{"relevant_topic_guid":"eef2061999c8e834661cbfb00b31fb8f","cnt_retweet":"0","publish_time":"20210307103410","page_action_type":"08","cnt_agree":"0","topic_guid":"e897dfd793af9c08740b93664e6ffaaa","userid":"Elian79425194","cnt_comment":"0","content":"@caqiangzouhuoMG @EvaTeng6 我能怎么看*","url":"https://twitter.com/Elian79425194/status/1368389480676085763","username":"无意"},{"relevant_topic_guid":"e0deea1afe9df87a1e1f75fe96290f4d","cnt_retweet":"0","publish_time":"20210311120045","page_action_type":"08","cnt_agree":"2","topic_guid":"98dc41a20ec44e402a2fdee45af0fc73","userid":"yuczhi","cnt_comment":"0","content":"@eGUAbe2V7j26GHw 不是的，没这么简单，这是抢先的区块链布局，是未来金融战并去美元中心化的战略性布局。","url":"https://twitter.com/yuczhi/status/1369860822176960521","username":"yuczhi"},{"relevant_topic_guid":"eef2061999c8e834661cbfb00b31fb8f","cnt_retweet":"0","publish_time":"20210306213320","page_action_type":"08","cnt_agree":"1","topic_guid":"5e67cc7a614612e865d43f1d29e4c8a1","userid":"Highlandlions","cnt_comment":"0","content":"@caqiangzouhuoMG 最后的窗口，不跑就再也跑不了了","url":"https://twitter.com/Highlandlions/status/1368192977152204810","username":"青石@Highland"},{"relevant_topic_guid":"eef2061999c8e834661cbfb00b31fb8f","cnt_retweet":"0","publish_time":"20210306225412","page_action_type":"08","cnt_agree":"0","topic_guid":"92c19ce803579052946bd6efa33235d1","userid":"haha2021mg","cnt_comment":"0","content":"@caqiangzouhuoMG 數字貨幣 如期面世 牆國百姓 一片歡騰*","url":"https://twitter.com/haha2021mg/status/1368213327504175113","username":"南無達賴喇嘛尊者"},{"relevant_topic_guid":"b6de3eb983adbcf6744570134bc0dfa6","cnt_retweet":"0","publish_time":"20210119102005","page_action_type":"08","cnt_agree":"0","topic_guid":"f70f7950225d3ce4332770f8bac579dc","userid":"JackHuang926","cnt_comment":"0","content":"@wongkim728 王老师，环门039这个APP以前有你的小视频入口，现在怎么没有了？？ 石涛和吴建民的，他们的还有","url":"https://twitter.com/JackHuang926/status/1351353708555116545","username":"Jack Huang"},{"relevant_topic_guid":"ef28202b0ad7bd4548b5f5b3cc355447","cnt_retweet":"0","publish_time":"20210205143323","page_action_type":"08","cnt_agree":"1","topic_guid":"d3ccacabff35c0fb4cb927210e90dc30","userid":"LeeLuckylee","cnt_comment":"0","content":"@caijingxiang 时机成熟会把swift踢掉的！","url":"https://twitter.com/LeeLuckylee/status/1357578047843536898","username":"lee lucky"},{"relevant_topic_guid":"ef28202b0ad7bd4548b5f5b3cc355447","cnt_retweet":"0","publish_time":"20210205193500","page_action_type":"08","cnt_agree":"0","topic_guid":"41e5d290fbf6511255846ad282ad4754","userid":"tangliangjun","cnt_comment":"0","content":"@caijingxiang 凶险，美元铸币税直邮","url":"https://twitter.com/tangliangjun/status/1357653949193461761","username":"左宗棠"},{"relevant_topic_guid":"b6de3eb983adbcf6744570134bc0dfa6","cnt_retweet":"0","publish_time":"20210119203124","page_action_type":"08","cnt_agree":"0","topic_guid":"d5b08b4d72dded2acc2d955b64d3ca33","userid":"Tyrone27567581","cnt_comment":"0","content":"@wongkim728 窃国者害怕人民，还害怕保护自己的军队。他为什么怕呢？不是8400万人支持你吗？3万人保护你，怕什么？","url":"https://twitter.com/Tyrone27567581/status/1351507549003018241","username":"Tyrone"},{"relevant_topic_guid":"ef28202b0ad7bd4548b5f5b3cc355447","cnt_retweet":"1","publish_time":"20210205163050","page_action_type":"08","cnt_agree":"1","topic_guid":"e72569f89552b3ac0d4e620412ad0dc6","userid":"ftiauto_ptdauto","cnt_comment":"0","content":"@caijingxiang 看来川普排干不了沼泽。。。最后帮川普实现排干沼泽梦想的是嘻嘻皮*","url":"https://twitter.com/ftiauto_ptdauto/status/1357607602709012485","username":"DG文漢三 ✝️***"},{"relevant_topic_guid":"ef28202b0ad7bd4548b5f5b3cc355447","cnt_retweet":"1","publish_time":"20210205211552","page_action_type":"08","cnt_agree":"1","topic_guid":"1f051909216c791070ef4a43d5c80683","userid":"ht79785244","cnt_comment":"0","content":"@caijingxiang @qiushui1234 swift又被忽悠了！和魔鬼做交易，还想控股？只能表示呵呵","url":"https://twitter.com/ht79785244/status/1357679333008150528","username":"ht"},{"relevant_topic_guid":"e831dd43f64ca58eaf0ed985ffd17bff","cnt_retweet":"0","publish_time":"20210125112603","page_action_type":"08","cnt_agree":"3","topic_guid":"b9ee385f84b027d0cb1f75485c681ab8","userid":"GnostSpirit","cnt_comment":"0","content":"@CLzhi @PundiXLabs Chinese CBDC global testnet of cross border payment middle of this year with @PundiXLabs $NPXSNPXS is price is going to moon.","url":"https://twitter.com/GnostSpirit/status/1353544636363644929","username":"N⁰"},{"relevant_topic_guid":"da3879dd5d2096db522c8cb9d1e42bf2","cnt_retweet":"0","publish_time":"20210128132847","page_action_type":"08","cnt_agree":"0","topic_guid":"3eac3eccb7c35068f201fc6a761e7739","userid":"tinaplumblossom","cnt_comment":"0","content":"@82WztfvhHqZz0Ub 是不是某个证券公司？","url":"https://twitter.com/tinaplumblossom/status/1354662684617175041","username":"tinaplumblossom"},{"relevant_topic_guid":"e831dd43f64ca58eaf0ed985ffd17bff","cnt_retweet":"0","publish_time":"20210125111816","page_action_type":"08","cnt_agree":"0","topic_guid":"d739ec065bf175301fbf4d0dd87bf0b4","userid":"GnostSpirit","cnt_comment":"0","content":"@CLzhi @PundiXLabs Where are you from?","url":"https://twitter.com/GnostSpirit/status/1353542676881301506","username":"N⁰"},{"relevant_topic_guid":"d0f3acb0d568df8553fdae203776ace6","cnt_retweet":"0","publish_time":"20210205065341","page_action_type":"08","cnt_agree":"0","topic_guid":"04ed9bbd157709f84bd114d96eefbe30","userid":"GiggsMU1","cnt_comment":"0","content":"@miduobiduo @caijingxiang 接著做夢，不要醒","url":"https://twitter.com/GiggsMU1/status/1357462358478626817","username":"不辣的皮特"},{"relevant_topic_guid":"ef28202b0ad7bd4548b5f5b3cc355447","cnt_retweet":"0","publish_time":"20210206144441","page_action_type":"08","cnt_agree":"0","topic_guid":"57e5650893dd5a51c1ff8e69231faab4","userid":"ht79785244","cnt_comment":"0","content":"@caijingxiang @qiushui1234 swift又被忽悠了！和魔鬼做交易，还想控股？只能表示呵呵","url":"https://twitter.com/ht79785244/status/1357943277551378432","username":"ht"},{"relevant_topic_guid":"d768bac84aa474963bcf851a39ebe946","cnt_retweet":"0","publish_time":"20210205071447","page_action_type":"08","cnt_agree":"0","topic_guid":"dc27dd56fed95486bc09f1164ad684f8","userid":"WaveUnderMoon","cnt_comment":"0","content":"@Hoyooyoo 美元上涨，金价不是要跌么？比特币会取代黄金成为避险资产么？","url":"https://twitter.com/WaveUnderMoon/status/1357467668501065728","username":"Anti-Left"},{"relevant_topic_guid":"ef28202b0ad7bd4548b5f5b3cc355447","cnt_retweet":"0","publish_time":"20210206004536","page_action_type":"08","cnt_agree":"0","topic_guid":"a937ee3fde03f4817013347e8245a5af","userid":"HwfpF","cnt_comment":"0","content":"@caijingxiang 老套路又找到代孕的","url":"https://twitter.com/HwfpF/status/1357732116138655746","username":"migratory bird"},{"relevant_topic_guid":"b6de3eb983adbcf6744570134bc0dfa6","cnt_retweet":"0","publish_time":"20210119103547","page_action_type":"08","cnt_agree":"8","topic_guid":"b35eba815fd49ab6068deb16ddc020ea","userid":"tflmw1","cnt_comment":"0","content":"@wongkim728 正直人不会为窃贼喝彩。","url":"https://twitter.com/tflmw1/status/1351357658033397762","username":"tflmw"},{"relevant_topic_guid":"2d699aa01ceaa66f8a6509ef5ddee1fa","cnt_retweet":"0","publish_time":"20210206031208","page_action_type":"08","cnt_agree":"0","topic_guid":"146d3d11048081899d741f19c03c0c08","userid":"Khanbaliq1","cnt_comment":"0","content":"@Dinastiachip Entre 15 millones de habitantes jajajaj","url":"https://twitter.com/Khanbaliq1/status/1357768993109667842","username":"Khanbaliq"},{"relevant_topic_guid":"ef28202b0ad7bd4548b5f5b3cc355447","cnt_retweet":"0","publish_time":"20210206005916","page_action_type":"08","cnt_agree":"0","topic_guid":"062980af70031c7c09a0a3bf0e518e2c","userid":"9SVnv1o2MjWiPUT","cnt_comment":"0","content":"@caijingxiang 取代美元支付系统","url":"https://twitter.com/9SVnv1o2MjWiPUT/status/1357735553677074432","username":"Παθιασμένος σπαθίς άσπλαχνος σπαθί"},{"relevant_topic_guid":"ef28202b0ad7bd4548b5f5b3cc355447","cnt_retweet":"0","publish_time":"20210206094721","page_action_type":"08","cnt_agree":"0","topic_guid":"03cc8aa5ad47f5e5141d2fae79bbcfd4","userid":"Chou65392563","cnt_comment":"0","content":"@caijingxiang 這樣的股權安排，證明真的要玩大了。","url":"https://twitter.com/Chou65392563/status/1357868453219033088","username":"Chou"},{"relevant_topic_guid":"d768bac84aa474963bcf851a39ebe946","cnt_retweet":"0","publish_time":"20210205044118","page_action_type":"08","cnt_agree":"5","topic_guid":"86bbfbc1fb8a7a8919d5286af8aec3a9","userid":"Hoyooyoo","cnt_comment":"0","content":"所以本推关注黄金、粮食、武器和赌场的投资机会。因为，囤好了粮食、武器以及黄金，疫情变种也不知道要多少次，所以不出门打仗的就别出门了，安心在家打QQ麻将吧！哈哈哈，推友中有没有做技术的同学，本人工作室正在研发德州扑克AI机器人，迎接末世的狂欢！欢迎留言加入一起赚钱","url":"https://twitter.com/Hoyooyoo/status/1357429044527079426","username":"秋生"},{"relevant_topic_guid":"b6de3eb983adbcf6744570134bc0dfa6","cnt_retweet":"0","publish_time":"20210119184743","page_action_type":"08","cnt_agree":"0","topic_guid":"109b71ac716afee1ae8615b77c91b84b","userid":"wxy62102","cnt_comment":"0","content":"@wongkim728 川普说不参加拜登的就职典礼，拜登回应说倆人终于找到了都认可的事。都78十岁的老头子了，还像小朋友斗架，现在的这些人身上还真是看不到政治家的风度。就一个旁观者来看，他们都应该有更恰当的处理方式，但是似乎却选了最糟的","url":"https://twitter.com/wxy62102/status/1351481459379355651","username":"wxy62102"},{"relevant_topic_guid":"ef28202b0ad7bd4548b5f5b3cc355447","cnt_retweet":"0","publish_time":"20210205151249","page_action_type":"08","cnt_agree":"1","topic_guid":"adfb7e79ea55b0d0753386a2572d80bc","userid":"gtvgood1","cnt_comment":"0","content":"@caijingxiang 亚投行一样的，用你就是爹，你要用他，你喊爹也没用。","url":"https://twitter.com/gtvgood1/status/1357587972170809346","username":"以毒灭共/盼穆钢回归/爱听不听"},{"relevant_topic_guid":"ef28202b0ad7bd4548b5f5b3cc355447","cnt_retweet":"0","publish_time":"20210205145812","page_action_type":"08","cnt_agree":"3","topic_guid":"d9d0f5ec01655f49354378891001d88d","userid":"cn_iter","cnt_comment":"0","content":"@caijingxiang 蒋介石、蒋经国先生们对中共的研究成果，美国人应该了解下。与中共玩，只要你接触它，你就已经输了。","url":"https://twitter.com/cn_iter/status/1357584291224461313","username":"James Wood"}]