[{"relevant_topic_guid":"a34ae4f88e52896db670d8689cb918a8","cnt_retweet":"0","publish_time":"20210925103522","page_action_type":"11","cnt_agree":"0","topic_guid":"a34ae4f88e52896db670d8689cb918a8","userid":"1848981204","cnt_comment":"0","content":"回复@崽爸比:是用黄金白银来抵押发行的是吧//@崽爸比:那是人民币//@-中中中间-:那央行数字货币算虚拟币吗//@黄鱼Veda:转发微博 RT:@21世纪经济报道 【央行：#虚拟货币业务属于非法金融活动#】近日，人民银行等十部门发布《关于进一步防范和处置虚拟货币交易炒作风险的通知》，明确虚拟货币和相关业务活动本质属性。根据《通知》，虚拟货币不具有与法定货币等同的法律地位，虚拟货币相关业务活动属于非法金融活动，境外虚拟货币交易所通过互联网向我国 ...全文","url":"https://m.weibo.cn/status/4685263475837876","username":"-中中中间-"},{"relevant_topic_guid":"e7abc2adce3f88ffc4347d1a14b7b4ac","cnt_retweet":"0","publish_time":"20210925165556","page_action_type":"07","cnt_agree":"1","topic_guid":"e7abc2adce3f88ffc4347d1a14b7b4ac","userid":"3899688796","cnt_comment":"0","content":"如果没有手机，还能使用“数字人民币”吗？#迈向数字文明新时代# “数字人民币”，是由中国人民银行发行的数字形式的法定货币。各家银行推出了“数字人民币”硬钱包，虽形态各不相同，但都相当于钱包，且更小巧轻便，具备科技感 舟山","url":"https://m.weibo.cn/status/4685359243332055","username":"做人真烦1977"},{"relevant_topic_guid":"d84bef48e3160934441460286c2fd731","cnt_retweet":"0","publish_time":"20210925144509","page_action_type":"07","cnt_agree":"0","topic_guid":"d84bef48e3160934441460286c2fd731","userid":"3867381926","cnt_comment":"0","content":"中国人民银行数字货币研究所副所长狄刚9月24日在2021中关村论坛平行论坛之“区块链与数字经济发展论坛”上表示，数字货币研究所近年来聚焦区块链的具体实践。比如，在数字人民币的发行层基于区块链构建统一分布式帐本，提升对账效率，积极在数字人民币系统中探索区块链应用等。还在国际清算银行创新中心支持下，发起了多边央行数字货币桥项目。同时，在科技部支持下，央行贸易金融区块链平台也重点应用了区块链。","url":"https://m.weibo.cn/status/4685326331416063","username":"彭哥论市"},{"relevant_topic_guid":"f3f9a4c46b179cc6ceacd70bce888489","cnt_retweet":"0","publish_time":"20210925143154","page_action_type":"07","cnt_agree":"0","topic_guid":"f3f9a4c46b179cc6ceacd70bce888489","userid":"6460409821","cnt_comment":"0","content":"央行数研所狄刚：积极在数字人民币系统中探索区块链应用 据中证网9月25日报道，中国人民银行数字货币研究所副所长狄刚9月24日在2021中关村论坛平行论坛之“区块链与数字经济发展论坛”上表示，数字货币研究所近年来聚焦区块链的具体实践。比如，在数字人民币的发行层基于区块链构建统一分布式帐本，提升对账效率，积极在数字人民币系统中探索区块链应用等。还在国际清算银行创新中心支持下，发起了多边央行数字货币桥项目。同时，在科技部支持下，央行贸易金融区块链平台也重点应用了区块链。现在区块链还是在发展过程的新鲜事物，应从概念层、逻辑层、操作层三个层面统一认识。目前大家讨论区块链比较多，但不在一个维度。因此，要在概念层面上先统一，这样逻辑层、操作层上才不会混乱。 在产业方面，狄刚表示，需要形成区块链的价值链、创新链、产业链协同发展，进一步加强标准统筹和外部数据导入。“虽然现在建立了很多区块链，但更多是旧的孤岛被新的孤岛代替，旧的壁垒消除又产生新的壁垒。要避免这种情况，需要加大顶层设计，实现业务互通，形成产业共治，从而实现产业创新。” 此外，在区块链技术发展方面，狄刚建议，加大基础理论研究，通过区块链体系创新，开源体系研究和可信技术、共识算法创新、密码理论创新等，实现基础理论的突破；核心技术方面，着力突破包括智能合约创新、区块链网络技术、芯片和硬件、区块链安全、跨链、监管审计、威胁监测等；制定核心技术标准，建立标准体系；政策保障方面，建议推出产业引导和扶持政策、技术创新成果转化和激励机制等。此外，他还认为，可以从专项示范、产研协同、人才培养、生态共建等方面入手发展区块链技术。","url":"https://m.weibo.cn/status/4685322996158304","username":"世链财经"},{"relevant_topic_guid":"6b6b4ff018fbc5ff20454d2545f02766","cnt_retweet":"0","publish_time":"20210925143833","page_action_type":"07","cnt_agree":"0","topic_guid":"6b6b4ff018fbc5ff20454d2545f02766","userid":"3212636100","cnt_comment":"0","content":"#学党史 悟思想 办实事 开新局#【城心农意 “鹿”力同心】近日，农行苏州昆山分行与昆山城投集团开展党建结对签约仪式。昆山城投集团近年来围绕当地市委、市政府中心，在城市更新、空间改造、功能和品质提升等领域发挥着主力军作用。本次双方通过深入党史共学联学，以“数字人民币”为议程主题，“我为群众办实事”为基调，发挥农行金融服务实体经济和“三农”国家队作用，戮力同心，通过多种形式开展多样化合作，为推动数字鹿城（昆山）建设添砖加瓦。图：昆山分行综合管理部（by sz）","url":"https://m.weibo.cn/status/4685324669686689","username":"中国农业银行江苏分行"},{"relevant_topic_guid":"ec4550a4840d4c16fae5dc5a84b73e38","cnt_retweet":"0","publish_time":"20210926153744","page_action_type":"07","cnt_agree":"0","topic_guid":"ec4550a4840d4c16fae5dc5a84b73e38","userid":"6460409821","cnt_comment":"0","content":"发布了头条文章：《穆长春：数字人民币是发展金融普惠的重要推手》 穆长春：数字人民币是发展金融普惠的重要推手","url":"https://m.weibo.cn/status/4685701951787952","username":"世链财经"},{"relevant_topic_guid":"df41cff5f22357ebcf68ad71d3533912","cnt_retweet":"0","publish_time":"20210926143545","page_action_type":"07","cnt_agree":"0","topic_guid":"df41cff5f22357ebcf68ad71d3533912","userid":"5466251472","cnt_comment":"0","content":"#三年定投屯币血本无归计划#今天是2021.9.26，屯币计划第5周。 准备每个月拿出自己可承受归零风险的微仓位3000人民币[500U] 进行定投数字货币资产，无论短期行情走势如何，只要不归零，坚持做到三年内只定期屯币，不做任何的卖出操作，从2021.8.19起尽量周更新微博。 几个目的： 1.通过打卡这种形式主义的方式强迫自己养成【币本位】的交易思维； 2.与人性中追涨杀跌、上头梭哈的缺陷基因强行隔离开； 3.把一部分用来购买“负债”的现金转化为购买“资产”。因为每个月这点钱如果不规划的话，大概率会不知不觉变成各种垃圾吃进我的肚子里，变成多余的脂肪，这是一种健康负债； 4.提高中途放弃的心里成本； 以下是个人规划的仓位及币种配置（不构成任何投资建议） 1.FIL （40％） 2.FIRO （30％） 3.ENJ （15％） 4.SHIB （15％） 因为定投部分仓位很小，哪怕归零（基本不可能），风险个人也可承受。所以选择了一些我一直以来认为潜力比风险大得多的一些小众币种，正常定投还是应该以比特币、以太等主流币为主。 ------------分割线------------ 【2021.9.26】持仓详情及盈亏比： 1.FIL 现价：56.23u 持有个数：4.9个 持有总价：1780元 持仓成本：2400元 利润率：-25.8％ 2.FIRO 现价：5.46u 持有个数：40.04个 持有总价：1414元 持仓成本：1800元 利润率：+21.4％ 3.ENJ 现价：1.354u 持有个数：87.47个 持有总价：768元 利润率：-14.6％ 4.SHIB 现价：0.0000071u 持有个数：19146406个 持有总价：881元 持仓成本：900元 利润率：-3％ 总价值：4855 总利润率：-20％ 随着内部政策的又一次打压。短短的一周时间，定投部分的盈亏就从+5到-20。 在这次力度最大、范围最广的政策打击下，比特币仅仅下跌了6个点。回想一下312、94、519，再到这次的924，国内力度越来越大，但对于比特币的影响却越来越小。数字货币终于从去中心化，实现了“去中国化”。这样也好，最好让比特币这种垃圾东西永远滚出中国。 话说回来，我真的有点忍不住提前定投。这么优质的进场时机，或许今年再也见不到了。 再等等看，可能会调整定投策略了，以后遇到大跌，可能会将时间提前。 #比特币#","url":"https://m.weibo.cn/status/4685686353430586","username":"-Simon76"},{"relevant_topic_guid":"fd5d793e527bdd6e823ac86e444a8743","cnt_retweet":"0","publish_time":"20210926142500","page_action_type":"07","cnt_agree":"0","topic_guid":"fd5d793e527bdd6e823ac86e444a8743","userid":"3173020171","cnt_comment":"0","content":"【带着太空来展览！成都科幻领头羊亮相头部博览会，亮出又一个《三体》级IP……】2018年，首届成都（国际）数字娱乐博览会（简称“IGS博览会”）在成都西部国际博览会开展，全球顶级数字文化IP齐聚，3天时间，实现10亿元人民币累计交易总额。两年之后，第二届如期到来，这场盛会更是纵身一跃，成为中西部规模最大、最具行业影响力的数字娱乐博览会。带着太空来展览！成都科幻领头羊亮相头部博览会，亮出又一个《三体》级IP……","url":"https://m.weibo.cn/status/4685683647840808","username":"温江寿安镇"},{"relevant_topic_guid":"70b77721d529a475a1553efb845b5aaa","cnt_retweet":"0","publish_time":"20210926121900","page_action_type":"07","cnt_agree":"0","topic_guid":"70b77721d529a475a1553efb845b5aaa","userid":"2768131600","cnt_comment":"0","content":"【带着太空来展览！成都科幻领头羊亮相头部博览会，亮出又一个《三体》级IP……】2018年，首届成都（国际）数字娱乐博览会（简称“IGS博览会”）在成都西部国际博览会开展，全球顶级数字文化IP齐聚，3天时间，实现10亿元人民币累计交易总额。两年之后，第二届如期到来，这场盛会更是纵身一跃，成为中西部规模最大、最具行业影响力的数字娱乐博览会。带着太空来展览！成都科幻领头羊亮相头部博览会，亮出又一个《三体》级IP……","url":"https://m.weibo.cn/status/4685651939165352","username":"成都大丰_城北副中心_商居名都"},{"relevant_topic_guid":"1174ed5d4f64cd8c3aac263b56b6591d","cnt_retweet":"0","publish_time":"20210926121300","page_action_type":"07","cnt_agree":"0","topic_guid":"1174ed5d4f64cd8c3aac263b56b6591d","userid":"2948989832","cnt_comment":"0","content":"【带着太空来展览！成都科幻领头羊亮相头部博览会，亮出又一个《三体》级IP……】2018年，首届成都（国际）数字娱乐博览会（简称“IGS博览会”）在成都西部国际博览会开展，全球顶级数字文化IP齐聚，3天时间，实现10亿元人民币累计交易总额。两年之后，第二届如期到来，这场盛会更是纵身一跃，成为中西部规模最大、最具行业影响力的数字娱乐博览会。带着太空来展览！成都科幻领头羊亮相头部博览会，亮出又一个《三体》级IP……","url":"https://m.weibo.cn/status/4685650429215389","username":"双流城管"},{"relevant_topic_guid":"7205103855cd03e853bc7aa50a28b80c","cnt_retweet":"0","publish_time":"20210926071940","page_action_type":"07","cnt_agree":"3","topic_guid":"7205103855cd03e853bc7aa50a28b80c","userid":"6352876244","cnt_comment":"2","content":"《央行数研所狄刚：积极在数字人民币系统中探索区块链应用》还在国际清算银行创新中心支持下，发起了多边央行数字货币桥项目。同时，在科技部支持下，央行贸易金融区块链平台也重点应用了区块链。网页链接","url":"https://m.weibo.cn/status/4685576613135066","username":"环球新视界"},{"relevant_topic_guid":"5756367198a7b845e534cedd98e675e8","cnt_retweet":"0","publish_time":"20210925203816","page_action_type":"07","cnt_agree":"0","topic_guid":"5756367198a7b845e534cedd98e675e8","userid":"5236262843","cnt_comment":"0","content":"我明天一定要再去趟便利店！某数字人民币红包要过期了哈哈哈（还得是全家 鬼知道我在罗森为什么不好刷*","url":"https://m.weibo.cn/status/4685415196398187","username":"Leslie12956"},{"relevant_topic_guid":"cbd0b76e53cf0ec7f1687e6dbd4d24c9","cnt_retweet":"0","publish_time":"20210927232300","page_action_type":"07","cnt_agree":"0","topic_guid":"cbd0b76e53cf0ec7f1687e6dbd4d24c9","userid":"1952779165","cnt_comment":"0","content":"让他给我下个掌银搞个数字人民币，磨磨唧唧还絮絮叨叨，应付刷脸。下载掌银后惊喜发现总资产居然有249.63，立刻笑着跳起来认真按流程操作。*果然是最好的驱动力！","url":"https://m.weibo.cn/status/4686181428631486","username":"Kelly_冬安"},{"relevant_topic_guid":"ae6a16ffbf8724fd689a69965ef95d2a","cnt_retweet":"0","publish_time":"20210927135130","page_action_type":"07","cnt_agree":"0","topic_guid":"ae6a16ffbf8724fd689a69965ef95d2a","userid":"3926420375","cnt_comment":"0","content":"鸿蒙系统将与数字人民币合作，未来将会应用配备鸿蒙的更多场景中 9月10日信息，今天，“2021中国（北京）数字金融论坛”在京举行，社区论坛上，数字人民币与鸿蒙生态环境的相互合作情景演试第一次现身。 据报道，依托于HarmonyOS的数字人民币原子化服务项目可以完成数字人民币收付款、支付款的功能模块。 与此同时，顾客还可将数字人民币服务项目信用卡立即添加到桌面上，仅需点击一下就可以收付款。 与此同时，数字人民币信用卡还能够一键流动到智能手表等智能产品上 值得一提的是，除原子化服务项目外，数字人民币将来还可使用HarmonyOS超级终端的优点，讨论在兼容HarmonyOS分布式功能模块的第三方设施上立即体验数字人民币服务项目的概率。 华为消费者业务流程AI与智慧全情景副总裁段孟然，在分社区论坛上讲解了将来鸿蒙生态环境与数字人民币生态环境相互合作很有可能产生的越来越多新情景的撞击。 段孟然表明，比如说将来兼容HarmonyOS分布式功能模块的带屛的冰箱、跑步机、家居中控等智能家居设施，充电桩、POS机、ATM等智能终端设施，均有可能完成数字人民币的便捷支付、收付款，产生万物互联，物物支付的年代。 根据了解，数字人民币，是由中国人民银行发行的数字形式的法定货币，由指定的运营组织参加运营并向公众兑换，以广义银行账户管理体系为基本，兼容银行账户松耦合功能模块，与纸钞硬币等价，有着价值特征和法偿性，兼容可控匿名。","url":"https://m.weibo.cn/status/4686037606204594","username":"Onelife维卡区块链--程成"},{"relevant_topic_guid":"02a9b4718952b923dee513a2b724a316","cnt_retweet":"0","publish_time":"20210927175956","page_action_type":"11","cnt_agree":"0","topic_guid":"02a9b4718952b923dee513a2b724a316","userid":"2621667750","cnt_comment":"0","content":"自媒体请不要乱带节奏，这个数字人民币支持的意思是NFC亿通卡支持数字人民币结算，真正的支持数字人民币是像华为一样支持人对人双离线碰一碰支付和在线扫码支付 RT:@Geek_Cao #小米Civi#搭载骁龙778G芯片，支持《王者荣耀》90帧高帧率；拥有塔式散热，55W 充电，杜比全景声双扬声器，拟人小爱同学…… 支持NFC，支持数字人民币，支持地铁先刷卡后充值功能。","url":"https://m.weibo.cn/status/4686100130432633","username":"耿直的猪"},{"relevant_topic_guid":"284fec49f150adc21c98f4a451730493","cnt_retweet":"0","publish_time":"20210927175739","page_action_type":"07","cnt_agree":"0","topic_guid":"284fec49f150adc21c98f4a451730493","userid":"5149071843","cnt_comment":"0","content":"区块链 与 加密行业 —— 国家想搞的是： 私有链区块链产业，和人民币数字化支持nfc。 资本机构想搞的是： 联盟链，代币通证，私募和集资。 区块链行业先锋，散户想搞的和支持的是： 公链。节点程序记账，权利下放到自家电脑的公链。并且能够落地支付。而不是搞通证代币接盘社区。 互联网darkweb圈子需要的是： 匿名交易支付。不受域名和实名的监管。 —— 润泽. （2021.09.）","url":"https://m.weibo.cn/status/4686099551096667","username":"派币PiNetwork"},{"relevant_topic_guid":"fcd9756ee4e02abf24355b5b0eb4f2df","cnt_retweet":"0","publish_time":"20210928061015","page_action_type":"07","cnt_agree":"0","topic_guid":"fcd9756ee4e02abf24355b5b0eb4f2df","userid":"6456772530","cnt_comment":"0","content":"$中国电信 hk00728$ 中国电信上线 数字人民币钱包，点击链接查看更多-\u003e中国电信上线 数字人民币钱包","url":"https://m.weibo.cn/status/4686283915658559","username":"个股资讯"},{"relevant_topic_guid":"3114f14ab0b4c65880187627860e5772","cnt_retweet":"0","publish_time":"20210925145511","page_action_type":"07","cnt_agree":"0","topic_guid":"3114f14ab0b4c65880187627860e5772","userid":"2908123581","cnt_comment":"0","content":"第一次体验数字人民币","url":"https://m.weibo.cn/status/4685328856384053","username":"我的梦想是肥宅"},{"relevant_topic_guid":"ab689872fbb1bd976438b8e5c757a97b","cnt_retweet":"0","publish_time":"20210925123443","page_action_type":"07","cnt_agree":"3","topic_guid":"ab689872fbb1bd976438b8e5c757a97b","userid":"6146466213","cnt_comment":"0","content":"印度有很多贪官。印度之前换发纸币，作废之前的纸币。影响不大。我国有很多清官。我国2022年可能会普及数字人民币。人民币的名义中那面钱墙里面的钱要去哪儿？","url":"https://m.weibo.cn/status/4685293506004930","username":"金本位币"},{"relevant_topic_guid":"46350f8b3841f357904d46b6712420ac","cnt_retweet":"0","publish_time":"20210925152900","page_action_type":"07","cnt_agree":"0","topic_guid":"46350f8b3841f357904d46b6712420ac","userid":"6581359737","cnt_comment":"1","content":"中国人民银行数字货币研究所副所长狄刚9月24日在2021中关村论坛平行论坛之“区块链与数字经济发展论坛”上表示，数字货币研究所近年来聚焦区块链的具体实践。比如，在数字人民币的发行层基于区块链构建统一分布式帐本，提升对账效率，积极在数字人民币系统中探索区块链应用等。还在国际清算银行创新中心支持下，发起了多边央行数字货币桥项目。同时，在科技部支持下，央行贸易金融区块链平台也重点应用了区块链。 (中证报)","url":"https://m.weibo.cn/status/4685337366888923","username":"寻股识途"},{"relevant_topic_guid":"6aab45f54d988068eccd1464deac9365","cnt_retweet":"0","publish_time":"20210926065105","page_action_type":"11","cnt_agree":"0","topic_guid":"6aab45f54d988068eccd1464deac9365","userid":"6520387752","cnt_comment":"0","content":"成都市数字人民币公交试点节能减碳超1万吨#区块链技术# RT:@辛泓睿 区块链快讯 | 09月26日 星期日1、蚂蚁链官方声明：反对一切形式的区块链数字藏品炒作2、首个区块链数据服务团体标准亮相，欧科云链与各方共谋数字化转型3、成都市数字人民币公交试点节能减碳超1万吨4、央行数研所狄刚：积极在数字人民币系统中探索区块链应用5、GQ实验室和COACH将在新栏目艺术观察 ...全文","url":"https://m.weibo.cn/status/4685569416496188","username":"中联食良"},{"relevant_topic_guid":"5ef3db674856aa0e5ee5da69c0e887ac","cnt_retweet":"10","publish_time":"20210926064430","page_action_type":"07","cnt_agree":"17","topic_guid":"5ef3db674856aa0e5ee5da69c0e887ac","userid":"2405635012","cnt_comment":"14","content":"区块链快讯 | 09月26日 星期日 1、蚂蚁链官方声明：反对一切形式的区块链数字藏品炒作 2、首个区块链数据服务团体标准亮相，欧科云链与各方共谋数字化转型 3、成都市数字人民币公交试点节能减碳超1万吨 4、央行数研所狄刚：积极在数字人民币系统中探索区块链应用 5、GQ实验室和COACH将在新栏目艺术观察站中合作创作NFT艺术品 —内容源自网络— #区块链新闻# 、#数字人民币#、#元宇宙#","url":"https://m.weibo.cn/status/4685567759745587","username":"辛泓睿"},{"relevant_topic_guid":"c15b6981e299b1e03e2316693d2593e1","cnt_retweet":"0","publish_time":"20210926082624","page_action_type":"07","cnt_agree":"0","topic_guid":"c15b6981e299b1e03e2316693d2593e1","userid":"2517236371","cnt_comment":"0","content":"九月的考勤我不知道怎么编了，天天迟到，数字人民币也不能天天背锅啊 南昌","url":"https://m.weibo.cn/status/4685593403723464","username":"洁明洁明"},{"relevant_topic_guid":"3695a8d708ad9a939fe3cd145e9994b7","cnt_retweet":"0","publish_time":"20210925201333","page_action_type":"07","cnt_agree":"0","topic_guid":"3695a8d708ad9a939fe3cd145e9994b7","userid":"5242164354","cnt_comment":"0","content":"发布了头条文章：《200元数字人民币面世！如何使用》 200元数字人民币面世！如何使用","url":"https://m.weibo.cn/status/4685408975984020","username":"朝旭洪"},{"relevant_topic_guid":"4f677604c95d1716b5cf7305f9bfbc36","cnt_retweet":"0","publish_time":"20210925194407","page_action_type":"07","cnt_agree":"0","topic_guid":"4f677604c95d1716b5cf7305f9bfbc36","userid":"2218263880","cnt_comment":"0","content":"9月25日，紫光集团于在京举行的第24届北京科博会上集中展示了最新的芯云科技产品，包括第三代三维闪存芯片（128层）、全球首款采用6nm EUV工艺的新一代5G移动平台、国内首颗支持高级语言编程的网络处理器芯片智擎（Engiant）660，以及SeDRAM、量子安全超级SIM卡、数字人民币解决方案等，展示芯片超过100颗；同时，紫光集团还全面呈现了在云网基础设施、云计算、智慧城市、智慧教育、智慧安全应用等领域的重要成果。","url":"https://m.weibo.cn/status/4685401568842796","username":"照亮不了现实的梦"},{"relevant_topic_guid":"9a937a02948e3d571e2db5f1c4e07b29","cnt_retweet":"1","publish_time":"20210925224726","page_action_type":"07","cnt_agree":"6","topic_guid":"9a937a02948e3d571e2db5f1c4e07b29","userid":"5748988380","cnt_comment":"9","content":"苏州元和街道居民网页链接 数字人民币红包试点客户采取定向 苏州元和街道居民，通过抽签方式产生，通过“美丽元和”微信公众号平台完成活动预约，下载并注册个人钱包，中签人员要求为GPS定位在苏州元和街道范围内的人员。","url":"https://m.weibo.cn/status/4685447701730700","username":"小屁屁找"},{"relevant_topic_guid":"dc7d6f998231f85a64913e663bfb5c38","cnt_retweet":"0","publish_time":"20210925191225","page_action_type":"07","cnt_agree":"1","topic_guid":"dc7d6f998231f85a64913e663bfb5c38","userid":"3295924870","cnt_comment":"0","content":"中国人民银行数字货币研究所副所长狄刚在 2021 中关村论坛平行论坛之「区块链与数字经济发展论坛」上表示，数字货币研究所近年来聚焦区块链的具体实践：在数字人民币的发行层基于区块链构建统一分布式帐本；在国际清算银行创新中心支持下，发起了多边央行数字货币桥项目；在科技部支持下，央行贸易金融区块链平台也重点应用了区块链。狄刚表示，目前大家讨论区块链比较多，但不在一个维度。应从概念层、逻辑层、操作层三个层面统一认识区块链，要在概念层面上先统一，这样逻辑层、操作层上才不会混乱。 在产业方面，狄刚表示，需要形成区块链的价值链、创新链、产业链协同发展，进一步加强标准统筹和外部数据导入；在区块链技术发展方面，加大基础理论研究；核心技术方面，着力突破包括智能合约创新、区块链网络技术、芯片和硬件、区块链安全、跨链、监管审计、威胁监测等；制定核心技术标准，建立标准体系；政策保障方面，建议推出产业引导和扶持政策、技术创新成果转化和激励机制等。","url":"https://m.weibo.cn/status/4685393591535873","username":"东子论币"},{"relevant_topic_guid":"ce106f0da1261efac5a1f19592e5b33e","cnt_retweet":"0","publish_time":"20210925190029","page_action_type":"11","cnt_agree":"0","topic_guid":"ce106f0da1261efac5a1f19592e5b33e","userid":"5136371301","cnt_comment":"0","content":"建议取消数字支付，实体人民币更直观//@Meowsic:iphone13 pro max重235g，等重的10元人民币面值约三千一百元，等重的50元人民币面值约一万两千四百元，基本上就是1T版本的价格。 RT:@表演过度鉴赏 怕你们不知道，#原来iPhone13这么厚##幽默学园招新季#","url":"https://m.weibo.cn/status/4685390588415035","username":"二毛和铁柱"},{"relevant_topic_guid":"35ec4d8f1ee2335dfebe2e15eca913eb","cnt_retweet":"0","publish_time":"20210926095751","page_action_type":"07","cnt_agree":"0","topic_guid":"35ec4d8f1ee2335dfebe2e15eca913eb","userid":"1445876417","cnt_comment":"0","content":"【央行：积极在数字人民币系统中探索区块链应用】央行数字货币研究所副所长狄刚表示，数字货币研究所近年来聚焦区块链的具体实践。比如，在数字人民币的发行层基于区块链构建统一分布式帐本，提升对账效率，积极在数字人民币系统中探索区块链应用等。","url":"https://m.weibo.cn/status/4685616417868009","username":"科技金融在线"},{"relevant_topic_guid":"97ab82fac0d2d961e278de4f1dfe7761","cnt_retweet":"0","publish_time":"20210926103515","page_action_type":"07","cnt_agree":"0","topic_guid":"97ab82fac0d2d961e278de4f1dfe7761","userid":"6657265652","cnt_comment":"0","content":"毛球科技2021.9.26早报速递：1.萨尔瓦多总统：三分之一的萨尔瓦多人正使用Chivo钱包2.央行数研所狄刚：积极在数字人民币系统中探索区块链应用3.以太坊2.0存款合约中的ETH总价值创历史新高4.美国众议院预算委员决定推进拜登的税收和社会支出计划","url":"https://m.weibo.cn/status/4685625829101013","username":"毛球科技"},{"relevant_topic_guid":"f384affe52f9568e566cfc68c334116f","cnt_retweet":"0","publish_time":"20210927102931","page_action_type":"07","cnt_agree":"0","topic_guid":"f384affe52f9568e566cfc68c334116f","userid":"6657265652","cnt_comment":"0","content":"毛球科技2021.9.27早报速递：1.光大理财推出数字人民币理财特色主题产品2.布局基础设施建设数字南沙，区块链技术融入多元场景3.刘慈欣等科幻作家签名科幻卡牌登陆蚂蚁链粉丝粒4.数据：以太坊稳定币流通总量突破850亿美元，创历史新高","url":"https://m.weibo.cn/status/4685986774388739","username":"毛球科技"},{"relevant_topic_guid":"f43ecc1ffd65c3877d756680bbaf177c","cnt_retweet":"0","publish_time":"20210927155023","page_action_type":"07","cnt_agree":"0","topic_guid":"f43ecc1ffd65c3877d756680bbaf177c","userid":"6253103104","cnt_comment":"0","content":"【第十一届北京国际电影节：全球首套5G电影传输自动化放映系统正式应用】 9月25日，第十一届北京国际电影节“电影市场”签约环节，39家企业机构44个重点项目签约，签约总额352.23亿元。其中《中国移动5G技术影视产业合作协议》项目投资5000万人民币，推动影院向数字化转型。据了解本届北京国际电影节“北京展映”单元，保利天安门影城已经成功实现通过5G传输《社交网络》等多部北影节展映影片，成为全球首家实现5G传输影片的商业影院，影片实际传输速率达到800Mbps，全程零丢包、零卡顿。（央视新闻）","url":"https://m.weibo.cn/status/4686067523655398","username":"全天候科技"},{"relevant_topic_guid":"2c4494db790ed9c402b2901dccf4be2c","cnt_retweet":"0","publish_time":"20210927172134","page_action_type":"07","cnt_agree":"0","topic_guid":"2c4494db790ed9c402b2901dccf4be2c","userid":"7506984709","cnt_comment":"0","content":"深圳市人才安居集团旗下龙华人才安居公司与农业银行深圳凤凰支行、建设银行深圳龙华支行、交通银行深圳龙华支行就龙华人才安居数字人民币应用正式签署战略合作框架协议，率先在租金缴交、物业服务等方面，搭建交易频次高、使用人数广的数字人民币应用场景。","url":"https://m.weibo.cn/status/4686090470428753","username":"区块新视点"},{"relevant_topic_guid":"e606ddb5d94d06174ac258a79ee4e2a8","cnt_retweet":"0","publish_time":"20210927172200","page_action_type":"07","cnt_agree":"0","topic_guid":"e606ddb5d94d06174ac258a79ee4e2a8","userid":"1995032157","cnt_comment":"0","content":"大家现在都不喜欢收人民币呀，我说谁给我换一下转账，都说花不出去数字时代～ 石家庄·中山西路","url":"https://m.weibo.cn/status/4686090580005910","username":"夏夏小洁"},{"relevant_topic_guid":"47871444405f975e5b601436a3cade77","cnt_retweet":"0","publish_time":"20210926113842","page_action_type":"07","cnt_agree":"0","topic_guid":"47871444405f975e5b601436a3cade77","userid":"1307551211","cnt_comment":"0","content":"我对9.24文件的一些看法， 郭家必须在冬奥会前拄行数字人民币DCEP，所有币都要给DCEP让路， 希望各小国家未来持有DCEP比如萨瓦尔多。 未来有可能的话会用DCED取代USDT. 大家是不是明白了点什么。 把资金逼出去，促进美元泡破裂，让北交所开门红。 字少，事大，这次我也不过多讲，自己品 1，国家发展的数字货币是由中国人民银行发行，的数字货币，与现实版人民币相同，与比特币，以太坊二个概念 2，中国人民银行推行的数字钱包，使用的是区块链技术，包括去中心化的冷钱包。与币圈钱包不同 3，联合国推行的也是由各国国家银行发行的数字货币。非市场币圈货币 但是希望有一天。只要共识群体大。联合国一定会承认的。时间问题。 以下是中国农业银行数字钱包介绍，已经在测试使用阶段 什么是数字人民币？为什么要发行数字人民币？数字货币和支付宝、微信支付有什么区别？如何替代现金？了解这些问题，对每个人都十分必要。 央行数字货币（DC/EP），正在内部测试支付等领域的应用场景。 4月16日，数位银行业内人士对21世纪经济报道记者表示，数字货币由央行牵头进行，各家银行内部正在就落地场景等进行测试，有的已经在内部员工中用于缴纳党费等支付场景。 【DC/EP试点场景】 多位业内人士指出，央行数字货币仍在内部研发阶段，央行一直在高度保密的情况下推进研发和场景测试，各大行内部研发一般由总行网络金融部门负责，具体推出没有时间表。 4月14日晚间，一张央行数字货币在农行账户内测的照片在网络流传开，消息称，央行数字货币在深圳、雄安、成都、苏州四个试点城市测试。 从网上流出的农行数字货币钱包截图看，其显示的主要功能与银行电子账户日常支付与管理功能基本相似，如农行数字货币钱包首页中，有“扫码支付”、“汇款”、“收付款”、“碰一碰”四大常用功能。 21世纪经济报道记者获悉，中国银行在一项名为“321工程”的项目中确定了数个试点数字货币的内部场景，经过前期的多次测试和准备工作，内部试点条件基本成熟，目前已在该行深圳等地内部App试点部分内部场景支付。 该场景为中行内部应用场景，尚未开发专门的电子钱包App，而是内嵌到已有的App中，用户交易流程与目前已有的支付工具没有明显差异：用户绑定银行卡后，可使用银行卡充值DC/EP电子钱包，通过电子钱包完成支付。","url":"https://m.weibo.cn/status/4685641797341115","username":"退思堂主"},{"relevant_topic_guid":"aa70d5f222f688855a30351112dc680c","cnt_retweet":"0","publish_time":"20210926110003","page_action_type":"07","cnt_agree":"0","topic_guid":"aa70d5f222f688855a30351112dc680c","userid":"2417149071","cnt_comment":"0","content":"【数字人民币 不一样的消费体验！】自2020年8月进入试点阶段以来，数字人民币逐渐进入了大众的视野。当前，数字人民币体系已基本完成顶层设计、标准制定、功能研发和联调测试等工作，其试点的城市和场景也在进一步扩大，越来越多的人开始接受这一新型货币形式。@北京市石景山 记者探访！数字人民币 不一样的消费体验！","url":"https://m.weibo.cn/status/4685632071535342","username":"北京市商务局"},{"relevant_topic_guid":"a9463b443a9ae6bd1a0fd738078d0ff2","cnt_retweet":"0","publish_time":"20210926232500","page_action_type":"11","cnt_agree":"2","topic_guid":"a9463b443a9ae6bd1a0fd738078d0ff2","userid":"6860868010","cnt_comment":"3","content":"#ipfs挖矿# 事实胜于雄辩，没多久就拉上来了。目前属于数字人民币跟美元泄洪区数字资产的博弈。未来不是人民币抛弃BTC而是比特币去人民币化。 查看图片 RT:@红枫论点 #ipfs挖矿#浅谈一下币圈观点:数字货币其实跟美联储的宽松政策息息相关。BTC就是美元的泄洪区，比方说比特币市值十万亿美金，变相等于承载了十万亿的美元通胀。包括我们现在主推的数字人民币其实就是国家做背书的区块链技术下的数字货币，对抗的是swift下的美国。个人观点是数字资产会有一席之地，只是 ...全文","url":"https://m.weibo.cn/status/4685819547485668","username":"红枫论点"},{"relevant_topic_guid":"a5c98b81dd5b9b0b2e689f99f5d60e11","cnt_retweet":"0","publish_time":"20210927142957","page_action_type":"07","cnt_agree":"2","topic_guid":"a5c98b81dd5b9b0b2e689f99f5d60e11","userid":"2430711645","cnt_comment":"0","content":"小米 Civi 的 NFC 升级，安卓首款支持「免充值」地铁卡（先上车再充值），支持数字人民币。","url":"https://m.weibo.cn/status/4686047282465956","username":"WHYLAB"},{"relevant_topic_guid":"5fd1d85915d45bb405a4a568a27bc97b","cnt_retweet":"0","publish_time":"20210927143003","page_action_type":"07","cnt_agree":"1","topic_guid":"5fd1d85915d45bb405a4a568a27bc97b","userid":"1931093993","cnt_comment":"0","content":"嗯，小米 Civi 也支持 NFC，并且支持免充值地铁卡，先上车再支付，还支持数字人民币。","url":"https://m.weibo.cn/status/4686047306582259","username":"热点科技"},{"relevant_topic_guid":"6298c28d3a089bf06b36639be48b0808","cnt_retweet":"0","publish_time":"20210927143019","page_action_type":"07","cnt_agree":"0","topic_guid":"6298c28d3a089bf06b36639be48b0808","userid":"5866308501","cnt_comment":"0","content":"小米Civi这次支持可以免充值的亿通行NFC地铁卡，还支持数字人民币支付","url":"https://m.weibo.cn/status/4686047378407909","username":"MyWishList买微力"},{"relevant_topic_guid":"12c755d0b6cf81ad58bf1f39b28a9a6b","cnt_retweet":"0","publish_time":"20210927143053","page_action_type":"07","cnt_agree":"1","topic_guid":"12c755d0b6cf81ad58bf1f39b28a9a6b","userid":"2703991177","cnt_comment":"0","content":"小米Civi是安卓首款支持免充值的地铁卡，意思就是要是你地铁卡没钱的话，可以先乘车后再去支付，这样如果你早上上班赶时间的话就不用等待充值了，而且它也支持数字人民币支付，还是非常方便的。#小米Civi新品发布会# #小米Civi售价#","url":"https://m.weibo.cn/status/4686047517346458","username":"科技地雷"},{"relevant_topic_guid":"e241d9318ff9a1a81e5d4680f324d642","cnt_retweet":"0","publish_time":"20210927142442","page_action_type":"07","cnt_agree":"0","topic_guid":"e241d9318ff9a1a81e5d4680f324d642","userid":"7506984709","cnt_comment":"0","content":"【深圳龙华人才安居与三大行牵手引入数字人民币】 深圳市人才安居集团旗下龙华人才安居公司与农业银行深圳凤凰支行、建设银行深圳龙华支行、交通银行深圳龙华支行就龙华人才安居数字人民币应用正式签署战略合作框架协议，率先在租金缴交、物业服务等方面，搭建交易频次高、使用人数广的数字人民币应用场","url":"https://m.weibo.cn/status/4686045961000571","username":"区块新视点"},{"relevant_topic_guid":"ff2a063497f0a0330f5182ad9388afec","cnt_retweet":"0","publish_time":"20210927143054","page_action_type":"07","cnt_agree":"0","topic_guid":"ff2a063497f0a0330f5182ad9388afec","userid":"5909334967","cnt_comment":"0","content":"#QLIVE# 小米 / 北京小米科技园 / 小米Civi 小米Civi搭载骁龙778G处理器，支持王者荣耀90帧，支持VRS技术，通过泰尔36个月抗老化认证，搭配55W氮化镓快充，立体声扬声器，全功能NFC，红外。小米Civi还是首款支持先刷卡后支付地铁卡功能，也支持数字人民币支付，支持小爱同学形象定制。 北京·小米科技园","url":"https://m.weibo.cn/status/4686047520230020","username":"innoQ新趣"},{"relevant_topic_guid":"b0076a7361891e2b5361ce37d278795d","cnt_retweet":"0","publish_time":"20210927221308","page_action_type":"07","cnt_agree":"0","topic_guid":"b0076a7361891e2b5361ce37d278795d","userid":"1783338902","cnt_comment":"0","content":"请问一下数字人民币用什么矿机挖?","url":"https://m.weibo.cn/status/4686163846369766","username":"小鲸简单点"},{"relevant_topic_guid":"11c28517bbd4a91b9da1c1ce11c41a35","cnt_retweet":"6","publish_time":"20210928075157","page_action_type":"07","cnt_agree":"20","topic_guid":"11c28517bbd4a91b9da1c1ce11c41a35","userid":"2405635012","cnt_comment":"11","content":"区块链快讯 | 09月28日 星期二 1、工信部：中国区块链企业已超过1400家，产业园区超过40个 2、龙华人才安居与农行、建行、交行签署数字人民币应用战略合作框架协议 3、长安链在北京海淀区已实现600余个政务服务场景落地 4、浙江遂昌围绕区块链等新一代信息技术举办“数字经济赛道”全球挑战赛 5、《2021中国高相关度区块链授权专利排行》发布：蚂蚁集团以631件排名第一 —内容源自网络— #区块链新闻# 、#数字人民币#、#元宇宙#","url":"https://m.weibo.cn/status/4686309510088253","username":"辛泓睿"},{"relevant_topic_guid":"e0c0d47be91845670db4aa8d0cc42294","cnt_retweet":"0","publish_time":"20210928091302","page_action_type":"07","cnt_agree":"0","topic_guid":"e0c0d47be91845670db4aa8d0cc42294","userid":"6312775910","cnt_comment":"0","content":"台湾地区史上首个NFT杂志封（60万人民币）Design by 聂永真随着数字化时代的发展，NFT未来可期…#平面设计##海报设计##封面设计##Nft#","url":"https://m.weibo.cn/status/4686329919308215","username":"HAO-DESIGN"},{"relevant_topic_guid":"da31f84a69d044b7dc3b10c6b8d2f300","cnt_retweet":"0","publish_time":"20210928094339","page_action_type":"07","cnt_agree":"0","topic_guid":"da31f84a69d044b7dc3b10c6b8d2f300","userid":"5479623361","cnt_comment":"0","content":"将数字人民币加入Apple Pay、HUAWEI PAY等手机钱包，然后直接用双击电源键进行支付，如果不行，至少将碰一碰加入应用长按界面。","url":"https://m.weibo.cn/status/4686337620313940","username":"随水行心"},{"relevant_topic_guid":"baec165a7fe86ba509b84132b92c0534","cnt_retweet":"1","publish_time":"20210924235603","page_action_type":"07","cnt_agree":"13","topic_guid":"baec165a7fe86ba509b84132b92c0534","userid":"5748988380","cnt_comment":"13","content":"美团APP搜索“数字人民币”限制：北京、上海、深圳、成都、西安、苏州、长沙、海南（海口、三亚)、雄安","url":"https://m.weibo.cn/status/4685102581551321","username":"小屁屁找"},{"relevant_topic_guid":"87a8f044e8ec4d5cd25fe78856104eeb","cnt_retweet":"0","publish_time":"20210918110808","page_action_type":"07","cnt_agree":"0","topic_guid":"87a8f044e8ec4d5cd25fe78856104eeb","userid":"1661037997","cnt_comment":"0","content":"杭州全家的自助机器可以直接扫码数字人民币了耶。 杭州·麦当劳(文三餐厅)","url":"https://m.weibo.cn/status/4682735002849824","username":"sanko"},{"relevant_topic_guid":"662bf037ffe1497609c0cff3310a4b8c","cnt_retweet":"0","publish_time":"20210918105302","page_action_type":"07","cnt_agree":"0","topic_guid":"662bf037ffe1497609c0cff3310a4b8c","userid":"1642566441","cnt_comment":"0","content":"上海:完善重点商圈数字人民币受理环境建设.上海市人民政府办公厅印发《上海市建设国际消费中心城市实施方案》。方案提出，优化消费市场环境。支持金融机构加强对商圈消费、假日消费、夜间经济等新型消费场景的金融服务。完善重点商圈数字人民币受理环境建设,丰富数字人民币试点应用场景。(Odaily)","url":"https://m.weibo.cn/status/4682731202806298","username":"币圈亿达社区"},{"relevant_topic_guid":"9ea70da0928a6fd57a08a8d1b1b45393","cnt_retweet":"0","publish_time":"20210918112204","page_action_type":"11","cnt_agree":"0","topic_guid":"9ea70da0928a6fd57a08a8d1b1b45393","userid":"1417781011","cnt_comment":"0","content":"【中国电信数字人民币上线，支持线上线下多场景】 RT:@中国电信 【中国电信数字人民币上线，支持线上线下多场景】 近日，中国电信与中国银行联合研发的“数字人民币”钱包正式上线，用户可在翼支付APP中(我的-基础服务)一键开启数字人民币钱包，在通过实名认证、绑定银行卡后，即可通过数字人民币进行存银行、换数币、转账等操作。#劳动竞赛作品展播# ...全文","url":"https://m.weibo.cn/status/4682738512429302","username":"中国电信福建公司"},{"relevant_topic_guid":"2d3ac9a6b384666ba555c5e40b802932","cnt_retweet":"1","publish_time":"20210918111725","page_action_type":"11","cnt_agree":"13","topic_guid":"2d3ac9a6b384666ba555c5e40b802932","userid":"2812319402","cnt_comment":"1","content":"上海市人民政府办公厅印发《上海市建设国际消费中心城市实施方案》。方案提出，优化消费市场环境。支持金融机构加强对商圈消费、假日消费、夜间经济等新型消费场景的金融服务。完善重点商圈数字人民币受理环境建设，丰富数字人民币试点应用场景。 RT:@lesliesay 财经每日必读 美股三大指数低开低走集体收跌，道指跌0.48%，标普500指数跌0.92%，纳指跌0.91%。钢铁、半导体板块跌幅居前，美国钢铁跌超8%，阿斯麦、高通跌超3%。","url":"https://m.weibo.cn/status/4682737338026253","username":"lesliesay"},{"relevant_topic_guid":"60b6b71e8c973df79a4b8e72f30690c3","cnt_retweet":"0","publish_time":"20210918110003","page_action_type":"07","cnt_agree":"0","topic_guid":"60b6b71e8c973df79a4b8e72f30690c3","userid":"7155665655","cnt_comment":"0","content":"比特币 区块链 ★ 范一飞：扎实有序推进冬奥会支付服务和数字人民币试点工作 中国人民银行副行长范一飞强调，当前冬奥会支付服务环境建设和数字人民币试点工作已进入冲刺阶段，要扎实有序推进冬奥会支付服务和数字人民币试点工作，切实服务好冬奥大局。 ★ 美国民主党参议员对将加密货币作为勒索软件攻击支付手段表示担忧 美国民主党参议员Maggie Hassan致信美国的司法部、国土安全部、国税局、证交会以及财政部的金融犯罪执法网络，她在信中表达了对于不法分子将加密货币作为勒索软件攻击支付手段的担忧。 ★ 欧盟计划将超1700亿美元的复苏基金用于投资区块链和数据基础设施等 据彭博社报道，欧盟委员会主席Ursula von der Leyen表示，规模为7500亿欧元的复苏基金中，有五分之一（1774亿美元）将被用于区块链服务、数字创新、数据基础设施、高性能计算、量子通信、低功耗处理器以及5G通讯等数字技术。 #比特币# #BSV# #数字货币# #区块链#","url":"https://m.weibo.cn/status/4682732968087839","username":"CoinGeek_Official"},{"relevant_topic_guid":"2f2bfa03c159f7c71ddb07cbbbf1ef4e","cnt_retweet":"0","publish_time":"20210918110003","page_action_type":"07","cnt_agree":"1","topic_guid":"2f2bfa03c159f7c71ddb07cbbbf1ef4e","userid":"1707450894","cnt_comment":"0","content":"【德媒：数字欧元向数字人民币“取经”】据德国《法兰克福汇报》网站9月15日报道，中国与会者的描述令人印象深刻：如果你现在在中国购物，不必再随身携带钱包，甚至信用卡也不用带——只带智能手机就行。 　　京东数字科技首席经济学家沈建光说，中国之所以能够如此迅速地走出新冠疫情危机，并再次显示出令人印象深刻的领先于世界上大多数国家的增长速度，部分要归功于手机具有的非凡可能性。他说：“使用智能手机购物不会受到隔离措施的影响——因此，中国人对一切数字化事物的开放态度在大流行期间特别有力地推动了数字化进程。” 　　报道称，这些差异使德意志联邦银行和中国人民银行在周二联合举办的一场关于金融科技、人工智能和数字货币的会议令外界非常感兴趣。德意志联邦银行行长延斯·魏德曼在开幕致辞中将数字欧元置于中心位置：魏德曼向中国客人表示敬意，因为中国在央行数字货币方面处于领先地位，而德国和整个欧元区对与中国进行交流非常感兴趣。 　　据报道，今年7月，欧洲央行决定深入研究数字欧元项目，并估计需要大约5年时间才能完成。 　　报道指出，中国与会者展示了数字人民币计划。相关准备工作已经比数字欧元更进一步——自4月以来，中国的数字货币甚至已经开始进行公开测试。（参考消息网）","url":"https://m.weibo.cn/status/4682732968349794","username":"中国贸易报"},{"relevant_topic_guid":"5e97551ba8ed022a82b080f0c6626ef1","cnt_retweet":"1","publish_time":"20210925115801","page_action_type":"07","cnt_agree":"0","topic_guid":"5e97551ba8ed022a82b080f0c6626ef1","userid":"1901447125","cnt_comment":"0","content":"【央行数研所狄刚：积极在数字人民币系统中探索区块链应用】央行数研所狄刚：数字货币研究所近年来聚焦区块链的具体实践。比如，在数字人民币的发行层基于区块链构建统一分布式帐本，提升对账效率，积极在数字人民币系统中探索区块链应用等；还在国际清算银行创新中心支持下，发起了多边央行数字货币桥项目；同时，在科技部支持下，央行贸易金融区块链平台也重点应用了区块链。（中国证券报） 网页链接","url":"https://m.weibo.cn/status/4685284275126789","username":"Wind资讯"},{"relevant_topic_guid":"ffc7c832e6fbce47ca930b7513310f3a","cnt_retweet":"0","publish_time":"20210925120332","page_action_type":"07","cnt_agree":"0","topic_guid":"ffc7c832e6fbce47ca930b7513310f3a","userid":"6898540255","cnt_comment":"0","content":"9月25日消息，中国人民银行数字货币研究所副所长狄刚9月24日在2021中关村论坛平行论坛之“区块链与数字经济发展论坛”上表示，数字货币研究所近年来聚焦区块链的具体实践。比如，在数字人民币的发行层基于区块链构建统一分布式帐本，提升对账效率，积极在数字人民币系统中探索区块链应用等。还在国际清算银行创新中心支持下，发起了多边央行数字货币桥项目。同时，在科技部支持下，央行贸易金融区块链平台也重点应用了区块链。现在区块链还是在发展过程的新鲜事物，应从概念层、逻辑层、操作层三个层面统一认识。目前大家讨论区块链比较多，但不在一个维度。因此，要在概念层面上先统一，这样逻辑层、操作层上才不会混乱。","url":"https://m.weibo.cn/status/4685285658464670","username":"币圈诸葛郑"},{"relevant_topic_guid":"618bd2741e601cfab0033f3c100bb5e3","cnt_retweet":"3","publish_time":"20210925115500","page_action_type":"07","cnt_agree":"8","topic_guid":"618bd2741e601cfab0033f3c100bb5e3","userid":"1663937380","cnt_comment":"8","content":"【央行穆长春：未来进一步提高数字人民币可得性】“数字人民币是人民银行为国内零售支付市场提供的公共产品，其初心就是推动金融普惠的发展，未来将进一步提高数字人民币的可得性，构建分布式数字身份认证体系，为更广泛的群体提供数字金融身份识别与认证服务。”中国人民银行数字货币研究所所长穆长春在9月24日举行的“第十届中国支付清算论坛”上如是表示。 　　目前，在支付普惠领域还存在着“数字鸿沟”。在一些偏远山区、宽带网络基础设施较弱的地方，一些人群难以享受到数字金融技术带来的好处。智能终端的使用门槛造成不同群体从数字金融服务中获益的能力有所分化，对于有障碍人群，单纯依赖数字技术的普惠服务难以实现便利和高效。同时，一些定位于当地展业的中小银行、微型金融机构由于自身的科技实力较弱，数字化转型困难，难以与大型机构竞争，被迫退出一些细分、长尾市场。另外，全球约有15亿人因无法认证身份而在经济活动中被边缘化。央行穆长春：未来进一步提高数字人民币可得性","url":"https://m.weibo.cn/status/4685283511506330","username":"财新网"},{"relevant_topic_guid":"84cf0e986378e8a4cc8ee2fc6723762b","cnt_retweet":"0","publish_time":"20210925085250","page_action_type":"07","cnt_agree":"0","topic_guid":"84cf0e986378e8a4cc8ee2fc6723762b","userid":"1402835324","cnt_comment":"0","content":"#九点一琢磨#数字人民币来了，钱包放到卡里，SIM卡里，会是怎样一种新气象","url":"https://m.weibo.cn/status/4685237667497000","username":"毕朝晖"},{"relevant_topic_guid":"cf847c3ab40d33b83cc1c086a6f4b130","cnt_retweet":"0","publish_time":"20210925125544","page_action_type":"07","cnt_agree":"1","topic_guid":"cf847c3ab40d33b83cc1c086a6f4b130","userid":"1255595687","cnt_comment":"0","content":"【央行数研所狄刚：积极在数字人民币系统中探索区块链应用】中国人民银行数字货币研究所副所长狄刚9月24日在2021中关村论坛平行论坛之“区块链与数字经济发展论坛”上表示，数字货币研究所近年来聚焦区块链的具体实践。比如，在数字人民币的发行层基于区块链构建统一分布式帐本，提升对账效率，积极在数字人民币系统中探索区块链应用等。还在国际清算银行创新中心支持下，发起了多边央行数字货币桥项目。同时，在科技部支持下，央行贸易金融区块链平台也重点应用了区块链。","url":"https://m.weibo.cn/status/4685298796334017","username":"六国虹"},{"relevant_topic_guid":"92d43f21fff92b1e13d920dbe0d58b8c","cnt_retweet":"0","publish_time":"20210926000849","page_action_type":"07","cnt_agree":"0","topic_guid":"92d43f21fff92b1e13d920dbe0d58b8c","userid":"1668222901","cnt_comment":"0","content":"为了要过期的20块钱的数字人民币优惠券，在京东选了一个多小时，各种不能使用！困到爆炸，简直想飙脏话！","url":"https://m.weibo.cn/status/4685468186444044","username":"小米夭夭"},{"relevant_topic_guid":"1ee54b7aca66bcc63aabaf4584559bcd","cnt_retweet":"0","publish_time":"20210925234545","page_action_type":"11","cnt_agree":"0","topic_guid":"1ee54b7aca66bcc63aabaf4584559bcd","userid":"6087737329","cnt_comment":"0","content":"RChain社区#区块链# #数字货币# #数字人民币# RT:@RChain中文官方 RChain创始人Greg将在迪拜召开的AIM会议上做关于“可编程货币如何改变经济模式”的专题演讲。网页链接网页链接","url":"https://m.weibo.cn/status/4685462378383252","username":"RChain-REV"},{"relevant_topic_guid":"d7b7c942c9a191fdd52228c70fb68cc4","cnt_retweet":"0","publish_time":"20210925163327","page_action_type":"07","cnt_agree":"0","topic_guid":"d7b7c942c9a191fdd52228c70fb68cc4","userid":"2174978162","cnt_comment":"1","content":"中国人民银行数字货币研究所副所长狄刚9月24日在2021中关村论坛平行论坛之“区块链与数字经济发展论坛”上表示，数字货币研究所近年来聚焦区块链的具体实践。比如，在数字人民币的发行层基于区块链构建统一分布式帐本，提升对账效率，积极在数字人民币系统中探索区块链应用等。还在国际清算银行创新中心支持下，发起了多边央行数字货币桥项目。同时，在科技部支持下，央行贸易金融区块链平台也重点应用了区块链。现在区块链还是在发展过程的新鲜事物，应从概念层、逻辑层、操作层三个层面统一认识。目前大家讨论区块链比较多，但不在一个维度。因此，要在概念层面上先统一，这样逻辑层、操作层上才不会混乱。","url":"https://m.weibo.cn/status/4685353586002640","username":"魔贝"},{"relevant_topic_guid":"2d51f8b11d5c57d7aee03dfa7b0c07d3","cnt_retweet":"0","publish_time":"20210926220930","page_action_type":"07","cnt_agree":"0","topic_guid":"2d51f8b11d5c57d7aee03dfa7b0c07d3","userid":"2573164190","cnt_comment":"0","content":"2021第二届中非经贸博览会正式开幕！9月26日至9月29日长沙国际会展中心，长沙银行和数字人民币精彩亮相，还有湖南特产1元购等你来抢哦！","url":"https://m.weibo.cn/status/4685800543356228","username":"长沙银行-快乐银行"},{"relevant_topic_guid":"847b099756c07beb43d611a04eae45fc","cnt_retweet":"0","publish_time":"20210926192023","page_action_type":"11","cnt_agree":"0","topic_guid":"847b099756c07beb43d611a04eae45fc","userid":"7032410166","cnt_comment":"0","content":"这个数字人民币我很感兴趣 RT:@长沙头条大热门 2021第二届中非经贸博览会正式开幕！9月26日至9月29日长沙国际会展中心，期待长沙银行和数字人民币的精彩亮相，还有湖南特产1元购等你来抢哦！","url":"https://m.weibo.cn/status/4685757988734474","username":"心之若素小太阳"},{"relevant_topic_guid":"7faee14ca1a2249580ee3a49595f6f3d","cnt_retweet":"33","publish_time":"20210926191721","page_action_type":"07","cnt_agree":"141","topic_guid":"7faee14ca1a2249580ee3a49595f6f3d","userid":"1661883532","cnt_comment":"55","content":"2021第二届中非经贸博览会正式开幕！9月26日至9月29日长沙国际会展中心，期待长沙银行和数字人民币的精彩亮相，还有湖南特产1元购等你来抢哦！","url":"https://m.weibo.cn/status/4685757219867918","username":"长沙头条大热门"},{"relevant_topic_guid":"b0965f96dc2bac7ab234b03043b797fa","cnt_retweet":"0","publish_time":"20210926211818","page_action_type":"11","cnt_agree":"0","topic_guid":"b0965f96dc2bac7ab234b03043b797fa","userid":"6502209235","cnt_comment":"0","content":"#新社汇平台##袁帅论道##数字货币##新农人# 丽泽金融商务区成为“北京法定数字货币试验区”！北京市将打造面向未来的现代化数字金融体系，在央行指导下加快推进法定数字货币实验区和数字金融体系建设，稳步推进数字人民币全场景试点。 RT:@新农人袁帅 新农村#新社汇平台##袁帅论道##数字货币##新农人# 丽泽金融商务区成为“北京法定数字货币试验区”！北京市将打造面向未来的现代化数字金融体系，在央行指导下加快推进法定数字货币实验区和数字金融体系建设，稳步推进数字人民币全场景试点。","url":"https://m.weibo.cn/status/4685787658195497","username":"新社汇"},{"relevant_topic_guid":"0cb65bfd87dc652455406f4852f984df","cnt_retweet":"0","publish_time":"20210926144559","page_action_type":"07","cnt_agree":"0","topic_guid":"0cb65bfd87dc652455406f4852f984df","userid":"2727864895","cnt_comment":"0","content":"网页链接央行数研所狄刚：积极在数字人民币系统中探索区块链应用","url":"https://m.weibo.cn/status/4685688928208744","username":"数字货币新财富"},{"relevant_topic_guid":"4d5da195bc84a9d00e25b3ebd88edb03","cnt_retweet":"0","publish_time":"20210926145857","page_action_type":"07","cnt_agree":"0","topic_guid":"4d5da195bc84a9d00e25b3ebd88edb03","userid":"6625573842","cnt_comment":"0","content":"9月25日，紫光集团于在京举行的第24届北京科博会上集中展示了最新的芯云科技产品，包括第三代三维闪存芯片（128层）、全球首款采用6nm EUV工艺的新一代5G移动平台、国内首颗支持高级语言编程的网络处理器芯片智擎（Engiant）660，以及SeDRAM、量子安全超级SIM卡、数字人民币解决方案等，展示芯片超过100颗；同时，紫光集团还全面呈现了在云网基础设施、云计算、智慧城市、智慧教育、智慧安全应用等领域的重要成果。 云智赋能 芯领未来 紫光芯云尖端科技“遇见”科博会","url":"https://m.weibo.cn/status/4685692195570261","username":"紫光集团"},{"relevant_topic_guid":"9ff02fdfbbf57b565b2866351034726c","cnt_retweet":"0","publish_time":"20210926143804","page_action_type":"07","cnt_agree":"0","topic_guid":"9ff02fdfbbf57b565b2866351034726c","userid":"2818093703","cnt_comment":"0","content":"数字人民币来了，直接接验证码开通数字人民币钱包！返回 右上分享下抽奖最高188元微信立减金网页链接","url":"https://m.weibo.cn/status/4685686936962819","username":"惠马生活"},{"relevant_topic_guid":"ed86c908a6cd5902813d86a3ebe6cfb4","cnt_retweet":"0","publish_time":"20210926120300","page_action_type":"07","cnt_agree":"0","topic_guid":"ed86c908a6cd5902813d86a3ebe6cfb4","userid":"2895385130","cnt_comment":"0","content":"【带着太空来展览！成都科幻领头羊亮相头部博览会，亮出又一个《三体》级IP……】2018年，首届成都（国际）数字娱乐博览会（简称“IGS博览会”）在成都西部国际博览会开展，全球顶级数字文化IP齐聚，3天时间，实现10亿元人民币累计交易总额。两年之后，第二届如期到来，这场盛会更是纵身一跃，成为中西部规模最大、最具行业影响力的数字娱乐博览会。带着太空来展览！成都科幻领头羊亮相头部博览会，亮出又一个《三体》级IP……","url":"https://m.weibo.cn/status/4685647912110417","username":"双流住保中心"},{"relevant_topic_guid":"e9d4ff70cf908a2555bf517714fdeb74","cnt_retweet":"0","publish_time":"20210926120004","page_action_type":"07","cnt_agree":"0","topic_guid":"e9d4ff70cf908a2555bf517714fdeb74","userid":"6523505713","cnt_comment":"0","content":"数字人民币从4个方面助力金融普惠 一是服务可得性。就是消费者能够以机会均等的方式接入各类服务设施并获取服务产品，这样人们就可以便捷地挑选和获得一系列金融产品和服务。 二是成本可负担。金融机构提供普惠金融服务，要让服务对象负担得起。同时，金融机构的各项运营管理及风险成本也应该可承担，确保自身能可持续地提供普惠金融服务。 三是可使用、高效率。为有障碍人群、老年人、非居民等普惠金融重点服务人群提供可使用、高效率的产品线，让他们切身感受到这些产品不仅能用，而且好用、爱用。 四是竞争环境公平。“守正创新”的数字技术应为市场创造公平的竞争环境，确保金融产品合法合规和安全有效，不能打着“数字”、“普惠”的名义去做监管套利的事情。","url":"https://m.weibo.cn/status/4685647178105317","username":"币牛牛官方"},{"relevant_topic_guid":"357d9ce7a8aeaab5df5651d2122ac8e0","cnt_retweet":"0","publish_time":"20210926141000","page_action_type":"07","cnt_agree":"0","topic_guid":"357d9ce7a8aeaab5df5651d2122ac8e0","userid":"2872868464","cnt_comment":"0","content":"【带着太空来展览！成都科幻领头羊亮相头部博览会，亮出又一个《三体》级IP……】2018年，首届成都（国际）数字娱乐博览会（简称“IGS博览会”）在成都西部国际博览会开展，全球顶级数字文化IP齐聚，3天时间，实现10亿元人民币累计交易总额。两年之后，第二届如期到来，这场盛会更是纵身一跃，成为中西部规模最大、最具行业影响力的数字娱乐博览会。带着太空来展览！成都科幻领头羊亮相头部博览会，亮出又一个《三体》级IP……","url":"https://m.weibo.cn/status/4685679872967484","username":"天府籍田"},{"relevant_topic_guid":"bcfb030a475323f07fbc4e82b3e5e0aa","cnt_retweet":"0","publish_time":"20210927090327","page_action_type":"07","cnt_agree":"0","topic_guid":"bcfb030a475323f07fbc4e82b3e5e0aa","userid":"3662297793","cnt_comment":"0","content":"【币圈隔夜要闻一览】1.穆长春：数字人民币是发展金融普惠的重要推手2.Ripple首席执行官：若SEC明确XRP的监管地位，将愿意与其和解3.观点：区块链正在构建政府服务的基础设施，并将改变政府服务4.美国众议院议长佩洛西：众议院可能会在周一通过一揽子基础设施计划","url":"https://m.weibo.cn/status/4685965115786486","username":"八点已过半"},{"relevant_topic_guid":"aafae6d60edccf201ab9568fc2a18943","cnt_retweet":"0","publish_time":"20210927085700","page_action_type":"07","cnt_agree":"1","topic_guid":"aafae6d60edccf201ab9568fc2a18943","userid":"6523505713","cnt_comment":"0","content":"#牛牛早报#刘慈欣等科幻作家签名科幻卡牌登陆蚂蚁链粉丝粒 【人物】Ripple首席执行官：若SEC明确XRP的监管地位，将愿意与其和解 【政策】印尼贸易部长：不会禁止加密货币但会收紧监管 【大事件】光大理财推出数字人民币理财特色主题产品 【其他】Huobi 发布《关于逐步有序清退中国大陆地区存量用户的公告》 斯洛文尼亚为迪拜世博会提供NFT ETH稳定bi流通总量突破850亿美刀，创历史新高","url":"https://m.weibo.cn/status/4685963492593814","username":"币牛牛官方"},{"relevant_topic_guid":"582f2cc783db3bc287db51a1f555ac0d","cnt_retweet":"0","publish_time":"20210927114117","page_action_type":"07","cnt_agree":"0","topic_guid":"582f2cc783db3bc287db51a1f555ac0d","userid":"7506984709","cnt_comment":"0","content":"【人行2021年调研：人民币（包括数字人民币）是投资者者最感兴趣的投资相关知识领域之一】金色财经报道，中国社会科学院国家金融与发展实验室联合发布《国民财商教育白皮书》(2022年版)，白皮书认为，我国居民对金融知识的了解程度还有很大提升空间，仍有大部分人群对基础知识掌握不足，且投资行为非理性特点突出。人民银行在2021年开展的调研显示，针对于投资相关知识问答，受访者最感兴趣的领域分别是人民币(包括数字人民币)、个人信用知识等。","url":"https://m.weibo.cn/status/4686004836111034","username":"区块新视点"},{"relevant_topic_guid":"4d4b011f6b63839400310bca097e97cc","cnt_retweet":"0","publish_time":"20210927095732","page_action_type":"07","cnt_agree":"0","topic_guid":"4d4b011f6b63839400310bca097e97cc","userid":"6727896809","cnt_comment":"1","content":"【央行2021年调研：人民币（包括#数字人民币# ）是投资者者最感兴趣的投资相关知识领域之一】 中国社会科学院国家金融与发展实验室联合发布《国民财商教育白皮书》(2022年版)，白皮书认为，我国居民对金融知识的了解程度还有很大提升空间，仍有大部分人群对基础知识掌握不足，且投资行为非理性特点突出。人民银行在2021年开展的调研显示，针对于投资相关知识问答，74.63%的投资者能正确理解风险和收益的关系，但仅有48.37%的投资者能对投资分散化原理有正确的认识，仅有44.69%的投资者能够正确估算年化收益率；有88.91%的投资者认可金融教育的重要性，受访者最感兴趣的领域分别是人民币(包括数字人民币)、个人信用知识、银行卡知识、投资知识、储蓄知识等。网页链接","url":"https://m.weibo.cn/status/4685978726565531","username":"碳链价值"},{"relevant_topic_guid":"7282de99324df4ee93d98756358460a1","cnt_retweet":"0","publish_time":"20210927112800","page_action_type":"07","cnt_agree":"0","topic_guid":"7282de99324df4ee93d98756358460a1","userid":"6340949958","cnt_comment":"0","content":"【央行穆长春：提高数字人民币可得性】近日，在第十届中国支付清算论坛上，央行数字货币研究所所长穆长春表示，数字人民币是人民银行为国内零售支付市场提供的公共产品，其初心就是推动金融普惠的发展，所以，在数字人民币的试点过程中，一直努力落实金融普惠的理念。 穆长春认为，普惠金融的内涵要从四个方面去理解：一是服务可得性，二是成本可负担，三是可使用、高效率，四是竞争环境公平。 “构建普惠金融体系是有层次的，相辅相成的，包括储蓄、融资、支付、保险、养老金等全方位的金融服务。其中支付服务是普惠金融体系的基石。”穆长春称。","url":"https://m.weibo.cn/status/4686001492198794","username":"识贝平台"},{"relevant_topic_guid":"eb12f1495df32c7a3394f39393352da0","cnt_retweet":"0","publish_time":"20210927111420","page_action_type":"07","cnt_agree":"0","topic_guid":"eb12f1495df32c7a3394f39393352da0","userid":"6460409821","cnt_comment":"0","content":"人民银行：投资者对数字人民币等领域感兴趣   世链财经消息，中国社会科学院国家金融与发展实验室联合发布《国民财商教育白皮书》指出，当前我国消费者金融素养指数逐年上升，但仍有大部分人群对基础知识掌握不足，且投资行为突出非理性的特点。金融消费者作为金融市场的重要参与者，对金融业持续健康发展起着至关重要的作用。   据人民银行在2021年开展的调研显示，在与投资相关知识问答中，受访者最感兴趣的领域分别是人民币(包括数字人民币)、个人信用知识等。","url":"https://m.weibo.cn/status/4685998053393588","username":"世链财经"},{"relevant_topic_guid":"b3b1dc7e74efedc3d5d57a5402dafc28","cnt_retweet":"0","publish_time":"20210927093244","page_action_type":"07","cnt_agree":"0","topic_guid":"b3b1dc7e74efedc3d5d57a5402dafc28","userid":"1402835324","cnt_comment":"0","content":"#数字人民币# 重点在数字不在币数字重要，也不能随便硬件哦运气好坏→_→ 网页链接","url":"https://m.weibo.cn/status/4685972488848222","username":"毕朝晖"},{"relevant_topic_guid":"a0f276f15f699a5e8c3d176c0ea27ec9","cnt_retweet":"0","publish_time":"20210927093127","page_action_type":"07","cnt_agree":"0","topic_guid":"a0f276f15f699a5e8c3d176c0ea27ec9","userid":"6112693944","cnt_comment":"1","content":"前几天中了这个数字人民币，去消费的时候被告知农业银行支付不了，只能用中国银行，这个红包还能转到中国银行里面吗？可是规则条款里面没有说明要绑定中国银行才能使用哇#三亚##数字人民币#","url":"https://m.weibo.cn/status/4685972166148494","username":"我想中个奖鸭"},{"relevant_topic_guid":"e3e2476a32322fac7256b4e3ac4cbcfb","cnt_retweet":"0","publish_time":"20210927091504","page_action_type":"07","cnt_agree":"4","topic_guid":"e3e2476a32322fac7256b4e3ac4cbcfb","userid":"2150825094","cnt_comment":"45","content":"人行2021年调研：人民币（包括数字人民币）是投资者者最感兴趣的投资相关知识领域之一 金色财经报道，中国社会科学院国家金融与发展实验室联合发布《国民财商教育白皮书》(2022年版)，白皮书认为，我国居民对金融知识的了解程度还有很大提升空间，仍有大部分人群对基础知识掌握不足，且投资行为非理性特点突出。人民银行在2021年开展的调研显示，针对于投资相关知识问答，受访者最感兴趣的领域分别是人民币(包括数字人民币)、个人信用知识等。","url":"https://m.weibo.cn/status/4685968039216930","username":"财经牛人老张"},{"relevant_topic_guid":"7e85ab035cc01c3f8625dd8f7ec0d97c","cnt_retweet":"0","publish_time":"20210927143221","page_action_type":"07","cnt_agree":"0","topic_guid":"7e85ab035cc01c3f8625dd8f7ec0d97c","userid":"2611325007","cnt_comment":"0","content":"啊！安卓首款支持免充值地铁卡的手机问世啦！小米CIVI手机，还支持数字人民币支付哦！牛不牛！说实话，小米手机的NFC功能，确实一直都很完善和很丰富很好用！如今，NFC再次升级！实用性，更爽快了！这对于女孩子们来说，懒懒的轻松生活的女孩子来说，没有了科技繁琐的羁绊，是不是爽歪歪呢？！大家觉得，2021年秋冬季，哪款手机的NFC功能最简单最好用呢？！#小米Civi##光线摄影学院曾兰老师# @跟曾兰一起学摄影","url":"https://m.weibo.cn/status/4686047885395086","username":"杨品-光线摄影学院"},{"relevant_topic_guid":"2a0e01baefe38b59ae7daa1b2a9d42a1","cnt_retweet":"0","publish_time":"20210927143145","page_action_type":"07","cnt_agree":"12","topic_guid":"2a0e01baefe38b59ae7daa1b2a9d42a1","userid":"1353923294","cnt_comment":"7","content":"#小米Civi#搭载骁龙778G芯片，支持《王者荣耀》90帧高帧率；拥有塔式散热，55W 充电，杜比全景声双扬声器，拟人小爱同学…… 支持NFC，支持数字人民币，支持地铁先刷卡后充值功能。","url":"https://m.weibo.cn/status/4686047734665269","username":"Geek_Cao"},{"relevant_topic_guid":"cc5b88684b4fb96fa82948d1f49022ea","cnt_retweet":"0","publish_time":"20210927143747","page_action_type":"11","cnt_agree":"2","topic_guid":"cc5b88684b4fb96fa82948d1f49022ea","userid":"1668726803","cnt_comment":"0","content":"又一款骁龙778G新机 RT:@innoQ新趣 #QLIVE# 小米 / 北京小米科技园 / 小米Civi小米Civi搭载骁龙778G处理器，支持王者荣耀90帧，支持VRS技术，通过泰尔36个月抗老化认证，搭配55W氮化镓快充，立体声扬声器，全功能NFC，红外。小米Civi还是首款支持先刷卡后支付地铁卡功能，也支持数字人民币支付，支持小爱同学形象定制。 ...全文","url":"https://m.weibo.cn/status/4686049253524898","username":"Vetrax嚣张卫视"},{"relevant_topic_guid":"d5ce5f8ffe190f239dc0c7158533227c","cnt_retweet":"0","publish_time":"20210927150900","page_action_type":"07","cnt_agree":"1","topic_guid":"d5ce5f8ffe190f239dc0c7158533227c","userid":"2253104980","cnt_comment":"1","content":"#小米Civi# 这个NFC功能挺好的，一般地铁站口人特别多网络不好，充值比较慢，现在可以先刷卡后支付还支持数字人民币。","url":"https://m.weibo.cn/status/4686057108931214","username":"机友连"},{"relevant_topic_guid":"efeeb93529260a031c250d532b706e57","cnt_retweet":"0","publish_time":"20210928075849","page_action_type":"11","cnt_agree":"0","topic_guid":"efeeb93529260a031c250d532b706e57","userid":"6444353110","cnt_comment":"0","content":"龙华人才安居与农行、建行、交行签署数字人民币应用战略合作框架协议#教育培训# #区块链教育# RT:@辛泓睿 区块链快讯 | 09月28日 星期二1、工信部：中国区块链企业已超过1400家，产业园区超过40个2、龙华人才安居与农行、建行、交行签署数字人民币应用战略合作框架协议3、长安链在北京海淀区已实现600余个政务服务场景落地4、浙江遂昌围绕区块链等新一代信息技术举办“数字经济赛道”全球挑战赛5、《202 ...全文","url":"https://m.weibo.cn/status/4686311237357727","username":"荟滴"},{"relevant_topic_guid":"8727dae63aa72df8a7a390dd0d17719e","cnt_retweet":"0","publish_time":"20210923193430","page_action_type":"11","cnt_agree":"0","topic_guid":"8727dae63aa72df8a7a390dd0d17719e","userid":"1964096793","cnt_comment":"0","content":"数字人民币不就是要离线的么？//@xiongyongqiang:这个微信支付宝其实可以提供一个离线记账或零钱的功能，等网络恢复后再清算//@逻辑引擎:大灾难之下，一切高度依赖现代设施的方面全都会面临巨大问题，无现金还真不算是多严重的问题。 RT:@寂寞嫦娥舒广袖 周鸿祎说的很多人没有体会，郑州7.20之后，一此地方无电无网络，没有现金超市买不到东西没，有些人只好赊账。此后，不少家庭开始放现金以备不时之需。 寂寞嫦娥舒广袖的微博视频","url":"https://m.weibo.cn/status/4684674376663286","username":"石头清"},{"relevant_topic_guid":"e33ecc9dbf8eb4dc20000c55fe6c651a","cnt_retweet":"0","publish_time":"20210924061050","page_action_type":"07","cnt_agree":"0","topic_guid":"e33ecc9dbf8eb4dc20000c55fe6c651a","userid":"2324968292","cnt_comment":"0","content":"【一流湾区】广州新设数字金融研究平台：重点开展数字人民币应用场景等研究 网页链接","url":"https://m.weibo.cn/status/4684834511520198","username":"鑫微名博"},{"relevant_topic_guid":"a3d1de8d39fe56eefbdb333cc6580aed","cnt_retweet":"0","publish_time":"20210924075651","page_action_type":"07","cnt_agree":"0","topic_guid":"a3d1de8d39fe56eefbdb333cc6580aed","userid":"1155964994","cnt_comment":"0","content":"数字人民币与鸿蒙生态的合作场景演示首次亮相 数字人民币与鸿蒙生态的合作场景演示首次亮相","url":"https://m.weibo.cn/status/4684861191227121","username":"千里漫步"},{"relevant_topic_guid":"689924ab1cb47db50413e76466896dfc","cnt_retweet":"0","publish_time":"20210924075708","page_action_type":"07","cnt_agree":"0","topic_guid":"689924ab1cb47db50413e76466896dfc","userid":"3213722563","cnt_comment":"0","content":"【一流湾区】广州新设数字金融研究平台：重点开展数字人民币应用场景等研究 网页链接","url":"https://m.weibo.cn/status/4684861262792104","username":"陇南张永杰"},{"relevant_topic_guid":"050f4429dd31a8d4b9adfe1cfa253597","cnt_retweet":"0","publish_time":"20210924082351","page_action_type":"07","cnt_agree":"0","topic_guid":"050f4429dd31a8d4b9adfe1cfa253597","userid":"1417899967","cnt_comment":"0","content":"【一流湾区】广州新设数字金融研究平台：重点开展数字人民币应用场景等研究 网页链接","url":"https://m.weibo.cn/status/4684867986263124","username":"高同乐"},{"relevant_topic_guid":"3ee54f1c926b39b7ab6bc3567e3fceeb","cnt_retweet":"0","publish_time":"20210924082107","page_action_type":"07","cnt_agree":"0","topic_guid":"3ee54f1c926b39b7ab6bc3567e3fceeb","userid":"2109071545","cnt_comment":"0","content":"发布了头条文章：《老年人操作起来也方便 数字人民币支付受欢迎》 老年人操作起来也方便 数字人民币支付受欢迎","url":"https://m.weibo.cn/status/4684867297871551","username":"财会信报"},{"relevant_topic_guid":"a86c1ac3b63f080e1f03f5458a1cdab7","cnt_retweet":"2","publish_time":"20210924080532","page_action_type":"07","cnt_agree":"3","topic_guid":"a86c1ac3b63f080e1f03f5458a1cdab7","userid":"2405635012","cnt_comment":"0","content":"区块链快讯 | 09月24日 星期五 1、华为云正式推出区块链服务，单链条可以支持每秒5万条商品信息同时上链 2、百度超级链入局NFT，正在探索元宇宙等领域 3、视觉中国与北京国际设计周达成“文化北京”NFT战略合作 4、新晨科技：公司区块链研究技术中包含NFT方向，将积极探索相关应用落地 5、时代杂志宣布成立其NFT社区计划TIME Pieces，并将发布新系列盲盒NFT —内容源自网络— #区块链新闻# 、#数字人民币#、#元宇宙#","url":"https://m.weibo.cn/status/4684863376197921","username":"辛泓睿"},{"relevant_topic_guid":"df4bbcc995d9aabfee63cfc395f84ac4","cnt_retweet":"0","publish_time":"20210923163015","page_action_type":"07","cnt_agree":"0","topic_guid":"df4bbcc995d9aabfee63cfc395f84ac4","userid":"2053475947","cnt_comment":"0","content":"数字人民币试点是个啥？ 这评论李普曼般的离谱。。","url":"https://m.weibo.cn/status/4684628004967016","username":"zeal一定"},{"relevant_topic_guid":"3f841ef2540793c6f5d82e67092c45b8","cnt_retweet":"0","publish_time":"20210923164600","page_action_type":"07","cnt_agree":"0","topic_guid":"3f841ef2540793c6f5d82e67092c45b8","userid":"2145650153","cnt_comment":"0","content":"【数字人民币发行的五大原因】太和智库研究员、中国进出口银行客户服务管理部营销政策指导处副处长刘义华认为，目前来看，中国央行发行数字货币主要有五方面原因。一是时代发展的需要。二是货币功能多元化的现实需求。三是提高货币品质的需要。四是免受非法定数字货币冲击的需要。五是人民币国际化的需要。网页链接","url":"https://m.weibo.cn/status/4684631969105709","username":"中国电子银行网"},{"relevant_topic_guid":"8b5c830c319267487154dd748b75f72e","cnt_retweet":"0","publish_time":"20210923162954","page_action_type":"07","cnt_agree":"0","topic_guid":"8b5c830c319267487154dd748b75f72e","userid":"6488873896","cnt_comment":"1","content":"四川大学经济发展研究院助理、西部资本论坛秘书长李献军开场致辞：“数字经济发展峰会立足西部面向全球，围绕产业区块链、数字人民币、“元宇宙”、东数西算等内容展开”。#第十二届中国西部国际资本论坛暨全球经济发展论坛•中东欧峰会--数字经济发展峰会 #数字人民币##元宇宙##区块链# 成都 火讯财经官方微博的微博视频","url":"https://m.weibo.cn/status/4684627916097051","username":"火讯财经官方微博"},{"relevant_topic_guid":"e515d17e3381c1fe084c8bd0637265db","cnt_retweet":"0","publish_time":"20210924123801","page_action_type":"07","cnt_agree":"0","topic_guid":"e515d17e3381c1fe084c8bd0637265db","userid":"6450367173","cnt_comment":"0","content":"实时播报：【穆长春：将进一步提高数字人民币的可得性 构建分布式数字身份认证体系】央行数研所所长穆长春今天在“第十届中国支付清算论坛”上表示，未来将进一步提高数字人民币的可得性，构建分布式数字身份认证体系，为更广泛的群体提供数字金融身份识别与认证服务。","url":"https://m.weibo.cn/status/4684931948875252","username":"快兰斯24小时财经直播2"},{"relevant_topic_guid":"be2fd2f9d9a00b26b3f655702f922e54","cnt_retweet":"0","publish_time":"20210924124352","page_action_type":"07","cnt_agree":"6","topic_guid":"be2fd2f9d9a00b26b3f655702f922e54","userid":"1908364672","cnt_comment":"0","content":"【数研所穆长春：将进一步提高数字人民币的可得性 构建分布式数字身份认证体系】央行数研所所长穆长春今天在“第十届中国支付清算论坛”上表示，未来将进一步提高数字人民币的可得性，构建分布式数字身份认证体系，为更广泛的群体提供数字金融身份识别与认证服务。","url":"https://m.weibo.cn/status/4684933422124250","username":"股市战将妖哥"},{"relevant_topic_guid":"4bce6812258643fce582713968815ad6","cnt_retweet":"0","publish_time":"20210924123200","page_action_type":"07","cnt_agree":"0","topic_guid":"4bce6812258643fce582713968815ad6","userid":"1906051633","cnt_comment":"0","content":"老年人操作起来也方便 数字人民币支付受欢迎来源：经济日报作者：陈果静2021-09-24 08:43","url":"https://m.weibo.cn/status/4684930434467857","username":"浅层地震预报研究员余晓飞"},{"relevant_topic_guid":"ac2f12bef7ee3bf34bc78f409bd14431","cnt_retweet":"0","publish_time":"20210924130730","page_action_type":"07","cnt_agree":"1","topic_guid":"ac2f12bef7ee3bf34bc78f409bd14431","userid":"1746743117","cnt_comment":"1","content":"央行数字货币研究所所长穆长春：在数字人民币试点中维护支付市场的公平竞争 中国人民银行数字货币研究所所长穆长春24日在中国支付清算论坛上表示，在数字人民币试点中维护支付市场的公平竞争。一方面，数字人民币将为不同支付服务机构的创新发展提供公平的准入机会和统一基础设施，促进市场竞争择优；另一方面，利用数字人民币的法偿地位打破支付市场中的机构壁垒、工具壁垒和平台壁垒，实现数字人民币的全场景支付，提升零售支付服务的可达性和社会总福利水平。","url":"https://m.weibo.cn/status/4684939368861068","username":"正人力天"},{"relevant_topic_guid":"8b5c830c319267487154dd748b75f72e","publish_time":"20210923163424","page_action_type":"08","topic_guid":"4d87efddb3cf26543f158ef3a8ee8bc8","userid":"7704886262","content":"你好 [色] [右哼哼] [笑cry] [互粉] [思考]","url":"https://m.weibo.cn/status/4684627916097051/###4684629175698521","username":"嘿斯佳佳"}]