[{"relevant_topic_guid":"ea77fc33fde062afca6e098614bca11d","cnt_retweet":"0","publish_time":"20210419040504","page_action_type":"07","cnt_agree":"0","topic_guid":"ea77fc33fde062afca6e098614bca11d","userid":"6dovideo","cnt_comment":"0","content":"藏了十年华为秘密报告首度面世：他的能力到底多可怕？金融时报社论：反垄断也应拿央企国企开刀；枫桥党委书记意外现身省政府党组会议；央行澄清：数字人民币无意取代美元；福奇：不会就此取消强生疫苗，周五前有消息 https://t.co/cNTvzTiZ0K","url":"https://twitter.com/6dovideo/status/1383874238965174281","username":"六度视频"},{"relevant_topic_guid":"1ea8cc8e06e282c3adf1de4b9720319d","cnt_retweet":"1","publish_time":"20210418211804","page_action_type":"07","cnt_agree":"1","topic_guid":"1ea8cc8e06e282c3adf1de4b9720319d","userid":"IanWu18","cnt_comment":"0","content":"中国央行前行长周小川：数字人民币的起始点是做好零售，做好零售系统的升级换代。零售系统效率提高是开展其他所有业务的基础。在此基础之上，批发系统、跨境支付操作才具备可能性。","url":"https://twitter.com/IanWu18/status/1383771816062160898","username":"杰克马"},{"relevant_topic_guid":"37e05411e1d773a409afad8ab323d2cd","cnt_retweet":"0","publish_time":"20210418050327","page_action_type":"07","cnt_agree":"0","topic_guid":"37e05411e1d773a409afad8ab323d2cd","userid":"ifanr","cnt_comment":"0","content":"【早报 | 一加 9 系列发布 / 上海个人可申请数字人民币钱包 / 香港超 40 万人接种新冠疫苗】‍• 小米 11 Pro 和 11 Ultra 将于下周发布• 任天堂将推出皮克敏主题的 AR 应用 https://t.co/dAAoyqYLFp https://t.co/M96n8z7dht","url":"https://twitter.com/ifanr/status/1383526544144945157","username":"ifanr.com 爱范儿"},{"relevant_topic_guid":"ff5cf3702c055c4e4f3ffdfbe09a7f62","cnt_retweet":"0","publish_time":"20210419033705","page_action_type":"07","cnt_agree":"3","topic_guid":"ff5cf3702c055c4e4f3ffdfbe09a7f62","userid":"WallStTV","cnt_comment":"0","content":"藏了十年华为秘密报告首度面世：他的能力到底多可怕？金融时报社论：反垄断也应拿央企国企开刀；枫桥党委书记意外现身省政府党组会议；央行澄清：数字人民币无意取代美元；福奇：不会就此取消强生疫苗，周五前有消息 https://t.co/xIXTFmiXVJ https://t.co/Agm3kNWfVH","url":"https://twitter.com/WallStTV/status/1383867195210440711","username":"華爾街電視 Wall St TV"},{"relevant_topic_guid":"121b706a996b67ae1b480319bd56c5e4","cnt_retweet":"0","publish_time":"20210419042709","page_action_type":"07","cnt_agree":"0","topic_guid":"121b706a996b67ae1b480319bd56c5e4","userid":"MingJingNews","cnt_comment":"1","content":"藏了十年华为秘密报告首度面世：他的能力到底多可怕？金融时报社论：反垄断也应拿央企国企开刀；枫桥党委书记意外现身省政府党组会议；央行澄清：数字人民币无意取代美元；福奇：不会就此取消强生疫苗，周五前有消息 https://t.co/OmBeR98Pck https://t.co/mcLQxlufbZ","url":"https://twitter.com/MingJingNews/status/1383879796019527685","username":"明鏡新聞網"},{"relevant_topic_guid":"d8e8d7108aac5e13c78824a8d4a89f87","cnt_retweet":"9","publish_time":"20210419032709","page_action_type":"07","cnt_agree":"16","topic_guid":"d8e8d7108aac5e13c78824a8d4a89f87","userid":"wstv_lizzi","cnt_comment":"3","content":"#华尔街网报 最新节目：https://t.co/13Uc3DpziG藏了十年的华为秘密报告首度面世：它的能力到底多可怕？金融时报社论：反垄断也应拿央企国企开刀枫桥党委书记意外现身省政府党组会议央行副行长澄清：数字人民币无意取代美元福奇：不会就此取消强生疫苗，周五前应有新消息 https://t.co/AQzk1GABU7","url":"https://twitter.com/wstv_lizzi/status/1383864696852279299","username":"李其 Lizzi"},{"relevant_topic_guid":"6ceca748fff8dc078478875da05f1128","cnt_retweet":"0","publish_time":"20210418225109","page_action_type":"07","cnt_agree":"1","topic_guid":"6ceca748fff8dc078478875da05f1128","userid":"ChainNewscom","cnt_comment":"0","content":"【央行副行长李波：数字人民币的正式推出尚无具体时间表，将继续扩大试点项目范围】链闻消息，中国人民银行副行长李波在博鳌亚洲论坛 2021 年年会数字支付与数字货币分论坛上指出，「数字人民币的正式推出没有具体时间表，未来中国将继…… https://t.co/hq8CXndMrB","url":"https://twitter.com/ChainNewscom/status/1383795239047995394","username":"链闻 ChainNews"},{"relevant_topic_guid":"9164637409627efac536a7685bdd21aa","cnt_retweet":"0","publish_time":"20210418182815","page_action_type":"07","cnt_agree":"0","topic_guid":"9164637409627efac536a7685bdd21aa","userid":"hermesstrategy","cnt_comment":"0","content":"数字人民币的起源、特征与影响 https://t.co/p2qklbEbiJ https://t.co/AtVw5vmL20","url":"https://twitter.com/hermesstrategy/status/1383729077182287880","username":"Hermes strategygroup"},{"relevant_topic_guid":"7f15a42fbbdc81dfdb086d53093bdd11","cnt_retweet":"0","publish_time":"20210416133449","page_action_type":"07","cnt_agree":"0","topic_guid":"7f15a42fbbdc81dfdb086d53093bdd11","userid":"chinasmpb","cnt_comment":"0","content":"用数字人民币结算。","url":"https://twitter.com/chinasmpb/status/1382930460037173250","username":"司马平邦"},{"relevant_topic_guid":"ca825a3079b9514b9e6d933df2d3be08","cnt_retweet":"1","publish_time":"20210416173647","page_action_type":"07","cnt_agree":"2","topic_guid":"ca825a3079b9514b9e6d933df2d3be08","userid":"johnnyh92539958","cnt_comment":"0","content":"#China\u0027s digital yuan testing is making steady progress. Now China is exploring #digitalyuan for cross border transactions to meet market demand. 中国数字人民币试点工作取得稳步进展。为满足市场需要，中国正探索数字人民币跨境支付业务。 https://t.co/leAqPzloe2 https://t.co/A3lwsLARjB","url":"https://twitter.com/johnnyh92539958/status/1382991349872402434","username":"joho"},{"relevant_topic_guid":"ea735835f773f727dc104258205c5d37","cnt_retweet":"0","publish_time":"20210416122344","page_action_type":"07","cnt_agree":"1","topic_guid":"ea735835f773f727dc104258205c5d37","userid":"trip7tvtrip7tv","cnt_comment":"0","content":"春秋航空收获全国首个数字人民币机票订单","url":"https://twitter.com/trip7tvtrip7tv/status/1382912569560559620","username":"東京流行通讯"},{"relevant_topic_guid":"0b5890fff6fdbda60e4d1e4e111b9825","cnt_retweet":"2","publish_time":"20210416071041","page_action_type":"07","cnt_agree":"1","topic_guid":"0b5890fff6fdbda60e4d1e4e111b9825","userid":"TimednewsC","cnt_comment":"0","content":"【日本央行官员：中国的数字人民币不会取代美元】 4月15日，据彭博社报道，日本央行(Bank of Japan)一位高级官员淡化了中国数字人民币威胁美元作为世界主要储备货币地位的可能性。https://t.co/UovifXZtYA https://t.co/dNdXWjb94O","url":"https://twitter.com/TimednewsC/status/1382833789559185414","username":"TimedNews.com"},{"relevant_topic_guid":"653cda5a836a013eefe2ee031d22359b","cnt_retweet":"0","publish_time":"20210415231102","page_action_type":"07","cnt_agree":"2","topic_guid":"653cda5a836a013eefe2ee031d22359b","userid":"chuxi2050","cnt_comment":"2","content":"「数字人民币」要来了？手机不联网也可以支付 https://t.co/x8JlkuLlY2","url":"https://twitter.com/chuxi2050/status/1382713079255863299","username":"除夕***"},{"relevant_topic_guid":"d440a682301127f3a79d719023e0364d","cnt_retweet":"1","publish_time":"20210415154623","page_action_type":"07","cnt_agree":"0","topic_guid":"d440a682301127f3a79d719023e0364d","userid":"wangwangyue2019","cnt_comment":"0","content":"数字人民币扩大试点 美衡量潜在影响 学者解析 https://t.co/94y9n30pbs","url":"https://twitter.com/wangwangyue2019/status/1382601180463923200","username":"王望岳"},{"relevant_topic_guid":"ff73383ffdbdfdf0a0a970726e4d44d6","cnt_retweet":"6","publish_time":"20210415224928","page_action_type":"07","cnt_agree":"134","topic_guid":"ff73383ffdbdfdf0a0a970726e4d44d6","userid":"XijinLi","cnt_comment":"10","content":"数字人民币在港测试 ，涉及跨境支付等应用场景。近期，在国际清算银行香港创新中心的支持下，人民银行数字货币研究所和香港金管局、泰国中央银行、阿拉伯联合酋长国，联合发起了多边央行数字货币桥的研究项目，旨在探索利用分布式账本技术实现央行数字货币对的跨境交易全天候同步交收，也就是PVP结算","url":"https://twitter.com/XijinLi/status/1382707653776973830","username":"XIJIN LI"},{"relevant_topic_guid":"4e879d92f0088f2734ca87aa1ac6dc01","cnt_retweet":"0","publish_time":"20210415190906","page_action_type":"07","cnt_agree":"0","topic_guid":"4e879d92f0088f2734ca87aa1ac6dc01","userid":"ChainNewscom","cnt_comment":"0","content":"【数字人民币在港测试，涉及跨境支付等应用场景】链闻消息，香港金管局发言人表示，数字人民币作跨境支付在香港进行的技术测试过程顺利，测试涉及人民银行指定的中国银行（香港）与受邀参与进行测试的约 200 名银行员工及商户。金管局与…… https://t.co/OoX409WpcR","url":"https://twitter.com/ChainNewscom/status/1382652197536686083","username":"链闻 ChainNews"},{"relevant_topic_guid":"0e5b545bd6f37f7fd3398623f26a6881","cnt_retweet":"0","publish_time":"20210412134010","page_action_type":"08","cnt_agree":"0","topic_guid":"5a1380ac73955c9353f7d8691c8ea6fb","userid":"COOOTV","cnt_comment":"0","content":"@CNTwitizen 我认为民主国家会先于专制国家接受创新……伊朗和中国的贸易目前并没有受到美国影响……他们以后可以直接使用数字人民币结算不需要通过比特币。除非他们不信任数字人民币。","url":"https://twitter.com/COOOTV/status/1381482251096055809","username":"风花雪月"},{"relevant_topic_guid":"46208bde01bcdf30bec2d19b9cc0d28a","cnt_retweet":"1","publish_time":"20210411101002","page_action_type":"08","cnt_agree":"0","topic_guid":"3f93d9d9d4265dd1cb9012967857f9ae","userid":"ZerohedgeC","cnt_comment":"0","content":"@zerohedge 即将到来的是：“北京已经测试了有效期，以鼓励用户在经济需要快速启动的时候快速消费（数字人民币）。”—华尔街日报是的，你的“数字货币”很快就会到期，先是在中国，然后是其他地方。","url":"https://twitter.com/ZerohedgeC/status/1381066981692993538","username":"ZeroHedge 机翻中文版"},{"relevant_topic_guid":"a7939669e5778dec5965b6dc7bf0b670","cnt_retweet":"0","publish_time":"20210411214530","page_action_type":"08","cnt_agree":"0","topic_guid":"5a292f437c73120cb55adca93e371978","userid":"syk593072375","cnt_comment":"0","content":"@CindyCreation 那你们的DeFi是在数字人民币为底层合约上建立的金融协议？","url":"https://twitter.com/syk593072375/status/1381242003518713856","username":"Steven shen"},{"relevant_topic_guid":"cf6fb77c1bb52b6393a9c6fc78ae7f99","cnt_retweet":"0","publish_time":"20210411185211","page_action_type":"08","cnt_agree":"0","topic_guid":"8e2142f7de9a89497abf2a5df7d5402a","userid":"HEROOFMAN012023","cnt_comment":"0","content":"@PDChinese 期待使用数字人民币","url":"https://twitter.com/HEROOFMAN012023/status/1381198388318756867","username":"若愚"},{"relevant_topic_guid":"d9bce2ce344ed8f7adb2a2ebdbb503b4","cnt_retweet":"0","publish_time":"20210411035323","page_action_type":"08","cnt_agree":"0","topic_guid":"e3a61b9522222a846c99b54d0bfb5faf","userid":"VQ8QOMMKHI3KST8","cnt_comment":"0","content":"@stupidwz 共产……，以后数字人民币，还不懂？","url":"https://twitter.com/VQ8QOMMKHI3KST8/status/1380972194864492544","username":"野牧童"},{"relevant_topic_guid":"01a20f8af14066855ca1f871beffddea","cnt_retweet":"0","publish_time":"20210428065530","page_action_type":"07","cnt_agree":"0","topic_guid":"01a20f8af14066855ca1f871beffddea","userid":"quickprairie","cnt_comment":"0","content":"开盘早知道1、美国人口增幅显著降低、专家关注老龄化长期挑战；2、印度新增确诊病例数维持高位、医疗器械需求提升；3、我国将加大铁矿石开采力度、行业景气周期望持续；4、数字人民币试点范围扩大、金融科技将受益。","url":"https://twitter.com/quickprairie/status/1387178622134505475","username":"A股超短交易"},{"relevant_topic_guid":"97cee6e23cb38dee9279db53294c4b08","cnt_retweet":"0","publish_time":"20210429103210","page_action_type":"07","cnt_agree":"1","topic_guid":"97cee6e23cb38dee9279db53294c4b08","userid":"ChainNewscom","cnt_comment":"0","content":"【深圳试点使用数字人民币发放「稳企业保就业」专项资金，累计发放近 2 亿元】链闻消息，据财联社报道，中国人民银行深圳市中心支行党委书记、行长邢毓静表示，深圳人民银行加快构建深圳金融科技创新高地。在数字人民币方面，率先外部可控…… https://t.co/yJ7eciOXj1","url":"https://twitter.com/ChainNewscom/status/1387595534593138690","username":"链闻 ChainNews"},{"relevant_topic_guid":"bc3cb8f152367ac1f6974660e7f5c1f6","cnt_retweet":"0","publish_time":"20210428114159","page_action_type":"07","cnt_agree":"0","topic_guid":"bc3cb8f152367ac1f6974660e7f5c1f6","userid":"toothle69695802","cnt_comment":"0","content":"数字人民币在三亚完成首单离岛免税购物。进入“白名单”管理的客户只需手机扫描二维码即可下载“数字人民币”APP，输入手机验证码即可完成注册使用。数字货币是大势所趋哦","url":"https://twitter.com/toothle69695802/status/1387250715744096260","username":"toothless"},{"relevant_topic_guid":"e7ca988223fff51e9cf8f4ab3b5ed52d","cnt_retweet":"1","publish_time":"20210429081315","page_action_type":"07","cnt_agree":"0","topic_guid":"e7ca988223fff51e9cf8f4ab3b5ed52d","userid":"Dylen_s","cnt_comment":"0","content":"[Reuters] 在公开场合中，中国央行称数字人民币仅做为备援和额外的功能，不会与支付宝或微信支付竞争。但为央行推广法定数字货币的国有银行在私下里直言不讳地表示，政府的意图是削弱这两种支付手段的主导地位。https://t.co/3gGBGrhhXd","url":"https://twitter.com/Dylen_s/status/1387560573986951169","username":"Dylen"},{"relevant_topic_guid":"62a93a5e4b0d999cd2f08291c10f0101","cnt_retweet":"0","publish_time":"20210428152827","page_action_type":"07","cnt_agree":"0","topic_guid":"62a93a5e4b0d999cd2f08291c10f0101","userid":"loverty","cnt_comment":"0","content":"国企做互联网媒体，从PC时代的信息港，到移动时代的学习强国、个税所得税、XX通（各地一网通）、数字人民币，貌似逐渐入局","url":"https://twitter.com/loverty/status/1387307711025467395","username":"哈斯日志"},{"relevant_topic_guid":"8c8242753c072ba39b90668daef25e21","cnt_retweet":"0","publish_time":"20210428114120","page_action_type":"07","cnt_agree":"0","topic_guid":"8c8242753c072ba39b90668daef25e21","userid":"tgbt1987","cnt_comment":"0","content":"4月27日，数字人民币在三亚完成首单购物，这也标志着数字人民币在海南自贸港离岛免税购物场景的使用正式启动，数字货币未来可期.... https://t.co/63rQQVi71Q","url":"https://twitter.com/tgbt1987/status/1387250551792930819","username":"唐一糖"},{"relevant_topic_guid":"2c6f39e013408c0e04e4951f930ddd50","cnt_retweet":"0","publish_time":"20210415070311","page_action_type":"07","cnt_agree":"1","topic_guid":"2c6f39e013408c0e04e4951f930ddd50","userid":"Neil_8977","cnt_comment":"1","content":"Chinese 都不要 买 狗币 了 买了 也白搭 在 西朝鲜 也用不了 哈哈哈哈哈哈哈哈哈 回去 用你们的 数字人民币 *","url":"https://twitter.com/Neil_8977/status/1382469513132744707","username":"Neil"},{"relevant_topic_guid":"65a5b269ebab58ae38e77fcd9e6ecd08","cnt_retweet":"0","publish_time":"20210415134528","page_action_type":"07","cnt_agree":"0","topic_guid":"65a5b269ebab58ae38e77fcd9e6ecd08","userid":"xyz_3721","cnt_comment":"0","content":"天朝推动打击支付垄断，加快跨境电商支付体系，是为数字人民币体系完善铺路？","url":"https://twitter.com/xyz_3721/status/1382570750574428161","username":"旁观者"},{"relevant_topic_guid":"b84642a3e37c4e95e30336d64f7748db","cnt_retweet":"3","publish_time":"20210415061001","page_action_type":"07","cnt_agree":"10","topic_guid":"b84642a3e37c4e95e30336d64f7748db","userid":"dajiyuan","cnt_comment":"2","content":"数字人民币扩大试点 美衡量潜在影响 学者解析 中共正扩大 #数字人民币 试点范围，#美国 开始加强审查数字人民币计划。独立经济学者巩胜利对大纪元表示，拜登政府警惕数字人民币成为中共法定货币，但数字人民币要想在未来自由流通，就像其想要国际化一样，是非常遥远的事。https://t.co/oCtbzirD4A","url":"https://twitter.com/dajiyuan/status/1382456131424030722","username":"大纪元新闻网"},{"relevant_topic_guid":"0ec43e68647b67b1a5e6b38b2053a02a","cnt_retweet":"0","publish_time":"20210414150437","page_action_type":"07","cnt_agree":"0","topic_guid":"0ec43e68647b67b1a5e6b38b2053a02a","userid":"xyz_3721","cnt_comment":"0","content":"#央行数字货币 #CBDC #数字人民币天朝各城市开始发数字人民币红包了","url":"https://twitter.com/xyz_3721/status/1382228279793381376","username":"旁观者"},{"relevant_topic_guid":"a0fe98db4090452c87702a6cc55d2912","cnt_retweet":"0","publish_time":"20210414142642","page_action_type":"07","cnt_agree":"3","topic_guid":"a0fe98db4090452c87702a6cc55d2912","userid":"linyuan57","cnt_comment":"0","content":"目前，工、中、建、交、邮储等国有银行均已开始推广数字人民币钱包。在这些银行网点，用户只需简单填写资料，申请白名单开通钱包，就能参与数字人民币的测试，可知数字人民币测试正在进入全面提速阶段。","url":"https://twitter.com/linyuan57/status/1382218740297715712","username":"林园"},{"relevant_topic_guid":"7ad034922158c577889ada146602422a","cnt_retweet":"0","publish_time":"20210414112249","page_action_type":"07","cnt_agree":"0","topic_guid":"7ad034922158c577889ada146602422a","userid":"iterjpnic","cnt_comment":"0","content":"没搞清楚数字人民币能改变什么，但我朋友的公司竟然已经在给某Top10高校做的校园支付中集成了，真快！","url":"https://twitter.com/iterjpnic/status/1382172463941832706","username":"imjoey"},{"relevant_topic_guid":"22bb1d31467cd2bf4cce15a6917a01a2","cnt_retweet":"36","publish_time":"20210414221907","page_action_type":"07","cnt_agree":"65","topic_guid":"22bb1d31467cd2bf4cce15a6917a01a2","userid":"tuituidang","cnt_comment":"1","content":"当地时间4月12日，知情人士向美媒披露，拜登政府已做出一项重大决定，即加大对数字人民币的研究力度华尔街日报》4月5日报道，中方的这一举措可能动摇美元的全球金融体系“霸主”地位。不止美媒，一些美国官员认为，此项举措是“中共国‘颠覆美元作为世界主要储备货币’计划的一环”。据悉，美国国务院、","url":"https://twitter.com/tuituidang/status/1382337625319743490","username":"推推党宣传小部长"},{"relevant_topic_guid":"679fe74959108d2ee6c8446777719881","cnt_retweet":"0","publish_time":"20210414001815","page_action_type":"07","cnt_agree":"0","topic_guid":"679fe74959108d2ee6c8446777719881","userid":"xyz_3721","cnt_comment":"1","content":"#央行数字货币 #CBDC #数字人民币天朝通过重点城市试点之后，加速推动数字人民币进程，提供上门服务。 https://t.co/Mu2odAItfU","url":"https://twitter.com/xyz_3721/status/1382005219551158275","username":"旁观者"},{"relevant_topic_guid":"c2de0a3760b1b0a3a6715988095472af","cnt_retweet":"0","publish_time":"20210414142628","page_action_type":"07","cnt_agree":"2","topic_guid":"c2de0a3760b1b0a3a6715988095472af","userid":"linyuan57","cnt_comment":"0","content":"央行：稳妥推进数字人民币研发试点近日，人民银行召开2021年货币金银和安全保卫工作电视会议。会议要求，下一阶段，要切实保障现金供应，稳妥推进数字人民币研发试点，持续深入做好整治拒收现金工作，不断完善大额现金管理试点，改进完善反假货币工作。","url":"https://twitter.com/linyuan57/status/1382218681443229696","username":"林园"},{"relevant_topic_guid":"359c48002c7c6175745260da6b72878f","cnt_retweet":"0","publish_time":"20210414015426","page_action_type":"07","cnt_agree":"3","topic_guid":"359c48002c7c6175745260da6b72878f","userid":"luoxiaxia","cnt_comment":"0","content":"哦北京居然有人提议给数字人民币加一个过期日，以促进消费？那我真不明白，这个世界上还有什么不会过期*","url":"https://twitter.com/luoxiaxia/status/1382029426632896513","username":"luoxiaxia"},{"relevant_topic_guid":"11869d239ff31717b449614b107c551e","cnt_retweet":"0","publish_time":"20210414024004","page_action_type":"07","cnt_agree":"0","topic_guid":"11869d239ff31717b449614b107c551e","userid":"NuevoMundoPE","cnt_comment":"0","content":"西媒分析数字人民币对比特币和美元帝国的影响 https://t.co/8sPVMipeg9 https://t.co/ucuqnPu9D9","url":"https://twitter.com/NuevoMundoPE/status/1382040910192590848","username":"Diario Nuevo Mundo"},{"relevant_topic_guid":"a64ad8b91ebd917dfea883bcb0ca5cac","cnt_retweet":"5","publish_time":"20210414101052","page_action_type":"07","cnt_agree":"1","topic_guid":"a64ad8b91ebd917dfea883bcb0ca5cac","userid":"wendylu_1","cnt_comment":"0","content":"Yuan Ambitions人民币的野心日本媒体对中共人民币的野心进行了深刻剖析。中共计划2022年实现“数字人民币（e-yuan)”的历史性发布，与冬奥会同步。通过全球第一种主权数字货币，瓦解取代美元主导地位。中共暴力实现对主要以美元计价的香港的控制，同时控制阿里巴巴集团在线资本https://t.co/Er3gaYyKIR","url":"https://twitter.com/wendylu_1/status/1382154355386683395","username":"Wendy"},{"relevant_topic_guid":"ea276a61db3c949aad1d619781d73921","cnt_retweet":"3","publish_time":"20210413162003","page_action_type":"07","cnt_agree":"2","topic_guid":"ea276a61db3c949aad1d619781d73921","userid":"faneverywhere","cnt_comment":"0","content":"《唐浩视界》数字人民币 藏中共6大谋霸战术https://t.co/8k9ZmQVt6c","url":"https://twitter.com/faneverywhere/status/1381884878057308162","username":"翻墙Everywhere"},{"relevant_topic_guid":"8d5346274e65951c97af3c43195e4c02","cnt_retweet":"0","publish_time":"20210413191227","page_action_type":"07","cnt_agree":"0","topic_guid":"8d5346274e65951c97af3c43195e4c02","userid":"XiaoZhen0537","cnt_comment":"0","content":"数字人民币何时正式推出？央行：目前还无时间表 https://t.co/tR9EQmk8xB","url":"https://twitter.com/XiaoZhen0537/status/1381928263463886850","username":"每日头条 - 时事百科抢先看"},{"relevant_topic_guid":"acc2038dc475e57a51560ef01af16beb","cnt_retweet":"3","publish_time":"20210413194647","page_action_type":"07","cnt_agree":"1","topic_guid":"acc2038dc475e57a51560ef01af16beb","userid":"wendylu_1","cnt_comment":"0","content":"海曼资本创始人凯尔·巴斯先生表示：可想象一下，中共要求与其进行贸易或在中共国投资的人都必须使用数字人民币结算，然后强迫你用美元欧元英镑购买数字人民币，然后存入你的数字人民币帐户，中共就可以控制你的一举一动了。 一旦中共把数字人民币分布到全球，将是灾难！ https://t.co/AnH04EGHi2","url":"https://twitter.com/wendylu_1/status/1381936902488518657","username":"Wendy"},{"relevant_topic_guid":"72a0ce0595e1c96a8ee68a65f63e210d","cnt_retweet":"0","publish_time":"20210413111551","page_action_type":"07","cnt_agree":"0","topic_guid":"72a0ce0595e1c96a8ee68a65f63e210d","userid":"hermesstrategy","cnt_comment":"0","content":"央行：数字人民币增加6个试点测试地区 https://t.co/oaDdpAIOqP","url":"https://twitter.com/hermesstrategy/status/1381808321573883906","username":"Hermes strategygroup"},{"relevant_topic_guid":"22bb1d31467cd2bf4cce15a6917a01a2","cnt_retweet":"10","publish_time":"20210414221907","page_action_type":"08","cnt_agree":"25","topic_guid":"f43bed3163cfa3df1ebbe33d312ca9c9","userid":"tuituidang","cnt_comment":"1","content":"财政部、五角大楼和国家安全委员会等多个核心职能部门正加紧对中方数字人民币项目进行评估和“审查”。另外，据人士透露，对于中方可能通过数字人民币回避美国的制裁手段这一问题，部分美国官员“深感担忧”。日前，美联储主席鲍威尔和美方财长耶伦就表示，拜登政府有意加速数字美元的可行性研究","url":"https://twitter.com/tuituidang/status/1382337627890782217","username":"推推党宣传小部长"},{"relevant_topic_guid":"0ccbbde0b73eb99ae99d956f1af73f31","cnt_retweet":"0","publish_time":"20210414214300","page_action_type":"08","cnt_agree":"1","topic_guid":"69cf8fe1b8ece3f9096ec8ef87d0027d","userid":"btcadalink","cnt_comment":"0","content":"@OceanyTech @XijinLi 理论上是这个理可是国家自己对金融和货币的管理能力一天天在下降中。看看美国就知道了。中国出台数字人民币就是一个对冲的方法。","url":"https://twitter.com/btcadalink/status/1382328539450548225","username":"达叔 Uncle ADA"},{"relevant_topic_guid":"8bedd1ac09499e7ab96ab8a58dfd8e04","cnt_retweet":"0","publish_time":"20210414110006","page_action_type":"08","cnt_agree":"1","topic_guid":"352f9114bbf8e5443cfdc0864a887196","userid":"wbpluto","cnt_comment":"0","content":"@Charles48372273 @__Inty__ 不相信：1.是中国政府搞的，就不可能再搞个数字人民币了。2. 是中国政府搞的，就不可能官媒经常贬低比特币存在风险了。3. 是中国政府搞的，不可能没有蛛丝马迹，总会有人透露或发现点什么。","url":"https://twitter.com/wbpluto/status/1382166745394290691","username":"wbpluto"},{"relevant_topic_guid":"f43bed3163cfa3df1ebbe33d312ca9c9","cnt_retweet":"5","publish_time":"20210414222059","page_action_type":"08","cnt_agree":"16","topic_guid":"0550c9c516d4ccf3b54f9829441ab68f","userid":"tuituidang","cnt_comment":"0","content":"4月1日，央行研究局局长王信透露，中方将在适当时机推进数字人民币国际跨境结算业务。目前中方已与阿联酋、泰国等国央行以及香港金融管理局“试水”多边央行数字货币桥项目。","url":"https://twitter.com/tuituidang/status/1382338095014686722","username":"推推党宣传小部长"},{"relevant_topic_guid":"740afe6225da760160dce1097756228d","cnt_retweet":"0","publish_time":"20210414184557","page_action_type":"08","cnt_agree":"1","topic_guid":"ec143ff8ba30588db88e14d4769ae591","userid":"Nelsonlllll","cnt_comment":"0","content":"@caijingxiang 老大要推行数字人民币，下面人故意搞的","url":"https://twitter.com/Nelsonlllll/status/1382283979815055369","username":"西门富贵"},{"relevant_topic_guid":"84edb87357572c9ab8d12ef05ede8347","cnt_retweet":"0","publish_time":"20210414093403","page_action_type":"08","cnt_agree":"0","topic_guid":"c7e0cc33c27cb9ac768f41293083300f","userid":"Mzxtby","cnt_comment":"0","content":"@BeltandRoadDesk @Bridge__z 哈哈哈，我们老板中奖，获得200元人民币，政府通过数字人民币app发放","url":"https://twitter.com/Mzxtby/status/1382145089489620998","username":"HSBR company China"},{"relevant_topic_guid":"21f758d0cb3c234e873d3b3f8ff48b8c","cnt_retweet":"0","publish_time":"20210413230926","page_action_type":"08","cnt_agree":"1","topic_guid":"a5ebe39851519d8a766a1fe1eba2e6d4","userid":"Boyanxiejun","cnt_comment":"0","content":"@PDChinese 深圳一些大型超市都可以用数字人民币支付了，","url":"https://twitter.com/Boyanxiejun/status/1381987902851141641","username":"五毛外宣部副部长"},{"relevant_topic_guid":"bebc444cf688adbcf2d91930e6a9ed5e","cnt_retweet":"0","publish_time":"20210414193316","page_action_type":"08","cnt_agree":"1","topic_guid":"9d0626ab4884c01ba1222031a5bf18e6","userid":"bSM1ha7fJgurUK5","cnt_comment":"1","content":"数字人民币也是政治币，大家好都不看好数字人民币，可也不代表G币作为政治币可以一帆风顺呀！我可以想象到G币真到了发售的时候，对于流通问题会有多少问题摆在面前，就算G币能上Coinbase，中国老百姓也买不到，那就选择其他的平台，有华人背景的你能上吗？上了后会安全吗？放在哪个钱包会安全？","url":"https://twitter.com/bSM1ha7fJgurUK5/status/1382295888056451077","username":"无尽寒冬灭新生"},{"relevant_topic_guid":"b36a871f1adde1cdf2e946a77aa24f9a","cnt_retweet":"0","publish_time":"20210413102718","page_action_type":"07","cnt_agree":"2","topic_guid":"b36a871f1adde1cdf2e946a77aa24f9a","userid":"molihua_org","cnt_comment":"0","content":"中国财经媒体报道汇总：数字人民币增加六个试点测试地区 https://t.co/tspgUeQQSI","url":"https://twitter.com/molihua_org/status/1381796106095431683","username":"中国茉莉花革命"},{"relevant_topic_guid":"e43fd0554eb22506072e114fc4629ecd","cnt_retweet":"0","publish_time":"20210413010744","page_action_type":"07","cnt_agree":"0","topic_guid":"e43fd0554eb22506072e114fc4629ecd","userid":"0xzxcom","cnt_comment":"0","content":"美国分析数字人民币的潜在威胁 https://t.co/QcOw1jnnuK","url":"https://twitter.com/0xzxcom/status/1381655282904879108","username":"0x资讯"},{"relevant_topic_guid":"0cb06235328fdb7fefc1850b2d2df7c7","cnt_retweet":"0","publish_time":"20210412223240","page_action_type":"07","cnt_agree":"1","topic_guid":"0cb06235328fdb7fefc1850b2d2df7c7","userid":"yzx4814","cnt_comment":"0","content":"才知道最近不让开银行卡的现象是断卡行动引起的，都已经是扫脸开卡的情况下，出了问题不是可以很好地从身份证数据库捞人冻结所有资产么？不让开卡反倒像是在测试推广数字人民币的压力","url":"https://twitter.com/yzx4814/status/1381616259083628549","username":"fuxiangzhe,❤️****"},{"relevant_topic_guid":"17cf25b411f0479d98e98d8b005628ac","cnt_retweet":"0","publish_time":"20210412213504","page_action_type":"07","cnt_agree":"0","topic_guid":"17cf25b411f0479d98e98d8b005628ac","userid":"6donews","cnt_comment":"0","content":"媒体：美国看到数字人民币的威胁后加强数字美元工作 https://t.co/EymfI1w1xQ https://t.co/BXdvikojb7","url":"https://twitter.com/6donews/status/1381601766941192200","username":"六度新闻"},{"relevant_topic_guid":"1fb79a7d75ed31c1e477727395598b5d","cnt_retweet":"0","publish_time":"20210413093444","page_action_type":"07","cnt_agree":"0","topic_guid":"1fb79a7d75ed31c1e477727395598b5d","userid":"Ally08444821","cnt_comment":"0","content":"数字人民币相继在深圳、苏州及未来的冬奥场景启动试点测试，到去年10月增加了上海、海南、长沙、西安、青岛、大连6个试点测试地区数字人民币试点测试的参与人数、笔数、兑换金额总体较小，使用场景覆盖生活缴费、餐饮服务等多个领域。目前数字人民币总体处於试点测试阶段，正式推出还没有时间表","url":"https://twitter.com/Ally08444821/status/1381782874945245193","username":"#港股 #HK stocks"},{"relevant_topic_guid":"a7e1b382ce9e018e0473c348fab5100b","cnt_retweet":"0","publish_time":"20210413063509","page_action_type":"07","cnt_agree":"3","topic_guid":"a7e1b382ce9e018e0473c348fab5100b","userid":"lvv2com","cnt_comment":"0","content":"【担心美元地位被推翻，拜登政府正加紧研究数字人民币】大部分美国官员并不认为数字人民币能在短期内撼动全球金融体系，但一些官员担心，数字人民币的推广可能会开启一场推翻美元“霸权”地位的长期努力。 https://t.co/dTWLdR9t0y","url":"https://twitter.com/lvv2com/status/1381737680300564484","username":"Lvv2.com"},{"relevant_topic_guid":"107552517fd3496d588e3e393214ea9a","cnt_retweet":"1","publish_time":"20210412204407","page_action_type":"07","cnt_agree":"2","topic_guid":"107552517fd3496d588e3e393214ea9a","userid":"nanyangpress","cnt_comment":"0","content":"中国央行已在全国几个试点城市发行数字人民币，有望成为全球首个发行虚拟货币的主要央行。https://t.co/6qSujovPgT https://t.co/j09Ha4UFg3","url":"https://twitter.com/nanyangpress/status/1381588943330676738","username":"南洋商报eNanyang"},{"relevant_topic_guid":"892bed97d7c4cf4260e1eaa07498e5fa","cnt_retweet":"3","publish_time":"20210413103534","page_action_type":"07","cnt_agree":"21","topic_guid":"892bed97d7c4cf4260e1eaa07498e5fa","userid":"KUI__YANG","cnt_comment":"5","content":"渔夫正在用微小口径的“断子绝孙网”有条不紊地收网，大鱼们腾挪翻越，能跑的都跑了，跑不了的已经沦陷了。唯有小鱼小虾们还在享用着爱国主义鸡血，表示坚决支持新一轮的收网行动，“厉害了！我的网！”数字人民币全面铺开之时，就是尔等牢底坐穿之始！","url":"https://twitter.com/KUI__YANG/status/1381798182783393792","username":"KUI YANG-葵阳先生"},{"relevant_topic_guid":"d12ec6268095f3594c18dafc5a898423","cnt_retweet":"0","publish_time":"20210412220205","page_action_type":"07","cnt_agree":"0","topic_guid":"d12ec6268095f3594c18dafc5a898423","userid":"6donews","cnt_comment":"0","content":"央行：数字人民币增加6个试点测试区，正式推出还没时间表 https://t.co/bfRmCyByfx","url":"https://twitter.com/6donews/status/1381608564670619655","username":"六度新闻"},{"relevant_topic_guid":"418e1fe0daf3a102e7c7696a7da5068a","cnt_retweet":"0","publish_time":"20210412190449","page_action_type":"07","cnt_agree":"0","topic_guid":"418e1fe0daf3a102e7c7696a7da5068a","userid":"menghanfei","cnt_comment":"0","content":"知情人士透露，拜登政府正在加强对中国数字人民币计划的审查，一些官员担心，这项举措或是颠覆美元作为世界主要储备货币长期计划的开端。","url":"https://twitter.com/menghanfei/status/1381563952132317187","username":"韓非"},{"relevant_topic_guid":"1df717e85fbe9b9f896e05587d50d8b7","cnt_retweet":"0","publish_time":"20210412180605","page_action_type":"07","cnt_agree":"0","topic_guid":"1df717e85fbe9b9f896e05587d50d8b7","userid":"6donews","cnt_comment":"0","content":"数字人民币颠覆美元地位？ 传拜登团队加强检视威胁 https://t.co/cQjIiwyfu1 https://t.co/j7sHbD3rz4","url":"https://twitter.com/6donews/status/1381549174152294401","username":"六度新闻"},{"relevant_topic_guid":"aaa38144e722c5cb04647fef46ededed","cnt_retweet":"0","publish_time":"20210412190734","page_action_type":"07","cnt_agree":"0","topic_guid":"aaa38144e722c5cb04647fef46ededed","userid":"6donews","cnt_comment":"0","content":"“拜登政府正加紧研究数字人民币” https://t.co/Jls5P2yCxV","url":"https://twitter.com/6donews/status/1381564644855181314","username":"六度新闻"},{"relevant_topic_guid":"bbf370c9f178b92abb642e6b5d857b8e","cnt_retweet":"0","publish_time":"20210412173804","page_action_type":"07","cnt_agree":"0","topic_guid":"bbf370c9f178b92abb642e6b5d857b8e","userid":"6donews","cnt_comment":"0","content":"中国数字人民币计划威胁美元帝位？ 拜登要衡量 https://t.co/W3apOVzt3W https://t.co/j6Yvb31ah2","url":"https://twitter.com/6donews/status/1381542120691933194","username":"六度新闻"},{"relevant_topic_guid":"ac7758ff9068446c06d2ee145e0a1003","cnt_retweet":"0","publish_time":"20210304161433","page_action_type":"07","cnt_agree":"0","topic_guid":"ac7758ff9068446c06d2ee145e0a1003","userid":"BTCNews6","cnt_comment":"0","content":"Chicomnews: Enterprise blockchain to integrate China’s digital yuan #auspol #chinesenews Chang’an Chain, an enterprise blockchain developed by a state-backed Beijing consortium, will integrate China’s digital yuan, as the capital city readies the e-CNY fo https://t.co/2HeyUwkogB","url":"https://twitter.com/BTCNews6/status/1367387976947273728","username":"My Eyes Are Up Here"},{"relevant_topic_guid":"5c8b77f4093cd450ae6e59ca9cdb1ddd","cnt_retweet":"0","publish_time":"20210413203505","page_action_type":"07","cnt_agree":"0","topic_guid":"5c8b77f4093cd450ae6e59ca9cdb1ddd","userid":"carraro007007","cnt_comment":"0","content":"以太坊和瑞波币暴涨的背后当然是公安部允许地方公安局长签字就可以冻结银行账户 大量从事国际贸易活动的人转向啦数字币usdt 这当然是人民银行不太愿意看到 地方公安局没钱拿什么维稳 推行数字人民币也不能解决这个问题","url":"https://twitter.com/carraro007007/status/1381949058109952002","username":"法比奥奥奥"},{"relevant_topic_guid":"248a58ad6c3096b95929decdeeb0100f","cnt_retweet":"0","publish_time":"20210412183404","page_action_type":"07","cnt_agree":"0","topic_guid":"248a58ad6c3096b95929decdeeb0100f","userid":"6donews","cnt_comment":"0","content":"缓和还是紧张?拜登对华政策狠过川普!忧美元地位不保!美加强对数字人民币审查!货币政策不变!鲍威尔:今年加息没戏!反垄断动真格!中国市监总局扩编!焦点早知道Apr 12,2021 https://t.co/xa6y4fI0bi","url":"https://twitter.com/6donews/status/1381556216292237313","username":"六度新闻"},{"relevant_topic_guid":"5cee6018abc62bf5a0ee3c5e23714e9b","cnt_retweet":"0","publish_time":"20210306001341","page_action_type":"07","cnt_agree":"0","topic_guid":"5cee6018abc62bf5a0ee3c5e23714e9b","userid":"Janko45304243","cnt_comment":"0","content":"Electronic Chinese yuan is ready E-CNY@PeterSchiff @federalreserve @ArcadiaEconomic @RealDougCasey @silverguru22 @SlawomirMentzen @BartosiakJacek","url":"https://twitter.com/Janko45304243/status/1367870942865747976","username":"#SILVERSQUEEZE"},{"relevant_topic_guid":"b76f19c69258a51f6ca64eecb96b2c33","cnt_retweet":"0","publish_time":"20210306064845","page_action_type":"07","cnt_agree":"2","topic_guid":"b76f19c69258a51f6ca64eecb96b2c33","userid":"yeni_tarih","cnt_comment":"1","content":"Bak ,  e-Cny  Çin Dijital parası kullanılmaya başladı.Marketler Atm makineleri.. https://t.co/z47ivrURNA","url":"https://twitter.com/yeni_tarih/status/1367970364312203269","username":"BÜYÜK TÜRKIYE**"},{"relevant_topic_guid":"85cdb624816c28c3f0e2932a81f867e2","cnt_retweet":"0","publish_time":"20210303152955","page_action_type":"07","cnt_agree":"0","topic_guid":"85cdb624816c28c3f0e2932a81f867e2","userid":"GmoppsHassan","cnt_comment":"0","content":"Check out my latest article: CHINESE e-CURRENCY TRIAL SUCCESS JUDDERS THE WORLD:CHINA DIGITAL YUAN OR e-CNY IS IN FINAL STAGE OF USER TESTING AT SHENZHEN,TIANJIN SHANGHAI \u0026amp;amp;BEIJING https://t.co/z3FQHwIZF9 via @LinkedIn","url":"https://twitter.com/GmoppsHassan/status/1367014358732206080","username":"Hassan Yousuf"},{"relevant_topic_guid":"b49ccbe00b01fd52d51d7497e209ca65","cnt_retweet":"2","publish_time":"20210303201344","page_action_type":"07","cnt_agree":"18","topic_guid":"b49ccbe00b01fd52d51d7497e209ca65","userid":"Dinastiachip","cnt_comment":"0","content":"Todos los billetes a partir de 1 yuan tienen la cara de Mao Zedong. Quizá para que la gente lo asocie con el dinero real, el futuro (o ya presente) yuan digital, el e-CNY (数字人民币), mantiene en los pagos la efigie de Mao y el diseñoEl color de los \"billetes\" varía por bancos https://t.co/7R18hQ8IX3","url":"https://twitter.com/Dinastiachip/status/1367085784377954313","username":"Dinastía Chip"},{"relevant_topic_guid":"7b6cd39f6932d262575c6cf5fd45b810","cnt_retweet":"4","publish_time":"20210302170411","page_action_type":"07","cnt_agree":"5","topic_guid":"7b6cd39f6932d262575c6cf5fd45b810","userid":"seattletimes","cnt_comment":"0","content":"The electronic Chinese yuan, also referred to as E-CNY, is now being tested in cities such as Shenzhen, Shanghai and Beijing. No other major government power is as far along with a homegrown digital currency. https://t.co/nY7cB8Wu5E","url":"https://twitter.com/seattletimes/status/1366675693850030080","username":"The Seattle Times"},{"relevant_topic_guid":"85bd412afa2d4c9e69c082af1f109606","cnt_retweet":"0","publish_time":"20210304031516","page_action_type":"07","cnt_agree":"0","topic_guid":"85bd412afa2d4c9e69c082af1f109606","userid":"GmoppsHassan","cnt_comment":"0","content":"Check out my latest article: CHINESE eCURRENCY TRIAL SUCCESS JUDDERS THE WORLD:CHINA DIGITAL YUAN OR e-CNY IS IN FINAL STAGE OF USER TESTING AT SHENZHEN,TIANJIN SHANGHAI \u0026amp;amp;BEIJING https://t.co/z3FQHwIZF9 via @LinkedIn","url":"https://twitter.com/GmoppsHassan/status/1367191863518724098","username":"Hassan Yousuf"},{"relevant_topic_guid":"34d5195edccf1a1cabfa01ab7c627166","cnt_retweet":"3","publish_time":"20210225194658","page_action_type":"07","cnt_agree":"20","topic_guid":"34d5195edccf1a1cabfa01ab7c627166","userid":"MildSpicyGloria","cnt_comment":"1","content":"I just entered lottery for digital CNY.Chengdu gov is giving out a total of ¥40 million digital CNY. 200,000 winners will receive either ¥178 or ¥238 and can spend them in 11,000 locations where e-CNY is accepted as payment. https://t.co/4xEGjmwze9","url":"https://twitter.com/MildSpicyGloria/status/1364904720196722689","username":"Gloria(˘͈ᵕ ˘͈❀)"},{"relevant_topic_guid":"819140e5d844d6474dee0aa089d02ae4","cnt_retweet":"0","publish_time":"20210302020501","page_action_type":"07","cnt_agree":"5","topic_guid":"819140e5d844d6474dee0aa089d02ae4","userid":"_annabellehuang","cnt_comment":"0","content":"It was fun chatting with @nathanielpopper from the Times and sharing first-hand DCEP / e-CNY experience here!#DigitalAssets #CBDC #DCEP","url":"https://twitter.com/_annabellehuang/status/1366449409257443328","username":"Annabelle Huang"},{"relevant_topic_guid":"1b76ff335abe581d391bfa19686858c6","cnt_retweet":"1","publish_time":"20210303203336","page_action_type":"07","cnt_agree":"2","topic_guid":"1b76ff335abe581d391bfa19686858c6","userid":"Forkast_News","cnt_comment":"0","content":"City of #Chengdu will be launching China\u0027s largest digital currency trial to date, starting today. Could China\u0027s e-CNY central bank digital currency (#CBDC) possibly replace the current Alipay/WeChat Pay dynasty? https://t.co/knnypOQPr0","url":"https://twitter.com/Forkast_News/status/1367090782231003136","username":"Forkast News"},{"relevant_topic_guid":"a6b8750cdc540145b27dcb145e30e16d","cnt_retweet":"1","publish_time":"20210228182242","page_action_type":"07","cnt_agree":"1","topic_guid":"a6b8750cdc540145b27dcb145e30e16d","userid":"PeterYokoyama","cnt_comment":"0","content":"中国人民銀行が準備中のデジタル人民元(e-CNY)もネットが使えん場所での使用を意識して後者のタイプにしたっぽい。","url":"https://twitter.com/PeterYokoyama/status/1365970675156930560","username":"ノラ神主ぴーちゃん *反緊縮 Pete the Stray Shinto Priest"},{"relevant_topic_guid":"139b2e0587fb12eb70a42f4ac261c3bb","cnt_retweet":"0","publish_time":"20210226194951","page_action_type":"07","cnt_agree":"1","topic_guid":"139b2e0587fb12eb70a42f4ac261c3bb","userid":"HSBC_Expat","cnt_comment":"0","content":"Read the latest wealth research publications: https://t.co/hOvRhqMIwINew articles added this week include: ▪️ GBP’s reach exceeds its grasp ▪️ Digital EUR - a long-term path, yet quick thoughts▪️ e-CNY: After ‘red packet’ lottery trials, what’s next?","url":"https://twitter.com/HSBC_Expat/status/1365267834083958784","username":"HSBC Expat"},{"relevant_topic_guid":"0a479fb24be1ba2a13a01f6f21906d98","cnt_retweet":"1","publish_time":"20210226035740","page_action_type":"07","cnt_agree":"1","topic_guid":"0a479fb24be1ba2a13a01f6f21906d98","userid":"Monnaiesvirtuel","cnt_comment":"0","content":"A Beijing, des distributeurs compatibles avec le e-CNY (Electronic Chinese-Yuan / digital yuan) ont été mis à disposition. Ils permettent aux détenteurs de la monnaie numérique de récupérer du cash.https://t.co/QRm1UDyV90","url":"https://twitter.com/Monnaiesvirtuel/status/1365028207330787331","username":"Monnaies virtuelles"},{"relevant_topic_guid":"04365fbd5a5c4948a9b8f09e1b6740c5","cnt_retweet":"0","publish_time":"20210223011910","page_action_type":"07","cnt_agree":"0","topic_guid":"04365fbd5a5c4948a9b8f09e1b6740c5","userid":"chinafinrisk","cnt_comment":"0","content":"Good story culled from Chinese-language financial media. #DCEP piloting (E-CNY, e-CNY, ...) spreading to Internet banks. Pairs well w recent Zhou Xiaochuan piece in Caixin confirming commercial/retail banks, not PBOC, responsible for all facets of distribution.","url":"https://twitter.com/chinafinrisk/status/1363901157496782848","username":"China FinRisk"},{"relevant_topic_guid":"bcc96d9f4a8ed7af767b4dc71602585f","cnt_retweet":"2","publish_time":"20210224131849","page_action_type":"07","cnt_agree":"3","topic_guid":"bcc96d9f4a8ed7af767b4dc71602585f","userid":"ConsulCubaSH","cnt_comment":"0","content":"People in #Shanghai can now use digital renminbi (RMB) to pay at vending machines in Metro stations and hospitals. The city is promoting the #digitalcurrency on a trial basis. #China is planning to expand e-CNY usage to the upcoming Winter Olympics in 2022. https://t.co/55d9QcRFQ0","url":"https://twitter.com/ConsulCubaSH/status/1364444651256569857","username":"Consulado General de Cuba en Shanghai"},{"relevant_topic_guid":"26f75cba576f8d8e03e8c290a13eec9f","cnt_retweet":"0","publish_time":"20210223020259","page_action_type":"07","cnt_agree":"0","topic_guid":"26f75cba576f8d8e03e8c290a13eec9f","userid":"FXStreetnewsde","cnt_comment":"0","content":"e-CNY wird in naher Zukunft kaum Auswirkungen auf den Wechselkurs haben - HSBC https://t.co/bNCBonsyL7","url":"https://twitter.com/FXStreetnewsde/status/1363912185286656005","username":"FXStreet Deutschland"},{"relevant_topic_guid":"ee4564a12b1f8fb0d2fb74e62ae15f0d","cnt_retweet":"0","publish_time":"20210115203000","page_action_type":"07","cnt_agree":"0","topic_guid":"ee4564a12b1f8fb0d2fb74e62ae15f0d","userid":"imrankhan82","cnt_comment":"0","content":"The Hong Kong Monetary Authority (#HKMA) said it is working with the People’s Bank of China (#PBOC) to test digital yuan (DC/EP or e-CNY) use cases and are making cross-border payments while making the corresponding technical preparations.#CBDChttps://t.co/zpFHANlSVc","url":"https://twitter.com/imrankhan82/status/1350057647165366272","username":"Imran Khan"},{"relevant_topic_guid":"a88ef6ded0e612baa6931e0432c12d4f","cnt_retweet":"1","publish_time":"20210111054852","page_action_type":"07","cnt_agree":"2","topic_guid":"a88ef6ded0e612baa6931e0432c12d4f","userid":"focpunchline","cnt_comment":"3","content":"\"Le renminbi gagne en importance et la Chine a signé d’importants accords commerciaux\"Renminbi ou yuan numérique e-CNY.https://t.co/3CSI8NXpjK","url":"https://twitter.com/focpunchline/status/1348386352329588745","username":"FOCPUNCHLINE**"},{"relevant_topic_guid":"92185b24ba8526a4e7749a24aa3c3c38","cnt_retweet":"0","publish_time":"20210116105020","page_action_type":"07","cnt_agree":"0","topic_guid":"92185b24ba8526a4e7749a24aa3c3c38","userid":"azcoinnews","cnt_comment":"0","content":"The Industrial and Commercial Bank of China (ICBC) opens up to applications for digital yuan (e-CNY) wallets in Shenzhen  https://t.co/G2Nk9mgKtf","url":"https://twitter.com/azcoinnews/status/1350274154797252608","username":"AZCoin News"},{"relevant_topic_guid":"42feac9d25685b49054bccedeca2d247","cnt_retweet":"0","publish_time":"20210108172228","page_action_type":"07","cnt_agree":"0","topic_guid":"42feac9d25685b49054bccedeca2d247","userid":"FDATA9","cnt_comment":"0","content":"E-CNY digital currency e-ink visible card payment issued#Ecny, #cny, #rmb, #digitalcurrency, #eink, #esl, #visiblecardhttps://t.co/bXWjSNbsUy https://t.co/yBqut7lgUf","url":"https://twitter.com/FDATA9/status/1347473737617084418","username":"FDATA Fintech Project Solution Provider"},{"relevant_topic_guid":"04cb0eb9ec9faf722ba8f83d2573a0d2","cnt_retweet":"0","publish_time":"20210109021157","page_action_type":"07","cnt_agree":"0","topic_guid":"04cb0eb9ec9faf722ba8f83d2573a0d2","userid":"FintechBalerina","cnt_comment":"0","content":"Chinese #cbdc e-CNY hardware Wallet.#CBDCs #centralbankcryptocurrencies #blockchain #Crypto #Payment #cryptocurrency #fintech #FintechNews #CryptoNews #China","url":"https://twitter.com/FintechBalerina/status/1347606988088242176","username":"Musheer"},{"relevant_topic_guid":"88e1b7b9f67c41c2377fbaabea940bdb","cnt_retweet":"5","publish_time":"20210111182028","page_action_type":"07","cnt_agree":"8","topic_guid":"88e1b7b9f67c41c2377fbaabea940bdb","userid":"FSDCHK","cnt_comment":"1","content":"At the #FSDC session \"The Evolving Central Bank #DigitalCurrency Landscape\" of @AFF_HK , speakers will share their insights on various potential use cases of e-CNY and how HK\u0027s #fintech ecosystem can get better equipped for the development ahead. Sign up: https://t.co/wn31EpCPuB https://t.co/Q6KtqurzC0","url":"https://twitter.com/FSDCHK/status/1348575499119857666","username":"Financial Services Development Council"},{"relevant_topic_guid":"cad52daaf57b823589183de87ee56895","cnt_retweet":"2","publish_time":"20210107200001","page_action_type":"07","cnt_agree":"5","topic_guid":"cad52daaf57b823589183de87ee56895","userid":"french_renmin","cnt_comment":"0","content":"Le #Renminbi numérique, e-CNY, est mis en service en #Chine https://t.co/g0bzXFeOWU https://t.co/XPyMca80b0","url":"https://twitter.com/french_renmin/status/1347150997634777089","username":"Quotidien du Peuple"},{"relevant_topic_guid":"7bb18f64c49623b4d424b9a53269439b","cnt_retweet":"0","publish_time":"20210107201701","page_action_type":"07","cnt_agree":"0","topic_guid":"7bb18f64c49623b4d424b9a53269439b","userid":"consulat_de","cnt_comment":"0","content":"#RaconteMoiLaChineNumérique #讲述中国之数字中国Le #Renminbi numérique, e-CNY, est mis en service en Chine. https://t.co/JqidzgWRi6","url":"https://twitter.com/consulat_de/status/1347155274856075265","username":"Consulat général de Chine à Strasbourg"},{"relevant_topic_guid":"d54633de763e173d12ddd9068af9a419","cnt_retweet":"0","publish_time":"20210409015534","page_action_type":"07","cnt_agree":"0","topic_guid":"d54633de763e173d12ddd9068af9a419","userid":"NuevoMundoPE","cnt_comment":"0","content":"数字人民币或挑战美元地位 https://t.co/r4VBxNd4Mo https://t.co/5Kp96FDcfr","url":"https://twitter.com/NuevoMundoPE/status/1380217770432987140","username":"Diario Nuevo Mundo"},{"relevant_topic_guid":"a92f4b8a17c0b8a6313fe3f2f3cb2856","cnt_retweet":"0","publish_time":"20210409161040","page_action_type":"07","cnt_agree":"4","topic_guid":"a92f4b8a17c0b8a6313fe3f2f3cb2856","userid":"myfxtrader","cnt_comment":"0","content":"人民银行召开的2021年货币金银和安全保卫工作电视会议要求，下一阶段，要切实保障现金供应，稳妥推进数字人民币研发和试点，持续深入地整治拒收现金的行为，不断完善大额现金管理试点工作，改进完善反假货币工作。","url":"https://twitter.com/myfxtrader/status/1380432962815062017","username":"外汇交易员"},{"relevant_topic_guid":"1b4101f750a553b10bb83d30e0da63ee","cnt_retweet":"2","publish_time":"20210106205722","page_action_type":"07","cnt_agree":"4","topic_guid":"1b4101f750a553b10bb83d30e0da63ee","userid":"hevercastro","cnt_comment":"0","content":"Una de las razones por la cual @USOCC no tuvo más opción que aprobar el uso de las #stablecoins a través de la #blockchain a todos los bancos en EE.UU. China avanza con el Yuan Digital E-CNY #DCEP, el cual espera esté en pleno uso MUNDIAL en los juegos olimpicos Pekin2022.","url":"https://twitter.com/hevercastro/status/1346803044051263489","username":"heverac"},{"relevant_topic_guid":"5c6bfefd651e5c379f69aa8446a83d71","cnt_retweet":"5","publish_time":"20210409125401","page_action_type":"07","cnt_agree":"16","topic_guid":"5c6bfefd651e5c379f69aa8446a83d71","userid":"ChineseWSJ","cnt_comment":"6","content":"达拉斯联储银行行长卡普兰表示：“我认为，至少就目前而言，数字人民币不会危及美元的全球储备货币地位”。芝加哥联储银行行长埃文斯也表示，虽然中国在推出纯数字版货币方面赶在了美联储前面，但人民币仍面临与中国经济更广泛的结构性问题相关的挑战。https://t.co/uR5GwtnIW0","url":"https://twitter.com/ChineseWSJ/status/1380383475342135297","username":"华尔街日报中文网"},{"relevant_topic_guid":"eabdbc842ab2dd3e1d7bae2b96d7bf80","cnt_retweet":"0","publish_time":"20210107140151","page_action_type":"07","cnt_agree":"1","topic_guid":"eabdbc842ab2dd3e1d7bae2b96d7bf80","userid":"dustinhodl","cnt_comment":"0","content":"What will happens when China declare zero tax rate for coverting #BTC profits to e-CNY?Hint: Global Adoption currencies? *","url":"https://twitter.com/dustinhodl/status/1347060864533217282","username":"Dustin.hodl"},{"relevant_topic_guid":"520837c41a9390d4e1540d145e118125","cnt_retweet":"0","publish_time":"20210409160510","page_action_type":"07","cnt_agree":"1","topic_guid":"520837c41a9390d4e1540d145e118125","userid":"ChainNewscom","cnt_comment":"0","content":"【央行：下一阶段要稳妥推进数字人民币研发试点】链闻消息，中国人民银行召开 2021 年货币金银和安全保卫工作电视会议，会议强调，下一阶段，要切实保障现金供应，稳妥推进数字人民币研发试点，持续深入做好整治拒收现金工作，不断完善…… https://t.co/cbm6RRMFsE","url":"https://twitter.com/ChainNewscom/status/1380431578619383808","username":"链闻 ChainNews"},{"relevant_topic_guid":"c431ce3a08c299f53a25faba67139227","cnt_retweet":"1","publish_time":"20210409104943","page_action_type":"07","cnt_agree":"0","topic_guid":"c431ce3a08c299f53a25faba67139227","userid":"blueskybaiyun","cnt_comment":"0","content":"美联储官员对中国推出数字人民币处之泰然 - 华尔街日报 https://t.co/0pO5yIWi67","url":"https://twitter.com/blueskybaiyun/status/1380352194449350659","username":"藍天白雲"},{"relevant_topic_guid":"4e8738eaf68842ce81746ad557295549","cnt_retweet":"0","publish_time":"20210408115507","page_action_type":"07","cnt_agree":"0","topic_guid":"4e8738eaf68842ce81746ad557295549","userid":"suzx","cnt_comment":"0","content":"途牛旅游、途虎养车支持数字人民币支付 (https://t.co/2i3MFvRU7S) #NewsPicks https://t.co/g4xgD7sKNO","url":"https://twitter.com/suzx/status/1380006264231522312","username":"suzuoki**カオス・クリエイター / I❤️CHAOS"},{"relevant_topic_guid":"e8328f31e1b7b94ac27ab2749a0ec02e","cnt_retweet":"0","publish_time":"20210408155307","page_action_type":"07","cnt_agree":"2","topic_guid":"e8328f31e1b7b94ac27ab2749a0ec02e","userid":"ChainNewscom","cnt_comment":"0","content":"【海南将试点数字货币，计划打造「数字人民币消费岛」】链闻消息，据 21 世纪经济报道，2021 年 4 月 12 日至 4 月 25 日，工商银行海南省分行联合央行海口中心支行、三沙市政府将举办以「数字人民币三沙畅游行」为主…… https://t.co/bnDi6EYmht","url":"https://twitter.com/ChainNewscom/status/1380066161660989441","username":"链闻 ChainNews"},{"relevant_topic_guid":"7af7de8e2cdcc184097a20400315838a","cnt_retweet":"2","publish_time":"20210510141500","page_action_type":"07","cnt_agree":"1","topic_guid":"7af7de8e2cdcc184097a20400315838a","userid":"CCTVAsiaPacific","cnt_comment":"0","content":"** #China accelerates national rollout of #digitalcurrency** 近日，#数字人民币 亮相海南举行的消博会，场馆内的免税店已能够使用。目前数字人民币已经在多个城市进行了试点。read more：https://t.co/pWSfiSv9qh https://t.co/EZ315F0oXT","url":"https://twitter.com/CCTVAsiaPacific/status/1391637878434795527","username":"CCTV Asia Pacific"},{"relevant_topic_guid":"5c6bfefd651e5c379f69aa8446a83d71","cnt_retweet":"0","publish_time":"20210409150709","page_action_type":"08","cnt_agree":"0","topic_guid":"6ee0be6373edf49fcc94d137d7b7e864","userid":"NMniJlDnCO3V8Nu","cnt_comment":"0","content":"@ChineseWSJ “虽然中国在推出纯数字版货币方面赶在了美联储前面”，这句话表明美联储有计划推出数字货币。","url":"https://twitter.com/NMniJlDnCO3V8Nu/status/1380416978200842243","username":"噜啦啦"},{"relevant_topic_guid":"5c6bfefd651e5c379f69aa8446a83d71","cnt_retweet":"0","publish_time":"20210409173140","page_action_type":"08","cnt_agree":"1","topic_guid":"ce98f50162c71a26a64e46d67211c722","userid":"3cT3qs1MKK6ckdS","cnt_comment":"0","content":"@ChineseWSJ 盎撒海盗搞错了，人民币的目标不是取代美元的霸权，格局太小","url":"https://twitter.com/3cT3qs1MKK6ckdS/status/1380453350106357761","username":"Kunming ger"},{"relevant_topic_guid":"5c6bfefd651e5c379f69aa8446a83d71","cnt_retweet":"0","publish_time":"20210409125733","page_action_type":"08","cnt_agree":"1","topic_guid":"3abdb88fcb6bfcfe6398e31837525214","userid":"GEEKDUBHE","cnt_comment":"0","content":"@ChineseWSJ 再过二十年中国就有实力拒绝使用美元了，现在还做不到，美国人印钱抢劫世界的日子不会是永久的。","url":"https://twitter.com/GEEKDUBHE/status/1380384363628486656","username":"一倾风月一流年"},{"relevant_topic_guid":"5c6bfefd651e5c379f69aa8446a83d71","cnt_retweet":"0","publish_time":"20210409140906","page_action_type":"08","cnt_agree":"0","topic_guid":"03ec3bf242f989745826fc4ef1cb02be","userid":"PalmeirasHill","cnt_comment":"0","content":"@ChineseWSJ 数字加密货币的核心技术都在美国手里，创始理论是中本聪的比特币论文。。。除此之外哪里还有狗屁的数字货币？谁的数字货币能逃脱美国的监管？","url":"https://twitter.com/PalmeirasHill/status/1380402372380405764","username":"Palmeiras"}]