[{"relevant_topic_guid":"6538b560902f3f647aa76550fc7ce46f","cnt_retweet":"0","publish_time":"20210425090432","page_action_type":"07","cnt_agree":"0","topic_guid":"6538b560902f3f647aa76550fc7ce46f","userid":"ksdl31703869","cnt_comment":"0","content":"2021年4月23号 文贵直播：智囊团失信，军事被美打击，数字人民币DCEP被全世界抵制，习成孤家寡人；国内政治变化正在发生中；此次开庭希望能让... https://t.co/bCtoLkoAs8 來自 @YouTube","url":"https://twitter.com/ksdl31703869/status/1386123928876191745","username":"ksdl"},{"relevant_topic_guid":"8b08cfd7f06830b5e9a9c954cb90972f","cnt_retweet":"0","publish_time":"20210425094302","page_action_type":"07","cnt_agree":"0","topic_guid":"8b08cfd7f06830b5e9a9c954cb90972f","userid":"SunnySu11114692","cnt_comment":"0","content":"2021年4月23号 文贵直播：智囊团失信，军事被美打击，数字人民币DCEP被全世界抵制，习成孤家寡人；国内政治变化正在发生中；此次开庭希望能让... https://t.co/1Y0exNAHu1 via @YouTube","url":"https://twitter.com/SunnySu11114692/status/1386133618070753282","username":"SunnySun"},{"relevant_topic_guid":"4d488a75e8e441f8622de4cade5d36ea","cnt_retweet":"0","publish_time":"20210224135320","page_action_type":"08","cnt_agree":"0","topic_guid":"10763502d92d95daec53d2668a1b5c02","userid":"starfinder12","cnt_comment":"0","content":"@CorndogJPN 新世纪的粮票。对普通人影响不大，目标是那些想拿房子变现的人。给你几百万上千万数字人民币，但是用途用量由政府指定。","url":"https://twitter.com/starfinder12/status/1364453337718906883","username":"starfinder"},{"relevant_topic_guid":"df3110ba2c6786127744ec908f5e33de","cnt_retweet":"2","publish_time":"20210224104206","page_action_type":"08","cnt_agree":"14","topic_guid":"66e58fc39f1500fefab5732dd6044fe4","userid":"javacai","cnt_comment":"1","content":"@renfanzi 成都的”数字人民币红包”实验，已经实现了”指定商家指定用途消费”功能","url":"https://twitter.com/javacai/status/1364405209838067714","username":"Javacai"},{"relevant_topic_guid":"d2d31d29227e162c7763c3f6af3df785","cnt_retweet":"0","publish_time":"20210224112500","page_action_type":"08","cnt_agree":"0","topic_guid":"834b76a7bdc29d54537da901c530a4e4","userid":"tomcat16888","cnt_comment":"1","content":"@Hoyooyoo 发数字人民币你意见挺大， 下次发数字党币，没你啥事儿，你还有意见吗？","url":"https://twitter.com/tomcat16888/status/1364416008165986306","username":"tomcat"},{"relevant_topic_guid":"834b76a7bdc29d54537da901c530a4e4","cnt_retweet":"0","publish_time":"20210224113330","page_action_type":"08","cnt_agree":"0","topic_guid":"d66ef1b4aec035f0dd3490feac96ae6d","userid":"Hoyooyoo","cnt_comment":"0","content":"@tomcat16888 哈哈哈，你这家伙有一套！不过比特币是去中心化，数字人民币是中心化，咱们还是分开这两个是不同的东西。","url":"https://twitter.com/Hoyooyoo/status/1364418146132660224","username":"秋生"},{"relevant_topic_guid":"7c034d579bbe6cc44d3683361f861187","cnt_retweet":"0","publish_time":"20210224111707","page_action_type":"08","cnt_agree":"7","topic_guid":"dbf6c80acc2cba08b3bdef2f339fcbfa","userid":"Janeeyre2020925","cnt_comment":"0","content":"@wwwqusi_911 @SusanHa70016730 数字人民币只是一个狗链。不能换外汇，不能通用纸币。就是不能把数字人民币换成纸币人民币。就是狗链。你懂的。呵呵*","url":"https://twitter.com/Janeeyre2020925/status/1364414023295377410","username":"Janeeyre"},{"relevant_topic_guid":"b95d03ddaf3e3e1cb8c0ce7bc5dac494","cnt_retweet":"0","publish_time":"20210224152037","page_action_type":"08","cnt_agree":"1","topic_guid":"15413c93b36d9ee5e8516c0edf4709a2","userid":"LYCandZZ","cnt_comment":"0","content":"@TheEverLoneWolf 恩，我也觉得，数字人民币是为了对抗美元霸权的。结合一带一路推向世界","url":"https://twitter.com/LYCandZZ/status/1364475300516626434","username":"Wenyz"},{"relevant_topic_guid":"df3110ba2c6786127744ec908f5e33de","cnt_retweet":"0","publish_time":"20210224103829","page_action_type":"08","cnt_agree":"13","topic_guid":"0dff79d17ad324cafbc5f9cae27647f8","userid":"Hoyooyoo","cnt_comment":"0","content":"@renfanzi 不但是债务问题，9000万公务员、党员的工资都有着落了……今年两会之后就开始着手推进数字人民币了","url":"https://twitter.com/Hoyooyoo/status/1364404300332507139","username":"秋生"},{"relevant_topic_guid":"e589eb335d5caec07ca6b14c851d3d84","cnt_retweet":"1","publish_time":"20210228234356","page_action_type":"08","cnt_agree":"7","topic_guid":"79d8c43c63a2ed710da71deaac19d482","userid":"Lilililieeeee","cnt_comment":"2","content":"@catmamgo 怎么保证一般人民币和数字人民币的汇率是1比1呢？只要一种流动性更大，比如可以自由兑换黄金和外汇，两种钱的价值就不可能平等。而不断补贴价值低的那一种，最终只能导致崩盘。","url":"https://twitter.com/Lilililieeeee/status/1366051517854277636","username":"HangingOnCliffs"},{"relevant_topic_guid":"c30837a7e0cd237958e5ba74ed4ad2a4","cnt_retweet":"0","publish_time":"20210227190317","page_action_type":"08","cnt_agree":"2","topic_guid":"c58d4cd5cfeee8a84ebd46ea2e7fa46b","userid":"liangshaohua","cnt_comment":"0","content":"@cherylnatsu 数字人民币可能是最终大杀器","url":"https://twitter.com/liangshaohua/status/1365618502543941637","username":"liangshaohua"},{"relevant_topic_guid":"2c3fbcb06b12c202d58898275dd73fac","cnt_retweet":"0","publish_time":"20210301001736","page_action_type":"08","cnt_agree":"0","topic_guid":"403204984a3e36c505dae707ff6c2a42","userid":"Lilililieeeee","cnt_comment":"0","content":"@lidaobing @catmamgo 那完全没有用。数字人民币因为被圈养，价值会比普通人民币低，这时用数字币来收税，还1比1汇率，傻子都懂得换数字币来缴税。问题在于难以禁止人用数字币兑换现金。除非真的金融脱钩，让大家失去换汇欲望，但也管不了黄金。。。还有金融脱钩了，国债都难放。。。","url":"https://twitter.com/Lilililieeeee/status/1366059989513744387","username":"HangingOnCliffs"},{"relevant_topic_guid":"e589eb335d5caec07ca6b14c851d3d84","cnt_retweet":"0","publish_time":"20210228235526","page_action_type":"08","cnt_agree":"2","topic_guid":"731d4c00249688a5a441c60c525e08cf","userid":"U8mxQ8UdnyUwbeH","cnt_comment":"0","content":"@catmamgo 数字人民币就是准备要搞人民币国际化的","url":"https://twitter.com/U8mxQ8UdnyUwbeH/status/1366054412565712899","username":"电火球"},{"relevant_topic_guid":"5da6dcd662bc6e7d6dcd2ed7be8e8cbf","cnt_retweet":"0","publish_time":"20210226211050","page_action_type":"08","cnt_agree":"1","topic_guid":"aeaf2e9b0047e2c65f6bb7a549d5ba50","userid":"Lambda0Calculus","cnt_comment":"0","content":"@KenWong_ 放心 盲猜 到时候 发数字人民币 只准在特定渠道 流通","url":"https://twitter.com/Lambda0Calculus/status/1365288211203907587","username":"holoto"},{"relevant_topic_guid":"ba242a4bd8d6bd01f14631c361fafc48","cnt_retweet":"0","publish_time":"20210226155812","page_action_type":"08","cnt_agree":"0","topic_guid":"c097a352b106002f7faa668491439098","userid":"EwT25s","cnt_comment":"0","content":"@catmamgo 那何必多此一举，弄个数字人民币","url":"https://twitter.com/EwT25s/status/1365209537154674690","username":"LLoo"},{"relevant_topic_guid":"85e847bc5280ec90e816c7d54520455e","cnt_retweet":"0","publish_time":"20210224172709","page_action_type":"07","cnt_agree":"0","topic_guid":"85e847bc5280ec90e816c7d54520455e","userid":"gamezoro","cnt_comment":"0","content":"受邀参与数字人民币测试，M0的优势还暂时感觉不到。但它的存在的意义是跨空间的 https://t.co/tpaQH2WYOv","url":"https://twitter.com/gamezoro/status/1364507145832554496","username":"粗鄙"},{"relevant_topic_guid":"d1f5c7bdb134766f482ceed3bab22ee7","cnt_retweet":"0","publish_time":"20210224120101","page_action_type":"07","cnt_agree":"0","topic_guid":"d1f5c7bdb134766f482ceed3bab22ee7","userid":"Yqi9M","cnt_comment":"0","content":"数字人民币正式登陆成都了吗？ https://t.co/a2U9DTzA2Q","url":"https://twitter.com/Yqi9M/status/1364425072228720650","username":"chanbing"},{"relevant_topic_guid":"d2d31d29227e162c7763c3f6af3df785","cnt_retweet":"1","publish_time":"20210224110840","page_action_type":"07","cnt_agree":"0","topic_guid":"d2d31d29227e162c7763c3f6af3df785","userid":"Hoyooyoo","cnt_comment":"2","content":"几千万的数字人民币红包是从哪里来的？是老百姓交的税吗？还是政府新借的债？这钱算试点城市的，还是中央财政的？卧槽你大爷的！数字人民币落地要先讨好一部分人，也会伤害一部分人。同志，你是哪部分的？ https://t.co/Y5SiBk98Af","url":"https://twitter.com/Hoyooyoo/status/1364411895671754753","username":"秋生"},{"relevant_topic_guid":"f92906b5d6051b4bc06b92c66b0a5cd1","cnt_retweet":"0","publish_time":"20210224115524","page_action_type":"07","cnt_agree":"0","topic_guid":"f92906b5d6051b4bc06b92c66b0a5cd1","userid":"jackielan2000","cnt_comment":"0","content":"何必要发行数字人民币呢。直接用这个不就完了。想印多少就印多少，想印什么面值就印什么面值。 https://t.co/QZ56lvBQ8m","url":"https://twitter.com/jackielan2000/status/1364423659213836290","username":"Jackie Lan*"},{"relevant_topic_guid":"2ae480e6d37d1025d586ac189436db50","cnt_retweet":"0","publish_time":"20210224152955","page_action_type":"07","cnt_agree":"0","topic_guid":"2ae480e6d37d1025d586ac189436db50","userid":"CausMoney","cnt_comment":"0","content":"试点央行数字货币 成都20万个数字人民币红包启用。据央视新闻消息，成都在2月24日正式推出“数字人民币”红包。本次活动由成都市人民政府、中国人民银行成都分行https://t.co/yKz6HYrsms https://t.co/5iulQf6Xp4","url":"https://twitter.com/CausMoney/status/1364477642225950720","username":"加美财经"},{"relevant_topic_guid":"ab6b70e2cc48f49df2265e494a13ced5","cnt_retweet":"0","publish_time":"20210224131507","page_action_type":"07","cnt_agree":"1","topic_guid":"ab6b70e2cc48f49df2265e494a13ced5","userid":"ChainNewscom","cnt_comment":"0","content":"【成都将发放 4000 万元数字人民币消费红包，已开启预约】链闻消息，据成都发布，成都「数字人民币红包迎新春」活动于今日正式开启。此次活动向在蓉个人发放总额 4000 万元的数字人民币消费红包，红包数量约 20 万个，中签个…… https://t.co/FOJ283uieV","url":"https://twitter.com/ChainNewscom/status/1364443717483048962","username":"链闻 ChainNews"},{"relevant_topic_guid":"af55d09414c55e9a0153973be4f270f8","cnt_retweet":"0","publish_time":"20210224164223","page_action_type":"07","cnt_agree":"0","topic_guid":"af55d09414c55e9a0153973be4f270f8","userid":"wei_bingwei","cnt_comment":"0","content":"#数字人民币 数字人民币来了 https://t.co/5VT9lX6yXK","url":"https://twitter.com/wei_bingwei/status/1364495881156759556","username":"薇薇"},{"relevant_topic_guid":"471fe3a0ef1930c09d243bbab35f6569","cnt_retweet":"0","publish_time":"20210224170026","page_action_type":"07","cnt_agree":"0","topic_guid":"471fe3a0ef1930c09d243bbab35f6569","userid":"yicaiglobalCN","cnt_comment":"0","content":"成都喜提4000万数字人民币红包，与深圳、北京等地有何不同？ https://t.co/xNMsjVi2nt https://t.co/hdCT1OQBG5","url":"https://twitter.com/yicaiglobalCN/status/1364500423726559236","username":"一财全球Yicai Global"},{"relevant_topic_guid":"c90d836b0c46c05e491adf39dcd45a40","cnt_retweet":"0","publish_time":"20210224130648","page_action_type":"07","cnt_agree":"1","topic_guid":"c90d836b0c46c05e491adf39dcd45a40","userid":"catmamgo","cnt_comment":"0","content":"各位我要推迟一下，下午要去修iPad。I\u0027m discussing “数字人民币出现在即，谈谈未来各国数字货币金融体系发展的可能性” with Riku Ou. Today, Feb 24 at 7:00 PM JST on @joinclubhouse. Join us! https://t.co/ikftc3XGXg","url":"https://twitter.com/catmamgo/status/1364441628157480965","username":"猫总"},{"relevant_topic_guid":"16881021cd9ad5551060fe5d022d1e2f","cnt_retweet":"3","publish_time":"20210301075555","page_action_type":"07","cnt_agree":"1","topic_guid":"16881021cd9ad5551060fe5d022d1e2f","userid":"fanfou110","cnt_comment":"3","content":"数字人民币不会有任何漏洞，上面的智囊太多了。","url":"https://twitter.com/fanfou110/status/1366175328964472832","username":"zhuzhu"},{"relevant_topic_guid":"b3475d2b89f9fb73b8e34462e30647b7","cnt_retweet":"0","publish_time":"20210228123401","page_action_type":"07","cnt_agree":"0","topic_guid":"b3475d2b89f9fb73b8e34462e30647b7","userid":"MinaTalkShow","cnt_comment":"0","content":"成都疯抢数字人民币4000万元红包，习包子亲自演示一键抄家，收买中国人只需要2500亿https://t.co/AvxqmkgBM0","url":"https://twitter.com/MinaTalkShow/status/1365882928509587462","username":"大包王朝Xi Dynasty"},{"relevant_topic_guid":"818c29ec3c632329334bd72a823ccbc6","cnt_retweet":"0","publish_time":"20210301001540","page_action_type":"07","cnt_agree":"0","topic_guid":"818c29ec3c632329334bd72a823ccbc6","userid":"JunTang83149344","cnt_comment":"0","content":"新闻茶座：数字人民币对中国意味着什么？/王剑每日观察/20210228 https://t.co/QE1kW5tnzB via @YouTube","url":"https://twitter.com/JunTang83149344/status/1366059505419751429","username":"Jun Tang"},{"relevant_topic_guid":"c30837a7e0cd237958e5ba74ed4ad2a4","cnt_retweet":"0","publish_time":"20210227184722","page_action_type":"07","cnt_agree":"16","topic_guid":"c30837a7e0cd237958e5ba74ed4ad2a4","userid":"cherylnatsu","cnt_comment":"6","content":"996、计划生育、延迟退休，“数字人民币”、“健康码”中华民族距离伟大复兴从没这么近","url":"https://twitter.com/cherylnatsu/status/1365614494446067717","username":"夏雨婷"},{"relevant_topic_guid":"245a79a7b97dc3effceacae94a73efd3","cnt_retweet":"4","publish_time":"20210228232933","page_action_type":"07","cnt_agree":"15","topic_guid":"245a79a7b97dc3effceacae94a73efd3","userid":"wongkim728","cnt_comment":"7","content":"本期节目是一个新的尝试，通过Clubhouse和Youtube同步直播，本期节目以新闻茶座的形式讨论数字人民币的属性、发行方式和影响。本次节目网友非常活跃，精彩纷呈。https://t.co/CU6lkH6Fh7","url":"https://twitter.com/wongkim728/status/1366047898765570048","username":"王剑 Wong Kim"},{"relevant_topic_guid":"e589eb335d5caec07ca6b14c851d3d84","cnt_retweet":"8","publish_time":"20210228233957","page_action_type":"07","cnt_agree":"49","topic_guid":"e589eb335d5caec07ca6b14c851d3d84","userid":"catmamgo","cnt_comment":"9","content":"数字人民币普及之后，中国外汇的大门有可能松口。如果这时候有人发现数字人民币不能兑换外汇，引发的恐慌是不可想象的。所以目前推广非常谨慎，毕竟出了事，这责任谁都担不起。","url":"https://twitter.com/catmamgo/status/1366050513934897152","username":"猫总"},{"relevant_topic_guid":"881024073c7d67ac63e43452be4bb0dc","cnt_retweet":"3","publish_time":"20210227120042","page_action_type":"07","cnt_agree":"12","topic_guid":"881024073c7d67ac63e43452be4bb0dc","userid":"wongkim728","cnt_comment":"2","content":"I\u0027m discussing “新闻茶座：数字人民币对中国意味着什么？（YouTube 同步直播）” with Jerry XD and Amy Ren. Sunday, Feb 28 at 9:00 AM EST on @joinclubhouse. Join us! https://t.co/pe5IiFC70w","url":"https://twitter.com/wongkim728/status/1365512156716949507","username":"王剑 Wong Kim"},{"relevant_topic_guid":"72b2f9b6f4943304b61317f4a3825ecb","cnt_retweet":"0","publish_time":"20210226150728","page_action_type":"07","cnt_agree":"0","topic_guid":"72b2f9b6f4943304b61317f4a3825ecb","userid":"qtchong","cnt_comment":"0","content":"成都试行数字人民币 民众疯抢4000万元红包 — 普通话主页 https://t.co/storJrLJf7","url":"https://twitter.com/qtchong/status/1365196770691620866","username":"Tan Chye Hong"},{"relevant_topic_guid":"d1ca9d47547b9054d0d6316efcc32eab","cnt_retweet":"0","publish_time":"20210226210757","page_action_type":"07","cnt_agree":"0","topic_guid":"d1ca9d47547b9054d0d6316efcc32eab","userid":"hermesstrategy","cnt_comment":"0","content":"多地推进数字人民币试点 数字人民币发展空间在哪儿 https://t.co/tKG0zQW3j3","url":"https://twitter.com/hermesstrategy/status/1365287489347420160","username":"Hermes strategygroup"},{"relevant_topic_guid":"d1de227f39c4df783ff6758b3e4b17d9","cnt_retweet":"0","publish_time":"20210226141610","page_action_type":"07","cnt_agree":"0","topic_guid":"d1de227f39c4df783ff6758b3e4b17d9","userid":"ChainNewscom","cnt_comment":"0","content":"【科普向 | 数字人民币钱包如何与银行账户绑定？】银行外的各类钱包服务商的数字人民币钱包将是未来数字人民币的主要载体类别。 https://t.co/tFzeiFelqt","url":"https://twitter.com/ChainNewscom/status/1365183860644974597","username":"链闻 ChainNews"},{"relevant_topic_guid":"df3110ba2c6786127744ec908f5e33de","cnt_retweet":"0","publish_time":"20210224103433","page_action_type":"08","cnt_agree":"11","topic_guid":"8614fa7ff6fe32cfd455974e3723e536","userid":"xuquan_shin","cnt_comment":"0","content":"@renfanzi 感觉纸币和数字人民币会出现一个汇率。","url":"https://twitter.com/xuquan_shin/status/1364403313534332928","username":"shin-chan"},{"relevant_topic_guid":"0576d9109ca1998566264c96631b9ad3","cnt_retweet":"0","publish_time":"20210224101416","page_action_type":"08","cnt_agree":"1","topic_guid":"d4f0c0d7346dfc768d2167f6ae92149b","userid":"BahamasDays","cnt_comment":"0","content":"@ReisenH @mtv4566 @WoodenHarp 青壮年人口找不到工作都没掀翻党国，老头老太养老待遇差一点又怎样？内需萎缩可以靠外需嘛。数字人民币可以帮助锁定资产价格不至于崩盘。","url":"https://twitter.com/BahamasDays/status/1364398207804047365","username":"West Side"},{"relevant_topic_guid":"3f565c5e2cf253764ba8b6b5cd331aab","cnt_retweet":"1","publish_time":"20210224080740","page_action_type":"08","cnt_agree":"12","topic_guid":"49b89d7bf084f977f5786d9d5a93b0fe","userid":"Joh_Shanghai","cnt_comment":"1","content":"@SusanHa70016730 取消外汇限制→全面推广数字人民币→数字货币不得购汇","url":"https://twitter.com/Joh_Shanghai/status/1364366348692807681","username":"午"},{"relevant_topic_guid":"646f0ca071169be29ead8ac776fc2632","cnt_retweet":"0","publish_time":"20210224093204","page_action_type":"08","cnt_agree":"3","topic_guid":"b95d03ddaf3e3e1cb8c0ce7bc5dac494","userid":"TheEverLoneWolf","cnt_comment":"2","content":"@LYCandZZ 总的来说，一带一路是数字人民币实施的基础保障，数字人民币是一带一路稳定深化的后盾，如果数字货币随着一带一路的推进，直接用以国际、国内的贸易结算，那么必然对美元霸权产生极为巨大的冲击，只不过，到时候可能会面临一波凶狠反扑（同时比特币可以想见的应该会有一个明显上涨）","url":"https://twitter.com/TheEverLoneWolf/status/1364387586341441536","username":"孤狼"},{"relevant_topic_guid":"aa34be06484afaf7e56d66efc83d1b54","cnt_retweet":"1","publish_time":"20210223130719","page_action_type":"08","cnt_agree":"0","topic_guid":"5524d63188e01640090a4a55e15bdc86","userid":"URFoer","cnt_comment":"2","content":"看到个新闻说，获得200元红包的五万幸运市民的数字人民币钱包里的钱要在有效期内、在指定商品范围内购买。这就更说明了数字钱包特容易被控制。若不是被官方控制，而是被黑客控制或者破解，那么这个新鲜的东东，恐怕就问题多多了。","url":"https://twitter.com/URFoer/status/1364079367358455808","username":"我有三条鱼"},{"relevant_topic_guid":"aeb195b972acde65cd46836266aa4d62","cnt_retweet":"0","publish_time":"20210222162955","page_action_type":"08","cnt_agree":"8","topic_guid":"6cdac015eb741946bc3b561bcb70ee83","userid":"Pengfei513","cnt_comment":"0","content":"@renfanzi 数字人民币\u003d电子粮票。加密币也是个泡。还是买美元和黄金。","url":"https://twitter.com/Pengfei513/status/1363767968027435008","username":"與神同行"},{"relevant_topic_guid":"25910d114ede70f75098c84df80b875d","cnt_retweet":"0","publish_time":"20210222220910","page_action_type":"08","cnt_agree":"0","topic_guid":"b921388227a00eb34a08b63430d8d35b","userid":"FofBubble","cnt_comment":"0","content":"@geniusvczh 数字人民币暂使代金券职能吧","url":"https://twitter.com/FofBubble/status/1363853343538376706","username":"起啵器"},{"relevant_topic_guid":"a8a13c47ad03255340b46315a018793c","cnt_retweet":"1","publish_time":"20210223041534","page_action_type":"08","cnt_agree":"2","topic_guid":"e55c121c62d21ac9f9310020b97d8a52","userid":"jayi_wang","cnt_comment":"1","content":"#NextChina /11#CBDC#China Enlists#网商银行 #MYbankof #蚂蚁集团 #AntGroupand #微众银行 #WeBank of #腾讯 #TenCent In Expanding #数字人民币#DigitalYuan Trial February 22, 2021 https://t.co/26WCTuH8UXhttps://t.co/gumYDRB24Ehttps://t.co/0R9H5FPrQ0https://t.co/S6ovu0z5oO https://t.co/82hrAF7CeH","url":"https://twitter.com/jayi_wang/status/1363945547917266946","username":"James Jayi Wang"},{"relevant_topic_guid":"cfb4b0809ced3f3188425c03938c6d41","cnt_retweet":"0","publish_time":"20210223105334","page_action_type":"08","cnt_agree":"0","topic_guid":"efb1154d2e04b9281076e5f19106bc9a","userid":"briankuo","cnt_comment":"2","content":"跑分平台、虚拟货币成跨境洗钱新通道https://t.co/i6UgKsE43Q杭州市公安机关近期侦破一个利用……为跨境赌博、电信网络诈骗等黑灰产提供资金支付渠道和结算服务的犯罪团伙，涉案金额达500余亿元。#反腐败 #降风险 若来自同一……的……总额超过……则启动……#数字人民币 #闭环管理 #交易","url":"https://twitter.com/briankuo/status/1364045708471402496","username":"无定创客 Brian"},{"relevant_topic_guid":"5c4685317fb72c858cf3c92478214ba0","cnt_retweet":"0","publish_time":"20210224102754","page_action_type":"07","cnt_agree":"0","topic_guid":"5c4685317fb72c858cf3c92478214ba0","userid":"_xHARVESTx_","cnt_comment":"0","content":"上海地铁站内部分贩卖机可使用数字人民币付款_中国电子银行网 - https://t.co/zUMIGbaU4k","url":"https://twitter.com/_xHARVESTx_/status/1364401639239553028","username":"HARVEST"},{"relevant_topic_guid":"79dfd3a66ddb697961211bcba50bcd7a","cnt_retweet":"70","publish_time":"20210224092229","page_action_type":"07","cnt_agree":"281","topic_guid":"79dfd3a66ddb697961211bcba50bcd7a","userid":"renfanzi","cnt_comment":"24","content":"追踪交叉看了几个试点城市数字法币的消息，结论很清晰：数字人民币是传统人民币的另一面，核心特点是记名实名、有有效期和指定用途。微博上已经出现了有组织的洗地。我估计很快就会接到招呼，不样说这事儿了。","url":"https://twitter.com/renfanzi/status/1364385176701136898","username":"雨夜漫步大祭司"},{"relevant_topic_guid":"ae4e8411e19d2438007dcefa6f092448","cnt_retweet":"0","publish_time":"20210224095301","page_action_type":"07","cnt_agree":"0","topic_guid":"ae4e8411e19d2438007dcefa6f092448","userid":"quanqiuhuyu","cnt_comment":"0","content":"中国放开外汇是不可能的！除非制度发生根本性改变！而目前中国外汇局和媒体又如何如此大力宣传呢？这不过就是“正反之用，一忽一悠”，这是他们惯用的手法与伎俩，让你们放心兑换数字人民币罢了！ https://t.co/rikUAu81SV","url":"https://twitter.com/quanqiuhuyu/status/1364392859021971457","username":"GLOBAL APPEAL"},{"relevant_topic_guid":"21f90a5a2d260fcfea7ed18e286b808f","cnt_retweet":"1","publish_time":"20210224060910","page_action_type":"07","cnt_agree":"0","topic_guid":"21f90a5a2d260fcfea7ed18e286b808f","userid":"lvv2com","cnt_comment":"0","content":"【成都数字货币4000万红包来了】成都市政府将联合京东面向市民发放20万份总计4000万元的数字人民币红包，红包金额为178元、238元两档，随机发放。 https://t.co/xxLy7YkP8I","url":"https://twitter.com/lvv2com/status/1364336523815002113","username":"Lvv2.com"},{"relevant_topic_guid":"9a0816af6ca20cc4fabf77798cd6c54d","cnt_retweet":"0","publish_time":"20210224090748","page_action_type":"07","cnt_agree":"2","topic_guid":"9a0816af6ca20cc4fabf77798cd6c54d","userid":"SiriusChen00","cnt_comment":"1","content":"成都的数字人民币来了 https://t.co/j1tjN57Tns","url":"https://twitter.com/SiriusChen00/status/1364381478684028930","username":"Sirius Chen"},{"relevant_topic_guid":"7a0cebdc4b9db23b7a15e438216a1b2e","cnt_retweet":"2","publish_time":"20210223232905","page_action_type":"07","cnt_agree":"11","topic_guid":"7a0cebdc4b9db23b7a15e438216a1b2e","userid":"MJTVHoPin","cnt_comment":"4","content":"马云马化腾做小白鼠：央行征用旗下企业试点数字人民币；余茂春斥王毅无逻辑无底线；港府颁爱国忠诚测试正负面清单：几乎断绝民主派从政路；中国国企入主欧... https://t.co/0XBqu0mYUc","url":"https://twitter.com/MJTVHoPin/status/1364235839400722432","username":"何頻"},{"relevant_topic_guid":"df3110ba2c6786127744ec908f5e33de","cnt_retweet":"23","publish_time":"20210224102452","page_action_type":"07","cnt_agree":"117","topic_guid":"df3110ba2c6786127744ec908f5e33de","userid":"renfanzi","cnt_comment":"6","content":"我认为数字人民币密集测试意味着屁逼呕洗为大面积违约做好了技术准备。内债岂止不是债，简直连擦腚纸都不是 - 擦腚纸好歹还有物理性存在呢。","url":"https://twitter.com/renfanzi/status/1364400875796500485","username":"雨夜漫步大祭司"},{"relevant_topic_guid":"09a841c84eec5956ad220f6e41794577","cnt_retweet":"0","publish_time":"20210224003132","page_action_type":"07","cnt_agree":"0","topic_guid":"09a841c84eec5956ad220f6e41794577","userid":"WallStTV","cnt_comment":"0","content":"马云马化腾做小白鼠：央行征用旗下企业试点数字人民币；余茂春斥王毅无逻辑无底线；港府颁爱国忠诚测试正负面清单：几乎断绝民主派从政路；中国国企入主欧洲遭逆风，战略焦虑迫选边站；希拉里将出版政治惊悚小说 https://t.co/smOmewTvFf https://t.co/dHvJRdpI36","url":"https://twitter.com/WallStTV/status/1364251558653747211","username":"華爾街電視 Wall St TV"},{"relevant_topic_guid":"3e7a622f4e429bdc8dd65dd537f1a08b","cnt_retweet":"2","publish_time":"20210224084055","page_action_type":"07","cnt_agree":"4","topic_guid":"3e7a622f4e429bdc8dd65dd537f1a08b","userid":"wstv_lizzi","cnt_comment":"1","content":"央行祭出对马云马化腾降维打击手段；被忽略的外滩金融峰会角力：穆长春的暗示；数字人民币全速冲刺冬奥会，淘汰支付宝微信支付有望？习近平长远野心挑战美元地位，国际投资者买不买账？https://t.co/YbmS7e1r9m https://t.co/woMIR7oPpM","url":"https://twitter.com/wstv_lizzi/status/1364374714622349320","username":"李其 Lizzi"},{"relevant_topic_guid":"f1ed1fbdebb3a1ac40e46add510268a4","cnt_retweet":"0","publish_time":"20210224093332","page_action_type":"07","cnt_agree":"0","topic_guid":"f1ed1fbdebb3a1ac40e46add510268a4","userid":"WallStTV","cnt_comment":"1","content":"央行祭出对马云马化腾降维打击手段；被忽略的外滩金融峰会角力：穆长春的暗示；数字人民币全速冲刺冬奥会，淘汰支付宝微信支付有望？习近平长远野心挑战美元地位，国际投资者买不买账？ https://t.co/9J6nMrRt1L https://t.co/904xaK7r4V","url":"https://twitter.com/WallStTV/status/1364387958002839555","username":"華爾街電視 Wall St TV"},{"relevant_topic_guid":"646f0ca071169be29ead8ac776fc2632","cnt_retweet":"0","publish_time":"20210224010458","page_action_type":"07","cnt_agree":"10","topic_guid":"646f0ca071169be29ead8ac776fc2632","userid":"LYCandZZ","cnt_comment":"9","content":"大家说说看，一带一路和数字人民币这套组合拳怎么样？","url":"https://twitter.com/LYCandZZ/status/1364259970519339008","username":"Wenyz"},{"relevant_topic_guid":"6efdae276c132a3de7e3bc2c06023d7e","cnt_retweet":"1","publish_time":"20210224092937","page_action_type":"07","cnt_agree":"2","topic_guid":"6efdae276c132a3de7e3bc2c06023d7e","userid":"catmamgo","cnt_comment":"0","content":"I\u0027m discussing “数字人民币出现在即，谈谈未来各国数字货币金融体系发展的可能性” with Riku Ou. Today, Feb 24 at 2:00 PM JST on @joinclubhouse. Join us! https://t.co/ikftc3XGXg","url":"https://twitter.com/catmamgo/status/1364386971208929280","username":"猫总"},{"relevant_topic_guid":"1f6064fa013d3a95a798f5c6d44a074e","cnt_retweet":"0","publish_time":"20210224083427","page_action_type":"07","cnt_agree":"1","topic_guid":"1f6064fa013d3a95a798f5c6d44a074e","userid":"Jinx85537329","cnt_comment":"3","content":"我！错过了大成都发钱*今天听说豪撒了4300万数字人民币可以在京东上买东西* https://t.co/Sczml49hXL","url":"https://twitter.com/Jinx85537329/status/1364373087635013636","username":"Jinx"},{"relevant_topic_guid":"eed8fe28e66430213c5a7a422a822a4d","cnt_retweet":"1","publish_time":"20210224001904","page_action_type":"07","cnt_agree":"2","topic_guid":"eed8fe28e66430213c5a7a422a822a4d","userid":"MingJingNews","cnt_comment":"0","content":"马云马化腾做小白鼠：央行征用旗下企业试点数字人民币；余茂春斥王毅无逻辑无底线；港府颁爱国忠诚测试正负面清单：几乎断绝民主派从政路；中国国企入主欧洲遭逆风，战略焦虑迫选边站；希拉里将出版政治惊悚小说 https://t.co/WE5KvbNJY5 https://t.co/np7b1rir04","url":"https://twitter.com/MingJingNews/status/1364248421150855170","username":"明鏡新聞網"},{"relevant_topic_guid":"873f8f245b2f89de43a4a362adcaa278","cnt_retweet":"0","publish_time":"20210224031832","page_action_type":"07","cnt_agree":"0","topic_guid":"873f8f245b2f89de43a4a362adcaa278","userid":"alex28820306","cnt_comment":"0","content":"明天抢数字人民币，求中","url":"https://twitter.com/alex28820306/status/1364293586074935296","username":"hugh"},{"relevant_topic_guid":"262fd23aedce4e6bdb539afb3052d700","cnt_retweet":"1","publish_time":"20210224094404","page_action_type":"07","cnt_agree":"2","topic_guid":"262fd23aedce4e6bdb539afb3052d700","userid":"MingJingNews","cnt_comment":"0","content":"央行祭出对马云马化腾降维打击手段；被忽略的外滩金融峰会角力：穆长春的暗示；数字人民币全速冲刺冬奥会，淘汰支付宝微信支付有望？习近平长远野心挑战美元地位，国际投资者买不买账？ https://t.co/Hd0gYkKDJO https://t.co/jDBq9Bf8Kf","url":"https://twitter.com/MingJingNews/status/1364390607720882177","username":"明鏡新聞網"},{"relevant_topic_guid":"bb97ffd38ac77bfaa63156e712b9fac1","cnt_retweet":"0","publish_time":"20210223232702","page_action_type":"07","cnt_agree":"1","topic_guid":"bb97ffd38ac77bfaa63156e712b9fac1","userid":"WallStTV","cnt_comment":"0","content":"马云马化腾做小白鼠：央行征用旗下企业试点数字人民币；余茂春斥王毅无逻辑无底线；港府颁爱国忠诚测试正负面清单：几乎断绝民主派从政路；中国国企入主欧洲遭逆风，战略焦虑迫选边站；希拉里将出版政治惊悚小说 https://t.co/F7DiTUEikR","url":"https://twitter.com/WallStTV/status/1364235325430583301","username":"華爾街電視 Wall St TV"},{"relevant_topic_guid":"34ca9a648ef5cae6e7a4623bc9bbd9dc","cnt_retweet":"1","publish_time":"20210223230945","page_action_type":"07","cnt_agree":"9","topic_guid":"34ca9a648ef5cae6e7a4623bc9bbd9dc","userid":"wstv_lizzi","cnt_comment":"3","content":"#华尔街网报 最新节目：https://t.co/wBPv7Gq96R余茂春斥王毅无逻辑无底线港府颁爱国忠诚测试正负面清单：几乎断绝民主派从政路马云马化腾旗下银行进行数字人民币试点中国国企入主欧洲遭逆风，战略焦虑迫选边站希拉里将出版政治惊悚小说 https://t.co/9Iq84QmwfM","url":"https://twitter.com/wstv_lizzi/status/1364230976134594561","username":"李其 Lizzi"},{"relevant_topic_guid":"b6bc3e605a5acde28cc56682e93a8104","cnt_retweet":"0","publish_time":"20210223231635","page_action_type":"07","cnt_agree":"0","topic_guid":"b6bc3e605a5acde28cc56682e93a8104","userid":"roshfond","cnt_comment":"0","content":"阿联酋中央银行，泰国中央银行，香港金融管理局和人民银行数字货币管理局，将一起进行跨境支付的研究。数字人民币的国际化是板上钉钉了。这对美元意味着什么？","url":"https://twitter.com/roshfond/status/1364232693576134660","username":"Roshfond"},{"relevant_topic_guid":"046b29028b14ab21c2d05a0afd26a7f8","cnt_retweet":"1","publish_time":"20210223120617","page_action_type":"07","cnt_agree":"0","topic_guid":"046b29028b14ab21c2d05a0afd26a7f8","userid":"ChainNewscom","cnt_comment":"0","content":"【北京数字人民币试点结束，双离线支付「碰一碰」有哪些表现形式？】目前数字人民币的碰一碰功能分为几种形式，包括手机与 NFC 标签的碰一碰、手机与手机的碰一碰、手机与 POS 机的碰一碰。 https://t.co/1uKWFByeaV","url":"https://twitter.com/ChainNewscom/status/1364064007573950464","username":"链闻 ChainNews"},{"relevant_topic_guid":"455590751c0a7fd4afef94cc0187b0b4","cnt_retweet":"0","publish_time":"20210223093430","page_action_type":"07","cnt_agree":"0","topic_guid":"455590751c0a7fd4afef94cc0187b0b4","userid":"nyau_maomao","cnt_comment":"0","content":"中国数字人民币苏州已经开始使用！ https://t.co/roVr1emteY via @YouTube  #china #中国 #中國 #4IR 27 Aug 2020 数字人民币","url":"https://twitter.com/nyau_maomao/status/1364025812777766912","username":"Klaus Lochinber"},{"relevant_topic_guid":"9d7c969f7f2d08b41f0379333f8ab8d6","cnt_retweet":"0","publish_time":"20210223164103","page_action_type":"07","cnt_agree":"1","topic_guid":"9d7c969f7f2d08b41f0379333f8ab8d6","userid":"MingJingNews","cnt_comment":"0","content":"英相强森对中企献殷勤，自称“狂热亲华派＂；习近平接见嫦娥五号，航天股竟暴跌；脸书妥协将恢复澳洲新闻页面；蚂蚁被钦点加入人行数字人民币；中国非洲猪瘟再起 |华尔街财经（20210223） https://t.co/HL6fTOW2rj https://t.co/ogdFNMzUKp","url":"https://twitter.com/MingJingNews/status/1364133156173975556","username":"明鏡新聞網"},{"relevant_topic_guid":"2e6cddec34d68e6c0742fba1154d5554","cnt_retweet":"0","publish_time":"20210223164613","page_action_type":"07","cnt_agree":"0","topic_guid":"2e6cddec34d68e6c0742fba1154d5554","userid":"wangwangyue2019","cnt_comment":"0","content":"蚂蚁腾讯旗下银行将被列数字人民币试点 https://t.co/4UH8oUOub5","url":"https://twitter.com/wangwangyue2019/status/1364134456555163648","username":"王望岳"},{"relevant_topic_guid":"61099127b6ceb164aac168077d4067c6","cnt_retweet":"1","publish_time":"20210223202532","page_action_type":"07","cnt_agree":"4","topic_guid":"61099127b6ceb164aac168077d4067c6","userid":"cherylnatsu","cnt_comment":"1","content":"假如有个“乔治·奥威尔奖”，如果后面没有更厉害的东西出现，今年应该颁发给上线了保质期功能的“数字人民币”","url":"https://twitter.com/cherylnatsu/status/1364189651217444872","username":"夏雨婷"},{"relevant_topic_guid":"1231564ab4140b79c81ed41e596a4fcb","cnt_retweet":"0","publish_time":"20210223224623","page_action_type":"07","cnt_agree":"0","topic_guid":"1231564ab4140b79c81ed41e596a4fcb","userid":"buxianggongzuo","cnt_comment":"0","content":"推数字人民币不仅能监控韭菜还能抢支付宝饭碗，一石二鸟","url":"https://twitter.com/buxianggongzuo/status/1364225094231285767","username":"み"},{"relevant_topic_guid":"a498381ebae19e481de607a295e78d7b","cnt_retweet":"0","publish_time":"20210223080746","page_action_type":"07","cnt_agree":"0","topic_guid":"a498381ebae19e481de607a295e78d7b","userid":"QuanQiuLianBao","cnt_comment":"0","content":"#热点背景 最新节目：https://t.co/wuTZ6ZdATf王毅指称美国打压中国，余茂春：贼喊捉贼；亚洲通进入美国決策圈，中国幻想破灭；YouTube下架3000个频道，清一色全是中国帐号；蚂蚁腾讯加入数字人民币是祸是福？中国富豪购买瑞士居留证 | 热点背景（20210223）播放时间：2021年2月22日7:15pm（美东） https://t.co/0MewiggQzw","url":"https://twitter.com/QuanQiuLianBao/status/1364003983803703299","username":"全球新闻连报"},{"relevant_topic_guid":"20696bef2eee8a8e03e308ca4ad12d8c","cnt_retweet":"9","publish_time":"20210223093007","page_action_type":"07","cnt_agree":"15","topic_guid":"20696bef2eee8a8e03e308ca4ad12d8c","userid":"dajiyuan","cnt_comment":"1","content":"蚂蚁腾讯旗下银行将被列数字人民币试点大陆民营银行将被中共列入 #数字人民币 试点银行，包括 #蚂蚁集团 的浙江网商银行（MYBank）和 #腾讯 的微众银行（WeBank）都将被引入数字人民币APP的数字钱包。https://t.co/YPpaMd8WKm","url":"https://twitter.com/dajiyuan/status/1364024708291842048","username":"大纪元新闻网"},{"relevant_topic_guid":"d4471bc37ca9478220ba41d22628fcb1","cnt_retweet":"0","publish_time":"20210223094719","page_action_type":"07","cnt_agree":"0","topic_guid":"d4471bc37ca9478220ba41d22628fcb1","userid":"newsm2005","cnt_comment":"0","content":"根据目前的信息，数字人民币采用了基于UTXO模式的中心化账本","url":"https://twitter.com/newsm2005/status/1364029035282460672","username":"newsm2005"},{"relevant_topic_guid":"3cd4b6ffdd53fa4a6714840bb364f512","cnt_retweet":"4","publish_time":"20210223015231","page_action_type":"07","cnt_agree":"9","topic_guid":"3cd4b6ffdd53fa4a6714840bb364f512","userid":"SoundOfHope_SOH","cnt_comment":"4","content":"【马云遭遇至暗时刻 刘强东却靠党咸鱼翻身？】近日，他不但重新掌握了 #京东集团 的权力，还获得中共央行批准，成为第一个接入 #数字人民币 的电商平台https://t.co/fLwOAMXU8z https://t.co/E2pmUzr0nY","url":"https://twitter.com/SoundOfHope_SOH/status/1363909551276359683","username":"希望之聲 - 中國時局"},{"relevant_topic_guid":"c81499e169488e4bc61dc2a6d5bb09f8","cnt_retweet":"2","publish_time":"20210223163503","page_action_type":"07","cnt_agree":"4","topic_guid":"c81499e169488e4bc61dc2a6d5bb09f8","userid":"WallStTV","cnt_comment":"1","content":"英相强森对中企献殷勤，自称“狂热亲华派＂；习近平接见嫦娥五号，航天股竟暴跌；脸书妥协将恢复澳洲新闻页面；蚂蚁被钦点加入人行数字人民币；中国非洲猪瘟再起 |华尔街财经（20210223） https://t.co/dZGO1CKIdT https://t.co/3x9WHVozZj","url":"https://twitter.com/WallStTV/status/1364131645628948481","username":"華爾街電視 Wall St TV"},{"relevant_topic_guid":"4f8b71f681a2ebd073b1cb335ee27a33","cnt_retweet":"0","publish_time":"20210302175839","page_action_type":"08","cnt_agree":"0","topic_guid":"700719cd50e36c33924031a9ce4b284b","userid":"rudolph87471573","cnt_comment":"1","content":"@Jackpot202011 @nytchinese 技术上来说是一样的，不过数字人民币有中国政府作为信用背书，政府强制力来保障购买力。BTC依靠社会共识行程购买力，BTC可以看作黄金吧，没有实体背书，但是大家都认可","url":"https://twitter.com/rudolph87471573/status/1366689401200283650","username":"rudolph *"},{"relevant_topic_guid":"29a03eca27fa4a156f2068640ed088b8","cnt_retweet":"0","publish_time":"20210302174817","page_action_type":"08","cnt_agree":"1","topic_guid":"4f8b71f681a2ebd073b1cb335ee27a33","userid":"Jackpot202011","cnt_comment":"1","content":"@nytchinese 智障，BTC是虚拟币，数字人民币不是虚拟币，数字人民币也是人民币。","url":"https://twitter.com/Jackpot202011/status/1366686791336534019","username":"姜太公的太公"},{"relevant_topic_guid":"e589eb335d5caec07ca6b14c851d3d84","cnt_retweet":"0","publish_time":"20210301100808","page_action_type":"08","cnt_agree":"0","topic_guid":"18d20b6aefcdcc68842f53e0e1845be3","userid":"langhaidian","cnt_comment":"0","content":"@catmamgo 刚报名参加了成都的一个数字人民币红包活动，不知道是何用意。试水？","url":"https://twitter.com/langhaidian/status/1366208601258225666","username":"langhaidian"},{"relevant_topic_guid":"fc2abee700f69ae7f680c3c478d90ece","cnt_retweet":"0","publish_time":"20210301160422","page_action_type":"08","cnt_agree":"0","topic_guid":"b8b1d3a9b25aa1582d650ad2f41000f1","userid":"PlanetOcean7","cnt_comment":"0","content":"@maomi121 @QByw5xusgfammFh @samuel_s_chin @yx_89 @Pepsi65378262 @whiterock305 @XiaozhPhD04 美国是个霸权啊。霸权就是要能控制别人为自己服务。美国感觉对中国越来越力不从心了，不能再耐心等中国搞民主了。再不分裂中国难道等到中国用数字人民币和他分庭抗礼？等到中国制造大功告成？等到中国完成国家统一然后自己的信誉扫地？留给美国的时间不多了*","url":"https://twitter.com/PlanetOcean7/status/1366298251029217281","username":"Planet.Ocean"},{"relevant_topic_guid":"d62bcd11d1842dc2512a037868e4fba1","cnt_retweet":"1","publish_time":"20210302222117","page_action_type":"07","cnt_agree":"0","topic_guid":"d62bcd11d1842dc2512a037868e4fba1","userid":"onetao91","cnt_comment":"0","content":"数字人民币带来什么？政府对经济更强大的控制 ：• 超发和回收货币更简单了，当然是超发的倾向多 • 可编程的数字货币，可以设置过期时间，不用就作废也，可以设置为慢慢贬值，鼓励你消费 数字人民币的崛起，会让基于区块链的匿名币获得更大的市场","url":"https://twitter.com/onetao91/status/1366755495965429767","username":"万归藏"},{"relevant_topic_guid":"10fc51c1b37a7d1633d896fc81bbc3db","cnt_retweet":"0","publish_time":"20210302215838","page_action_type":"07","cnt_agree":"0","topic_guid":"10fc51c1b37a7d1633d896fc81bbc3db","userid":"linyu1226","cnt_comment":"0","content":"中国最新的经济实验：数字人民币 https://t.co/WTEkDh6jDA","url":"https://twitter.com/linyu1226/status/1366749794039922691","username":"林宇"},{"relevant_topic_guid":"15456258dbb14674b6e3aef3c979c794","cnt_retweet":"0","publish_time":"20210302212334","page_action_type":"07","cnt_agree":"0","topic_guid":"15456258dbb14674b6e3aef3c979c794","userid":"KKLAM73482691","cnt_comment":"0","content":"中国最新的经济实验：数字人民币 https://t.co/pqNdMca8vh","url":"https://twitter.com/KKLAM73482691/status/1366740967848517633","username":"GC Dissident"},{"relevant_topic_guid":"4cf234a889ea0a29adc7e801c2113f08","cnt_retweet":"0","publish_time":"20210302143702","page_action_type":"07","cnt_agree":"0","topic_guid":"4cf234a889ea0a29adc7e801c2113f08","userid":"ChengduNewsBot","cnt_comment":"0","content":"20.3万人将尝鲜！成都数字人民币红包今日摇号完毕3月3日发布中签信息| 每经网 - 每日经济新闻 https://t.co/zzY5gWjmsR","url":"https://twitter.com/ChengduNewsBot/status/1366638662075645955","username":"成都新闻机器人 CD News Bot"},{"relevant_topic_guid":"0588a08f9ea429659e3180113e416c66","cnt_retweet":"10","publish_time":"20210302210000","page_action_type":"07","cnt_agree":"21","topic_guid":"0588a08f9ea429659e3180113e416c66","userid":"nytchinese","cnt_comment":"10","content":"“这不只是钱的问题。”经济和金融实力中心研究员范努西说。“这有关开发新工具来收集数据并利用这些数据，使中国经济变得更加智能，并以实时信息为基础。”虽然中国政府没有透露是否及何时在全国正式推出数字人民币，但几位官员提到，要做好让冬奥会的游客用上该货币的准备。https://t.co/KQDlWaLGBl","url":"https://twitter.com/nytchinese/status/1366735037836767232","username":"纽约时报中文网"},{"relevant_topic_guid":"84b8b9f4442003b088a92d11a9369da4","cnt_retweet":"0","publish_time":"20210302153042","page_action_type":"07","cnt_agree":"0","topic_guid":"84b8b9f4442003b088a92d11a9369da4","userid":"qtchong","cnt_comment":"0","content":"中国最新的经济实验：数字人民币 https://t.co/X31jt1cdej","url":"https://twitter.com/qtchong/status/1366652169156366336","username":"Tan Chye Hong"},{"relevant_topic_guid":"f4e198368de26d7019a342db580f986e","cnt_retweet":"0","publish_time":"20210302041915","page_action_type":"07","cnt_agree":"0","topic_guid":"f4e198368de26d7019a342db580f986e","userid":"XiaoZhen0537","cnt_comment":"0","content":"原创 数字人民币要来了！没有网络也能付款，移动支付的地位将不保？ https://t.co/rNZvrHXaGf","url":"https://twitter.com/XiaoZhen0537/status/1366483191125716993","username":"每日头条 - 时事百科抢先看"},{"relevant_topic_guid":"634ed96bac21733880940e27afb91583","cnt_retweet":"2","publish_time":"20210302121357","page_action_type":"07","cnt_agree":"11","topic_guid":"634ed96bac21733880940e27afb91583","userid":"chinasmpb","cnt_comment":"2","content":"#司马平邦说 数字人民币试水：终结美元霸权的“毛爷爷”这回真要来了！ https://t.co/RhMF2dqOGT 来自 @YouTube","url":"https://twitter.com/chinasmpb/status/1366602654898561026","username":"司马平邦"},{"relevant_topic_guid":"61b0c8cf5314f5b2047836c2b41d94d0","cnt_retweet":"0","publish_time":"20210302160426","page_action_type":"07","cnt_agree":"2","topic_guid":"61b0c8cf5314f5b2047836c2b41d94d0","userid":"chinasmpb","cnt_comment":"0","content":"#司马平邦说 美元霸权一定会被终结吗？除非洋奴，否则连美国人自己都知道会的；那那，谁来终结呢？我说一定是人民币，我相信这话现在说有一半的人会同意（疫情前百分之九十的人会不同意），所以我在本期里讲了数字人民币是现存惟一有可能终结美元霸权的工具。https://t.co/RhMF2dqOGT 来自 @YouTube","url":"https://twitter.com/chinasmpb/status/1366660658129817600","username":"司马平邦"},{"relevant_topic_guid":"f990fd9091d1d0aebcc6f3c22fbce45b","cnt_retweet":"11","publish_time":"20210302153000","page_action_type":"07","cnt_agree":"20","topic_guid":"f990fd9091d1d0aebcc6f3c22fbce45b","userid":"nytchinese","cnt_comment":"34","content":"世界各地的央行都在尝试新形式的数字货币，这种新型数字货币可以更快地流通。然而，没有哪个大国比中国走得更远。数字人民币的试点已扩展至京沪等地。与去中心化的比特币等加密货币不同，由央行创建的国家数字货币将给政府更多的金融控制权，也引发了有关隐私的担忧。https://t.co/KQDlWau5cL","url":"https://twitter.com/nytchinese/status/1366651990919405571","username":"纽约时报中文网"},{"relevant_topic_guid":"18053b2571830a24ecdf74cd793146d0","cnt_retweet":"0","publish_time":"20210301174658","page_action_type":"07","cnt_agree":"1","topic_guid":"18053b2571830a24ecdf74cd793146d0","userid":"dychem88","cnt_comment":"0","content":"美国声称，创建数字美元已经成为美国的当务之急。尤其是在中国全力推进数字人民币扩展其国际影响力，并伤及美元根基的背景之下。​称中国已经深刻理解到了数字人民币在地缘政治中的重要性。美国渴望能够赢得与中国的这场竞赛。 https://t.co/x5RYKW8owO","url":"https://twitter.com/dychem88/status/1366324072154595328","username":"李沂"},{"relevant_topic_guid":"ec3b443fe619939782612ff8dca013f6","cnt_retweet":"3","publish_time":"20210301102647","page_action_type":"07","cnt_agree":"32","topic_guid":"ec3b443fe619939782612ff8dca013f6","userid":"Dinastiachip","cnt_comment":"1","content":"Li Lihui, exdirector del Banco de China, ve en el yuan digital, el e-RMB (数字人民币), un gran potencial. Según Li, tendrá \"un impacto profundo en el sistema monetario internacional\" y \"cambiará el mercado de pagos, la competencia bancaria y la regulación del mercado monetario\" https://t.co/6s4t57Y1tC","url":"https://twitter.com/Dinastiachip/status/1366213295061884928","username":"Dinastía Chip"},{"relevant_topic_guid":"b6662cedbc88387b58a542e6481da50c","cnt_retweet":"7","publish_time":"20210302095501","page_action_type":"07","cnt_agree":"24","topic_guid":"b6662cedbc88387b58a542e6481da50c","userid":"nytchinese","cnt_comment":"21","content":"中国加快推进数字人民币；港人再次街头抗议，呼吁释放政治犯；缅甸军方利用数字武器镇压抗议；昂山素季面临新指控；法国前总统萨科齐获刑；纳瓦尔尼被转移至流放地服刑；菲律宾开启疫苗接种行动……这里是今日要闻。https://t.co/IKW2ntV9Ln","url":"https://twitter.com/nytchinese/status/1366567690723151876","username":"纽约时报中文网"},{"relevant_topic_guid":"50d3b111ceb9266784bfa7d0d226ca02","cnt_retweet":"0","publish_time":"20210302071410","page_action_type":"07","cnt_agree":"0","topic_guid":"50d3b111ceb9266784bfa7d0d226ca02","userid":"Gary19491001","cnt_comment":"0","content":"新闻茶座: 数字人民币对中国意味着什么?/王剑每日观察/20210228 https://t.co/pzFzkU0nzh 來自 @YouTube","url":"https://twitter.com/Gary19491001/status/1366527211453353985","username":"gary angle"},{"relevant_topic_guid":"2e091c7a525232a3ef7148b7971df4cd","cnt_retweet":"0","publish_time":"20210302144531","page_action_type":"07","cnt_agree":"1","topic_guid":"2e091c7a525232a3ef7148b7971df4cd","userid":"myfxtrader","cnt_comment":"1","content":"#数字人民币 有望在北京冬奥场景落地应用。北京市科委表示，北京将以区块链创新发展行动计划为指导，重点布局区块链技术研发和应用生态搭建，打造区块链领域国家战略科技力量；下一步，北京市科委将加快实施“科技冬奥”项目，推动数字人民币在冬奥场景落地应用，助力北京国际科技创新中心建设。","url":"https://twitter.com/myfxtrader/status/1366640794556190720","username":"外汇交易员"},{"relevant_topic_guid":"6b9deecb551f1b7e381843a7ca18ac21","cnt_retweet":"10","publish_time":"20210226093900","page_action_type":"07","cnt_agree":"20","topic_guid":"6b9deecb551f1b7e381843a7ca18ac21","userid":"RFA_Chinese","cnt_comment":"8","content":"继深圳、苏州和北京后，成都成为中国数字人民币的试点“#第四城”。【#数字人民币 意味着什么？】#数字人民币红包  #数字钱包https://t.co/U4aPfFAoCS","url":"https://twitter.com/RFA_Chinese/status/1365114106559275013","username":"自由亚洲电台"},{"relevant_topic_guid":"f9dbd101cd0992b7fe19ade55e934959","cnt_retweet":"13","publish_time":"20210226004405","page_action_type":"07","cnt_agree":"28","topic_guid":"f9dbd101cd0992b7fe19ade55e934959","userid":"RFA_Chinese","cnt_comment":"22","content":"继深圳、苏州和北京后，成都本周三（24日）启动 #数字人民币，成为中国第四个数字人民币的试点城市。至此，中国发放的数字人民币红包试点规模已超1.5亿元，在全球遥遥领先。 https://t.co/gR1XnqPBRe","url":"https://twitter.com/RFA_Chinese/status/1364979489843929089","username":"自由亚洲电台"},{"relevant_topic_guid":"42052b389625b0f50a49bb148c432b93","cnt_retweet":"0","publish_time":"20210225103605","page_action_type":"07","cnt_agree":"0","topic_guid":"42052b389625b0f50a49bb148c432b93","userid":"ryxtony","cnt_comment":"0","content":"#PLUSTOKEN #DCEP 中国央行数字人民币DCEP解读--王健老师https://t.co/Pxk7c8KGp1","url":"https://twitter.com/ryxtony/status/1364766084751097861","username":"美国恩典与希望留学饶博士"},{"relevant_topic_guid":"152f3a3eed656cc826b30db33578aa6d","cnt_retweet":"0","publish_time":"20210227092915","page_action_type":"07","cnt_agree":"0","topic_guid":"152f3a3eed656cc826b30db33578aa6d","userid":"MacWEEK","cnt_comment":"0","content":"数字人民币，对内防控阿里腾讯的金融垄断风险，对外布局跨境支付制肘美元霸权～央妈的野望……","url":"https://twitter.com/MacWEEK/status/1365474042606546945","username":"Stanley™"},{"relevant_topic_guid":"3f428c68353976720b3004d45c91677d","cnt_retweet":"0","publish_time":"20210226092027","page_action_type":"07","cnt_agree":"0","topic_guid":"3f428c68353976720b3004d45c91677d","userid":"08charterbbs","cnt_comment":"0","content":"零八宪章: 成都试行数字人民币 民众疯抢4000万元红包 https://t.co/FzCcUkgoyz","url":"https://twitter.com/08charterbbs/status/1365109437967441922","username":"08宪章论坛"},{"relevant_topic_guid":"8630368a23048839c6c6b42dc0196fe3","cnt_retweet":"0","publish_time":"20210225164848","page_action_type":"07","cnt_agree":"0","topic_guid":"8630368a23048839c6c6b42dc0196fe3","userid":"zoezhang22","cnt_comment":"1","content":"成都给市民发的4000万数字人民币红包，能中的人都是天选之子啊* https://t.co/Yva9FSgRDJ","url":"https://twitter.com/zoezhang22/status/1364859880767582211","username":"zoe"},{"relevant_topic_guid":"e5e5cbf0cbc24b6b5d9f213979d7521c","cnt_retweet":"6","publish_time":"20210225174312","page_action_type":"07","cnt_agree":"41","topic_guid":"e5e5cbf0cbc24b6b5d9f213979d7521c","userid":"catmamgo","cnt_comment":"4","content":"谈到数字人民币，很多人都心生恐惧。实际上即使是网银普及的今天，我们生活仍然需要纸币。而且就看数字人民币这个设计我觉得更加像是另一个WAPI。但是也不得不警惕一下，目前几个搞数字货币的国家最后都出现了以物换物的形式，看看委内瑞拉的石油币就知道这个恶果有多严重。","url":"https://twitter.com/catmamgo/status/1364873573060386817","username":"猫总"},{"relevant_topic_guid":"6ea4f6457c5b6f851786d75b586bde59","cnt_retweet":"1","publish_time":"20210226044531","page_action_type":"07","cnt_agree":"0","topic_guid":"6ea4f6457c5b6f851786d75b586bde59","userid":"RFAqiao","cnt_comment":"0","content":"成都试行数字人民币 民众疯抢4000万元红包 https://t.co/JzymlC4GZs","url":"https://twitter.com/RFAqiao/status/1365040251962413060","username":"喬龍2.0"},{"relevant_topic_guid":"e5e5cbf0cbc24b6b5d9f213979d7521c","cnt_retweet":"0","publish_time":"20210226083852","page_action_type":"08","cnt_agree":"0","topic_guid":"72d732d5a3e90c14b97c8919a01dc36e","userid":"Cup88594889","cnt_comment":"0","content":"@catmamgo 国内三线城市几年前就以物易物了，消费萎靡，各种代理商库存积压极其常见。","url":"https://twitter.com/Cup88594889/status/1365098974235873280","username":"Cup"},{"relevant_topic_guid":"e5e5cbf0cbc24b6b5d9f213979d7521c","cnt_retweet":"0","publish_time":"20210225183325","page_action_type":"08","cnt_agree":"0","topic_guid":"dc5fec769571ce8e4ce0c0dac34f5a71","userid":"lyricwai","cnt_comment":"0","content":"@catmamgo 是以物换物了才搞加密货币，而不是搞加密货币才以物换物。","url":"https://twitter.com/lyricwai/status/1364886208845807617","username":"Lyric*"},{"relevant_topic_guid":"e5e5cbf0cbc24b6b5d9f213979d7521c","cnt_retweet":"0","publish_time":"20210225191556","page_action_type":"08","cnt_agree":"2","topic_guid":"5fce2557aea03f42f597ed18c4307b75","userid":"daijyann7899","cnt_comment":"0","content":"@catmamgo 草民那几个钱有啥恐惧的，恐惧的是黑箱操作来钱的和藏在床底下几顿钱没处花的阶层","url":"https://twitter.com/daijyann7899/status/1364896908871831553","username":"daijyann7899"},{"relevant_topic_guid":"e5e5cbf0cbc24b6b5d9f213979d7521c","cnt_retweet":"0","publish_time":"20210227210428","page_action_type":"08","cnt_agree":"1","topic_guid":"e377bcbf861e7d1118a2018325662713","userid":"53180930","cnt_comment":"0","content":"@catmamgo 这个前瞻性需要警惕","url":"https://twitter.com/53180930/status/1365648999210840065","username":"Raymond"},{"relevant_topic_guid":"e5e5cbf0cbc24b6b5d9f213979d7521c","cnt_retweet":"2","publish_time":"20210225183714","page_action_type":"08","cnt_agree":"10","topic_guid":"ba242a4bd8d6bd01f14631c361fafc48","userid":"catmamgo","cnt_comment":"0","content":"但是现在谈这个问题太早了，这个数字货币钱包目前还是处于非常早期的测试，唯一的好处就是可以优惠买很多东西。目前还是二类账户，离真正投入使用还是有很大的距离。我们目前已经拿到了工商银行的数字货币钱包样本，冲了点钱进去，看上去还是不错的。钱也没有成为废纸，今晚京东上买个路由器玩玩。 https://t.co/rbKJjthicr","url":"https://twitter.com/catmamgo/status/1364887170285150210","username":"猫总"}]