[{"relevant_topic_guid":"4dfb8e616849ac740b75e10b31130686","cnt_retweet":"1","publish_time":"20210217140824","page_action_type":"07","cnt_agree":"0","topic_guid":"4dfb8e616849ac740b75e10b31130686","userid":"whoisleebing","cnt_comment":"1","content":"上海交通卡app，已支持“数字人民币”充值…… https://t.co/3NYvBJRdEX","url":"https://twitter.com/whoisleebing/status/1361920414788689922","username":"Bing lee"},{"relevant_topic_guid":"2f916187abd34c4d262f9c57b224a068","cnt_retweet":"0","publish_time":"20210218202157","page_action_type":"07","cnt_agree":"0","topic_guid":"2f916187abd34c4d262f9c57b224a068","userid":"ydaQkwKm4ynR8e0","cnt_comment":"0","content":"每个红包金额200元，共计3000万元。北京市东城区人民政府则主办“数字王府井(600859)(33.420, 1.42, 4.44%) 冰雪购物节”活动，面向在京个人消费者发放5万个数字人民币红包。每个红包金额200元，共计1000万元。","url":"https://twitter.com/ydaQkwKm4ynR8e0/status/1362376808432242697","username":"A股人生"},{"relevant_topic_guid":"b3ff831a287056bade3bfee17a051ede","cnt_retweet":"1","publish_time":"20210218043927","page_action_type":"07","cnt_agree":"4","topic_guid":"b3ff831a287056bade3bfee17a051ede","userid":"SoundofHopeSOH","cnt_comment":"1","content":"【挑战美元？美专家：数字人民币要先击败支付宝和微信】美国彼得森国际经济研究所高级研究员 #马丁·乔兹蓬帕 指出， #数字人民币 需要首先取代国内的 #电子支付巨头 ，包括支付宝和微信支付，才能考虑与美元进行竞争https://t.co/lP6HKx66Xd https://t.co/bAF6GLF0aE","url":"https://twitter.com/SoundofHopeSOH/status/1362139620436279301","username":"希望之聲國際廣播電台"},{"relevant_topic_guid":"1ba4e6357a1b5333ec9425919e9567b5","cnt_retweet":"0","publish_time":"20210217071735","page_action_type":"07","cnt_agree":"1","topic_guid":"1ba4e6357a1b5333ec9425919e9567b5","userid":"MingJingNews","cnt_comment":"0","content":"中央点名能源局,最新报告揭习近平向煤炭行业开刀；中国资本占领全球的新手段_数字人民币; 地方政府缺钱,基建狂魔要收敛了; 抖音登陆纽交所,字节跳动否认 | 华尔街财经与科技（20210217） https://t.co/2DbyArmAmm https://t.co/weazGG1nMG","url":"https://twitter.com/MingJingNews/status/1361817027808268295","username":"明鏡新聞網"},{"relevant_topic_guid":"3d86c06d781e23b4bb05d3f71e7f1679","cnt_retweet":"0","publish_time":"20210217044333","page_action_type":"07","cnt_agree":"0","topic_guid":"3d86c06d781e23b4bb05d3f71e7f1679","userid":"MingJingNews","cnt_comment":"0","content":"中国资本占领全球的新手段:数字人民币; 地方政府缺钱,基建狂魔要收敛了; TikTok得救,抖音登陆纽交所,字节跳动否认;物流叫板亚马逊,京东系抢下港交所牛年头香|中国财经(20210217) https://t.co/m4vhl8U3qx https://t.co/Ha7K5dLzAX","url":"https://twitter.com/MingJingNews/status/1361778266009337857","username":"明鏡新聞網"},{"relevant_topic_guid":"b74032b784758ae7a88e8f75dfe98f1c","cnt_retweet":"0","publish_time":"20210217073433","page_action_type":"07","cnt_agree":"0","topic_guid":"b74032b784758ae7a88e8f75dfe98f1c","userid":"WallStTV","cnt_comment":"0","content":"中央点名能源局,最新报告揭习近平向煤炭行业开刀；中国资本占领全球的新手段_数字人民币; 地方政府缺钱,基建狂魔要收敛了; 抖音登陆纽交所,字节跳动否认 | 华尔街财经与科技（20210217） https://t.co/3IRXJlAztJ https://t.co/yHc8HKM9tD","url":"https://twitter.com/WallStTV/status/1361821297311846404","username":"華爾街電視 Wall St TV"},{"relevant_topic_guid":"eade68cac78c1b17d7480cfb8049439b","cnt_retweet":"0","publish_time":"20210217065802","page_action_type":"07","cnt_agree":"4","topic_guid":"eade68cac78c1b17d7480cfb8049439b","userid":"WallStTV","cnt_comment":"0","content":"中央点名能源局,最新报告揭习近平向煤炭行业开刀；中国资本占领全球的新手段_数字人民币; 地方政府缺钱,基建狂魔要收敛了; 抖音登陆纽交所,字节跳动否认 | 华尔街财经与科技（20210217） https://t.co/CrqVndDLG7","url":"https://twitter.com/WallStTV/status/1361812108900397058","username":"華爾街電視 Wall St TV"},{"relevant_topic_guid":"2781f5a7cb76506a2934bafbc988db11","cnt_retweet":"0","publish_time":"20210217061842","page_action_type":"07","cnt_agree":"0","topic_guid":"2781f5a7cb76506a2934bafbc988db11","userid":"china_com_au","cnt_comment":"0","content":"澳大利亚 – 中国多地发放数字人民币助兴“就地过年”-澳洲唐人街 https://t.co/AZRc0ZlTO6","url":"https://twitter.com/china_com_au/status/1361802208610836481","username":"澳洲唐人街 - 媒体"},{"relevant_topic_guid":"a8a4898ef5446a6a9b0d28976ddbcf7d","cnt_retweet":"1","publish_time":"20210217223503","page_action_type":"07","cnt_agree":"4","topic_guid":"a8a4898ef5446a6a9b0d28976ddbcf7d","userid":"WallStTV","cnt_comment":"0","content":"美国基建差，德州大雪印证，油破60元，电价飙10000%！加国69%疫苗延迟，PEI镇长荒 ；最新报告：揭习近平向煤炭行业开刀；中国资本占领全球的新手段—数字人民币 |财经联报（20210217） https://t.co/G1IOElh0v8 https://t.co/HGsMlN3XfV","url":"https://twitter.com/WallStTV/status/1362047917545037828","username":"華爾街電視 Wall St TV"},{"relevant_topic_guid":"16890e4733a400d293ca29603306512d","cnt_retweet":"1","publish_time":"20210217033623","page_action_type":"07","cnt_agree":"3","topic_guid":"16890e4733a400d293ca29603306512d","userid":"MJTVHoPin","cnt_comment":"0","content":"中国资本占领全球的新手段:数字人民币; 地方政府缺钱,基建狂魔要收敛了; TikTok得救,抖音登陆纽交所,字节跳动否认;物流叫板亚马逊,京东系... https://t.co/5HvusJNvNu","url":"https://twitter.com/MJTVHoPin/status/1361761359239733249","username":"何頻"},{"relevant_topic_guid":"2312ae8304916688716c072b0fdd7308","cnt_retweet":"0","publish_time":"20210217043634","page_action_type":"07","cnt_agree":"0","topic_guid":"2312ae8304916688716c072b0fdd7308","userid":"WallStTV","cnt_comment":"0","content":"中国资本占领全球的新手段:数字人民币; 地方政府缺钱,基建狂魔要收敛了; TikTok得救,抖音登陆纽交所,字节跳动否认;物流叫板亚马逊,京东系抢下港交所牛年头香|中国财经(20210217) https://t.co/SGwpeyiJdf https://t.co/8XdN0VhGjD","url":"https://twitter.com/WallStTV/status/1361776504946847744","username":"華爾街電視 Wall St TV"},{"relevant_topic_guid":"f2f5334e61a25e7b5108dd539eeeb8ed","cnt_retweet":"0","publish_time":"20210216193016","page_action_type":"07","cnt_agree":"0","topic_guid":"f2f5334e61a25e7b5108dd539eeeb8ed","userid":"cntechnews","cnt_comment":"0","content":"数字人民币来了春节假期，北京数字人民币试点活动正如火如荼地进行，不少新功能随之亮相。数字人民币红包为在京“就地过年”的人们提https://t.co/AXnz178npQ https://t.co/N8lsby2vMM","url":"https://twitter.com/cntechnews/status/1361639027267358724","username":"科技新闻"},{"relevant_topic_guid":"466dd90ec82010a203e386667d481aa4","cnt_retweet":"0","publish_time":"20210216235117","page_action_type":"07","cnt_agree":"0","topic_guid":"466dd90ec82010a203e386667d481aa4","userid":"jiang_erer","cnt_comment":"0","content":"【实地体验数字人民币：不用绑定银行卡 ATM机随心存取款】记者在位于王府井大街的中国工商银行新东安支行看到，ATM机可选择将数字人民币兑回现钞，通过工行手机银行App扫描ATM机屏幕的二维码，输入取现金额，便可取出现钞。 https://t.co/35OUp1G6t0","url":"https://twitter.com/jiang_erer/status/1361704713410932738","username":"Jiang erer"},{"relevant_topic_guid":"52b8ba934346400dd405db2f7a4eb2a4","cnt_retweet":"1","publish_time":"20210211190437","page_action_type":"07","cnt_agree":"1","topic_guid":"52b8ba934346400dd405db2f7a4eb2a4","userid":"xujie950331","cnt_comment":"0","content":"慢半拍第1890期----数字人民币方案成型了：非死不可灰溜溜地被赶走了；中共预备“冒天下之大不韪”了：特斯拉的价值就堪忧了！其实何止特斯拉，苹果也在科技脱钩的选项之内！https://t.co/PPW0signg8","url":"https://twitter.com/xujie950331/status/1359820633324941316","username":"徐杰慢半拍"},{"relevant_topic_guid":"b7bfa6ba136d8bef7bf3edff3c1bcbd0","cnt_retweet":"1","publish_time":"20210210134207","page_action_type":"07","cnt_agree":"1","topic_guid":"b7bfa6ba136d8bef7bf3edff3c1bcbd0","userid":"ChainNewscom","cnt_comment":"0","content":"【深圳龙华「数字人民币春节留深红包」活动结束，使用资金占比近 95%】链闻消息，据财联社报道，深圳市龙华「数字人民币春节留深红包」活动已圆满结束，2 月 1 日 9 时至 9 日 24 时，共发放红包 89,724 个，占总…… https://t.co/dd7SToHN4F","url":"https://twitter.com/ChainNewscom/status/1359377083588304897","username":"链闻 ChainNews"},{"relevant_topic_guid":"289e9e85d93e3c3a466a25df8db2bdc0","cnt_retweet":"0","publish_time":"20210211003008","page_action_type":"07","cnt_agree":"0","topic_guid":"289e9e85d93e3c3a466a25df8db2bdc0","userid":"imsoff","cnt_comment":"0","content":"【京东】非常抱歉的通知您，本次“数字王府井 冰雪购物节”数字人民币红包与您擦肩而过。“数”九寒冬，情暖京城。衷心感谢您关注数字人民币试点活动，积极参与北京智慧城市实践探索。欢迎您持续关注相关活动，期待下次与您相遇！","url":"https://twitter.com/imsoff/status/1359540164050124800","username":"SiuHok"},{"relevant_topic_guid":"458d2d0d1bd38615f77427cb81887a07","cnt_retweet":"12","publish_time":"20210211200902","page_action_type":"07","cnt_agree":"40","topic_guid":"458d2d0d1bd38615f77427cb81887a07","userid":"VOAChinese","cnt_comment":"33","content":"SWIFT挺数字人民币跨境 美中货币“热战”将开打？ https://t.co/dA9vTPxpPA","url":"https://twitter.com/VOAChinese/status/1359836842284093441","username":"美国之音中文网"},{"relevant_topic_guid":"e64da745b2ae074e1fd4b1e447c02bdd","cnt_retweet":"0","publish_time":"20210210201728","page_action_type":"07","cnt_agree":"0","topic_guid":"e64da745b2ae074e1fd4b1e447c02bdd","userid":"ryanzhu000","cnt_comment":"0","content":"数字人民币抽奖又没中（害","url":"https://twitter.com/ryanzhu000/status/1359476577134780425","username":"给我一瓶冰可乐"},{"relevant_topic_guid":"1dda276c401f2beafbee55bfabae7b95","cnt_retweet":"0","publish_time":"20210211010428","page_action_type":"07","cnt_agree":"0","topic_guid":"1dda276c401f2beafbee55bfabae7b95","userid":"NuevoMundoPE","cnt_comment":"0","content":"英智库:数字人民币重击美元霸权 https://t.co/H0aR5IX7ry https://t.co/MIDFY1Vg5w","url":"https://twitter.com/NuevoMundoPE/status/1359548801216892931","username":"Diario Nuevo Mundo"},{"relevant_topic_guid":"338a1b8b61a35186f9b039064df4b20d","cnt_retweet":"0","publish_time":"20210210223345","page_action_type":"07","cnt_agree":"28","topic_guid":"338a1b8b61a35186f9b039064df4b20d","userid":"AlendiaLark","cnt_comment":"0","content":"我爸中了数字人民币，问我怎么领这一定是炫耀.jpg","url":"https://twitter.com/AlendiaLark/status/1359510872234676227","username":"Alendia Holothurianeko 酱紫猫"},{"relevant_topic_guid":"02f3034d7a6e10f8c1a8f0c259bba7e6","cnt_retweet":"6","publish_time":"20210211205358","page_action_type":"07","cnt_agree":"9","topic_guid":"02f3034d7a6e10f8c1a8f0c259bba7e6","userid":"caichu88","cnt_comment":"2","content":"SWIFT挺数字人民币跨境 美中货币“热战”将开打？中国央行已成功联手环球同业银行金融电讯协会(Society for Worldwide Interbank Telecommunication, SWIFT)，为数字人民币的跨境应用再跨出一大步。https://t.co/wIF91BOalH","url":"https://twitter.com/caichu88/status/1359848152082309121","username":"Cai Chu"},{"relevant_topic_guid":"40b26938da3cedcb0bd2231c7d6cede9","cnt_retweet":"0","publish_time":"20210210141243","page_action_type":"07","cnt_agree":"0","topic_guid":"40b26938da3cedcb0bd2231c7d6cede9","userid":"chinasmpb","cnt_comment":"0","content":"国力丨央行数字人民币与陈薇团队“克威莎”疫苗：全是干货！https://t.co/seO7NhN5jX","url":"https://twitter.com/chinasmpb/status/1359384783579676675","username":"司马平邦"},{"relevant_topic_guid":"22ecaaf139baf329349dd1b80ffade8e","cnt_retweet":"0","publish_time":"20210210174214","page_action_type":"07","cnt_agree":"0","topic_guid":"22ecaaf139baf329349dd1b80ffade8e","userid":"myhant2","cnt_comment":"0","content":"Pimco：押注疫苗将很快终结疫情是2021年的最大风险之一美股最火投资！SPAC交易秘诀：IPO后是最佳窗口，并购后反而亏损。英智库：数字人民币重击美元霸权","url":"https://twitter.com/myhant2/status/1359437511303434245","username":"myhant"},{"relevant_topic_guid":"437417e2bf0bb8ae4ad813115d0e7f4b","cnt_retweet":"0","publish_time":"20210209093452","page_action_type":"07","cnt_agree":"1","topic_guid":"437417e2bf0bb8ae4ad813115d0e7f4b","userid":"K0xXjun43aGRK23","cnt_comment":"1","content":"北京政府用红包做诱饵，推行数字人民币。深圳、河北限制百姓使用现金，大额存取款将导致资金被冻结。数字货币全国化提上日程，现金被取消，数字粮票已经来... https://t.co/f8fPXU6bPs 來自 @YouTube","url":"https://twitter.com/K0xXjun43aGRK23/status/1358952471637356544","username":"シュウ　ピン"},{"relevant_topic_guid":"e8841f83606177c23ab0366d1cf273aa","cnt_retweet":"0","publish_time":"20210209203553","page_action_type":"07","cnt_agree":"0","topic_guid":"e8841f83606177c23ab0366d1cf273aa","userid":"AndyLia41608552","cnt_comment":"0","content":"资本都看好数字货币和中国推进数字人民币是不是异曲同工？","url":"https://twitter.com/AndyLia41608552/status/1359118823769706497","username":"Andy.Liao"},{"relevant_topic_guid":"37d63bfcf78908eda909f045fb5c31e0","cnt_retweet":"0","publish_time":"20210209014427","page_action_type":"07","cnt_agree":"0","topic_guid":"37d63bfcf78908eda909f045fb5c31e0","userid":"NuevoMundoPE","cnt_comment":"0","content":"数字人民币“硬件钱包”在雄安新区首次亮相 https://t.co/LJ5WHYfwKc https://t.co/b3nNx0reT7","url":"https://twitter.com/NuevoMundoPE/status/1358834090754064385","username":"Diario Nuevo Mundo"},{"relevant_topic_guid":"07d3e233bb18d09e3f80b3dd6ca5a194","cnt_retweet":"0","publish_time":"20210210222639","page_action_type":"07","cnt_agree":"2","topic_guid":"07d3e233bb18d09e3f80b3dd6ca5a194","userid":"chuideng","cnt_comment":"2","content":"【京东】非常抱歉的通知您，本次“数字王府井 冰雪购物节”数字人民币红包与您擦肩而过。“数”九寒冬，情暖京城。衷心感谢您关注数字人民币试点活动，积极参与北京智慧城市实践探索。欢迎您持续关注相关活动，期待下次与您相遇！250万人抽五万，没中，就很难受……*","url":"https://twitter.com/chuideng/status/1359509086090321929","username":"敲水挑钟胖和尚"},{"relevant_topic_guid":"303e276dda55e58da2b6daf7f2628ce0","cnt_retweet":"0","publish_time":"20210210142809","page_action_type":"07","cnt_agree":"1","topic_guid":"303e276dda55e58da2b6daf7f2628ce0","userid":"ChainNewscom","cnt_comment":"0","content":"【深圳第三轮数字人民币试点结束，使用资金占比超过九】链闻消息，据财联社报道，深圳第三轮数字人民币试点结束，根据深圳发布的数据显示，2 月 1 日 9 时到 9 日 24 时，深圳共发放红包 89724 个，占总中签人员的 9…… https://t.co/8PKUCfuTcu","url":"https://twitter.com/ChainNewscom/status/1359388670600630272","username":"链闻 ChainNews"},{"relevant_topic_guid":"4a094f625766fb0e160e8602b57a4953","cnt_retweet":"0","publish_time":"20210208162749","page_action_type":"07","cnt_agree":"0","topic_guid":"4a094f625766fb0e160e8602b57a4953","userid":"liudunews","cnt_comment":"0","content":"官媒：“就地过年”有惊喜！北京迎来1000万元”数字人民币“红包 https://t.co/xumWL9fVN1","url":"https://twitter.com/liudunews/status/1358694010035068929","username":"六度小编bot / 6do.news"},{"relevant_topic_guid":"605580d870a457700253b39fe34287f5","cnt_retweet":"0","publish_time":"20210209141250","page_action_type":"07","cnt_agree":"0","topic_guid":"605580d870a457700253b39fe34287f5","userid":"InvestOnJapan","cnt_comment":"0","content":"解码数字人民币：“新”在何处？用在哪里？ - 新浪网","url":"https://twitter.com/InvestOnJapan/status/1359022425665634305","username":"数字货币 視頻與新聞"},{"relevant_topic_guid":"d7f5bd2c53d5bacf723a011b37504d9b","cnt_retweet":"1","publish_time":"20210209044435","page_action_type":"07","cnt_agree":"3","topic_guid":"d7f5bd2c53d5bacf723a011b37504d9b","userid":"SuperGi66037544","cnt_comment":"0","content":"劲爆*彈劾川普没门儿 | 中共内斗将全面激化；中共高调测试数字人民币‼️ https://t.co/JZVLv6wiqc via @YouTube","url":"https://twitter.com/SuperGi66037544/status/1358879422695301121","username":"Phoenix 9heavens(大號被封main account been blocked)"},{"relevant_topic_guid":"4396c6d33ce64fb706c8607508a3a534","cnt_retweet":"0","publish_time":"20210215101643","page_action_type":"08","cnt_agree":"0","topic_guid":"ccc6b84434f2be86abea491b2ed47013","userid":"briankuo","cnt_comment":"0","content":"数字人民币试点多地开花 为春节增添别样年味儿https://t.co/wrZQzh7HeH今年春节，我国多地以发放 #消费券、现金红包等多种形式，引导民众“就地过年”。#量宽促消费 #补强汰弱 #工作生活两不误#量宽促投资 #提质增量 #实体经济体不虚","url":"https://twitter.com/briankuo/status/1361137331651022848","username":"无定创客 Brian"},{"relevant_topic_guid":"fcefcea93a8812e2df3a68f8b2dbe833","cnt_retweet":"0","publish_time":"20210216155907","page_action_type":"08","cnt_agree":"0","topic_guid":"39aa8996aeb63e51ae369a2753b27817","userid":"GoShuft","cnt_comment":"1","content":"@91porn 看看现在的数字人民币 已经进入网络新闻前三条了 国内都明白前三条是什么吧","url":"https://twitter.com/GoShuft/status/1361585889844068356","username":"go_shuft"},{"relevant_topic_guid":"50d988445d06fb42e44485e2ecc8ebf5","cnt_retweet":"0","publish_time":"20210214211859","page_action_type":"08","cnt_agree":"0","topic_guid":"518d59604b8877787c384e27cb6db066","userid":"longlivelove9","cnt_comment":"0","content":"@Miner811919 @naixxs @91porn 中国的数字人民币去中心化么？","url":"https://twitter.com/longlivelove9/status/1360941608565235717","username":"longlivelove"},{"relevant_topic_guid":"a81d597c8c42b4d69c48ea559339afea","cnt_retweet":"1","publish_time":"20210215163502","page_action_type":"08","cnt_agree":"0","topic_guid":"92e27f82e2205d2d55d6da8a08814c2d","userid":"lanhuacc","cnt_comment":"0","content":"@Inty3000 数字人民币会变成金圆券","url":"https://twitter.com/lanhuacc/status/1361232539810029569","username":"lorin stone  蓝华"},{"relevant_topic_guid":"9ed12ff0fdf089ba2c07fc76a3ba98fe","cnt_retweet":"0","publish_time":"20210216021602","page_action_type":"08","cnt_agree":"10","topic_guid":"ebe341b341865629bc98399e8a1b1a53","userid":"GuiltySky","cnt_comment":"0","content":"@Aurora107E @Inty3000 题外话，以国家名义推行的数字货币本质上和基于开源算法的比特币之类完全不同，比如委瑞内拉在实体货币崩盘后搞了个石油币，厉害货这两年也在推数字人民币。这些数字加密货币并不具备比特币的最重要的分布式去中心化等特征，基本纯粹是为了推行某种国家政策或者利益的。","url":"https://twitter.com/GuiltySky/status/1361378753771790339","username":"眠れぬ羊"},{"relevant_topic_guid":"c9a26cc8f2c2f32af6afdaaac32ae9b0","cnt_retweet":"0","publish_time":"20210212230929","page_action_type":"08","cnt_agree":"0","topic_guid":"c5f687ae98268e178b495d51d6c833be","userid":"chaoschen","cnt_comment":"1","content":"@lonewalker1030 @RFA_Chinese 那你说说现在你们是咋收款的，比特币，数字人民币？","url":"https://twitter.com/chaoschen/status/1360244643326160898","username":"chaos.chen1974"},{"relevant_topic_guid":"19020da96af09f810cb3b3241e596b16","cnt_retweet":"1","publish_time":"20210211205933","page_action_type":"08","cnt_agree":"2","topic_guid":"fb35aa2eacba421a017a7c0255c2900e","userid":"caichu88","cnt_comment":"1","content":"希望把电子支付的主导权要收归到中央来管控。”然而，中共的人权纪录恶化、对异议人士和社会的管控日渐紧缩，都让各界无法不质疑，中国政府自己更可能以数字人民币来作为其监控人民的最新工具，而数字人民币之全球化也可能让中国可以进一步将其威权体制出口到其他国家。","url":"https://twitter.com/caichu88/status/1359849555441954817","username":"Cai Chu"},{"relevant_topic_guid":"49145de2edd3325728d7b63b82af504f","cnt_retweet":"0","publish_time":"20210211212302","page_action_type":"08","cnt_agree":"0","topic_guid":"0cd1b311a0ffea0ce5979b62379052ca","userid":"vaiho2020","cnt_comment":"0","content":"@cuicat 感觉这两个对起来挺工整的……而且中国也正好在搞啥数字人民币","url":"https://twitter.com/vaiho2020/status/1359855463412584452","username":"Fan"},{"relevant_topic_guid":"fb35aa2eacba421a017a7c0255c2900e","cnt_retweet":"1","publish_time":"20210211210058","page_action_type":"08","cnt_agree":"1","topic_guid":"a55d14b0646911258c8a5dfef0fee78c","userid":"caichu88","cnt_comment":"1","content":"此外，林士杰预估，继SWIFT之后，数字人民币下一步应会找国际企业合作，以连结到零售端，成为跨境零售消费市场的支付货币。这方面的难度颇高，但如果成功抢进，未来数字人民币在国际上的话语权和重要性将会越来越高，这是国际社会可能会密切关注的地缘政治焦点。林士杰认为，人民币要撼动美元的国际","url":"https://twitter.com/caichu88/status/1359849913555836938","username":"Cai Chu"},{"relevant_topic_guid":"a55d14b0646911258c8a5dfef0fee78c","cnt_retweet":"1","publish_time":"20210211210150","page_action_type":"08","cnt_agree":"0","topic_guid":"7e62f5c180c38370075a7c1898250174","userid":"caichu88","cnt_comment":"1","content":"霸主地位，还有很长的一段路要走。他说，人民币在境外的现金流通量、国际贸易的计价和结算比重，都还有待提高。这是决定国际货币的第一项最基本必要条件，即便未来数字人民币在此方面为其提供了强化的捷径，但人民币也不算国际化，因为还有两大要件要达成。林士杰说，一是用人民币计价的金融商品在国际","url":"https://twitter.com/caichu88/status/1359850132032872451","username":"Cai Chu"},{"relevant_topic_guid":"1db546e502a27b40456eed21d289c9ad","cnt_retweet":"0","publish_time":"20210210100347","page_action_type":"08","cnt_agree":"0","topic_guid":"a1d79388a2e71d9f44fee33c1479c520","userid":"DeepChaos2021","cnt_comment":"0","content":"@jimpangzi 人民币计价是不会垮的，数字人民币专用于房产交易","url":"https://twitter.com/DeepChaos2021/status/1359322138377936899","username":"Deep Chaos"},{"relevant_topic_guid":"92055f02eb8d0a845d49b330af94d643","cnt_retweet":"1","publish_time":"20210209094437","page_action_type":"08","cnt_agree":"4","topic_guid":"9868aeb944b476554ce004f087bbcd49","userid":"CLzhi","cnt_comment":"0","content":"@caojitw 国际化先不谈吧，能不能自由兑换成外币都是个问题，与其拼命推广数字人民币还不如开放点渠道让人买比特币好点。*","url":"https://twitter.com/CLzhi/status/1358954929197522944","username":"Dave-C *"},{"relevant_topic_guid":"604af04438b43b7af619f96d7e18e60a","cnt_retweet":"0","publish_time":"20210207010521","page_action_type":"08","cnt_agree":"0","topic_guid":"d475eba8f941a315b6a8ae88b323f84c","userid":"fatfatbearbear","cnt_comment":"0","content":"@ilufie 数字人民币，拿去花 https://t.co/HGmVuCTWbq","url":"https://twitter.com/fatfatbearbear/status/1358099473029713922","username":"推特人大代表"},{"relevant_topic_guid":"daffae7dc8497db9381c7f19ba010ed2","cnt_retweet":"0","publish_time":"20210206062303","page_action_type":"08","cnt_agree":"0","topic_guid":"663167be8236bcb7c97e865e5752ce14","userid":"anXpGmbxul0Ceb5","cnt_comment":"0","content":"@caijingxiang 川普上台人民币还会涨，因为反正都被制裁，出口不了，升值对减少外汇开支有帮助，如果贬值会被川普政府定义为货币操纵国。保持人民币汇率，有利于资金流入，有利于下一步推出数字人民币，挑战美元的地位，占领数字货币时代的全球结算货币，人民币如果会大幅贬值那一定是中共要倒了","url":"https://twitter.com/anXpGmbxul0Ceb5/status/1357817037754490880","username":"我爱比特币"},{"relevant_topic_guid":"81ac80d204400970570baee838e602a9","cnt_retweet":"1","publish_time":"20210206061536","page_action_type":"08","cnt_agree":"1","topic_guid":"b8c2fd5f00d261f705c0f9b38568b05b","userid":"WillZhou888","cnt_comment":"2","content":"@5K5a0j28SjBgAsU @VOAChinese 数字人民币是中国发行的法定货币,在中国国家法律管辖内的地区,必须有接受数字人民币的接口和支付渠道,同时中国或者华人圈的经济势力范围都可以使用其支付接口-方便生意拓展.如各国唐人街,面向华人的经济实体和向中国出售大宗商品的国家,企业.如受美国美元制裁的国家-伊朗石油,俄罗斯木材,缅甸翡翠等...","url":"https://twitter.com/WillZhou888/status/1357815162221203457","username":"WillZhou"},{"relevant_topic_guid":"4d785ec59df8cc9b2011501a295078ad","cnt_retweet":"0","publish_time":"20210205235426","page_action_type":"08","cnt_agree":"0","topic_guid":"c74a0c1ea1fe9dcdcd1c0fe5bb418d2d","userid":"kue88m0PujMuLMN","cnt_comment":"0","content":"@HualiangPeng @VOAChinese 数字人民币没网络也能使用，傻逼","url":"https://twitter.com/kue88m0PujMuLMN/status/1357719238270570501","username":"赵衎"},{"relevant_topic_guid":"5a167dff95e2ed95bcfe0aaee3585475","cnt_retweet":"1","publish_time":"20210206053939","page_action_type":"08","cnt_agree":"1","topic_guid":"b467f5a8a2436fb26f5ef0a19c519c13","userid":"WillZhou888","cnt_comment":"1","content":"@5K5a0j28SjBgAsU @VOAChinese 美国通过美元,华尔街各大银行结算系统和大宗商品如石油,黄金,铜定价等,控制用美元贸易的任何人.而中国反其道行之,由中国央行发行主权数字人民币,资金游离出银行和银行间结算系统.在全世界任何地方下载人民币数字钱包就可交易-资金交易和汇兑成本极低-其安全性由政府主权背书承担风险,是颠覆性金融创新","url":"https://twitter.com/WillZhou888/status/1357806115916947457","username":"WillZhou"},{"relevant_topic_guid":"b467f5a8a2436fb26f5ef0a19c519c13","cnt_retweet":"1","publish_time":"20210206055917","page_action_type":"08","cnt_agree":"0","topic_guid":"81ac80d204400970570baee838e602a9","userid":"WillZhou888","cnt_comment":"2","content":"@5K5a0j28SjBgAsU @VOAChinese 现在中国正在国内逐步稳步推出,希望是慢慢推进实现,同时测试风险和美国的反应.中国还是顾虑美国的美元霸权,希望采取农村包围城市,温水煮青蛙玩法,慢慢推进,怕一下子刺激美国的神经痛点,如此则欲速不达.可预见数字人民币推出后,海外近5000万华裔,东南亚各国,一路一带各国和中国贸易前十的各国将会使用","url":"https://twitter.com/WillZhou888/status/1357811055863369729","username":"WillZhou"},{"relevant_topic_guid":"daffae7dc8497db9381c7f19ba010ed2","cnt_retweet":"0","publish_time":"20210205211554","page_action_type":"08","cnt_agree":"0","topic_guid":"c313a013d47749add4fff71ed84870a5","userid":"YAO12145531","cnt_comment":"0","content":"@caijingxiang 心痛啊。。。。尤其昨天您的一个财经信息，说数字人民币要挑战美元，而且背后大股东是沼泽地大鳄！！！","url":"https://twitter.com/YAO12145531/status/1357679343988785155","username":"米小乐"},{"relevant_topic_guid":"0a899d7431f06335965624c47db78c40","cnt_retweet":"0","publish_time":"20210206105820","page_action_type":"07","cnt_agree":"0","topic_guid":"0a899d7431f06335965624c47db78c40","userid":"YaYa44243278","cnt_comment":"0","content":"2/5/2021路德时评（路博艾冠谈）：美SWIFT联手中共央行清算总中心成立新合资公司运作数字人民币，SWIFT被中共攻陷？川普发布声明关于福... https://t.co/k71u6NpN08 來自 @YouTube","url":"https://twitter.com/YaYa44243278/status/1357886314205466625","username":"YaYa"},{"relevant_topic_guid":"eccf966b8ee46572e0bd87a3027e546a","cnt_retweet":"0","publish_time":"20210206101710","page_action_type":"07","cnt_agree":"0","topic_guid":"eccf966b8ee46572e0bd87a3027e546a","userid":"yuezhu16","cnt_comment":"0","content":"2/5/2021路德时评（路博艾冠谈）：美SWIFT联手中共央行清算总中心成立新合资公司运作数字人民币，SWIFT被中共攻陷？FOX最受欢迎节目... https://t.co/DwFypB9ql7 来自 @YouTube","url":"https://twitter.com/yuezhu16/status/1357875954262097922","username":"Layla"},{"relevant_topic_guid":"2ad8d7c541b149fb8411bc15e143dcba","cnt_retweet":"8","publish_time":"20210206101844","page_action_type":"07","cnt_agree":"16","topic_guid":"2ad8d7c541b149fb8411bc15e143dcba","userid":"Z2URWdBo4DnaTWl","cnt_comment":"0","content":"2/5/2021路德时评（路博艾冠谈）：美SWIFT联手中共央行清算总中心成立新合资公司运作数字人民币，SWIFT被中共攻陷？FOX最受欢迎节目... 蚁评：中共蓝金黄卷土重来，拜登政府如不作为，拱手相让的就是美国经济的命脉：美元体系沦陷！https://t.co/kUYTUaMoot 來自 @YouTube","url":"https://twitter.com/Z2URWdBo4DnaTWl/status/1357876350107979778","username":"小螞蟻 *（老號被封）"},{"relevant_topic_guid":"d55c5723785c0b5cb4df096fe60e9305","cnt_retweet":"0","publish_time":"20210206095557","page_action_type":"07","cnt_agree":"2","topic_guid":"d55c5723785c0b5cb4df096fe60e9305","userid":"ccpdown64wz","cnt_comment":"0","content":"2/5/2021路德时评（路博艾冠谈）：美SWIFT联手中共央行清算总中心成立新合资公司运作数字人民币，SWIFT被中共攻陷？FOX最受欢迎节目... https://t.co/W59U3D1yHX 来自 @YouTube","url":"https://twitter.com/ccpdown64wz/status/1357870615538110464","username":"文喆"},{"relevant_topic_guid":"7aae9a7b17a0978ab9cffec2f2130160","cnt_retweet":"0","publish_time":"20210206101602","page_action_type":"07","cnt_agree":"0","topic_guid":"7aae9a7b17a0978ab9cffec2f2130160","userid":"QinHui35639225","cnt_comment":"0","content":"2/5/2021路德时评（路博艾冠谈）：美SWIFT联手中共央行清算总中心成立新合资公司运作数字人民币，SWIFT被中共攻陷？FOX最受欢迎节目... https://t.co/hTgtQuMyFe via @YouTube","url":"https://twitter.com/QinHui35639225/status/1357875671708631042","username":"Qin Hui"},{"relevant_topic_guid":"b551eb3145f23f38ee60e850aea7a4f4","cnt_retweet":"1","publish_time":"20210206094554","page_action_type":"07","cnt_agree":"5","topic_guid":"b551eb3145f23f38ee60e850aea7a4f4","userid":"KOCCP2","cnt_comment":"0","content":"2/5/2021路德时评（路博艾冠谈）：美SWIFT联手中共央行清算总中心成立新合资公司运作数字人民币，SWIFT被中共攻陷？FOX最受欢迎节目... https://t.co/DjFXPqzTLn 来自 @YouTube","url":"https://twitter.com/KOCCP2/status/1357868085726695424","username":"KOCCP"},{"relevant_topic_guid":"33d20a7dd3505888c02376ba3f968891","cnt_retweet":"9","publish_time":"20210206100738","page_action_type":"07","cnt_agree":"11","topic_guid":"33d20a7dd3505888c02376ba3f968891","userid":"wa_cao","cnt_comment":"0","content":"2/5/2021路德时评（路博艾冠谈）：美SWIFT联手中共央行清算总中心成立新合资公司运作数字人民币，SWIFT被中共攻陷？FOX最受欢迎节目... https://t.co/FBZtxk7JWw 來自 @YouTube","url":"https://twitter.com/wa_cao/status/1357873554490945543","username":"南粵"},{"relevant_topic_guid":"692706b86803ef0c0a176dbe5cfa3fba","cnt_retweet":"3","publish_time":"20210206094801","page_action_type":"07","cnt_agree":"7","topic_guid":"692706b86803ef0c0a176dbe5cfa3fba","userid":"drmikejhma","cnt_comment":"0","content":"2/5/2021路德时评（路博艾冠谈）：美SWIFT联手中共央行清算总中心成立新合资公司运作数字人民币，SWIFT被中共攻陷？FOX最受欢迎节目... https://t.co/Y6dEAMPogh 来自 @YouTube","url":"https://twitter.com/drmikejhma/status/1357868617589682178","username":"drmikejhma"},{"relevant_topic_guid":"d8e626e26fba9dba38da7432ff24cd42","cnt_retweet":"0","publish_time":"20210206095344","page_action_type":"07","cnt_agree":"0","topic_guid":"d8e626e26fba9dba38da7432ff24cd42","userid":"g9j_po","cnt_comment":"0","content":"2/5/2021路德时评（路博艾冠谈）：美SWIFT联手中共央行清算总中心成立新合资公司运作数字人民币，SWIFT被中共攻陷？FOX最受欢迎节目... https://t.co/cmH4CprXZI 来自 @YouTube","url":"https://twitter.com/g9j_po/status/1357870059746598913","username":"kaikai"},{"relevant_topic_guid":"4af1bbb78a04682dade68391474a5ef5","cnt_retweet":"2","publish_time":"20210206094400","page_action_type":"07","cnt_agree":"2","topic_guid":"4af1bbb78a04682dade68391474a5ef5","userid":"ajk5888","cnt_comment":"0","content":"2/5/2021路德时评（路博艾冠谈）：美SWIFT联手中共央行清算总中心成立新合资公司运作数字人民币，SWIFT被中共攻陷？FOX最受欢迎节目... https://t.co/yMHwUzANNn via @YouTube","url":"https://twitter.com/ajk5888/status/1357867606842122242","username":"文七Mr.7"},{"relevant_topic_guid":"0172610a3c0c654ea55066afa1aea5b1","cnt_retweet":"1","publish_time":"20210206093725","page_action_type":"07","cnt_agree":"1","topic_guid":"0172610a3c0c654ea55066afa1aea5b1","userid":"EOXO9zCujKpSmCv","cnt_comment":"0","content":"2/5/2021路德时评（路博艾冠谈）：美SWIFT联手中共央行清算总中心成立新合资公司运作数字人民币，SWIFT被中共攻陷？FOX最受欢迎节目... https://t.co/nLW6d1hDNX 來自 @YouTube","url":"https://twitter.com/EOXO9zCujKpSmCv/status/1357865952616976384","username":"小蚂蚁1028"},{"relevant_topic_guid":"6888ab3a24e3b9fd0889962f4d966e53","cnt_retweet":"1","publish_time":"20210206093812","page_action_type":"07","cnt_agree":"5","topic_guid":"6888ab3a24e3b9fd0889962f4d966e53","userid":"why13927808","cnt_comment":"0","content":"2/5/2021路德时评（路博艾冠谈）：美SWIFT联手中共央行清算总中心成立新合资公司运作数字人民币，SWIFT被中共攻陷？FOX最受欢迎节目鲁道布斯被取消意味着什么？https://t.co/9SgHS0U9Sd","url":"https://twitter.com/why13927808/status/1357866149791191041","username":"Mockingjay"},{"relevant_topic_guid":"4192ded8bd1a2b446b9ff118d192d36d","cnt_retweet":"0","publish_time":"20210206093518","page_action_type":"07","cnt_agree":"0","topic_guid":"4192ded8bd1a2b446b9ff118d192d36d","userid":"sfspdp2","cnt_comment":"0","content":"2/5/2021路德时评（路博艾冠谈）：美SWIFT联手中共央行清算总中心成立新合资公司运作数字人民币，SWIFT被中共攻陷？FOX最受欢迎节目... https://t.co/b1sqOKkmh3 来自 @YouTube","url":"https://twitter.com/sfspdp2/status/1357865421060280320","username":"sfspdp2"},{"relevant_topic_guid":"452547bdebf50438dafe0191013b4dc0","cnt_retweet":"2","publish_time":"20210206093955","page_action_type":"07","cnt_agree":"13","topic_guid":"452547bdebf50438dafe0191013b4dc0","userid":"Everlas47265111","cnt_comment":"0","content":"2/5/2021路德时评（路博艾冠谈）：美SWIFT联手中共央行清算总中心成立新合资公司运作数字人民币，SWIFT被中共攻陷？FOX最受欢迎节目... https://t.co/ABGbUvfKKs via @YouTube https://t.co/TzV22yFFug","url":"https://twitter.com/Everlas47265111/status/1357866582731493377","username":"StevenHu"},{"relevant_topic_guid":"898651592a2fd3ffcdca191ee73c3d97","cnt_retweet":"3","publish_time":"20210206094808","page_action_type":"07","cnt_agree":"8","topic_guid":"898651592a2fd3ffcdca191ee73c3d97","userid":"li16620344","cnt_comment":"0","content":"2/5/2021路德时评（路博艾冠谈）：美SWIFT联手中共央行清算总中心成立新合资公司运作数字人民币，SWIFT被中共攻陷？FOX最受欢迎节目... https://t.co/v0CoQ6DcbV 来自 @YouTube","url":"https://twitter.com/li16620344/status/1357868649793507332","username":"雷鸣（雅典娜圣斗士）"},{"relevant_topic_guid":"ec3909b562b0d9f557c9e0d430626b24","cnt_retweet":"1","publish_time":"20210206094304","page_action_type":"07","cnt_agree":"1","topic_guid":"ec3909b562b0d9f557c9e0d430626b24","userid":"savi525","cnt_comment":"0","content":"2/5/2021路德时评（路博艾冠谈）：美SWIFT联手中共央行清算总中心成立新合资公司运作数字人民币，SWIFT被中共攻陷？FOX最受欢迎节目... https://t.co/yD4C54j195 来自 @YouTube","url":"https://twitter.com/savi525/status/1357867372703547396","username":"Savi525"},{"relevant_topic_guid":"0b1a30223964bf9ef03cf56f7611b9c1","cnt_retweet":"15","publish_time":"20210206093444","page_action_type":"07","cnt_agree":"20","topic_guid":"0b1a30223964bf9ef03cf56f7611b9c1","userid":"paulinenewlife","cnt_comment":"0","content":"2/5/2021路德时评（路博艾冠谈）：美SWIFT联手中共央行清算总中心成立新合资公司运作数字人民币，SWIFT被中共攻陷？FOX最受欢迎节目... https://t.co/W958yF39mk 来自 @YouTube","url":"https://twitter.com/paulinenewlife/status/1357865276910366720","username":"Blackbird黑鸟"},{"relevant_topic_guid":"88c77a6833265887375b666c3a598e04","cnt_retweet":"0","publish_time":"20210206094443","page_action_type":"07","cnt_agree":"0","topic_guid":"88c77a6833265887375b666c3a598e04","userid":"Nathan5899","cnt_comment":"0","content":"2/5/2021路德时评（路博艾冠谈）：美SWIFT联手中共央行清算总中心成立新合资公司运作数字人民币，SWIFT被中共攻陷？FOX最受欢迎节目... https://t.co/vqzCt3GJ7k 来自 @YouTube","url":"https://twitter.com/Nathan5899/status/1357867789436993542","username":"我爱星条旗"},{"relevant_topic_guid":"7304583365791546f4056c50a7d04540","cnt_retweet":"0","publish_time":"20210206093408","page_action_type":"07","cnt_agree":"0","topic_guid":"7304583365791546f4056c50a7d04540","userid":"udd0tNMrsRdkR3G","cnt_comment":"0","content":"2/5/2021路德时评（路博艾冠谈）：美SWIFT联手央行清算总中心成立新合资公司运作数字人民币，SWIFT被中共攻陷？ https://t.co/VvV8XhJ6j9 via @YouTube","url":"https://twitter.com/udd0tNMrsRdkR3G/status/1357865123478712325","username":"卢克"},{"relevant_topic_guid":"59eff080e2eeb30becf382180f398480","cnt_retweet":"0","publish_time":"20210206093711","page_action_type":"07","cnt_agree":"0","topic_guid":"59eff080e2eeb30becf382180f398480","userid":"l8AkLwNtkYccyUz","cnt_comment":"0","content":"2/5/2021路德时评（路博艾冠谈）：美SWIFT联手中共央行清算总中心成立新合资公司运作数字人民币，SWIFT被中共攻陷？FOX最受欢迎节目... https://t.co/yCqGLWkt9H 来自 @YouTube","url":"https://twitter.com/l8AkLwNtkYccyUz/status/1357865894924357634","username":"阿强 john"},{"relevant_topic_guid":"5de3d21c02d9da9f949d885ad0dfefe8","cnt_retweet":"0","publish_time":"20210206093356","page_action_type":"07","cnt_agree":"1","topic_guid":"5de3d21c02d9da9f949d885ad0dfefe8","userid":"xugF9cYXmbpK8hw","cnt_comment":"0","content":"2/5/2021路德时评（路博艾冠谈）：美SWIFT联手中共央行清算总中心成立新合资公司运作数字人民币，SWIFT被中共攻陷？FOX最受欢迎节目... https://t.co/O69GDjdJ2C 来自 @YouTube","url":"https://twitter.com/xugF9cYXmbpK8hw/status/1357865073251786757","username":"一切都是刚刚开始 一切都已经开始"},{"relevant_topic_guid":"f0dc5649dc5a7ef3731f699ebfb7e88a","cnt_retweet":"0","publish_time":"20210206093229","page_action_type":"07","cnt_agree":"0","topic_guid":"f0dc5649dc5a7ef3731f699ebfb7e88a","userid":"hundrad3","cnt_comment":"0","content":"2/5/2021路德时评（路博艾冠谈）：美SWIFT联手央行清算总中心成立新合资公司运作数字人民币，SWIFT被中共攻陷？ https://t.co/3d3cEbAWdn 来自 @YouTube","url":"https://twitter.com/hundrad3/status/1357864710851358720","username":"Green"},{"relevant_topic_guid":"4f0775a96b82c249a79a7bccddb7e76a","cnt_retweet":"14","publish_time":"20210206093218","page_action_type":"07","cnt_agree":"28","topic_guid":"4f0775a96b82c249a79a7bccddb7e76a","userid":"tonykangma","cnt_comment":"0","content":"2/5/2021路德时评（路博艾冠谈）：美SWIFT联手央行清算总中心成立新合资公司运作数字人民币，SWIFT被中共攻陷？ https://t.co/6HN1BxBIUZ via @YouTube","url":"https://twitter.com/tonykangma/status/1357864665200558081","username":"Tony Ma"},{"relevant_topic_guid":"c8b3670d256378bbfed449e655287cbe","cnt_retweet":"0","publish_time":"20210206093123","page_action_type":"07","cnt_agree":"0","topic_guid":"c8b3670d256378bbfed449e655287cbe","userid":"GilesJeremy3","cnt_comment":"0","content":"2/5/2021路德时评（路博艾冠谈）：美SWIFT联手央行清算总中心成立新合资公司运作数字人民币，SWIFT被中共攻陷？ https://t.co/TKCJhKmYmn 來自 @YouTube","url":"https://twitter.com/GilesJeremy3/status/1357864431460339712","username":"Giles Jeremy"},{"relevant_topic_guid":"1db30cf6df12005692e187458ad03d52","cnt_retweet":"0","publish_time":"20210206093047","page_action_type":"07","cnt_agree":"0","topic_guid":"1db30cf6df12005692e187458ad03d52","userid":"yl9991","cnt_comment":"0","content":"2/5/2021路德时评（路博艾冠谈）：美SWIFT联手央行清算总中心成立新合资公司运作数字人民币，SWIFT被中共攻陷？ https://t.co/QeA0Vw7wqC via @YouTube","url":"https://twitter.com/yl9991/status/1357864280641650691","username":"荷塘月色 Yuky"},{"relevant_topic_guid":"b20d75f05b0d036f6e9b020741467d65","cnt_retweet":"1","publish_time":"20210206093050","page_action_type":"07","cnt_agree":"5","topic_guid":"b20d75f05b0d036f6e9b020741467d65","userid":"KilometersC","cnt_comment":"0","content":"2/5/2021路德时评（路博艾冠谈）：美SWIFT联手央行清算总中心成立新合资公司运作数字人民币，SWIFT被中共攻陷？ https://t.co/9XGYUOULPd 来自 @YouTube","url":"https://twitter.com/KilometersC/status/1357864293782327296","username":"Ice Cool"},{"relevant_topic_guid":"44a9eec57100a1ba883bce4f780cee8f","cnt_retweet":"0","publish_time":"20210206092827","page_action_type":"07","cnt_agree":"0","topic_guid":"44a9eec57100a1ba883bce4f780cee8f","userid":"Rq7q2IfYPhg9SkZ","cnt_comment":"0","content":"2/5/2021路德时评（路博艾冠谈）：美SWIFT联手央行清算总中心成立新合资公司运作数字人民币，SWIFT被中共攻陷？ https://t.co/BxBszwA67f 来自 @YouTube","url":"https://twitter.com/Rq7q2IfYPhg9SkZ/status/1357863695968182272","username":"盗国贼王岐山孟建柱4"},{"relevant_topic_guid":"32f308f7f7f2e6f20da8cc8e14db458c","cnt_retweet":"0","publish_time":"20210206092920","page_action_type":"07","cnt_agree":"0","topic_guid":"32f308f7f7f2e6f20da8cc8e14db458c","userid":"emi90654928","cnt_comment":"0","content":"2/5/2021路德时评（路博艾冠谈）：美SWIFT联手央行清算总中心成立新合资公司运作数字人民币，SWIFT被中共攻陷？ https://t.co/K1XDzWKasF via @YouTube","url":"https://twitter.com/emi90654928/status/1357863915883909123","username":"xiaoduoka(英喜小芽菜2）"},{"relevant_topic_guid":"4cd76ca7a863350d558c69f11c00cf04","cnt_retweet":"1","publish_time":"20210206092910","page_action_type":"07","cnt_agree":"3","topic_guid":"4cd76ca7a863350d558c69f11c00cf04","userid":"VaneJuanIl1","cnt_comment":"0","content":"2/5/2021路德时评（路博艾冠谈）：美SWIFT联手央行清算总中心成立新合资公司运作数字人民币，SWIFT被中共攻陷？ https://t.co/7XCs6Ch1xI 來自 @YouTube","url":"https://twitter.com/VaneJuanIl1/status/1357863877640409089","username":"Vane Juan ** II"},{"relevant_topic_guid":"25619eb4aa4dbaff59c9deef33fe2ad5","cnt_retweet":"0","publish_time":"20210208103059","page_action_type":"07","cnt_agree":"8","topic_guid":"25619eb4aa4dbaff59c9deef33fe2ad5","userid":"luoleiorg","cnt_comment":"4","content":"一台 iPhone 加两个区的AppleID已经不够用了，现在得两台iPhone才行了。装个数字人民币，各种限区分裂。 https://t.co/xkILM2EN80","url":"https://twitter.com/luoleiorg/status/1358604206593110018","username":"罗罗磊磊"},{"relevant_topic_guid":"4b0b21e04d6138813c8ba69d0b9bc1be","cnt_retweet":"1","publish_time":"20210208051833","page_action_type":"07","cnt_agree":"9","topic_guid":"4b0b21e04d6138813c8ba69d0b9bc1be","userid":"RFI_Cn","cnt_comment":"13","content":"官媒：“就地过年”有惊喜！北京迎来1000万元”数字人民币“红包 https://t.co/XJEL3DXCFz https://t.co/urulnpVciY","url":"https://twitter.com/RFI_Cn/status/1358525581629874177","username":"RFI 华语 - 法国国际广播电台"},{"relevant_topic_guid":"679cab6801a82e1be2da96749aa43f6b","cnt_retweet":"0","publish_time":"20210208143629","page_action_type":"07","cnt_agree":"2","topic_guid":"679cab6801a82e1be2da96749aa43f6b","userid":"dadaotuite","cnt_comment":"0","content":"北京政府用红包做诱饵，推行数字人民币。深圳、河北限制百姓使用现金，大额存取款将导致资金被冻结。数字货币全国化提上日程，现金被取消，数字粮票已经来... https://t.co/zT7vKO72Vm","url":"https://twitter.com/dadaotuite/status/1358665990351908865","username":"澹臺曌龑**"},{"relevant_topic_guid":"55135c6078dc8ed933f80a2d891fc1c3","cnt_retweet":"0","publish_time":"20210207202818","page_action_type":"07","cnt_agree":"0","topic_guid":"55135c6078dc8ed933f80a2d891fc1c3","userid":"mY3WJueYji9ftBU","cnt_comment":"0","content":"2/5/2021路德时评（路博艾冠谈）：美SWIFT联手中共央行清算总中心成立新合资公司运作数字人民币，SWIFT被中共攻陷？川普发布声明关于福... https://t.co/H7vIUynxsf 来自 @YouTube #路德社 #爆料革命 #新中国联邦 #中国共产党 #闫丽梦","url":"https://twitter.com/mY3WJueYji9ftBU/status/1358392139575533568","username":"知覚源頭"},{"relevant_topic_guid":"afa307babccf628bb835d3372ff6df0c","cnt_retweet":"0","publish_time":"20210208124511","page_action_type":"07","cnt_agree":"0","topic_guid":"afa307babccf628bb835d3372ff6df0c","userid":"ChainNewscom","cnt_comment":"0","content":"【数字人民币「硬件钱包」在雄安亮相】链闻消息，在雄安新区党工委管委会、中国人民银行石家庄中心支行的推动下，中国农业银行河北雄安分行完成首款数字人民币「硬件钱包」的研发投产。数字人民币「硬件钱包」在雄安新区成功亮相，这是雄安新…… https://t.co/bWawmsD2P5","url":"https://twitter.com/ChainNewscom/status/1358637980701892608","username":"链闻 ChainNews"},{"relevant_topic_guid":"aeec3e63bd8ca87e2f32600e9b73860a","cnt_retweet":"0","publish_time":"20210207205855","page_action_type":"07","cnt_agree":"0","topic_guid":"aeec3e63bd8ca87e2f32600e9b73860a","userid":"bcS20920725","cnt_comment":"0","content":"2/5/2021路德时评（路博艾冠谈）：美SWIFT联手中共央行清算总中心成立新合资公司运作数字人民币，SWIFT被中共攻陷？川普发布声明关于福... https://t.co/zSXqx7se0t 来自 @YouTube#CCP#SWIFT #America#Europe#Asia#LudeMedia #XiJinPing#爆料革命 https://t.co/nE07lKqL1U","url":"https://twitter.com/bcS20920725/status/1358399846248513539","username":"bc.S"},{"relevant_topic_guid":"325112c789bc108daa37bd1b9633642b","cnt_retweet":"1","publish_time":"20210208065008","page_action_type":"07","cnt_agree":"1","topic_guid":"325112c789bc108daa37bd1b9633642b","userid":"Z_Rui82","cnt_comment":"0","content":"北京政府用红包做诱饵，推行数字人民币。深圳、河北限制百姓使用现金，大额存取款将导致资金被冻结。数字货币全国化提上日程，现金被取消，数字粮票已经来... https://t.co/sdr7GFGJKG 来自 @YouTube","url":"https://twitter.com/Z_Rui82/status/1358548628105666560","username":"紫结"},{"relevant_topic_guid":"d00961f020c078c14d82be070b6b08a0","cnt_retweet":"49","publish_time":"20210207220058","page_action_type":"07","cnt_agree":"104","topic_guid":"d00961f020c078c14d82be070b6b08a0","userid":"caijingxiang","cnt_comment":"18","content":"【财经播报】中共全面大推广2021年数字人民币新纪元  数字人民币与黄金开始挂钩 https://t.co/2PFsjsgwmv","url":"https://twitter.com/caijingxiang/status/1358415458391584770","username":"财经真相"},{"relevant_topic_guid":"869bae36778e742c0ac6d1bcb1f7d713","cnt_retweet":"0","publish_time":"20210207162338","page_action_type":"07","cnt_agree":"0","topic_guid":"869bae36778e742c0ac6d1bcb1f7d713","userid":"chiharu0128","cnt_comment":"0","content":"デジタル人民元が当たるキャンペーン、応募完了！当たりますように〜**#デジタル人民元 #数字人民币 https://t.co/9lnRBOH7Dy","url":"https://twitter.com/chiharu0128/status/1358330565410189315","username":"梶並千春 | アジアで学ぶ"},{"relevant_topic_guid":"30aa21d006ec8b6b307af1b952693d6a","cnt_retweet":"0","publish_time":"20210207175613","page_action_type":"07","cnt_agree":"0","topic_guid":"30aa21d006ec8b6b307af1b952693d6a","userid":"hermesstrategy","cnt_comment":"0","content":"北京启动数字人民币试点活动 发放5万份数字人民币红包 https://t.co/48pYPSVFKI","url":"https://twitter.com/hermesstrategy/status/1358353866320990210","username":"Hermes strategygroup"},{"relevant_topic_guid":"c85dcee8346f09831ceed67741e99f8e","cnt_retweet":"0","publish_time":"20210207185631","page_action_type":"07","cnt_agree":"0","topic_guid":"c85dcee8346f09831ceed67741e99f8e","userid":"guki2020","cnt_comment":"0","content":"数字人民币 https://t.co/YKnUOw4DY3","url":"https://twitter.com/guki2020/status/1358369043137191936","username":"凤梨盆地"},{"relevant_topic_guid":"df928015448fea8428cea5d8f2bcce38","cnt_retweet":"0","publish_time":"20210207154113","page_action_type":"07","cnt_agree":"1","topic_guid":"df928015448fea8428cea5d8f2bcce38","userid":"jaycybird","cnt_comment":"0","content":"看各地就地过年的政策，也不知道北京市政府脸上挂的住不，全国最严格的防疫政策，唯一低风险到低风险强制核酸证明，但给的激励呢，20g本地流量还不是全月的，数字人民币礼包一共5w份，弄个补贴还是家政人员专享。一副爱留不留，不留就交核酸报告的硬气","url":"https://twitter.com/jaycybird/status/1358319892697665536","username":"jaycybird"},{"relevant_topic_guid":"17419a51e82f8fc7cf390e5a29a4867a","cnt_retweet":"0","publish_time":"20210207151311","page_action_type":"07","cnt_agree":"0","topic_guid":"17419a51e82f8fc7cf390e5a29a4867a","userid":"bihai_finance","cnt_comment":"0","content":"北京将发放1000万 #数字人民币 红包！今明两日预约抽签资格  https://t.co/W2XOAUIUNi https://t.co/bDXYYv2a5j","url":"https://twitter.com/bihai_finance/status/1358312838461149184","username":"China NFT Studio"},{"relevant_topic_guid":"63ca66695077a908f83cafdabf90d165","cnt_retweet":"0","publish_time":"20210207161312","page_action_type":"07","cnt_agree":"0","topic_guid":"63ca66695077a908f83cafdabf90d165","userid":"Yanfreak","cnt_comment":"0","content":"我姐收到了“数字人民币”的相关短信……","url":"https://twitter.com/Yanfreak/status/1358327942460284928","username":"Yan"},{"relevant_topic_guid":"d93034e0ac0f7e34c2d028d4efc78a60","cnt_retweet":"0","publish_time":"20210206103256","page_action_type":"08","cnt_agree":"1","topic_guid":"5878f7835402130287358ea63c6a1d76","userid":"24caijing","cnt_comment":"0","content":"这是SWIFT首次与中国支付清算机构共同成立合资公司,在不少业内人士看来,新公司的设立是在为数字人民币跨境应用以及未来的人民币国际化做准备,(券商中国),","url":"https://twitter.com/24caijing/status/1357879923986190337","username":"24小时财经新闻"},{"relevant_topic_guid":"6d61f6ffae8249c5c8c72cea28bcf3b9","cnt_retweet":"0","publish_time":"20210205214208","page_action_type":"07","cnt_agree":"4","topic_guid":"6d61f6ffae8249c5c8c72cea28bcf3b9","userid":"MingJingNews","cnt_comment":"1","content":"数字人民币成监控新招，专家：中共让你有钱不能花；拜登：直面中国的行为，顶回中国的攻击；小拜登4月出回忆录：酗.酒与吸.毒；林郑急立功，强推立法逼区议员效忠丨全球新闻（20210205-2） https://t.co/CdqeXuFT2o https://t.co/C1FrR8QgCu","url":"https://twitter.com/MingJingNews/status/1357685944283926533","username":"明鏡新聞網"},{"relevant_topic_guid":"a0b404c94365b6f1dcfd148395730a56","cnt_retweet":"0","publish_time":"20210206044103","page_action_type":"07","cnt_agree":"0","topic_guid":"a0b404c94365b6f1dcfd148395730a56","userid":"cultural_garden","cnt_comment":"0","content":"中共中纪委与央行就数字人民币合作 监控或扩至党外 https://t.co/WAxMgRFLiV 来自 @歐洲希望之声","url":"https://twitter.com/cultural_garden/status/1357791367481729024","username":"文史大观园"},{"relevant_topic_guid":"7e53d9b86a6814622f55c70a2af06665","cnt_retweet":"6","publish_time":"20210205211829","page_action_type":"07","cnt_agree":"8","topic_guid":"7e53d9b86a6814622f55c70a2af06665","userid":"SoundOfHope_SOH","cnt_comment":"0","content":"【中共中纪委与央行就数字人民币合作 监控或扩至党外】中共正在积极开发、测试 #数字人民币 （英文简称DCEP）。美媒今日（2月5日）报导，专家表示， #中共中纪委 也将就数字人民币与中共央行进行合作，以监控党员，并且有可能扩大至更广泛人群。https://t.co/ng56z2DYJw https://t.co/5qhCH9wgp7","url":"https://twitter.com/SoundOfHope_SOH/status/1357679992264658945","username":"希望之聲 - 中國時局"},{"relevant_topic_guid":"295846b5d76da67747da9e3357af94ba","cnt_retweet":"0","publish_time":"20210205211600","page_action_type":"07","cnt_agree":"0","topic_guid":"295846b5d76da67747da9e3357af94ba","userid":"4kH8ctoZqkOjX7K","cnt_comment":"0","content":"中共中纪委与央行就数字人民币合作 监控或扩至党外 https://t.co/mXoXa9fHxY 来自 @SoundofHopeSOH","url":"https://twitter.com/4kH8ctoZqkOjX7K/status/1357679368445677573","username":"竹叶青"},{"relevant_topic_guid":"8c2f8609bf5f6d88df1351fecb2bd4d8","cnt_retweet":"3","publish_time":"20210205213533","page_action_type":"07","cnt_agree":"6","topic_guid":"8c2f8609bf5f6d88df1351fecb2bd4d8","userid":"WallStTV","cnt_comment":"2","content":"数字人民币成监控新招，专家：中共让你有钱不能花；拜登：直面中国的行为，顶回中国的攻击；小拜登4月出回忆录：酗.酒与吸.毒；林郑急立功，强推立法逼区议员效忠丨全球新闻（20210205-2） https://t.co/2drYkU5293 https://t.co/RMBLMRVwlj","url":"https://twitter.com/WallStTV/status/1357684288418762758","username":"華爾街電視 Wall St TV"},{"relevant_topic_guid":"6777e05b3e761b521e56487110c87ea7","cnt_retweet":"0","publish_time":"20210206102650","page_action_type":"07","cnt_agree":"0","topic_guid":"6777e05b3e761b521e56487110c87ea7","userid":"4JmJha0lqXVabgg","cnt_comment":"0","content":"2/5/2021路德时评（路博艾冠谈）：美SWIFT联手中共央行清算总中心成立新合资公司运作数字人民币，SWIFT被中共攻陷？福克斯突然取消曾经... https://t.co/fil0Z4vQvV 来自 @YouTube","url":"https://twitter.com/4JmJha0lqXVabgg/status/1357878389043044354","username":"欧文"},{"relevant_topic_guid":"8c2f8609bf5f6d88df1351fecb2bd4d8","cnt_retweet":"0","publish_time":"20210205224746","page_action_type":"08","cnt_agree":"0","topic_guid":"22d0e6ea3e4b47b67131f56032703022","userid":"JerseyRen","cnt_comment":"0","content":"@WallStTV @MJTVHoPin 对钱的监控，没有比美国更狠的吧。看看英达，背了几十万自己的钱进来，被美国连税带罚搞走了一大半，还威胁要人家坐牢","url":"https://twitter.com/JerseyRen/status/1357702463277723649","username":"* 特约炊事员 *"},{"relevant_topic_guid":"8c2f8609bf5f6d88df1351fecb2bd4d8","cnt_retweet":"0","publish_time":"20210206032807","page_action_type":"08","cnt_agree":"0","topic_guid":"d85bfb59493d14dee61b64b53a91d18f","userid":"yhmanchen","cnt_comment":"0","content":"@WallStTV @MJTVHoPin 他合法报关，一次存入银行并按照要求提供来源，没有任何问题。自己想钻空子，真得不要怪监管","url":"https://twitter.com/yhmanchen/status/1357773012418789376","username":"ysmchen"}]