[{"relevant_topic_guid":"a2883ec67817b9da00a976efe433c8fa","cnt_retweet":"0","publish_time":"20210419203134","page_action_type":"07","cnt_agree":"2","topic_guid":"a2883ec67817b9da00a976efe433c8fa","userid":"WallStTV","cnt_comment":"0","content":"北京政法女官突坠亡；调查结论太惊悚！秘密报告藏十年一夜披露；克里披露会谈内情：紧急处理危机！金融时报社论：反垄断应拿央国企开刀；央行澄清数字人民币无意取代美元；习近平为何急签中欧协定？三步切割刘长乐 https://t.co/m6fYGWxjcl https://t.co/uxa829NmQO","url":"https://twitter.com/WallStTV/status/1384122500133441540","username":"華爾街電視 Wall St TV"},{"relevant_topic_guid":"54aadb834d9683c90aa6c08ae1bbf3f5","cnt_retweet":"0","publish_time":"20210419103643","page_action_type":"07","cnt_agree":"0","topic_guid":"54aadb834d9683c90aa6c08ae1bbf3f5","userid":"ReznovHuang","cnt_comment":"0","content":"这个数字人民币App竟然还是从App Store用兑换码下载的，惊呆 https://t.co/oHqxs6klx0","url":"https://twitter.com/ReznovHuang/status/1383972800587726865","username":"llllIIlIIllll"},{"relevant_topic_guid":"3a9a253afb3ccf0e61ba29e1c47ba650","cnt_retweet":"2","publish_time":"20210419204534","page_action_type":"07","cnt_agree":"4","topic_guid":"3a9a253afb3ccf0e61ba29e1c47ba650","userid":"MingJingNews","cnt_comment":"0","content":"北京政法女官突坠亡；调查结论太惊悚！秘密报告藏十年一夜披露；克里披露会谈内情：紧急处理危机！金融时报社论：反垄断应拿央国企开刀；央行澄清数字人民币无意取代美元；习近平为何急签中欧协定？三步切割刘长乐 https://t.co/lUJ1bNJQg4 https://t.co/87UORvZrC9","url":"https://twitter.com/MingJingNews/status/1384126023659266048","username":"明鏡新聞網"},{"relevant_topic_guid":"20d2a7b681b42a8a1abdd863e54f7488","cnt_retweet":"0","publish_time":"20210421231918","page_action_type":"07","cnt_agree":"7","topic_guid":"20d2a7b681b42a8a1abdd863e54f7488","userid":"Hoyooyoo","cnt_comment":"0","content":"#秋生黄金 #秋生粮食 W底之后，黄金向上的通道已经打开。预计农产品和TIPS一样，会跟着黄金一路前进。黄金1823附近应该会有调整。我的玉米组合里，corn call 已经116%的收益，多半是刚刚开始。烂大街的美元从股市分流到商品，大宗商品暴涨，而中国不得不买，中国经济玩不转了，就会开始数字人民币。","url":"https://twitter.com/Hoyooyoo/status/1384889486237216771","username":"秋生"},{"relevant_topic_guid":"3e1c2210317d87b87fee6e0ff1acb541","cnt_retweet":"0","publish_time":"20210419113726","page_action_type":"07","cnt_agree":"0","topic_guid":"3e1c2210317d87b87fee6e0ff1acb541","userid":"steven_yanghf","cnt_comment":"0","content":"最近在上海普陀区一个小区用于生活支付；从报道看，“”数字人民币”APP应该还没有提交到应用商店，需要现场工作人员帮助安装（应该是安装包）；另，据我实践，现在四大国有商业银行隐藏有数字人民币版块，可以存账上人民币，换数字人民币等值（在工商银行亲测可以）","url":"https://twitter.com/steven_yanghf/status/1383988082106535941","username":"stevenyang.eth"},{"relevant_topic_guid":"fa085ca2682e0d5ac7b0ef9d33d0a437","cnt_retweet":"0","publish_time":"20210419111822","page_action_type":"07","cnt_agree":"0","topic_guid":"fa085ca2682e0d5ac7b0ef9d33d0a437","userid":"molihua_org","cnt_comment":"0","content":"中国扎实推进数字货币探索 央行官员称将扩大数字人民币试点 https://t.co/LbgFpHXeQc","url":"https://twitter.com/molihua_org/status/1383983281406840833","username":"中国茉莉花革命"},{"relevant_topic_guid":"6a035c02fdd0394144f7d80b71b746d8","cnt_retweet":"1","publish_time":"20210419115720","page_action_type":"07","cnt_agree":"2","topic_guid":"6a035c02fdd0394144f7d80b71b746d8","userid":"CausMoney","cnt_comment":"0","content":"中国或将在2022年北京冬奥会上对外国游客进行数字人民币试点https://t.co/oRXeJquLh3 https://t.co/QiSwAtHJgE","url":"https://twitter.com/CausMoney/status/1383993089572827139","username":"加美财经"},{"relevant_topic_guid":"fd57db261803a9608a42604bd5f6bcf3","cnt_retweet":"0","publish_time":"20210419203933","page_action_type":"07","cnt_agree":"0","topic_guid":"fd57db261803a9608a42604bd5f6bcf3","userid":"6dovideo","cnt_comment":"0","content":"北京政法女官突坠亡；调查结论太惊悚！秘密报告藏十年一夜披露；克里披露会谈内情：紧急处理危机！金融时报社论：反垄断应拿央国企开刀；央行澄清数字人民币无意取代美元；习近平为何急签中欧协定？三步切割刘长乐 https://t.co/ItoAb3m4qF","url":"https://twitter.com/6dovideo/status/1384124508315930631","username":"六度视频"},{"relevant_topic_guid":"53d2b4e6ebc976b78159fc80c080daf0","cnt_retweet":"0","publish_time":"20210419103635","page_action_type":"07","cnt_agree":"0","topic_guid":"53d2b4e6ebc976b78159fc80c080daf0","userid":"6doChina","cnt_comment":"0","content":"数字人民币支付亮相博鳌 中国成数字支付领域主要推动者 https://t.co/N3gnXnq6XD","url":"https://twitter.com/6doChina/status/1383972767943446533","username":"六度中国"},{"relevant_topic_guid":"1b65e34def2901b433fc1d0a21b8a82f","cnt_retweet":"2","publish_time":"20210419161516","page_action_type":"07","cnt_agree":"3","topic_guid":"1b65e34def2901b433fc1d0a21b8a82f","userid":"rijingzhongwen","cnt_comment":"4","content":"【链接——中美竞争数字货币】西村博之：围绕央行发行的数字货币，在拜登政权下，出现中美竞争启动的迹象。中国着眼于国内外的数字人民币的利用，进行各种测试。此前一直静观其变的美国也终于坐不住了。这必将对世界各国央行的应对措施产生影响…… https://t.co/w3LMzz8vpX","url":"https://twitter.com/rijingzhongwen/status/1384058001376436224","username":"日经中文网"},{"relevant_topic_guid":"5c3adcc87be4849401e65ba9820d3f73","cnt_retweet":"0","publish_time":"20210419061506","page_action_type":"07","cnt_agree":"0","topic_guid":"5c3adcc87be4849401e65ba9820d3f73","userid":"HiPeoplePeople","cnt_comment":"0","content":"央行副行长李波：数字人民币尚未有具体的推广时间表-新闻中心 - 南海网 https://t.co/HjBoqDXoJz","url":"https://twitter.com/HiPeoplePeople/status/1383906964065849352","username":"HiPeople ©"},{"relevant_topic_guid":"0d9eec4f8c5fcd2050e47fdf1ec39b31","cnt_retweet":"0","publish_time":"20210421115155","page_action_type":"07","cnt_agree":"0","topic_guid":"0d9eec4f8c5fcd2050e47fdf1ec39b31","userid":"tailing70122706","cnt_comment":"0","content":"中国开始为数字人民币降温/强制统一必修课 国际学校大撤退/王剑每日观察/20210420 https://t.co/GQxxcqRpeK via @YouTube","url":"https://twitter.com/tailing70122706/status/1384716503036039168","username":"tai ling"},{"relevant_topic_guid":"47d8baec7e8eb15562c5481218f2dd95","cnt_retweet":"0","publish_time":"20210419074913","page_action_type":"07","cnt_agree":"2","topic_guid":"47d8baec7e8eb15562c5481218f2dd95","userid":"Wally81926033","cnt_comment":"0","content":"因为数字人民币不要利用时的费用，很多商店期待这个新时代货币将普及。#每天写一篇作文#hsk","url":"https://twitter.com/Wally81926033/status/1383930648088367106","username":"Wally@上海"},{"relevant_topic_guid":"6624bfd0ebc4cbd8646cfd4cba3eb1ba","cnt_retweet":"0","publish_time":"20210419102014","page_action_type":"07","cnt_agree":"0","topic_guid":"6624bfd0ebc4cbd8646cfd4cba3eb1ba","userid":"ChainNewscom","cnt_comment":"0","content":"【沪苏将在「五五购物节」支持数字人民币消费满减】链闻消息，据苏州发布，苏州将联动上海协同举办的「五五购物节」中，数字人民币消费将成为活动的主要亮点之一。农业银行苏州分行表示，「目标是景区里的主要商铺都能够覆盖，商户全家便利店…… https://t.co/fj9o8g5Ekn","url":"https://twitter.com/ChainNewscom/status/1383968655201824769","username":"链闻 ChainNews"},{"relevant_topic_guid":"b638abc3108cd4f63ca60e7fe4587c77","cnt_retweet":"0","publish_time":"20210421083252","page_action_type":"07","cnt_agree":"0","topic_guid":"b638abc3108cd4f63ca60e7fe4587c77","userid":"JunTang83149344","cnt_comment":"0","content":"中国开始为数字人民币降温/强制统一必修课 国际学校大撤退/王剑每日观察/20210420 https://t.co/WcJ53RiFtx via @YouTube","url":"https://twitter.com/JunTang83149344/status/1384666408148156420","username":"Jun Tang"},{"relevant_topic_guid":"420cfffc323172b8d338503023c016e7","cnt_retweet":"0","publish_time":"20210420125529","page_action_type":"07","cnt_agree":"0","topic_guid":"420cfffc323172b8d338503023c016e7","userid":"qtchong","cnt_comment":"0","content":"中国央行称将扩大数字人民币试点  https://t.co/MTACCj5CYo via @voachinese","url":"https://twitter.com/qtchong/status/1384370110794584065","username":"Tan Chye Hong"},{"relevant_topic_guid":"a08649c9f5732d998765bd30b076ab9c","cnt_retweet":"6","publish_time":"20210421080618","page_action_type":"07","cnt_agree":"15","topic_guid":"a08649c9f5732d998765bd30b076ab9c","userid":"wongkim728","cnt_comment":"1","content":"中国开始为数字人民币降温/强制统一必修课 国际学校大撤退/王剑每日观察/20210420 https://t.co/J4SKaQECv5 来自 @YouTube","url":"https://twitter.com/wongkim728/status/1384659721655922697","username":"王剑 Wong Kim"},{"relevant_topic_guid":"251cffb5d2b3b54deea08abca21c7676","cnt_retweet":"0","publish_time":"20210420124659","page_action_type":"07","cnt_agree":"0","topic_guid":"251cffb5d2b3b54deea08abca21c7676","userid":"0xzxcom","cnt_comment":"0","content":"关于数字人民币，央行在今年博鳌亚洲论坛上有最新发声！ https://t.co/5KBCx2aoBp","url":"https://twitter.com/0xzxcom/status/1384367970248368131","username":"0x资讯"},{"relevant_topic_guid":"71cce40f8161806989797c0f1dc6de92","cnt_retweet":"0","publish_time":"20210421110622","page_action_type":"07","cnt_agree":"0","topic_guid":"71cce40f8161806989797c0f1dc6de92","userid":"iATzRyZC8KyAxWv","cnt_comment":"0","content":"中国开始为数字人民币降温/强制统一必修课 国际学校大撤退/王剑每日观察/20210420 https://t.co/DToFNlH5e7 来自 @YouTube","url":"https://twitter.com/iATzRyZC8KyAxWv/status/1384705037847474176","username":"无坚不破"},{"relevant_topic_guid":"2ac08d9b4dd1ffd8b5557c5434485987","cnt_retweet":"2","publish_time":"20210421092609","page_action_type":"07","cnt_agree":"11","topic_guid":"2ac08d9b4dd1ffd8b5557c5434485987","userid":"wongkim728","cnt_comment":"2","content":"中国人民银行开始为数字人民币降温，包括人民币国际化的说法都在往回收。本期节目分析其中变化的原因。另外，中国开始向国际学校下手，只要有中国学生，就要开始统一必修课。https://t.co/J4SKaQECv5","url":"https://twitter.com/wongkim728/status/1384679817480708097","username":"王剑 Wong Kim"},{"relevant_topic_guid":"a9edef40cff47a98c121f35eefe060fe","cnt_retweet":"0","publish_time":"20210420122132","page_action_type":"07","cnt_agree":"0","topic_guid":"a9edef40cff47a98c121f35eefe060fe","userid":"molihua_org","cnt_comment":"0","content":"数字人民币不会威胁美元主导地位 https://t.co/LdzDS2tIda","url":"https://twitter.com/molihua_org/status/1384361568419385344","username":"中国茉莉花革命"},{"relevant_topic_guid":"268585e31099d6a53ed831e94e9a322f","cnt_retweet":"0","publish_time":"20210421135155","page_action_type":"07","cnt_agree":"0","topic_guid":"268585e31099d6a53ed831e94e9a322f","userid":"2020ReasonLee","cnt_comment":"0","content":"中国开始为数字人民币降温/强制统一必修课 国际学校大撤退/王剑每日观察/20210420 https://t.co/pM9awJGglh 來自 @YouTube","url":"https://twitter.com/2020ReasonLee/status/1384746699441295360","username":"Reason.Lee"},{"relevant_topic_guid":"eac5ea7fe69349d5ab804057b7dac0e7","cnt_retweet":"1","publish_time":"20210421045136","page_action_type":"07","cnt_agree":"1","topic_guid":"eac5ea7fe69349d5ab804057b7dac0e7","userid":"SoundofHopeSOH","cnt_comment":"2","content":"【数字人民币挑战美元？专家：尚无令人信服的论据】18日，博鳌亚洲论坛副理事长、中共央行前行长 #周小川 在提及 #数字人民币 时称，不应采取某一货币“一统天下”的做法，被外界解读为中共希望透过数字化推进人民币国际化，挑战 #美元 的国际主导地位https://t.co/cN5xasbuZ5 https://t.co/9MFweGj0AG","url":"https://twitter.com/SoundofHopeSOH/status/1384610725872553986","username":"希望之聲國際廣播電台"},{"relevant_topic_guid":"34d63ef1a30dd8144baab5c59c8c80c1","cnt_retweet":"0","publish_time":"20210420071119","page_action_type":"07","cnt_agree":"0","topic_guid":"34d63ef1a30dd8144baab5c59c8c80c1","userid":"0xzxcom","cnt_comment":"0","content":"关于数字人民币，央行最新发声！周小川谈比特币 https://t.co/NLeMkLi8Mg","url":"https://twitter.com/0xzxcom/status/1384283499289448452","username":"0x资讯"},{"relevant_topic_guid":"fdf96a785d2809c3159e6f3b8c6dd19e","cnt_retweet":"0","publish_time":"20210420162821","page_action_type":"07","cnt_agree":"0","topic_guid":"fdf96a785d2809c3159e6f3b8c6dd19e","userid":"hacker3516","cnt_comment":"2","content":"CCP博鳌论坛…数字人民币…一系列的信号…证明对美国的货币战全面开打！！七哥说过…这是货币战之后…最后一个才是火战！只能说…这是倒数第二步…离火战还远吗！！看看虚拟货币的市场！","url":"https://twitter.com/hacker3516/status/1384423680021868544","username":"hacker35"},{"relevant_topic_guid":"b0e85e94beb2bc1416d7ea7ad05163a7","cnt_retweet":"0","publish_time":"20210420170418","page_action_type":"07","cnt_agree":"0","topic_guid":"b0e85e94beb2bc1416d7ea7ad05163a7","userid":"VocZj","cnt_comment":"0","content":"中国央行副行长李波星期日（4月18日）表示，将会继续扩大数字人民币项目试点范围，目前正在考虑更多的场景以及更多的城市来进行试点。他表示，人民币国际化应该是自然而然的过程，目标绝不是要取代美元或其它国际货币，而是让市场来做出选择。https://t.co/VvmlgEHMo8","url":"https://twitter.com/VocZj/status/1384432729719255040","username":"凝视"},{"relevant_topic_guid":"850132de2a8809d2b91ffd83de71d823","cnt_retweet":"0","publish_time":"20210420102833","page_action_type":"07","cnt_agree":"0","topic_guid":"850132de2a8809d2b91ffd83de71d823","userid":"Kav7LxC8LDH1aEd","cnt_comment":"0","content":"中国央行称将扩大数字人民币试点 https://t.co/Evlxxcko2I","url":"https://twitter.com/Kav7LxC8LDH1aEd/status/1384333135156973568","username":"夏思羽"},{"relevant_topic_guid":"e1344b5d8ece9d9e7c302ddc17738f16","cnt_retweet":"1","publish_time":"20210420112045","page_action_type":"07","cnt_agree":"0","topic_guid":"e1344b5d8ece9d9e7c302ddc17738f16","userid":"antony_kingsley","cnt_comment":"0","content":"中国央行称将扩大数字人民币试点  https://t.co/rM0xg9DI5j 来自 @voachinese","url":"https://twitter.com/antony_kingsley/status/1384346270169407490","username":"小小的张麻子（澳喜特战旅）"},{"relevant_topic_guid":"1a651bea026d67f6a0be8eacdc150189","cnt_retweet":"8","publish_time":"20210420131324","page_action_type":"07","cnt_agree":"10","topic_guid":"1a651bea026d67f6a0be8eacdc150189","userid":"HimalayaDC1","cnt_comment":"0","content":"#每日简讯 #daily #NEWS by #楚门门 #布林肯 #地球日 峰会 美日澳 海底电缆 #美国 成年人 接种 #新冠 #疫苗 #中共 #数字人民币#拜登 #疫苗护照 #俄罗斯 起诉 #谷歌 #华为 #孟晚舟#Biden #vaccine #VaccinePassports #Blinken #climate change #CCPChina #Russia sue #Google #Huawei #MengWanzhou https://t.co/BElMXLXqOZ","url":"https://twitter.com/HimalayaDC1/status/1384374619566612483","username":"Himalaya DC Club"},{"relevant_topic_guid":"d854ba11f647214cc6c2eb72a6698311","cnt_retweet":"0","publish_time":"20210420095032","page_action_type":"07","cnt_agree":"0","topic_guid":"d854ba11f647214cc6c2eb72a6698311","userid":"china_com_au","cnt_comment":"0","content":"澳大利亚 – 中国或在北京冬奥期间对外国游客测试数字人民币（图） | 澳洲唐人街 https://t.co/8Y8KZRd24C","url":"https://twitter.com/china_com_au/status/1384323568922619905","username":"澳洲唐人街 - 媒体"},{"relevant_topic_guid":"68c5a7885e001dba038cc5c4fbee5db6","cnt_retweet":"0","publish_time":"20210420110755","page_action_type":"07","cnt_agree":"1","topic_guid":"68c5a7885e001dba038cc5c4fbee5db6","userid":"bornanit","cnt_comment":"0","content":"中国已准许国内和国际银行向中国销售大量黄金。人民币是不会和黄金挂钩的，数字人民币也不是最终目的。数字黄金币才是核武器。恢复黄金的支付功能，数字黄金作为国际货币。各国货币与黄金币汇率市场决定。","url":"https://twitter.com/bornanit/status/1384343040454807559","username":"bornanit"},{"relevant_topic_guid":"179e443a4cef5f79b804fd938b3f4845","cnt_retweet":"0","publish_time":"20210420093848","page_action_type":"07","cnt_agree":"0","topic_guid":"179e443a4cef5f79b804fd938b3f4845","userid":"china_com_au","cnt_comment":"0","content":"澳大利亚 – 中国拟在北京冬奥期间开放数字人民币，让外国游客试用（图） | 澳洲唐人街 https://t.co/oC2Z4mDkMS","url":"https://twitter.com/china_com_au/status/1384320615797063686","username":"澳洲唐人街 - 媒体"},{"relevant_topic_guid":"f9cc6a8dc546fe61ab9026b2c1b4fe89","cnt_retweet":"0","publish_time":"20210420043615","page_action_type":"07","cnt_agree":"0","topic_guid":"f9cc6a8dc546fe61ab9026b2c1b4fe89","userid":"molihua_org","cnt_comment":"0","content":"中国央行称将扩大数字人民币试点 https://t.co/jOwUr0AyqL","url":"https://twitter.com/molihua_org/status/1384244474117722114","username":"中国茉莉花革命"},{"relevant_topic_guid":"2d1993141d68f6adc724f0ae8d8b669a","cnt_retweet":"0","publish_time":"20210420045341","page_action_type":"07","cnt_agree":"0","topic_guid":"2d1993141d68f6adc724f0ae8d8b669a","userid":"fireworkideal","cnt_comment":"0","content":"知情人士透露拜登政府正在加大审查中国的数字人民币计划。这位知情人士说，美国财政部、国务院、五角大楼和国家安全委员会的官员正在加大努力，以了解潜在的影响中国央行称将扩大数字人民币试点  https://t.co/TU2oX4pIWS via @voachinese","url":"https://twitter.com/fireworkideal/status/1384248862135570432","username":"雄样_熊大熊二的灵魂暗夜飛侠"},{"relevant_topic_guid":"cd3d0ea27dfac5d263504129eef071e7","cnt_retweet":"0","publish_time":"20210420091242","page_action_type":"07","cnt_agree":"0","topic_guid":"cd3d0ea27dfac5d263504129eef071e7","userid":"baoliaogemin","cnt_comment":"0","content":"数字人民币，对内，可压榨老百姓劳动力，最大限度调控国家经济；对外，则挑战西方民主阵营建立起的美元结算体系，俗尘“美元霸权”。数字人民币如何发展？比特币如何监管？周小川、李波博鳌论坛重磅发声https://t.co/5PeUfXjFel https://t.co/1KWwRrHt79","url":"https://twitter.com/baoliaogemin/status/1384314045289811971","username":"爆料革命"},{"relevant_topic_guid":"4010cbd768667b6e66b5344b9ce0b46f","cnt_retweet":"0","publish_time":"20210420040948","page_action_type":"07","cnt_agree":"0","topic_guid":"4010cbd768667b6e66b5344b9ce0b46f","userid":"XiaoZhen0537","cnt_comment":"0","content":"新华全媒+|数字人民币，未来的路怎么走？ https://t.co/UJASSghdcJ","url":"https://twitter.com/XiaoZhen0537/status/1384237820005339142","username":"每日头条 - 时事百科抢先看"},{"relevant_topic_guid":"c26151662fcdd72b1a2129882c09a5a3","cnt_retweet":"0","publish_time":"20210420061422","page_action_type":"07","cnt_agree":"1","topic_guid":"c26151662fcdd72b1a2129882c09a5a3","userid":"nychinaren","cnt_comment":"1","content":"《纽约头条》4月19日晚报总检察长将就出书调查科莫谋杀未遂纽约少年被无条件保释新泽西驾照增“X”性别选项参议院本周将通过反仇亚法案直升机在火星实现首飞小布什对与米歇尔友谊引起的反应感到震惊世卫组织反对旅行需提供疫苗接种证明中国央行称将扩大数字人民币试点https://t.co/rlV0x6OpdR https://t.co/2g11yP1Xn8","url":"https://twitter.com/nychinaren/status/1384269168371924998","username":"纽约华人资讯网"},{"relevant_topic_guid":"bf9ccb65e24ae2ec5a18e4326f44023f","cnt_retweet":"230","publish_time":"20210420030426","page_action_type":"07","cnt_agree":"390","topic_guid":"bf9ccb65e24ae2ec5a18e4326f44023f","userid":"QuShuitai","cnt_comment":"21","content":"央行副行长李波：数字人民币的目标不是要取代美元，是让市场来做出选择。什么叫此地无银三百两！https://t.co/UMil3HPtdm","url":"https://twitter.com/QuShuitai/status/1384221366824538115","username":"瞿水台 Qu Shuitai"},{"relevant_topic_guid":"baabfeff3cd98fd86fcf398a6502aa87","cnt_retweet":"0","publish_time":"20210420023603","page_action_type":"07","cnt_agree":"0","topic_guid":"baabfeff3cd98fd86fcf398a6502aa87","userid":"hermesstrategy","cnt_comment":"0","content":"新华全媒+丨在博鳌会场内外感知数字人民币 https://t.co/6c23xQhvdt","url":"https://twitter.com/hermesstrategy/status/1384214227372568576","username":"Hermes strategygroup"},{"relevant_topic_guid":"7eb46046be0dd995c3e37230ae729ff9","cnt_retweet":"0","publish_time":"20210411022349","page_action_type":"07","cnt_agree":"0","topic_guid":"7eb46046be0dd995c3e37230ae729ff9","userid":"LLPreux","cnt_comment":"0","content":"e-CNY: la Chine prend de l\u0027avance sur la monnaie numérique https://t.co/C1cq4quvRD via @koriifr","url":"https://twitter.com/LLPreux/status/1380949655199092737","username":"Louis-Laurent PREUX"},{"relevant_topic_guid":"dcf81605a9420ce0af4c766665e8ec9c","cnt_retweet":"23","publish_time":"20210428045804","page_action_type":"07","cnt_agree":"93","topic_guid":"dcf81605a9420ce0af4c766665e8ec9c","userid":"YCuiARK","cnt_comment":"5","content":"Lots of headlines on digital RMB (or e-CNY), the Chinese CBDC, after Digital China Summit last week.A quick refresh on how digital RMB works and couple  developments to highlight:","url":"https://twitter.com/YCuiARK/status/1387149066476441601","username":"Yulong Cui"},{"relevant_topic_guid":"cd54a67e339bcad59ff45d85403d8824","cnt_retweet":"0","publish_time":"20210410222325","page_action_type":"07","cnt_agree":"0","topic_guid":"cd54a67e339bcad59ff45d85403d8824","userid":"DailyDigital","cnt_comment":"0","content":"*#DigitalWeekEnd e-CNY: la Chine prend de l\u0027avance sur la monnaie numérique via @koriifr (@Slatefr) https://t.co/h7PIz9m9o7 https://t.co/FAvOQXF9bo","url":"https://twitter.com/DailyDigital/status/1380889159095701506","username":"Daily Digital"},{"relevant_topic_guid":"fe1b35b4def87c7771ca7512a8dccda6","cnt_retweet":"0","publish_time":"20210406105531","page_action_type":"08","cnt_agree":"6","topic_guid":"4f4d89ff5827e5d34dc3c1453b32423d","userid":"mattysino","cnt_comment":"2","content":"@nic__carter First two points are flat-out wrong. 1) e-CNY is pseudonymous 2) banks remain at the distribution (intermediary layer). I really only agree with points 4 and 5 which. This is some combination of a very bad or very misleading take.","url":"https://twitter.com/mattysino/status/1379266488914255872","username":"Matthew Graham"},{"relevant_topic_guid":"a727ed04b37789187222517731ff7cb6","cnt_retweet":"0","publish_time":"20210405053525","page_action_type":"08","cnt_agree":"0","topic_guid":"0aa818dbfa8d0c6fbe7b89c67885131c","userid":"ElementIdentity","cnt_comment":"0","content":"If the future of money arrives as rapidly as I think it will, in the form of a widely adopted e-CNY, do not be surprised if all we can offer our kids are Robux.Thanks again to @nfergus. Please support the official release, as it substantiates the excerpts shared here.15/15","url":"https://twitter.com/ElementIdentity/status/1378823544654680064","username":"Identity Element"},{"relevant_topic_guid":"27197d237e84d6d49be5ecf21375bbdd","cnt_retweet":"0","publish_time":"20210326141838","page_action_type":"08","cnt_agree":"0","topic_guid":"ea5df9aa42438b3c1f94326a3be268d5","userid":"mattysino","cnt_comment":"0","content":"@thalamu_ @LennixOkex I agree that crypto stable coins act to decelerate BTC price appreciation but I see no reason why that would extend to e-CNY as well, it’s fundamentally different in almost every aspect","url":"https://twitter.com/mattysino/status/1375331340153876486","username":"Matthew Graham"},{"relevant_topic_guid":"bf1751caac6260ad0ea5c3f39069521d","cnt_retweet":"0","publish_time":"20210324104908","page_action_type":"08","cnt_agree":"0","topic_guid":"30ae073a4b4cca90eeab6e8547a2a7f5","userid":"jamesplloyd","cnt_comment":"0","content":"In parallel, and as previously announced, the HKMA is working with the PBOC on a technical pilot testing of using e-CNY for cross-border retail payments in Hong Kong.","url":"https://twitter.com/jamesplloyd/status/1374553840796585984","username":"James Lloyd"},{"relevant_topic_guid":"f79803b5e4b94ae3297e3ebd90751281","cnt_retweet":"0","publish_time":"20210327162848","page_action_type":"08","cnt_agree":"0","topic_guid":"cf6e21969c2adebab875cce263872d61","userid":"aksh1609","cnt_comment":"1","content":"After Beijing rolls out its digital yuan in 2022, even the e-CNY could gain international acceptance as a means of payment and store of value. Rather than complain then about Chinese incursions in India’s monetary sovereignty, New Delhi should enact a practical crypto law now.","url":"https://twitter.com/aksh1609/status/1375726486926225408","username":"Akshat Sanghvi"},{"relevant_topic_guid":"e46020ef11f40f7715768710474f6ad4","cnt_retweet":"0","publish_time":"20210324230731","page_action_type":"08","cnt_agree":"0","topic_guid":"a71661c4074fe76745dab93678b75ad7","userid":"hanhuihappy","cnt_comment":"0","content":"@CGTNOfficial Better bring  a little  \"E-CNY \" for a trip to Mars!","url":"https://twitter.com/hanhuihappy/status/1374739663919800320","username":"TONY HAN"},{"relevant_topic_guid":"08747357cd2c62580e479c36ebe78690","cnt_retweet":"0","publish_time":"20210324090353","page_action_type":"08","cnt_agree":"0","topic_guid":"78bb93a4563c6551fdfdd66a690d008f","userid":"iang_fc","cnt_comment":"0","content":"@Dimitris Well.  It’s one of very few entrants in the space - the Sand Dollar, the e-CNY, any others?The academics don’t get to define the reality, so what’s a CBDC?","url":"https://twitter.com/iang_fc/status/1374527352948985867","username":"iang"},{"relevant_topic_guid":"72120fb2fa042f0915c2c36ee9088d02","cnt_retweet":"0","publish_time":"20210324080428","page_action_type":"08","cnt_agree":"1","topic_guid":"08747357cd2c62580e479c36ebe78690","userid":"Dimitris","cnt_comment":"2","content":"@iang_fc If I understand this right, e-CNY is not a CBDC, in the sense it is not CB reserves. Instead it is money issued by banks that is 100% backed by CB reserves. It differs from bank deposits because the latter are only fractionally backed.","url":"https://twitter.com/Dimitris/status/1374512403992309767","username":"Dimitris Tsapakidis"},{"relevant_topic_guid":"ce94d9c561bdcdd719ec334482a8fc03","cnt_retweet":"0","publish_time":"20210408023221","page_action_type":"07","cnt_agree":"0","topic_guid":"ce94d9c561bdcdd719ec334482a8fc03","userid":"bonsoirmichel","cnt_comment":"0","content":"e-CNY: la Chine prend de l\u0027avance sur la monnaie numérique https://t.co/4pku55Wq1P via @koriifr","url":"https://twitter.com/bonsoirmichel/status/1379864640553893889","username":"1@bonsoirmichel"},{"relevant_topic_guid":"84d860074d792c451a7eef9812a4ebf2","cnt_retweet":"0","publish_time":"20210407215401","page_action_type":"07","cnt_agree":"1","topic_guid":"84d860074d792c451a7eef9812a4ebf2","userid":"CryptoLogicKey","cnt_comment":"0","content":"Honk Kong is new test bed for China\u0027s e-CNY digital currency #crypto #bitcoin #cryptocurrency #blockchain #btc #ethereum #money #trading #cryptocurrencies #bitcoinnews #cryptotrading #bitcoins #investment #investing #entrepreneur #cryptonews #invest #business #eth #bitcointrading","url":"https://twitter.com/CryptoLogicKey/status/1379794595492605957","username":"The Crypto Logical Order"},{"relevant_topic_guid":"2aa052a210a6abb3f9a3247314af8aa8","cnt_retweet":"0","publish_time":"20210407145747","page_action_type":"07","cnt_agree":"0","topic_guid":"2aa052a210a6abb3f9a3247314af8aa8","userid":"chinafinrisk","cnt_comment":"0","content":"1) Where does one pay for things with e-CNY and what are the advantages of holding them? 2) What are the advantages of DCEP over CIPS and why are either better than SWIFT for cross-border payments? Still a surveillance and counter-sanctions play.  https://t.co/JZJxXuaYwx","url":"https://twitter.com/chinafinrisk/status/1379689846910894080","username":"China FinRisk"},{"relevant_topic_guid":"6b293a510e113cf6610e6ee99d8585ec","cnt_retweet":"2","publish_time":"20210408063316","page_action_type":"07","cnt_agree":"1","topic_guid":"6b293a510e113cf6610e6ee99d8585ec","userid":"DailyDigital","cnt_comment":"0","content":"*#NightReplay e-CNY: la Chine prend de l\u0027avance sur la monnaie numérique via @koriifr (@Slatefr) https://t.co/h7PIz9m9o7 https://t.co/q2rgNFN4Km","url":"https://twitter.com/DailyDigital/status/1379925270304555012","username":"Daily Digital"},{"relevant_topic_guid":"466dc2bab7dd0f08ef1f6a9ede9141c2","cnt_retweet":"0","publish_time":"20210407144717","page_action_type":"07","cnt_agree":"0","topic_guid":"466dc2bab7dd0f08ef1f6a9ede9141c2","userid":"koriifr","cnt_comment":"0","content":"e-CNY: la Chine prend de l\u0027avance sur la monnaie numérique https://t.co/Wks6htVL8u","url":"https://twitter.com/koriifr/status/1379687204734304257","username":"korii."},{"relevant_topic_guid":"f457c834218ff6a031fa446f23fa0980","cnt_retweet":"0","publish_time":"20210407185002","page_action_type":"07","cnt_agree":"2","topic_guid":"f457c834218ff6a031fa446f23fa0980","userid":"EnjoyDigitAll","cnt_comment":"0","content":"(#Cryptomonnaies) La Chine prend de l\u0027avance sur la monnaie numérique avec e-CNY ***v/ @koriifr - https://t.co/PQTVSCbtST https://t.co/oBzPSF3x2Q","url":"https://twitter.com/EnjoyDigitAll/status/1379748296281964547","username":"#EnjoyDigitAll"},{"relevant_topic_guid":"4c8917b543f1635be9e595964ca92a17","cnt_retweet":"2","publish_time":"20210407163059","page_action_type":"07","cnt_agree":"3","topic_guid":"4c8917b543f1635be9e595964ca92a17","userid":"Slatefr","cnt_comment":"0","content":"e-CNY: la Chine prend de l\u0027avance sur la monnaie numérique https://t.co/v6tIDdU1Ug","url":"https://twitter.com/Slatefr/status/1379713300053774337","username":"Slate.fr"},{"relevant_topic_guid":"83f136dff63640239ded5ed0e6d2d7ed","cnt_retweet":"0","publish_time":"20210406200827","page_action_type":"07","cnt_agree":"0","topic_guid":"83f136dff63640239ded5ed0e6d2d7ed","userid":"BTCNews6","cnt_comment":"0","content":"Chicomnews: Digital yuan bonanza continues with cross-border payments: Blockheads #auspol #chinesenews The digital yuan is increasingly going global: A cross-border transaction with Hong Kong was completed last week, and trials for the e-CNY opened in https://t.co/o9okd5u7EY","url":"https://twitter.com/BTCNews6/status/1379405640381046792","username":"My Eyes Are Up Here"},{"relevant_topic_guid":"f878075719faf9f63a6b798e43f5c910","cnt_retweet":"0","publish_time":"20210407142011","page_action_type":"07","cnt_agree":"0","topic_guid":"f878075719faf9f63a6b798e43f5c910","userid":"ve_thou","cnt_comment":"0","content":"e-CNY: la Chine prend de l\u0027avance sur la monnaie numérique | korii. https://t.co/6nSBX4C8ko","url":"https://twitter.com/ve_thou/status/1379680385399947264","username":"doc dino-thou ** à voter"},{"relevant_topic_guid":"941d852a09c732eda6a1a6a99c76f9d7","cnt_retweet":"1","publish_time":"20210407153348","page_action_type":"07","cnt_agree":"0","topic_guid":"941d852a09c732eda6a1a6a99c76f9d7","userid":"DailyDigital","cnt_comment":"0","content":"e-CNY: la Chine prend de l\u0027avance sur la monnaie #numérique via @koriifr (@Slatefr) https://t.co/h7PIz9DKfF https://t.co/XGOylH2nRj","url":"https://twitter.com/DailyDigital/status/1379698910885650433","username":"Daily Digital"},{"relevant_topic_guid":"d6b2d8562915a137071083410af358c5","cnt_retweet":"0","publish_time":"20210401211859","page_action_type":"07","cnt_agree":"0","topic_guid":"d6b2d8562915a137071083410af358c5","userid":"GlobalTechXXI","cnt_comment":"0","content":"China\u0027s central bank says it will consider using e-CNY for cross-border payments when conditions are right - CnTechPost  https://t.co/memCew1M8x","url":"https://twitter.com/GlobalTechXXI/status/1377611451343454210","username":"Giustino Travaglini"},{"relevant_topic_guid":"6ea8ef5750247bda4711d6578b920767","cnt_retweet":"0","publish_time":"20210330003943","page_action_type":"07","cnt_agree":"0","topic_guid":"6ea8ef5750247bda4711d6578b920767","userid":"JunTangBiotech","cnt_comment":"0","content":"Chinese state banks start opening enterprise e-CNY accounts · TechNode https://t.co/fASrBZJ6bz  #BitcoinCash ? How about digital RMB for business :)","url":"https://twitter.com/JunTangBiotech/status/1376574803705016321","username":"Leon Tang"},{"relevant_topic_guid":"4ed9455ba4f892f237e086ad5635e70b","cnt_retweet":"3","publish_time":"20210401210006","page_action_type":"07","cnt_agree":"6","topic_guid":"4ed9455ba4f892f237e086ad5635e70b","userid":"CnTechPost","cnt_comment":"0","content":"China’s central bank says it will consider using e-CNY for cross-border payments when conditions are right https://t.co/GJiqWGpOJP","url":"https://twitter.com/CnTechPost/status/1377606699020869639","username":"CnTechPost"},{"relevant_topic_guid":"1c1508a64a3e9802f8e9c0f4d7b1a132","cnt_retweet":"2","publish_time":"20210407140706","page_action_type":"07","cnt_agree":"1","topic_guid":"1c1508a64a3e9802f8e9c0f4d7b1a132","userid":"Slatefr","cnt_comment":"0","content":"e-CNY: la Chine prend de l\u0027avance sur la monnaie numérique https://t.co/RJHAs223fs","url":"https://twitter.com/Slatefr/status/1379677089691918336","username":"Slate.fr"},{"relevant_topic_guid":"2b51edeb322152ad8ef37ed55fad7502","cnt_retweet":"0","publish_time":"20210406183015","page_action_type":"07","cnt_agree":"0","topic_guid":"2b51edeb322152ad8ef37ed55fad7502","userid":"frantisekjuris","cnt_comment":"0","content":"PBoC Draws Hong Kong Residents Into e-CNY Test https://t.co/rUqFfKbXIZ","url":"https://twitter.com/frantisekjuris/status/1379380928976453633","username":"František Juriš"},{"relevant_topic_guid":"509a13103528645596baf0c0ac64d4a2","cnt_retweet":"0","publish_time":"20210406025445","page_action_type":"07","cnt_agree":"3","topic_guid":"509a13103528645596baf0c0ac64d4a2","userid":"briangobosox","cnt_comment":"3","content":"Can anyone explain to me how moving \"\u0027e-CNY\u0027 from an ATM machine onto a smartphone e-wallet\" for use is any different from simply using a smartphone to make a payment which debits one\u0027s account, as is the current custom in China?https://t.co/X2gNlMmDub","url":"https://twitter.com/briangobosox/status/1379145503435292677","username":"Brian McCarthy"},{"relevant_topic_guid":"70a2b15bc4f367e15ce0bdd361635c08","cnt_retweet":"184","publish_time":"20210404211832","page_action_type":"07","cnt_agree":"742","topic_guid":"70a2b15bc4f367e15ce0bdd361635c08","userid":"nfergus","cnt_comment":"47","content":"The future of money that no one foresaw: Bitcoin, Ethereum, DeFi, DC/EP, and e-CNY. https://t.co/ejADy2vIzl","url":"https://twitter.com/nfergus/status/1378698501068972032","username":"Niall Ferguson"},{"relevant_topic_guid":"792e3a914c682db2064d485718afcf3f","cnt_retweet":"0","publish_time":"20210405024258","page_action_type":"07","cnt_agree":"0","topic_guid":"792e3a914c682db2064d485718afcf3f","userid":"decentony","cnt_comment":"0","content":"Great insight: \"If the future of money arrives as rapidly as I think it will, in the form of a widely adopted e-CNY, do not be surprised if all we can offer our kids are Robux.\"https://t.co/hwVrP6Iw60","url":"https://twitter.com/decentony/status/1378780149601030145","username":"decentony"},{"relevant_topic_guid":"c2d116f4209c433e8ddd51bc8835907d","cnt_retweet":"9","publish_time":"20210405210207","page_action_type":"07","cnt_agree":"4","topic_guid":"c2d116f4209c433e8ddd51bc8835907d","userid":"richardturrin","cnt_comment":"0","content":"People\u0027s interest in China\u0027s #CBDC is in large part due to #BTC. China\u0027s e-CNY is no way driving #BTC prices, fear of US deficit spending is.@psb_dc @efipm @BrettKing@leimer @spirosmargaris @BetaMoroney @jimmarous#fintech #innovation #technology https://t.co/mgfb0myXLr","url":"https://twitter.com/richardturrin/status/1379056757243252738","username":"Richard Turrin"},{"relevant_topic_guid":"9ea2744a127650e7bd4649cc1c8278e0","cnt_retweet":"0","publish_time":"20210329201718","page_action_type":"07","cnt_agree":"0","topic_guid":"9ea2744a127650e7bd4649cc1c8278e0","userid":"GlobalTechXXI","cnt_comment":"0","content":"China\u0027s e-CNY pilot has seen 10 million people participate https://t.co/zz4F6CNTRn via @cntechpost","url":"https://twitter.com/GlobalTechXXI/status/1376508764996706304","username":"Giustino Travaglini"},{"relevant_topic_guid":"04b305c89ead4fc7d4a077cd1be9120d","cnt_retweet":"1","publish_time":"20210329044009","page_action_type":"07","cnt_agree":"5","topic_guid":"04b305c89ead4fc7d4a077cd1be9120d","userid":"jonteviggo","cnt_comment":"1","content":"Two major Chinese state banks in Beijing and Suzhou have started opening up e-CNY merchant and enterprise accounts for businesses.Merchant accounts are a step toward widespread retail use of the new currency.https://t.co/ZNmd0yclrO","url":"https://twitter.com/jonteviggo/status/1376272924026486787","username":"Sommarviggo******"},{"relevant_topic_guid":"20c36b6762c9a5d73f62253be9e4e360","cnt_retweet":"1","publish_time":"20210329201827","page_action_type":"07","cnt_agree":"1","topic_guid":"20c36b6762c9a5d73f62253be9e4e360","userid":"GlobalTechXXI","cnt_comment":"0","content":"China\u0027s central bank official says e-CNY to coexist with Alipay and WeChat Pay https://t.co/wKQ6spod2i via @cntechpost","url":"https://twitter.com/GlobalTechXXI/status/1376509054890217473","username":"Giustino Travaglini"},{"relevant_topic_guid":"8eff2175fd7c43776b5d9e3b6a458d31","cnt_retweet":"0","publish_time":"20210404215256","page_action_type":"07","cnt_agree":"0","topic_guid":"8eff2175fd7c43776b5d9e3b6a458d31","userid":"il10gic","cnt_comment":"0","content":"e-CNY\u0027s threat to dollar is its direct settlement capacity, which bypass the control of dollar entirely.This really has nothing to do with blockchain, or the technology mechanism.Current crypto, such as bitcoin, is not efficient for payment. Digital gold is the new narrative.","url":"https://twitter.com/il10gic/status/1378707157135278080","username":"il10gic"},{"relevant_topic_guid":"9ae39250ed6f9411773d0d8ef245d3c2","cnt_retweet":"3","publish_time":"20210326193743","page_action_type":"07","cnt_agree":"11","topic_guid":"9ae39250ed6f9411773d0d8ef245d3c2","userid":"CnTechPost","cnt_comment":"1","content":"China’s central bank official says e-CNY to coexist with Alipay and WeChat Pay https://t.co/y5ABgT7DTU","url":"https://twitter.com/CnTechPost/status/1375411637843279872","username":"CnTechPost"},{"relevant_topic_guid":"9cf1bb7aba522f90166d5845f0b51338","cnt_retweet":"2","publish_time":"20210329152009","page_action_type":"07","cnt_agree":"14","topic_guid":"9cf1bb7aba522f90166d5845f0b51338","userid":"CnTechPost","cnt_comment":"0","content":"China’s e-CNY pilot has seen 10 million people participate https://t.co/rvJvarEt0q","url":"https://twitter.com/CnTechPost/status/1376433986642309122","username":"CnTechPost"},{"relevant_topic_guid":"904798c22fdbc6a7ce877e335f8bc966","cnt_retweet":"0","publish_time":"20210323182510","page_action_type":"07","cnt_agree":"0","topic_guid":"904798c22fdbc6a7ce877e335f8bc966","userid":"BRASIL_ACABOU","cnt_comment":"0","content":"Os usuários do # China \u0027s e-CNY podem abrir uma carteira # digital anônima registrando um número de telefone celular, e nenhuma operadora de telecomunicações deve divulgar informações sobre clientes ao banco central ou a outras instituições terceirizadas. #eCNY","url":"https://twitter.com/BRASIL_ACABOU/status/1374306219188482050","username":"BRASIL ACABOU"},{"relevant_topic_guid":"4891835707bd6ec4af9a5896e81f7955","cnt_retweet":"0","publish_time":"20210407111324","page_action_type":"07","cnt_agree":"0","topic_guid":"4891835707bd6ec4af9a5896e81f7955","userid":"ritters2u","cnt_comment":"0","content":"デジタル人民元のグローバル化が進んでいる。先週、香港との越境取引が完了し、香港では「e-CNY」の試験運用が始まった。中国国内ではデジタル人民元アプリに新たに3社が追加されたほか、ある大学ではデジタル人民元を使ったさまざまな決済方… https://t.co/ixfIMLsCL5 https://t.co/YadCKAoY68","url":"https://twitter.com/ritters2u/status/1379633378090160129","username":"UPACITY-スタートアップフィード-"},{"relevant_topic_guid":"7464c56df50ad39726b8be4d5f29d679","cnt_retweet":"0","publish_time":"20210321224902","page_action_type":"08","cnt_agree":"0","topic_guid":"3cd8440d928a9e3571c46dcd5b26bb5b","userid":"_neveredit_","cnt_comment":"1","content":"Some have asked where we reported on e-CNY. It was in our Never Edit newsletter. This goes out every weekday. We tweet the 3 main articles, but we have additional stories that are covered in the newsletter where the story on the digital Yuan was to be found.","url":"https://twitter.com/_neveredit_/status/1373647847564963854","username":"Never Edit"},{"relevant_topic_guid":"0e24b01ffd3ed48d7fc96fa8931fba13","cnt_retweet":"0","publish_time":"20210317223004","page_action_type":"08","cnt_agree":"3","topic_guid":"87beee17807c481d89edab837b7a2f9e","userid":"LexSokolin","cnt_comment":"0","content":"3/ The growth path of the e-CNY digital currency, as well as Beijing’s enterprise blockchain powering the city infrastructure and governance and much more.Be sure to check out this week\u0027s Long Take here: https://t.co/2icQ3sb3lh","url":"https://twitter.com/LexSokolin/status/1372193523341139971","username":"LΞX Sokolin"},{"relevant_topic_guid":"d1158a9cf8b2ec88b452ff21e3602d38","cnt_retweet":"0","publish_time":"20210318024356","page_action_type":"08","cnt_agree":"2","topic_guid":"e3585d4d2d255d759af7bc42a68edbb7","userid":"jonteviggo","cnt_comment":"0","content":"@LTommy256 @AlexVolta8 Interesting. Chutian Dragon provided cards for the trails. Does their involment stop at that? Could it be that Goldpac will provide the mayority of the e-cny cards and also the ones intened for markets outside of China?  I imagine Goldpac more suitable for export. https://t.co/90h6kuc5BL","url":"https://twitter.com/jonteviggo/status/1372257407963914245","username":"Sommarviggo******"},{"relevant_topic_guid":"0e6c5c59c27f75f89cdbbe6139f7c999","cnt_retweet":"0","publish_time":"20210316231621","page_action_type":"08","cnt_agree":"0","topic_guid":"280996e8f0fcbc16d1179aee860db504","userid":"SundeepDougal","cnt_comment":"0","content":"\"After Beijing rolls out its digital yuan in 2022, even the e-CNY could gain international acceptance as a means of payment and store of value. Rather than complain then about Chinese incursions in India’s monetary sovereignty, New Delhi should enact a practical crypto law now.\"","url":"https://twitter.com/SundeepDougal/status/1371842782353047556","username":"Sundeep Dougal"},{"relevant_topic_guid":"2545e66d22eaaf4bdc71bee17480bae4","cnt_retweet":"0","publish_time":"20210308002516","page_action_type":"08","cnt_agree":"0","topic_guid":"60fdc08bc56861bce268a4eba7887d0b","userid":"rabb1dfly","cnt_comment":"1","content":"@nmeofdst8vM660 @allen_drewe @zerohedge i\u0027m not sure what\u0027s worsee-cny or usdc :)we\u0027ll see if the IMF can come up with something we can all agree with(watch the XRP maximalists show up now)","url":"https://twitter.com/rabb1dfly/status/1368598632749031425","username":"dot-dot-dot ***"},{"relevant_topic_guid":"ae781a4a28d380849c608e775e643c6c","cnt_retweet":"0","publish_time":"20210307085944","page_action_type":"08","cnt_agree":"1","topic_guid":"b9d723d20f78f8c62735bbf9461ead10","userid":"mattysino","cnt_comment":"1","content":"@TheChicagoVC Hi Peter just FYI China’s e-CNY CBDC involves a distribution layer, retail can’t have an account at the PBOC has to go through banks or some other intermediary institution","url":"https://twitter.com/mattysino/status/1368365715925831681","username":"Matthew Graham"},{"relevant_topic_guid":"5c4c7f8bb46f5bb53d05ec146fcc83a6","cnt_retweet":"0","publish_time":"20210318032300","page_action_type":"07","cnt_agree":"6","topic_guid":"5c4c7f8bb46f5bb53d05ec146fcc83a6","userid":"mundo_china","cnt_comment":"0","content":"Duas empresas de comercialização de combustível em Dalian, na província de Liaoning, no nordeste da #China, concluíram um acordo de transação de combustível na plataforma digital da indústria de navegação via RMB digital (E-CNY) nesta segunda-feira https://t.co/6a9OFOlwRI","url":"https://twitter.com/mundo_china/status/1372267240423268353","username":"Mundo China"},{"relevant_topic_guid":"69d48d6404a9e5fa7079c93a4d2c3d36","cnt_retweet":"0","publish_time":"20210318215415","page_action_type":"07","cnt_agree":"2","topic_guid":"69d48d6404a9e5fa7079c93a4d2c3d36","userid":"DiarioBitcoin","cnt_comment":"0","content":"e-CNY, el Yuan digital- Probado con una lotería- Anónimo entre usuarios, pero el banco central rastrea todas la actividad pq App requiere ID nacional- Cero comisiones, comerciantes lo prefieren a Alipay- 86% bancos centrales exploran opciones similareshttps://t.co/IoiGGBZKIf","url":"https://twitter.com/DiarioBitcoin/status/1372546895046840322","username":"Diario฿itcoin"},{"relevant_topic_guid":"e1da039212b9e2fcbd76a4faed490f11","cnt_retweet":"0","publish_time":"20210317225912","page_action_type":"07","cnt_agree":"1","topic_guid":"e1da039212b9e2fcbd76a4faed490f11","userid":"IndpFinanciero","cnt_comment":"0","content":"First big movement - the Chinese e-CNY:The electronic Chinese yuan is now being tested in cities such as Shenzhen, Shanghai and Beijing. No other major power is as far along with a homegrown digital currency.https://t.co/RZOqXC0CYf","url":"https://twitter.com/IndpFinanciero/status/1372200855236055048","username":"The Financial Independentist"},{"relevant_topic_guid":"4a675f6d0ef99d7fb5ad8974ac756bc8","cnt_retweet":"1","publish_time":"20210318030427","page_action_type":"07","cnt_agree":"7","topic_guid":"4a675f6d0ef99d7fb5ad8974ac756bc8","userid":"adschina","cnt_comment":"0","content":"China completes first digital RMB B2B payment settlement in Dalian  https://t.co/fzinBzkRHMTwo fuel trading companies in Dalian completed a fuel transaction settlement on the shipping industry\u0027s digital platform via digital RMB (E-CNY)","url":"https://twitter.com/adschina/status/1372262574696304642","username":"Adam Segal"},{"relevant_topic_guid":"d94963ce612e8c28ef7d0ac979e1e626","cnt_retweet":"3","publish_time":"20210317170000","page_action_type":"07","cnt_agree":"19","topic_guid":"d94963ce612e8c28ef7d0ac979e1e626","userid":"PDChinaBusiness","cnt_comment":"0","content":"Two fuel trading companies in Dalian, NE China\u0027s Liaoning, completed a fuel transaction settlement on the shipping industry\u0027s digital platform via digital RMB (E-CNY) on Mon, the first B2B payment settlement in China using digital RMB. (file pic) https://t.co/kWCb3wOX1C","url":"https://twitter.com/PDChinaBusiness/status/1372110458090442753","username":"Modern China"},{"relevant_topic_guid":"22b4e35452b3b5979a002638a35d289b","cnt_retweet":"13","publish_time":"20210317160500","page_action_type":"07","cnt_agree":"47","topic_guid":"22b4e35452b3b5979a002638a35d289b","userid":"PDChina","cnt_comment":"2","content":"Two fuel trading companies in Dalian, NE China\u0027s Liaoning, completed a fuel transaction settlement on the shipping industry\u0027s digital platform via digital RMB (E-CNY) on Mon, the first B2B payment settlement in China using digital RMB. (file pic) https://t.co/RW8Vfdlw3V","url":"https://twitter.com/PDChina/status/1372096616186908672","username":"People\u0027s Daily, China"},{"relevant_topic_guid":"59f06e65bb3d4193d16a12c8c9f3444f","cnt_retweet":"0","publish_time":"20210316094243","page_action_type":"07","cnt_agree":"0","topic_guid":"59f06e65bb3d4193d16a12c8c9f3444f","userid":"Blazing__Angel","cnt_comment":"0","content":"3月15日，辽宁省大连市两家燃油贸易企业通过数字人民币（e-CNY）支付方式在航运产业数字平台上完成一笔燃油交易的结算业务，这是中国首笔用数字人民币来实现B2B的支付结算。","url":"https://twitter.com/Blazing__Angel/status/1371638024531021824","username":"信佛の小神｜上帝保佑｜經文—aomanibeibeihong｜玉樹林楓猥瑣貓｜熾煭天使永遠效忠康師父"},{"relevant_topic_guid":"35cd838bb6db87dbc8fadaec30fa9bb6","cnt_retweet":"0","publish_time":"20210315192405","page_action_type":"07","cnt_agree":"1","topic_guid":"35cd838bb6db87dbc8fadaec30fa9bb6","userid":"ChainNewscom","cnt_comment":"0","content":"【中国首笔数字人民币 B2B 支付结算在辽宁大连完成】链闻消息，中国首笔数字人民币 B2B 支付结算在辽宁大连完成，两家燃油贸易企业通过数字人民币（e-CNY）支付方式在航运产业数字平台上完成一笔燃油交易的结算业务。此次 B…… https://t.co/XAgu5pAw1r","url":"https://twitter.com/ChainNewscom/status/1371421941861597189","username":"链闻 ChainNews"},{"relevant_topic_guid":"6ec2c81490509c18b609b424ac635d4d","cnt_retweet":"1","publish_time":"20210313064859","page_action_type":"07","cnt_agree":"4","topic_guid":"6ec2c81490509c18b609b424ac635d4d","userid":"jonteviggo","cnt_comment":"2","content":"E-rmb pilots. ”Future e-CNY tests will also likely feature the digital yuan in cross-border transactions. Last week, the People’s Bank of China (PBOC) announced that it has joined forces with the central banks of United Arab Emirates, Hong Kong and Thailand” https://t.co/4kBWO8UiT1","url":"https://twitter.com/jonteviggo/status/1370507140994113538","username":"Sommarviggo******"},{"relevant_topic_guid":"023943a671cc2d2e3bba2c69130fd11b","cnt_retweet":"0","publish_time":"20210312213015","page_action_type":"07","cnt_agree":"0","topic_guid":"023943a671cc2d2e3bba2c69130fd11b","userid":"FundsPeople","cnt_comment":"0","content":"El renminbi chino se digitaliza:** Stephen Li Jen, consejero delegado de Eurizon SLJ Capital, explica cómo Pekín ha empezado a experimentar, limitándose a cuatro ciudades, con el uso del yuan digital (e-CNY).#FundsPeoplePerspectivashttps://t.co/xpJTKWgwzO","url":"https://twitter.com/FundsPeople/status/1370366528626036738","username":"FundsPeople (ES)"},{"relevant_topic_guid":"f9286aec5ee1adf74a3fefb932495954","cnt_retweet":"0","publish_time":"20210311190447","page_action_type":"07","cnt_agree":"3","topic_guid":"f9286aec5ee1adf74a3fefb932495954","userid":"charlesdhaussy","cnt_comment":"1","content":"@FSDCHK  \u0027s e-CNY working group has brought together some of the sharpest people in payments, cross border finance and CBDCs. It has been an honour to actively participate in those sessions. #cbdc #ecny #centralbankdigitalcurrency https://t.co/C85qPP4RyE","url":"https://twitter.com/charlesdhaussy/status/1369967532820471809","username":"Charles d\u0027Haussy **"},{"relevant_topic_guid":"c8f61a8ccf2fe158c4a7d722ee20f813","cnt_retweet":"1","publish_time":"20210309065335","page_action_type":"07","cnt_agree":"3","topic_guid":"c8f61a8ccf2fe158c4a7d722ee20f813","userid":"Dr_JiayingJiang","cnt_comment":"0","content":"Just updated a report entitled Background and Implications of China\u0027s Central Bank Digital Currency: E-CNY on SSRN. Feel free to reach out if you have any questions or thoughts. https://t.co/GZQcKueBGE","url":"https://twitter.com/Dr_JiayingJiang/status/1369058747251834880","username":"Dr. Jiaying Christine Jiang"},{"relevant_topic_guid":"2cae755e1b1d2ed72ce45c883dcd67d6","cnt_retweet":"0","publish_time":"20210311164054","page_action_type":"07","cnt_agree":"3","topic_guid":"2cae755e1b1d2ed72ce45c883dcd67d6","userid":"SarthakChhabr14","cnt_comment":"0","content":"China is ahead of the global curve towards becoming a cashless economy.It’s in the race to launch digital currency known as e-CNY and may lead the way for other G20 countries like Norway, Sweden and Switzerland who are exploring digital currencies as well.#cryptocurrencies","url":"https://twitter.com/SarthakChhabr14/status/1369931324740399112","username":"Sarthak Chhabra"},{"relevant_topic_guid":"df51d74996fe5d4f7d7b7c0d83bee814","cnt_retweet":"5","publish_time":"20210308212603","page_action_type":"07","cnt_agree":"4","topic_guid":"df51d74996fe5d4f7d7b7c0d83bee814","userid":"richardturrin","cnt_comment":"0","content":"#Shanghai #CBDC trials are the first “e-CNY accepted here” signs turn up in stores and in the metro this week!@psb_dc @thepsironi @efipm @BrettKing @alvinfo @BetaMoroney @lexSokolin @spirosmargaris @ursbolt @jimmarous @leimer @sbmeunier  https://t.co/qyOb3aAdk0","url":"https://twitter.com/richardturrin/status/1368915922463952897","username":"Richard Turrin"},{"relevant_topic_guid":"3f350a6850a7424a170805ee30ad5866","cnt_retweet":"1","publish_time":"20210306231811","page_action_type":"07","cnt_agree":"2","topic_guid":"3f350a6850a7424a170805ee30ad5866","userid":"pandrewhk","cnt_comment":"0","content":"Can\u0027t wait for the 2022 Beijing Olympics, when China will announce e-CNY is actually a synthetic price-stabilized L2 token running on Bitcoin/LN and that BTC is the only legal tender they\u0027re going to recognize in international trade going forward.","url":"https://twitter.com/pandrewhk/status/1368219365452050433","username":"Andrew Pantyukhin"},{"relevant_topic_guid":"6a2e567e450fa920c4cff5641f761c32","cnt_retweet":"0","publish_time":"20210410234505","page_action_type":"08","cnt_agree":"0","topic_guid":"e759621d0ac8050ed69f397d541d2408","userid":"grace78790","cnt_comment":"0","content":"@jamespan002 @LiuZhongjing 现在推行数字人民币应该就是在做准备。中国基本上是禁止了比特币交易所，而美国正在印钞抢购比特币。比特币是数字时代的数字黄金，是新兴的货币体系，控制了比特币就控制了全球金融体系。","url":"https://twitter.com/grace78790/status/1380909711227256832","username":"Grace Yali"},{"relevant_topic_guid":"47b9604446211e51c1f1bf169aea111d","cnt_retweet":"0","publish_time":"20210419043434","page_action_type":"07","cnt_agree":"0","topic_guid":"47b9604446211e51c1f1bf169aea111d","userid":"WallStTV","cnt_comment":"0","content":"藏了十年华为秘密报告首度面世：他的能力到底多可怕？金融时报社论：反垄断也应拿央企国企开刀；枫桥党委书记意外现身省政府党组会议；央行澄清：数字人民币无意取代美元；福奇：不会就此取消强生疫苗，周五前有消息 https://t.co/VunTH2Ufl8 https://t.co/sJ8khh3NqZ","url":"https://twitter.com/WallStTV/status/1383881665013948416","username":"華爾街電視 Wall St TV"},{"relevant_topic_guid":"f9286aec5ee1adf74a3fefb932495954","cnt_retweet":"0","publish_time":"20210311234830","page_action_type":"08","cnt_agree":"2","topic_guid":"6c496677f46246b725947cfcedfa51b4","userid":"FintechBalerina","cnt_comment":"0","content":"@charlesdhaussy @FSDCHK @helene_wpli @Consensys @psb_dc @MSaintolive Well deserved!","url":"https://twitter.com/FintechBalerina/status/1370038935586410496","username":"Musheer"}]