[{"relevant_topic_guid":"dd50d4863a6b865ae65fa411b9e42d2f","cnt_retweet":"1","publish_time":"20210809184132","page_action_type":"08","cnt_agree":"12","topic_guid":"5d19cb6e45626f256034233b7c412289","userid":"Lancyprprprpr","cnt_comment":"0","content":"@dw_chinese 你家数字人民币和虚拟货币是一样的❓还一看就懂❓❓啥玩意啊❓❓❓❓❓❓","url":"https://twitter.com/Lancyprprprpr/status/1424682250642198528","username":"Lancy是小洛抓呀************"},{"relevant_topic_guid":"fba9e54aeb801f628995fc954b7f5504","cnt_retweet":"0","publish_time":"20210802215234","page_action_type":"08","cnt_agree":"0","topic_guid":"6b793d2f038c8a41b614239fa9ab87ab","userid":"zhuxiuliang","cnt_comment":"0","content":"@zhengquan1020 @VOAChinese 呱，呱呱！","url":"https://twitter.com/zhuxiuliang/status/1422193612197044226","username":"朱修亮"},{"relevant_topic_guid":"4b7c512a8cd8514f4a6514f2ee82529b","cnt_retweet":"0","publish_time":"20210802101818","page_action_type":"08","cnt_agree":"1","topic_guid":"f18b48ba86afc92368bcb255b3d5bf7a","userid":"jike_collection","cnt_comment":"0","content":"…Ks8o-d-VxKzMO6bEtuZA-A  #科技圈大小事","url":"https://twitter.com/jike_collection/status/1422018893577547778","username":"即刻精选"},{"relevant_topic_guid":"657ec32d653ceefff7063a4ef2b23f48","cnt_retweet":"0","publish_time":"20210804230122","page_action_type":"08","cnt_agree":"2","topic_guid":"972a069bc14f1ac2e76b121581c089d6","userid":"kyleellicott","cnt_comment":"0","content":"2/ - H1 2021 Blockchain industry breakdown on 8/5*️Congrats to @gosatsapp @senseprotocol @Onrampinvest @makersplaceco @KrystalDefi @AspenDigital @AlchemyPlatform on recent funding *","url":"https://twitter.com/kyleellicott/status/1422935701398556673","username":"Kyle Ellicott"},{"relevant_topic_guid":"dd50d4863a6b865ae65fa411b9e42d2f","cnt_retweet":"0","publish_time":"20210809184636","page_action_type":"08","cnt_agree":"0","topic_guid":"55ef36b33c2a11e3854143402a2a2e28","userid":"USAUSA95348691","cnt_comment":"0","content":"@dw_chinese .美國應規定, 所有到美國大學留學 中國留學生 (學士 至 後博士), 在每學季 必須完成及考試合格 某數量之 “中國歷史課程“ 學份, 才可繼續在大學升學.此課程 包括 “正確“ 認識 由晚清至 武肺前 之中國實況.內容必須包括 俄中共產, 長征, 文革, 六四, 新彊滅維, 踐踏香港, 中共貪腐, 共產主義之弊..","url":"https://twitter.com/USAUSA95348691/status/1424683527031775232","username":"USA USA"},{"relevant_topic_guid":"022314382ec50feafaac488a5eac29cc","cnt_retweet":"0","publish_time":"20210805100602","page_action_type":"08","cnt_agree":"0","topic_guid":"9c51df8bb33623883f8b850be123d913","userid":"TaiwanTension","cnt_comment":"0","content":"@protocol Chinese tech companies?","url":"https://twitter.com/TaiwanTension/status/1423102967985680384","username":"Currencies"},{"relevant_topic_guid":"b05997633aa608c9b7f06689dafdaf17","cnt_retweet":"0","publish_time":"20210807223716","page_action_type":"08","cnt_agree":"0","topic_guid":"1a94e45c988227e50ec0f2c68792fd25","userid":"schomber_m","cnt_comment":"0","content":"@mstrade I don\u0027t think they will succeed with this idea.","url":"https://twitter.com/schomber_m/status/1424016798823993350","username":"Ian M. Schomber"},{"relevant_topic_guid":"7a908bbc2c37fb7f17f853894ba13c3a","cnt_retweet":"0","publish_time":"20210802194530","page_action_type":"08","cnt_agree":"0","topic_guid":"4bfe4eaceb5f59a0a03e25cd55802d4f","userid":"zhuxiuliang","cnt_comment":"0","content":"@vincent30001480 @ChineseWSJ 数字货币还在试用期，目前河南省不可以使用。郑州水灾严重，不过电子支付可以正常使用，微信钱包支付宝钱包可以离线支付，不过有两天确实在有的商超里银行卡不可以使用了，是银行卡不可以使用了，微信支付宝都可以使用","url":"https://twitter.com/zhuxiuliang/status/1422161634378674188","username":"朱修亮"},{"relevant_topic_guid":"0980da17b7b29cddf1080ec292a5e3ca","cnt_retweet":"0","publish_time":"20210818080931","page_action_type":"08","cnt_agree":"5","topic_guid":"a437fb18dcd565570aa3c5fc919c75b4","userid":"leexin1115","cnt_comment":"0","content":"@rijingzhongwen 倒是想问问，为什么只收现金？！","url":"https://twitter.com/leexin1115/status/1427784690719657984","username":"梅林飞刀"},{"relevant_topic_guid":"0980da17b7b29cddf1080ec292a5e3ca","cnt_retweet":"0","publish_time":"20210818095642","page_action_type":"08","cnt_agree":"2","topic_guid":"e0b262c23af683c6fe7452e7ef8a9972","userid":"oscarscorpio24","cnt_comment":"0","content":"@rijingzhongwen 收现金是为了逃税","url":"https://twitter.com/oscarscorpio24/status/1427811664636772364","username":"灵通通灵"},{"relevant_topic_guid":"a43e377c949175db1f121fb192e1f842","cnt_retweet":"0","publish_time":"20210815053515","page_action_type":"08","cnt_agree":"1","topic_guid":"890922021e9f70c42dbdd5c11cf7a329","userid":"cowboyspirit_01","cnt_comment":"0","content":"@fairy7008 @juanli324 那时刚放风","url":"https://twitter.com/cowboyspirit_01/status/1426658701629329414","username":"精神牛仔/Spiritual Cowboy"},{"relevant_topic_guid":"a43e377c949175db1f121fb192e1f842","cnt_retweet":"0","publish_time":"20210815100146","page_action_type":"08","cnt_agree":"0","topic_guid":"957c4704d6e85989e8eb409887c8b5b0","userid":"smart97046188","cnt_comment":"0","content":"@fairy7008 @cowboyspirit_01 @juanli324 我没记错的话15年就在深圳搞数字货币研究了。","url":"https://twitter.com/smart97046188/status/1426725774627729415","username":"一片云"},{"relevant_topic_guid":"208ce1a92457d75f8969b2492c658592","cnt_retweet":"0","publish_time":"20210810003708","page_action_type":"08","cnt_agree":"1","topic_guid":"1b196ed6af962987fa6de0ed2e01af1f","userid":"bear_tax","cnt_comment":"0","content":"4/ Two Crypto Tax Amendments Are Competing To The Senate\u0027s Infrastructure BillWe are documenting developments made to the Bipartisan Infrastructure Bill with regards to #CryptoTaxes in this thread. *Here\u0027s the progress made in the past week:https://t.co/blf6Xf8PuZ","url":"https://twitter.com/bear_tax/status/1424771741725782016","username":"BearTax - Cryptocurrency Tax Software"},{"relevant_topic_guid":"a4120389fc42e859bb2ed1ec5177918f","cnt_retweet":"0","publish_time":"20210818085803","page_action_type":"08","cnt_agree":"0","topic_guid":"1cdcba9f4a7bfe107dcafc0d6472716e","userid":"china40303447","cnt_comment":"0","content":"@Michael16663034 @rijingzhongwen 明面夸咱们！其实中国人都懂！","url":"https://twitter.com/china40303447/status/1427796902842671106","username":"China蔡贺"},{"relevant_topic_guid":"8842a98002581922c6435b96d827b7dd","cnt_retweet":"0","publish_time":"20210808014141","page_action_type":"08","cnt_agree":"0","topic_guid":"a8e45e06425512595e665ae4264f90f9","userid":"China_Dragon_A","cnt_comment":"0","content":"@OKExInsights @OKEx @XBT002 @0xMugen okexfly！！","url":"https://twitter.com/China_Dragon_A/status/1424063207300374528","username":"Dragon"},{"relevant_topic_guid":"8842a98002581922c6435b96d827b7dd","cnt_retweet":"0","publish_time":"20210808014512","page_action_type":"08","cnt_agree":"0","topic_guid":"ae144def395a06e939e36fedb115e687","userid":"katheryn009","cnt_comment":"0","content":"@OKExInsights @OKEx @XBT002 @0xMugen where airdrop for installing okex wallet?!","url":"https://twitter.com/katheryn009/status/1424064093913292805","username":"Katheryn"},{"relevant_topic_guid":"5d6714b5dae42cf9403154862d0cf8a9","cnt_retweet":"1","publish_time":"20210813115258","page_action_type":"08","cnt_agree":"0","topic_guid":"b39997601adb0989d84836cebff812b0","userid":"WillZhou888","cnt_comment":"0","content":"https://t.co/qBPy5Pbf66","url":"https://twitter.com/WillZhou888/status/1426028980801400832","username":"WillZhou"},{"relevant_topic_guid":"8842a98002581922c6435b96d827b7dd","cnt_retweet":"0","publish_time":"20210808193743","page_action_type":"08","cnt_agree":"0","topic_guid":"9bbdbd01510f3b31794ac092eeaa3114","userid":"Crypto_willpowe","cnt_comment":"0","content":"@OKExInsights @OKEx @XBT002 @0xMugen *","url":"https://twitter.com/Crypto_willpowe/status/1424334000433233922","username":"Crypto_BNBTC"},{"relevant_topic_guid":"8842a98002581922c6435b96d827b7dd","cnt_retweet":"0","publish_time":"20210808010821","page_action_type":"08","cnt_agree":"0","topic_guid":"52afb5e723a482b1b5942ccefd1dc668","userid":"finansat","cnt_comment":"0","content":"@OKExInsights @OKEx @XBT002 @0xMugen https://t.co/RQqNUWlze5","url":"https://twitter.com/finansat/status/1424054819938082821","username":"finansta"},{"relevant_topic_guid":"b05997633aa608c9b7f06689dafdaf17","cnt_retweet":"0","publish_time":"20210807020956","page_action_type":"08","cnt_agree":"0","topic_guid":"cc231dbed1519a593a03067b6d3d5f0c","userid":"rafael_colley","cnt_comment":"0","content":"@mstrade Ok, let\u0027s see what happens!","url":"https://twitter.com/rafael_colley/status/1423707931766403080","username":"Rafael Colley"},{"relevant_topic_guid":"a43e377c949175db1f121fb192e1f842","cnt_retweet":"0","publish_time":"20210815043447","page_action_type":"08","cnt_agree":"1","topic_guid":"34868cda32053820328e628dd01f2921","userid":"cowboyspirit_01","cnt_comment":"0","content":"@fairy7008 @juanli324 三年前","url":"https://twitter.com/cowboyspirit_01/status/1426643485210382340","username":"精神牛仔/Spiritual Cowboy"},{"relevant_topic_guid":"0980da17b7b29cddf1080ec292a5e3ca","cnt_retweet":"0","publish_time":"20210818081621","page_action_type":"08","cnt_agree":"3","topic_guid":"0cca941ccb374b1e0d258a4278ef0ee4","userid":"gmf0909","cnt_comment":"0","content":"@rijingzhongwen 我从小就在中国生活，从来没习惯用手机结账。小额的首选现金，大额的首选信用卡","url":"https://twitter.com/gmf0909/status/1427786410627461124","username":"白い惡魔"},{"relevant_topic_guid":"0980da17b7b29cddf1080ec292a5e3ca","cnt_retweet":"0","publish_time":"20210818082429","page_action_type":"08","cnt_agree":"3","topic_guid":"2a7f96c1e03e15c4daa32b98e367abfe","userid":"IchbinJPong","cnt_comment":"0","content":"@rijingzhongwen 只收现金的店铺还真是不多。。","url":"https://twitter.com/IchbinJPong/status/1427788455048884230","username":"JokerPong"},{"relevant_topic_guid":"0980da17b7b29cddf1080ec292a5e3ca","cnt_retweet":"0","publish_time":"20210818133436","page_action_type":"08","cnt_agree":"0","topic_guid":"51de19980b57c1f938fd723d0be794a3","userid":"Ken04545468","cnt_comment":"0","content":"@rijingzhongwen 进餐馆之前应该确认好支付方式是否有问题，就不会有如此囧态","url":"https://twitter.com/Ken04545468/status/1427866499520204803","username":"KEN"},{"relevant_topic_guid":"527390f0f651c8928e8025f8f8151a76","cnt_retweet":"0","publish_time":"20210814125407","page_action_type":"08","cnt_agree":"2","topic_guid":"7df7b0d2293ff1eda1703d89234ba771","userid":"WeissNachtfeder","cnt_comment":"0","content":"@catcatcat8964 尽快设立镂空机构 大家佛 哦怒//指中国操纵世卫组织使之变成被架空的机构，国际社会对这种行为感到非常愤怒恐慌感 更带来的 杀了始的感觉//指新冠疫情带来的恐慌感引发了美国的亚裔歧视，并导致了亚特兰大枪杀亚裔惨案","url":"https://twitter.com/WeissNachtfeder/status/1426406759627776004","username":"ノラン・マハヌ"},{"relevant_topic_guid":"0980da17b7b29cddf1080ec292a5e3ca","cnt_retweet":"0","publish_time":"20210818161217","page_action_type":"08","cnt_agree":"0","topic_guid":"f109932ab9c0660783984d36c04bd615","userid":"bwt2345","cnt_comment":"0","content":"@rijingzhongwen 我在美国也没怎么用过现金，都是用卡(","url":"https://twitter.com/bwt2345/status/1427906181041954818","username":"喷火机"},{"relevant_topic_guid":"0980da17b7b29cddf1080ec292a5e3ca","cnt_retweet":"0","publish_time":"20210818161327","page_action_type":"08","cnt_agree":"4","topic_guid":"e8a7ff71f5aa6cb877330e8e754907ab","userid":"JK_GrassChan","cnt_comment":"0","content":"@rijingzhongwen 只收现金的小餐馆是想逃税吧","url":"https://twitter.com/JK_GrassChan/status/1427906473296896004","username":"JK動物管理員"},{"relevant_topic_guid":"00fc8151aa352c17e08da0c5650bc5a9","cnt_retweet":"0","publish_time":"20210804094005","page_action_type":"08","cnt_agree":"0","topic_guid":"cdc9359dc422ff25c6086a6e9c55c1f7","userid":"alvinfoo","cnt_comment":"0","content":"@VenturesDao @CGTNOfficial Thanks for sharing. Thanks @LiuXininBeijing and @cgtnofficial for the invite.","url":"https://twitter.com/alvinfoo/status/1422734052247818242","username":"Alvin Foo"},{"relevant_topic_guid":"98e28ec6cd6047d3d2b878acc12c6e5d","cnt_retweet":"0","publish_time":"20210803232351","page_action_type":"08","cnt_agree":"0","topic_guid":"96a66c8d50f5828cebc1c918810c6a12","userid":"dcolthrust","cnt_comment":"0","content":"Once this has been deployed, it will be immediately adopted by the population and will be the primary currency for consumer transactions on all Chinese platforms. https://t.co/Qy7VnpMH7i","url":"https://twitter.com/dcolthrust/status/1422578968834846723","username":"Darryll Colthrust"},{"relevant_topic_guid":"2c4ae274bbf8c8f6ba2fd7b3693631a8","cnt_retweet":"0","publish_time":"20210801181055","page_action_type":"08","cnt_agree":"0","topic_guid":"d0c275e295a65f39d8ef0f3cf943d867","userid":"LionCityGo1","cnt_comment":"0","content":"@WayneNj 很好，在别的国家，人还不可用手机为了用地铁","url":"https://twitter.com/LionCityGo1/status/1421775444370771970","username":"LionCityGo(互fo)"},{"relevant_topic_guid":"295f45ddc08dc108d2ecf8e1d49db6c9","cnt_retweet":"1","publish_time":"20210901054127","page_action_type":"08","cnt_agree":"3","topic_guid":"9f768c2f2be774dad2f16161b72bc5cb","userid":"ayobamilo","cnt_comment":"0","content":"...without having to look for dollars, should be able to do this on your mobile phone within seconds. You will save lots of money, as well as be able to pay for services and goods in China while on your toilet seat in your village and just wait for the goods to arrive.","url":"https://twitter.com/ayobamilo/status/1432820859094380552","username":"Ayo Ahmed"},{"relevant_topic_guid":"5368f739fc75b7229a0fff6bb3634de6","cnt_retweet":"0","publish_time":"20210910105215","page_action_type":"08","cnt_agree":"0","topic_guid":"b6ba5686800cb68c5e8e1bac68aeb6ca","userid":"OkTelegraph","cnt_comment":"0","content":"目前该兑换机可将包括英镑、欧元、美元、日元、港币等多币种，目前，该机具尚未对外投放，相关业务正在试点中，手续费、工本费显示为零。（金融时报）","url":"https://twitter.com/OkTelegraph/status/1436160562539347984","username":"OK Telegraph"},{"relevant_topic_guid":"98a910648f39eaacf549d7afaf14cf54","cnt_retweet":"0","publish_time":"20210912215001","page_action_type":"08","cnt_agree":"0","topic_guid":"9f202476e09f94f875a58229e0373925","userid":"qe5MC3fVhIgTbHk","cnt_comment":"0","content":"@JaneandLili @lovecokeusa 哦","url":"https://twitter.com/qe5MC3fVhIgTbHk/status/1437050872538681345","username":"不 良 人"},{"relevant_topic_guid":"933bb39708436d14ff14b60ad0efdccd","cnt_retweet":"0","publish_time":"20210830220437","page_action_type":"08","cnt_agree":"1","topic_guid":"20f71fefc7c22ed1dfc3537cac88ab92","userid":"CurrencyWar1","cnt_comment":"0","content":"@magnum___opus No pressure needed. 2 pathways to inflows. Stablecoin yuan inserted to the global payment system (Ali pay, we pay) gives it the mass adoption factor and obor nations will diversify out of US bonds into Chinese equivalent. A trickle becomes a flood","url":"https://twitter.com/CurrencyWar1/status/1432343503443529728","username":"Louis Curran"},{"relevant_topic_guid":"17b831b62fa76ec5181b873920f6649f","cnt_retweet":"0","publish_time":"20210901164943","page_action_type":"08","cnt_agree":"0","topic_guid":"e87cb1e8a7e8ba9dbaca7771210eb0a5","userid":"BogatyMen","cnt_comment":"0","content":"@BoguslawPacek @LukasKobierski @BenyMen1 .. oraz  właśnie testują blockchainowe systemy tokenizacji i zarządzania aktywami. https://t.co/HFnfyfBtMq","url":"https://twitter.com/BogatyMen/status/1432989030006788101","username":"BogatyMen"},{"relevant_topic_guid":"7edb65aa80a047a38363004f7b2376d3","cnt_retweet":"0","publish_time":"20210908143512","page_action_type":"08","cnt_agree":"0","topic_guid":"d61f5653ba5934a719b1498dd11355c4","userid":"coinshots","cnt_comment":"0","content":"✴️The former Deputy Governor of the Reserve Bank of India (RBI) has spoken out about the nation’s financial and #Crypto  ecosystem and stated that digital assets need to be accepted.https://t.co/4Yn7sg8lB8#CoinShots #CryptoNews","url":"https://twitter.com/coinshots/status/1435491892829978627","username":"CoinShots - Daily Bitcoin \u0026 Crypto News For Free"},{"relevant_topic_guid":"6b043dc15b18f78becbbd379277b994a","cnt_retweet":"0","publish_time":"20210822044108","page_action_type":"08","cnt_agree":"1","topic_guid":"f46bddd66037972e88596bd2c26600cc","userid":"DeFiDaJo","cnt_comment":"0","content":"@ShellProtocol depends on if you prefer protocols having sovereignty over tokens or vice versa","url":"https://twitter.com/DeFiDaJo/status/1429181799087808514","username":"David Johnson"},{"relevant_topic_guid":"2034e9e9eb2fa8ba007ebb34076c2088","cnt_retweet":"0","publish_time":"20210820141654","page_action_type":"08","cnt_agree":"1","topic_guid":"ac011630cfd331b81103abdeaf095a20","userid":"Amoh351","cnt_comment":"0","content":"@0xKubi Dobrze się to czyta, pozdrawiam.","url":"https://twitter.com/Amoh351/status/1428601918541156357","username":"Amoh"},{"relevant_topic_guid":"6af4c0b5ca6d332d3ec0c0c766430189","cnt_retweet":"0","publish_time":"20210901002246","page_action_type":"08","cnt_agree":"0","topic_guid":"4670b8b0c8fe8a69ab828958e1f2314d","userid":"shiwei04145492","cnt_comment":"0","content":"@zerohedga @Alexjandro990 长此以往经济空心化很快来到 那些企业税收分红都是给国外的 而且还一直在转移资金去国外 人员封锁是老外封锁中国人 中国自己怎么可能封锁","url":"https://twitter.com/shiwei04145492/status/1432740655894200321","username":"feixiangniao"},{"relevant_topic_guid":"7ab86b1160067d9f08307ec67499154c","cnt_retweet":"0","publish_time":"20210904204642","page_action_type":"08","cnt_agree":"0","topic_guid":"3e9bc85bad327f0ec6ef017b80183f19","userid":"yzmFicykNCtQLjl","cnt_comment":"0","content":"@zerohedga 在国内,不是说资本是邪恶的,这种说法是西马那帮子的,国内主要是认为资本是要受控的,是要反哺社会的.阿里的问题出在他拿国家的钱来撬动杠杆,官商勾结.腾讯嘛骂他骂的最多的是游戏玩家这类的,其中原因一言难尽,和国内游戏产业有关,属于恨铁不成钢.高层清醒着呢,一带一路,昆仑银行这些,都是在推人民币.","url":"https://twitter.com/yzmFicykNCtQLjl/status/1434135832361799681","username":"锦绣天依"},{"relevant_topic_guid":"2034e9e9eb2fa8ba007ebb34076c2088","cnt_retweet":"0","publish_time":"20210820210152","page_action_type":"08","cnt_agree":"0","topic_guid":"4341414b97a88734b6dd6442c347e5e9","userid":"Ariel11088885","cnt_comment":"0","content":"@0xKubi Dzięki za tekst. Dużo jest literówek - wygląda jakby jakiś pseudo-słownik się po tekście przejechał a to trochę utrudnia odbiór. Pozdrawiam! :)","url":"https://twitter.com/Ariel11088885/status/1428703834109616134","username":"Ariel"},{"relevant_topic_guid":"8df2c75df808d85892007ae5b784697c","cnt_retweet":"0","publish_time":"20210823180947","page_action_type":"08","cnt_agree":"0","topic_guid":"dd8773c5970d8348055f0c725aeae4be","userid":"gremlinspe","cnt_comment":"0","content":"@XHNews https://t.co/6cJeJYmWtA","url":"https://twitter.com/gremlinspe/status/1429747691073019904","username":"Lord Mohawk"},{"relevant_topic_guid":"2034e9e9eb2fa8ba007ebb34076c2088","cnt_retweet":"0","publish_time":"20210820174305","page_action_type":"08","cnt_agree":"1","topic_guid":"8668c5adf9415655af095e6f65199e77","userid":"Pawe46724971","cnt_comment":"0","content":"@0xKubi Dobry tekst z szerokim spojrzeniem. Tak jak piszesz, ta anonimowość jest bardzo pozorna i z punktu widzenia zwykłego obywatela problem sprowadza się do tego czy w perspektywie kolejnych lat gotówka pozostanie w użyciu. Dzisiaj to taki przeżytek, który jednak jest ostoją wolności.","url":"https://twitter.com/Pawe46724971/status/1428653805944594434","username":"Paweł Huptas"},{"relevant_topic_guid":"062e02ecf0e2804e13094797ff54e32e","cnt_retweet":"0","publish_time":"20210904180140","page_action_type":"08","cnt_agree":"0","topic_guid":"3bc7f68ebada3decee5519f6e12f70b2","userid":"jinshiying71","cnt_comment":"0","content":"@1SWYXpXH7KnemWo 空中取钱，无缝对接。","url":"https://twitter.com/jinshiying71/status/1434094301651161096","username":"触摸阳光"},{"relevant_topic_guid":"01b2cb38c5cdd5835937c95f10380a71","cnt_retweet":"0","publish_time":"20210824175016","page_action_type":"08","cnt_agree":"1","topic_guid":"51821235d24564a90ee730fbea000843","userid":"ruchern_chong","cnt_comment":"0","content":"@richardturrin @psb_dc @efipm @BrettKing @leimer @SpirosMargaris @BetaMoroney Lovely!","url":"https://twitter.com/ruchern_chong/status/1430105168280887299","username":"Ru Chern Chong"},{"relevant_topic_guid":"a899fbc043c044574d04612f1809388d","cnt_retweet":"4","publish_time":"20210902015908","page_action_type":"08","cnt_agree":"11","topic_guid":"a25bc30910d3f02d7fe9e9c71fbad5fd","userid":"maomi121","cnt_comment":"0","content":"@binarycrawler2 @XijinLi 韩寒说：“我小时候总是梦想，中国有一座大山。当美帝侵略我们的时候，那座大山就打开了。里面露出美帝从来没见过的武器。我长大了当了赛车手，当我发现一颗螺丝钉还要进口的时候，我意识到那座大山是不存在的”。你有点像韩寒小时候*","url":"https://twitter.com/maomi121/status/1433127295984836617","username":"李剑芒048"},{"relevant_topic_guid":"832cb43b85c5155f1271ffdfc72dd3bb","cnt_retweet":"0","publish_time":"20210823193308","page_action_type":"08","cnt_agree":"6","topic_guid":"dc849dbe22d6647ffb816b6afe48e4ed","userid":"aadilbrar","cnt_comment":"0","content":"Crypto out Digital Yuan in!","url":"https://twitter.com/aadilbrar/status/1429768667743412228","username":"Aadil Brar"},{"relevant_topic_guid":"b1afeca95e79fdd1d82d594edbdf899b","cnt_retweet":"0","publish_time":"20210824124342","page_action_type":"08","cnt_agree":"0","topic_guid":"7b81334c14b04856e564d585c176415b","userid":"TimothyL0W3","cnt_comment":"0","content":"@chinaorgcn @CryptosR_Us thoughts George?","url":"https://twitter.com/TimothyL0W3/status/1430028017892536322","username":"Timothy Lowe"},{"relevant_topic_guid":"1c1c04d0e277772f26352f796c7ab780","cnt_retweet":"0","publish_time":"20210824132312","page_action_type":"08","cnt_agree":"4","topic_guid":"b8305b2487866e19ebefe9ef601e7e20","userid":"CGTNGlobalBiz","cnt_comment":"0","content":"The #eCNY charges no transaction fee, works beyond usual operation hours of the high-value payment system, and provides payment alternative for future exchanges and market participants through real-time inter-bank payment, said the newspaper, citing sources.","url":"https://twitter.com/CGTNGlobalBiz/status/1430037956379570180","username":"CGTN Global Business"},{"relevant_topic_guid":"cb23e358beb309085e1946afcb55ef1a","cnt_retweet":"0","publish_time":"20200917005050","page_action_type":"07","cnt_agree":"0","topic_guid":"cb23e358beb309085e1946afcb55ef1a","userid":"zf2011513","cnt_comment":"0","content":"“央行:数字人民币不计息 网炸锅”https://t.co/huzOrl3oUr","url":"https://twitter.com/zf2011513/status/1306274355974991875","username":"欒樹軍"},{"relevant_topic_guid":"6558fc1862b6441a1580f97d71e50c89","cnt_retweet":"0","publish_time":"20200916221805","page_action_type":"07","cnt_agree":"0","topic_guid":"6558fc1862b6441a1580f97d71e50c89","userid":"tianjun99","cnt_comment":"0","content":"央行副行长“数字人民币不计息”上微博热搜 网络炸锅！ https://t.co/G70cipL9WE","url":"https://twitter.com/tianjun99/status/1306235915099086850","username":"天钧"},{"relevant_topic_guid":"d147291b71f6f41a97fb457c9e4ca559","cnt_retweet":"0","publish_time":"20200916221724","page_action_type":"07","cnt_agree":"0","topic_guid":"d147291b71f6f41a97fb457c9e4ca559","userid":"juntian99","cnt_comment":"0","content":"央行副行长“数字人民币不计息”上微博热搜 网络炸锅！ https://t.co/TE8sSFo9Wy","url":"https://twitter.com/juntian99/status/1306235742767767555","username":"钧天"},{"relevant_topic_guid":"1ffc444a2b929458c17ff50eac82d6c9","cnt_retweet":"0","publish_time":"20201009095428","page_action_type":"08","cnt_agree":"4","topic_guid":"1dcafab314a1cb40c8f36fee1f98b407","userid":"Thirea","cnt_comment":"1","content":"@caijingxiang 本质和粮票毫无分别, 但是粮票还可以在断网断电情况下使用, 这数字人民币一打仗或紧急状态就嗝屁~~~~~~~~~","url":"https://twitter.com/Thirea/status/1314383700151267328","username":"Aerithe ** ****"},{"relevant_topic_guid":"bc980d3cb357f83e335b51941523ede0","cnt_retweet":"0","publish_time":"20201009090333","page_action_type":"07","cnt_agree":"0","topic_guid":"bc980d3cb357f83e335b51941523ede0","userid":"atmtr","cnt_comment":"1","content":"深圳发千万元数字人民币红包。数字人民币真豪气。 https://t.co/qyGHI2FlyX","url":"https://twitter.com/atmtr/status/1314370884396670977","username":"beric"},{"relevant_topic_guid":"438b41d21efa510545f5277349fdcf50","cnt_retweet":"1","publish_time":"20201009095106","page_action_type":"07","cnt_agree":"1","topic_guid":"438b41d21efa510545f5277349fdcf50","userid":"ChainNewscom","cnt_comment":"0","content":"【深圳政府将联合人民银行开展数字人民币红包试点】链闻消息，深圳微博发布厅发布，为推进粤港澳大湾区建设，结合本地促消费政策，深圳市人民政府近期联合人民银行开展了数字人民币红包试点。此次活动面向在深个人发放 1000 万元数字人…… https://t.co/UUKq35Tmes","url":"https://twitter.com/ChainNewscom/status/1314382853485010945","username":"链闻 ChainNews"},{"relevant_topic_guid":"e1096439e0a2d8549bd31ab6d29bee7c","cnt_retweet":"0","publish_time":"20201009100951","page_action_type":"07","cnt_agree":"0","topic_guid":"e1096439e0a2d8549bd31ab6d29bee7c","userid":"XiaoZhen0537","cnt_comment":"0","content":"早报 | 深圳将发放数字人民币红包 / 消息称华为出售荣耀为不实消息 / 三星成全球第二大移动端相机制造商 https://t.co/VWBYNce8CF","url":"https://twitter.com/XiaoZhen0537/status/1314387569002545154","username":"每日头条 - 时事百科抢先看"},{"relevant_topic_guid":"41bb807d3167621073af97382f0c5899","cnt_retweet":"48","publish_time":"20201009132943","page_action_type":"07","cnt_agree":"100","topic_guid":"41bb807d3167621073af97382f0c5899","userid":"xinzeUSA","cnt_comment":"3","content":"连废纸都没了！数字淫民币，来了！深圳试水数字人民币红包 https://t.co/GFSiBuHK3L","url":"https://twitter.com/xinzeUSA/status/1314437869130248193","username":"文信"},{"relevant_topic_guid":"111a0a4640cccd2ad6cbdc66ecfbbc2a","cnt_retweet":"0","publish_time":"20201009123456","page_action_type":"07","cnt_agree":"0","topic_guid":"111a0a4640cccd2ad6cbdc66ecfbbc2a","userid":"MCJPZ","cnt_comment":"0","content":"深圳市罗湖区将进行数字人民币红包试点深圳市人民政府近期联合人民银行开展了数字人民币红包试点。本次试点由深圳市罗湖区出资，通过抽签方式将一定金额的资金以数字人民币红包的方式发放至在深个人数字人民币钱包，社会公众可持发放的数字人民币红包在有效期内至罗湖区指定的商户进行消费。","url":"https://twitter.com/MCJPZ/status/1314424080167104514","username":"骑士团长"},{"relevant_topic_guid":"42b28c860126c21638e2568787034ff2","cnt_retweet":"2","publish_time":"20201009083609","page_action_type":"07","cnt_agree":"1","topic_guid":"42b28c860126c21638e2568787034ff2","userid":"ifanr","cnt_comment":"0","content":"【早报 | 深圳将发放数字人民币红包 / 消息称华为出售荣耀为不实消息 / 三星成全球第二大移动端相机制造商】‍• 2020 诺贝尔文学奖揭晓‍• 日本将大幅削减奥运经费 https://t.co/H9ExlCuinW https://t.co/47WAoCjkIB","url":"https://twitter.com/ifanr/status/1314363988793151488","username":"ifanr.com 爱范儿"},{"relevant_topic_guid":"cd2246ec011ebf61e5fd33f76733e656","cnt_retweet":"0","publish_time":"20201007122911","page_action_type":"07","cnt_agree":"0","topic_guid":"cd2246ec011ebf61e5fd33f76733e656","userid":"ChainNewscom","cnt_comment":"0","content":"【范一飞：数字人民币已进行逾 11 亿元试点交易，计划在 2022 年冬奥会试点实验】链闻消息，据南华早报报道，中国人民银行副行长范一飞在本周一的 SIBOS 银行和金融会议上表示，数字人民币（DC/EP）已进行逾 11 亿…… https://t.co/YmwDIKS7Wn","url":"https://twitter.com/ChainNewscom/status/1313697860110684161","username":"链闻 ChainNews"},{"relevant_topic_guid":"e9e1801068f0312aa728c70894000339","cnt_retweet":"0","publish_time":"20201009090302","page_action_type":"07","cnt_agree":"0","topic_guid":"e9e1801068f0312aa728c70894000339","userid":"DavidC_IT","cnt_comment":"0","content":"早报 | 深圳将发放数字人民币红包 / 消息称华为出售荣耀为不实消息 / 三星成全球第二大移动端相机制造商 https://t.co/46GZNJayoB via 爱范儿","url":"https://twitter.com/DavidC_IT/status/1314370753366646791","username":"David_IT"},{"relevant_topic_guid":"a11b25664c2268a2525a2a5a973f38b2","cnt_retweet":"0","publish_time":"20201008233930","page_action_type":"07","cnt_agree":"0","topic_guid":"a11b25664c2268a2525a2a5a973f38b2","userid":"StgcdL","cnt_comment":"0","content":"“2020礼享罗湖”系列促消费活动再次开启。此次活动面向在深个人发放1000万元“礼享罗湖数字人民币红包”，每个红包金额为200元，红包数量共计5万个。","url":"https://twitter.com/StgcdL/status/1314228937019457537","username":"stgcd"},{"relevant_topic_guid":"49f087bfa157a8872e08b003b9e7f424","cnt_retweet":"0","publish_time":"20201009082454","page_action_type":"07","cnt_agree":"0","topic_guid":"49f087bfa157a8872e08b003b9e7f424","userid":"davidlu1709","cnt_comment":"1","content":"人民日报刚刚在八号刊发拉动内需，数字人民币红包就来了！https://t.co/K0xirTdVuE","url":"https://twitter.com/davidlu1709/status/1314361157084299265","username":"Davidlu"},{"relevant_topic_guid":"4dfe44ca60e0a80edc366fd4a05d4fc5","cnt_retweet":"0","publish_time":"20201003192950","page_action_type":"07","cnt_agree":"0","topic_guid":"4dfe44ca60e0a80edc366fd4a05d4fc5","userid":"0xzxcom","cnt_comment":"0","content":"数字人民币与Libra会擦出怎样的火花？ https://t.co/gh6nW5T66O","url":"https://twitter.com/0xzxcom/status/1312354168841990144","username":"0x资讯"},{"relevant_topic_guid":"e6e1a0958713ba1503438bc2760e6826","cnt_retweet":"0","publish_time":"20201009084942","page_action_type":"07","cnt_agree":"0","topic_guid":"e6e1a0958713ba1503438bc2760e6826","userid":"youbin1958","cnt_comment":"0","content":"深圳打响数字人民币发令第一枪 https://t.co/rZMXDROwKY","url":"https://twitter.com/youbin1958/status/1314367398166683654","username":"Carlota(武汉人)"},{"relevant_topic_guid":"10e154252d31fe6683fbad0a6de3ac76","cnt_retweet":"0","publish_time":"20200929083913","page_action_type":"07","cnt_agree":"0","topic_guid":"10e154252d31fe6683fbad0a6de3ac76","userid":"sunshin30415155","cnt_comment":"0","content":"开始推行数字人民币了。 https://t.co/PrL7mnE3Za","url":"https://twitter.com/sunshin30415155/status/1310740881499013120","username":"sunshine"},{"relevant_topic_guid":"2ea487edc4e3793c1bb35f25cb249075","cnt_retweet":"0","publish_time":"20201009085949","page_action_type":"07","cnt_agree":"1","topic_guid":"2ea487edc4e3793c1bb35f25cb249075","userid":"kilakila233","cnt_comment":"0","content":"中国观察292近日，深圳罗湖区，数字人民币（赛博粮票）试发行 https://t.co/FECdw9K65a","url":"https://twitter.com/kilakila233/status/1314369945522839553","username":"kilakila"},{"relevant_topic_guid":"276b22d7df2bae1c0be305580d88e5a9","cnt_retweet":"0","publish_time":"20201007111300","page_action_type":"07","cnt_agree":"0","topic_guid":"276b22d7df2bae1c0be305580d88e5a9","userid":"Banzhuan4","cnt_comment":"0","content":"中央银行官员公布首批数字人民币试点结果 https://t.co/3WNexrecQV","url":"https://twitter.com/Banzhuan4/status/1313678686076297217","username":"Banzhuan"},{"relevant_topic_guid":"d555c89621f48c1ab362544fed596ff8","cnt_retweet":"0","publish_time":"20201008222338","page_action_type":"07","cnt_agree":"0","topic_guid":"d555c89621f48c1ab362544fed596ff8","userid":"Sanford_Jiang","cnt_comment":"0","content":"数字人民币APP来了 https://t.co/H1k2YGpl6D","url":"https://twitter.com/Sanford_Jiang/status/1314209845109690370","username":"San"},{"relevant_topic_guid":"cbeeb41302efcbf2f4475401e1f66abd","cnt_retweet":"0","publish_time":"20201009000859","page_action_type":"07","cnt_agree":"1","topic_guid":"cbeeb41302efcbf2f4475401e1f66abd","userid":"lvv2com","cnt_comment":"0","content":"【深圳市罗湖区开展数字人民币红包试点】本次试点由深圳市罗湖区出资，面向在深个人发放1000万元“礼享罗湖数字人民币红包”，每个红包金额为200元，红包数量共计5万个。此次活动是数字人民币研发过程中的一次常规性测试。 https://t.co/LbCQBKDYVC","url":"https://twitter.com/lvv2com/status/1314236356944695305","username":"Lvv2.com"},{"relevant_topic_guid":"4ce5e7b742ed721ca76b01d5e2e83e53","cnt_retweet":"0","publish_time":"20200924140806","page_action_type":"07","cnt_agree":"0","topic_guid":"4ce5e7b742ed721ca76b01d5e2e83e53","userid":"imRhythm","cnt_comment":"1","content":"数字人民币能不能炒股？*","url":"https://twitter.com/imRhythm/status/1309011708032299009","username":"Rhythm*"},{"relevant_topic_guid":"1bc0e75817acc0c6544d9c74b1cb72ce","cnt_retweet":"0","publish_time":"20201001011726","page_action_type":"07","cnt_agree":"0","topic_guid":"1bc0e75817acc0c6544d9c74b1cb72ce","userid":"XiaoZhen0537","cnt_comment":"0","content":"央行数字人民币将接入中小银行，复用现有的支付清算系统 https://t.co/B83fGxIyBd","url":"https://twitter.com/XiaoZhen0537/status/1311354478709403648","username":"每日头条 - 时事百科抢先看"},{"relevant_topic_guid":"a96c52f763ae29e2df6a9de5cf0fc17c","cnt_retweet":"0","publish_time":"20201009030600","page_action_type":"07","cnt_agree":"2","topic_guid":"a96c52f763ae29e2df6a9de5cf0fc17c","userid":"mt4vip","cnt_comment":"0","content":"Mt4vip - #CNY #外汇买卖 #实时汇率 #MT4 “中国数字货币正快速推广 近期300万单交易11亿元”Mt4资讯站据报道，这种数字货币正在多种支付方式中使用，包括面部识别、点击即走交易和条形码扫描。中国人民银行副行长范一飞表示：中国人民银行将数字人民币视为未来重要的金融基础设施。 https://t.co/WNqioJdsKP","url":"https://twitter.com/mt4vip/status/1314280903548362752","username":"MT4.com"},{"relevant_topic_guid":"c26000319bfbfc93b692e413b4195c81","cnt_retweet":"2","publish_time":"20201008225805","page_action_type":"07","cnt_agree":"26","topic_guid":"c26000319bfbfc93b692e413b4195c81","userid":"YANGZHONGWEI2","cnt_comment":"13","content":"深圳市人民政府近期联合人民银行开展了数字人民币红包试点。本次试点由深圳市罗湖区出资，将一定金额的资金以数字人民币红包的方式发放至在深个人数字人民币钱包，社会公众可持发放的数字人民币红包在有效期内至罗湖区指定的商户进行消费。 https://t.co/EzNF3gbv5t","url":"https://twitter.com/YANGZHONGWEI2/status/1314218513784082432","username":"kitty"},{"relevant_topic_guid":"5560d12498169d806aa472cdc5b03813","cnt_retweet":"0","publish_time":"20200925101739","page_action_type":"07","cnt_agree":"0","topic_guid":"5560d12498169d806aa472cdc5b03813","userid":"XiaoZhen0537","cnt_comment":"0","content":"内部封测进行中 数字人民币研发获阶段性成果 https://t.co/F1BM19l2cS","url":"https://twitter.com/XiaoZhen0537/status/1309316101461995522","username":"每日头条 - 时事百科抢先看"},{"relevant_topic_guid":"eb2c5fa473fe2971713882b1e52e4329","cnt_retweet":"1","publish_time":"20201001113711","page_action_type":"07","cnt_agree":"1","topic_guid":"eb2c5fa473fe2971713882b1e52e4329","userid":"nanyangpress","cnt_comment":"0","content":"美国经济情势勾连选情，为免市场动荡，中美金融界停战。由于选战疫情连袭，两国金融关系走向，面对宽松美元与数字人民币互动的未来。 https://t.co/nsWOb5IuaL https://t.co/LKKtA4gcFg","url":"https://twitter.com/nanyangpress/status/1311510446915035136","username":"南洋商报eNanyang"},{"relevant_topic_guid":"56e487467a2fdf606e17d9be4e32cbbe","cnt_retweet":"0","publish_time":"20201009102119","page_action_type":"07","cnt_agree":"0","topic_guid":"56e487467a2fdf606e17d9be4e32cbbe","userid":"jike_collection","cnt_comment":"1","content":"1. 诺贝尔文学奖揭晓：美国诗人Louise Glück获奖2. 深圳市罗湖区开展数字人民币红包试点3. 无锡火车站为特殊人群设置无健康码通道4. 苏宁旗下SN战队小组第一晋级英雄联盟全球总决赛八强5. 吉利德宣布向欧洲出售相当于50万个疗程的瑞德西韦6. 吉尔吉斯…","url":"https://twitter.com/jike_collection/status/1314390456084516864","username":"即刻精选"},{"relevant_topic_guid":"11b1f3122fe7ec6205ec7f30aec28598","cnt_retweet":"0","publish_time":"20200929202947","page_action_type":"07","cnt_agree":"0","topic_guid":"11b1f3122fe7ec6205ec7f30aec28598","userid":"jimmy_newby","cnt_comment":"0","content":"纽時分析\"美國對中國贸易，科技，金融戰，下手狠，短期有殺傷力，但激發起了國內危機意識\" 。疫情推慢了全球經濟，中国有了喘息机會，快速復甦，條整国策。打壓反過來變成建設性。例如大量外滙買美糧，疫苗外交，加快中国芯研发，数字人民币的崛起，都是拜川建國所赐，所以话中南海未必希望佢败選！","url":"https://twitter.com/jimmy_newby/status/1310919702177222656","username":"JimmyNewby"},{"relevant_topic_guid":"fb01bb27a15658481cf80cdc5b161dc8","cnt_retweet":"0","publish_time":"20200926053224","page_action_type":"07","cnt_agree":"2","topic_guid":"fb01bb27a15658481cf80cdc5b161dc8","userid":"lianghuimin0123","cnt_comment":"0","content":"所有交易都使用数字人民币不就一劳永逸了吗","url":"https://twitter.com/lianghuimin0123/status/1309606706524172289","username":"梁惠民"},{"relevant_topic_guid":"b8996c8941cdff6f3b236336b526cb3b","cnt_retweet":"0","publish_time":"20200930231348","page_action_type":"07","cnt_agree":"0","topic_guid":"b8996c8941cdff6f3b236336b526cb3b","userid":"mtW82xn57QFNQm9","cnt_comment":"0","content":"小鸥说区块链：花“数字人民币”，你准备好了吗 https://t.co/xUCpORzaMa via @YouTube","url":"https://twitter.com/mtW82xn57QFNQm9/status/1311323368122007558","username":"Meilian Studio"},{"relevant_topic_guid":"d86206ab7948c0abb6247fdff5b14817","cnt_retweet":"0","publish_time":"20200924083107","page_action_type":"07","cnt_agree":"0","topic_guid":"d86206ab7948c0abb6247fdff5b14817","userid":"ChainNewscom","cnt_comment":"0","content":"【央行副行长范一飞：需拟定专门针对数字人民币的监管要求】链闻消息，据经济参考报报道，中国人民银行副行长范一飞表示，数字人民币具有数字化特征，并不完全适用实物现金流通监管规则，需拟定专门针对数字人民币的监管要求，做好数字人民币…… https://t.co/R3Ib8KO70d","url":"https://twitter.com/ChainNewscom/status/1308926905748459522","username":"链闻 ChainNews"},{"relevant_topic_guid":"36b269574f2569440cbd70742fc5edee","cnt_retweet":"0","publish_time":"20200922202735","page_action_type":"07","cnt_agree":"1","topic_guid":"36b269574f2569440cbd70742fc5edee","userid":"delokkkk","cnt_comment":"1","content":"中国人民银行数字货币研究所与京东数科近日正式达成战略合作，以数字人民币项目为基础，共同推动移动基础技术平台、区块链技术平台等研发建设，并结合京东集团现有场景，共同促进数字人民币的移动应用功能创新及线上、线下场景的落地应用，推进数字人民币钱包生态建设。#dcep","url":"https://twitter.com/delokkkk/status/1308382433117483010","username":"kk德米安"},{"relevant_topic_guid":"1f84a2cd366b1a50bd50663d3d4d0abe","cnt_retweet":"0","publish_time":"20200918212737","page_action_type":"07","cnt_agree":"0","topic_guid":"1f84a2cd366b1a50bd50663d3d4d0abe","userid":"tiger75639174","cnt_comment":"0","content":"陈虎：中国的数字人民币，似乎来的很急迫！https://t.co/6pbqeZ5pXo","url":"https://twitter.com/tiger75639174/status/1306947989164961802","username":"tiger"},{"relevant_topic_guid":"27563bbe79755719591e081ea96ee468","cnt_retweet":"0","publish_time":"20200921135614","page_action_type":"07","cnt_agree":"0","topic_guid":"27563bbe79755719591e081ea96ee468","userid":"newsm2005","cnt_comment":"0","content":"好像看明白了，数字人民币 其实是又一次挑战蒙代尔三角的尝试","url":"https://twitter.com/newsm2005/status/1307921558317527040","username":"newsm2005"},{"relevant_topic_guid":"32befede62b2d0617bb294e7bfc215d6","cnt_retweet":"0","publish_time":"20200919182036","page_action_type":"07","cnt_agree":"0","topic_guid":"32befede62b2d0617bb294e7bfc215d6","userid":"thomas19098","cnt_comment":"0","content":"@Emi2020JP 这个话题已经没有意义了,现在都是支付宝,下一步是数字人民币","url":"https://twitter.com/thomas19098/status/1307263313001160705","username":"thomas19098"},{"relevant_topic_guid":"19afc02c2cac2ef97b526aceb8db1eae","cnt_retweet":"0","publish_time":"20200921181711","page_action_type":"07","cnt_agree":"2","topic_guid":"19afc02c2cac2ef97b526aceb8db1eae","userid":"ChainNewscom","cnt_comment":"1","content":"【中国人民银行数字货币研究所与京东数科正式达成战略合作】链闻消息，据 36 氪报道，中国人民银行数字货币研究所与京东数科正式达成战略合作，双方以数字人民币项目为基础，共同推动移动基础技术平台、区块链技术平台等研发建设；并结合…… https://t.co/6gubdbUK32","url":"https://twitter.com/ChainNewscom/status/1307987229390843906","username":"链闻 ChainNews"},{"relevant_topic_guid":"e8c979c1f836ca7e2bac259b04683834","cnt_retweet":"0","publish_time":"20200918180611","page_action_type":"07","cnt_agree":"0","topic_guid":"e8c979c1f836ca7e2bac259b04683834","userid":"ChainNewscom","cnt_comment":"0","content":"【邹传伟：从范一飞观点解读数字人民币经济学与技术属性】人民银行对数字人民币有清晰的战略谋划，核心观点可谓「一以贯之」。 https://t.co/EXPyOq1DVw","url":"https://twitter.com/ChainNewscom/status/1306897298308444160","username":"链闻 ChainNews"},{"relevant_topic_guid":"330283df9aba56dcd4d2015e71ab6f31","cnt_retweet":"0","publish_time":"20200922213135","page_action_type":"07","cnt_agree":"0","topic_guid":"330283df9aba56dcd4d2015e71ab6f31","userid":"ImTuzaZ2JRxBfN9","cnt_comment":"0","content":"欧洲多家央行高管：央行数字货币无需区块链技术　瑞士央行董事会候补成员Thomas Moser和德意志联邦银行支付系统分析部门主管Martin Diehl在9月21日举办的欧洲区块链2020虚拟大会上讨论了央行数字货币问题，他们似乎都认为包括中国人民银行拟发行“数字人民币”在内的央行数字货币并不需要使用区块链技术 https://t.co/gLJCPNbAYv","url":"https://twitter.com/ImTuzaZ2JRxBfN9/status/1308398539219894273","username":"陈峰"},{"relevant_topic_guid":"5f496e761152eab1d9fbd2bc0004f5b6","cnt_retweet":"0","publish_time":"20200918103622","page_action_type":"07","cnt_agree":"0","topic_guid":"5f496e761152eab1d9fbd2bc0004f5b6","userid":"honghuzhizhi7","cnt_comment":"0","content":"解析数字人民币政策如何抢走了人民的每一分钱 https://t.co/PNZbMb14LT 来自 @Gnews202064","url":"https://twitter.com/honghuzhizhi7/status/1306784097990254593","username":"jianghehuhai"},{"relevant_topic_guid":"704b5dce93dc79f7de626d2598ad02b4","cnt_retweet":"0","publish_time":"20200918095803","page_action_type":"07","cnt_agree":"1","topic_guid":"704b5dce93dc79f7de626d2598ad02b4","userid":"doitaus","cnt_comment":"0","content":"这篇文章对中国央行数字货币提供了更多信息最主要的一点，数字人民币主要定位于 M0。但不清楚的是，对一方是M0， 对另一方可能就M1，如何转换？https://t.co/B2swx0b1Uv","url":"https://twitter.com/doitaus/status/1306774455386075139","username":"沧海一声笑"},{"relevant_topic_guid":"0c580ff850e196dae34e267db05623e7","cnt_retweet":"0","publish_time":"20200917115204","page_action_type":"07","cnt_agree":"0","topic_guid":"0c580ff850e196dae34e267db05623e7","userid":"music5599","cnt_comment":"0","content":"中国资产预警之数字人民币陷阱https://t.co/xOCep2ymBI","url":"https://twitter.com/music5599/status/1306440761076936705","username":"music5599守护正义良知～搬家新居safechat.com，新家用户名：music5599"},{"relevant_topic_guid":"f64e450566bbf9a73d6d9c4d132a5bc8","cnt_retweet":"0","publish_time":"20200918133200","page_action_type":"07","cnt_agree":"0","topic_guid":"f64e450566bbf9a73d6d9c4d132a5bc8","userid":"CGTradeofficial","cnt_comment":"0","content":"【数字人民币将从替代现金入手】*近日，中国人民银行副行长范一飞发表了《关于数字人民币M0定位的政策含义分析》一文，详解数字人民币。*文章指出，数字人民币是由人民银行发行的数字形式的法定货币，由指定运营机构参与运营并向公众兑换，与纸钞和硬币等价。#CBDC #RMB #China https://t.co/9tE0ShpnoS","url":"https://twitter.com/CGTradeofficial/status/1306828296445808640","username":"CGTrade"},{"relevant_topic_guid":"18b5ddcdccf8d481fe02e1fcc51a53c1","cnt_retweet":"0","publish_time":"20200917171701","page_action_type":"07","cnt_agree":"0","topic_guid":"18b5ddcdccf8d481fe02e1fcc51a53c1","userid":"siambir1","cnt_comment":"0","content":"数字人民币：不可拒收，不可兑换黄金，不可兑换外汇，无利息，360无死角追踪。海外房产不只是房产，更多的是分散单一货币资产风险的一种方式和载体而已提前做好海外资产配置规划[握手] https://t.co/dSGaaDDllk","url":"https://twitter.com/siambir1/status/1306522535169843200","username":"暹罗飞鸟"},{"relevant_topic_guid":"f51b379fa1fd2dadd85c61e99fc4857e","cnt_retweet":"0","publish_time":"20200917081811","page_action_type":"07","cnt_agree":"0","topic_guid":"f51b379fa1fd2dadd85c61e99fc4857e","userid":"ChainNewscom","cnt_comment":"0","content":"【中国金融杂志：探讨后疫情时期数字人民币发展机遇】疫情提高了大众对于法定数字货币的认知与接受程度，而法定数字货币亦可以丰富货币政策手段，更好助力经济复苏。 https://t.co/TKnqAeupk9","url":"https://twitter.com/ChainNewscom/status/1306386935829721088","username":"链闻 ChainNews"},{"relevant_topic_guid":"61cf149b711d355aaaf5b818299082d2","cnt_retweet":"0","publish_time":"20200919011604","page_action_type":"07","cnt_agree":"0","topic_guid":"61cf149b711d355aaaf5b818299082d2","userid":"fripig","cnt_comment":"0","content":"https://t.co/h5wtJ7JPAa (科技爱好者周刊（第 125 期）：数字人民币要取代谁 - 阮一峰的网络日志) 講的冠冕堂皇XDD https://t.co/cVvotA0oiR","url":"https://twitter.com/fripig/status/1307005479743299585","username":"游泳褲"},{"relevant_topic_guid":"2b3f9878f78095faee3c81ac7f9d1726","cnt_retweet":"0","publish_time":"20200917160311","page_action_type":"07","cnt_agree":"0","topic_guid":"2b3f9878f78095faee3c81ac7f9d1726","userid":"ttkwe","cnt_comment":"0","content":"央行:数字人民币不计息 网炸锅 曾庆红1个银行就诈1560亿 中国多省拖欠教师工资 - https://t.co/SsD3FbrVsj","url":"https://twitter.com/ttkwe/status/1306503954637889536","username":"tom1"},{"relevant_topic_guid":"1ad76e654ce6a4c0c19be7969d29496b","cnt_retweet":"0","publish_time":"20200917203813","page_action_type":"07","cnt_agree":"0","topic_guid":"1ad76e654ce6a4c0c19be7969d29496b","userid":"ryxtony","cnt_comment":"0","content":"#PLUSTOKENPLUS TOKEN--如何理解应由商业银行承担向公众兑换数字人民币的职能？09-17-2020https://t.co/Prf8GJ9uLs","url":"https://twitter.com/ryxtony/status/1306573169868890112","username":"美国恩典与希望留学饶博士"},{"relevant_topic_guid":"110eb043fead0b36669ed680a1e835f8","cnt_retweet":"0","publish_time":"20200917095506","page_action_type":"07","cnt_agree":"0","topic_guid":"110eb043fead0b36669ed680a1e835f8","userid":"ChainNewscom","cnt_comment":"0","content":"【王永利：数字人民币只是现金替代，兑换业务将由指定银行办理】数字人民币局限于替代现金，在管理制度、运行规则等方面基本保持不变，不会对现有金融体系产生重大影响。 https://t.co/YJ8XiOoc1E","url":"https://twitter.com/ChainNewscom/status/1306411323505377280","username":"链闻 ChainNews"},{"relevant_topic_guid":"bf32949b4aa10ad77bca7d2e27c8e156","cnt_retweet":"0","publish_time":"20200917045201","page_action_type":"07","cnt_agree":"1","topic_guid":"bf32949b4aa10ad77bca7d2e27c8e156","userid":"aozxw","cnt_comment":"0","content":"央行:数字人民币不计息 曾庆红1个银行就诈1560亿 中国多省拖欠教师工资 - 澳洲新闻网 https://t.co/8HzsaGdjN0 #中共 #中国 #人民币 #堪培拉 #曾庆红 #澳大利亚 #澳洲 #澳洲进口 #美国","url":"https://twitter.com/aozxw/status/1306335050565259264","username":"澳洲新闻网"},{"relevant_topic_guid":"ab61e5095c8541946bd50f0bc95b7d03","cnt_retweet":"0","publish_time":"20201013130254","page_action_type":"07","cnt_agree":"0","topic_guid":"ab61e5095c8541946bd50f0bc95b7d03","userid":"belsep","cnt_comment":"0","content":"有几个同事都抽中数字人民币测试，白嫖200，然而我没有中签，抽奖绝缘体质再次发功","url":"https://twitter.com/belsep/status/1315880671240286209","username":"leowong"},{"relevant_topic_guid":"19afc02c2cac2ef97b526aceb8db1eae","cnt_retweet":"0","publish_time":"20200922205756","page_action_type":"08","cnt_agree":"0","topic_guid":"fe0161f6c536badad7c9825207f97673","userid":"junxu23049031","cnt_comment":"0","content":"@ChainNewscom 京东数科是京东的？","url":"https://twitter.com/junxu23049031/status/1308390071460978689","username":"junxu"}]