[{"relevant_topic_guid":"4989b86fb7bfd79933fffa08211a484e","cnt_retweet":"0","publish_time":"20210902131323","page_action_type":"08","cnt_agree":"0","topic_guid":"ba82574b159ab69be9fccf10e42bdbb5","userid":"chanjac55577787","cnt_comment":"0","content":"@BigOneWD @YouTube 1折倒賣面具人最高級實戰群全部同步消息，詳情可以看我youtube頻道。 youtube搜尋 ‘面具人實戰群一折倒賣’","url":"https://twitter.com/chanjac55577787/status/1433296975982579716","username":"chan jack"},{"relevant_topic_guid":"cd02bdf0702b8375c8b1770e6c1781ea","cnt_retweet":"0","publish_time":"20210717111826","page_action_type":"08","cnt_agree":"0","topic_guid":"67d8bd436a35c092838fa90828687e29","userid":"lukasgn94","cnt_comment":"0","content":"@jolestar thanks ser!","url":"https://twitter.com/lukasgn94/status/1416235820059594752","username":"Lukas"},{"relevant_topic_guid":"2608a5eb1387362ffd253a1bb2c2ae5c","cnt_retweet":"0","publish_time":"20210717103936","page_action_type":"08","cnt_agree":"0","topic_guid":"7f1771af00a3b6e2a20e947e81be4d82","userid":"mntcreep","cnt_comment":"0","content":"@PDChina @PopescuCo So you know when there is unrest in a Country and they want to contain it they shut down Social Media? When it is better to shut off someone\u0027s wallet. When trucking companies can\u0027t locate a driver they will shut off his fuel card.","url":"https://twitter.com/mntcreep/status/1416226047826223106","username":"john"},{"relevant_topic_guid":"554c225fa0f5f50d0b06e706d23307cd","cnt_retweet":"0","publish_time":"20210717023531","page_action_type":"08","cnt_agree":"0","topic_guid":"ed38462668c6dfb22ee1cbfaa6609582","userid":"codycoxharrison","cnt_comment":"0","content":"@BTCTN no matter how long it takes it\u0027s a matter of time currency is always higher","url":"https://twitter.com/codycoxharrison/status/1416104223515631616","username":"Cody cox Harrison"},{"relevant_topic_guid":"2608a5eb1387362ffd253a1bb2c2ae5c","cnt_retweet":"0","publish_time":"20210718012738","page_action_type":"08","cnt_agree":"0","topic_guid":"378a296151ad619c8bf8ec9a67ec28b3","userid":"Eory7HSNOvlTCU3","cnt_comment":"0","content":"@PDChina @Ambassador_Liu 共产党发祥地之一“南湖红船”的公检法，它们胡作非为的权力完全可以架空习总书记为核心的党中央政府，正面为以人为本的法治中国作对，破坏国家和党的公信力，本人向“国家信访局”反映转交当地，它们还是颠倒黑白，偷换概念的答复，完全不把中央高层放在眼里，这些败类不除国难泰，民难安。详情朌见推文 https://t.co/NJrqTki6xh","url":"https://twitter.com/Eory7HSNOvlTCU3/status/1416449528505327616","username":"南湖红船精神公检法某些人制造冤案（中国水军勿来拉黑）"},{"relevant_topic_guid":"6a819fa81422601cd9f4b2d81f069776","cnt_retweet":"0","publish_time":"20210702203204","page_action_type":"08","cnt_agree":"0","topic_guid":"509eb2b22ef02d4867a4ad52050fbd5f","userid":"wowsingwind","cnt_comment":"0","content":"@XinhuaChinese Errr","url":"https://twitter.com/wowsingwind/status/1410939327362732032","username":"焦色"},{"relevant_topic_guid":"376cba92c4237795ecee04a93df25cac","cnt_retweet":"1","publish_time":"20210717002931","page_action_type":"08","cnt_agree":"1","topic_guid":"2ec127903dd23989d297348fbbdb91ae","userid":"riyad_f_carey","cnt_comment":"0","content":"\"Cryptocurrencies... are claimed to be decentralized and entirely anonymous. However, given their lack of intrinsic value, acute price fluctuations, low trading efficiencies and huge energy consumption, they can hardly serve as currencies used in daily economic activities.\"","url":"https://twitter.com/riyad_f_carey/status/1416072514753675264","username":"Riyad Carey"},{"relevant_topic_guid":"a9cde6d48083ccf77f1065883cdf2265","cnt_retweet":"0","publish_time":"20210717000944","page_action_type":"08","cnt_agree":"0","topic_guid":"0f032c2ea75b5577451aa5259738f183","userid":"AlishaW91106374","cnt_comment":"0","content":"@crypto__mak *@Libonomy  smart contracts can be programmed to do complicated tasks without the need of coding skills. Complex ERP solutions or project crowdfunding can be made by anyone!*#Libonomy #LBY #cryptocurrency #investmentoftheyear","url":"https://twitter.com/AlishaW91106374/status/1416067535896723457","username":"Alisha Walters"},{"relevant_topic_guid":"85c78bd062cf8e22a3c44d138f04b0ea","cnt_retweet":"0","publish_time":"20210721190435","page_action_type":"08","cnt_agree":"0","topic_guid":"bd94333362346c5f18cd3ffccc56a46d","userid":"chubbylover009","cnt_comment":"0","content":"@Crypto_Chic_ *** $YUAN | Yuán 猿 ***        RECENTLY FAIR LAUNCHED** 100Q Supply** 60Q burned**Liquidity Token Burned** 2% Fee Redistributed 2 Holders** 100T BUY \u0026amp; SELL Limit @ Once** 2 Live Utility Products ** $YUAN - We Are, Rug-Proof** https://t.co/gZVu68I3Tu #1inch https://t.co/DmMyxRCkQa","url":"https://twitter.com/chubbylover009/status/1417802681247322115","username":"Crypto Lover"},{"relevant_topic_guid":"d3b9bf5f0f5ece6b6d2d379cc9b2d80e","cnt_retweet":"0","publish_time":"20210711092924","page_action_type":"08","cnt_agree":"0","topic_guid":"f26b7b397fdc062ffd3de7a3dd454720","userid":"zhonghuaminguo5","cnt_comment":"0","content":"@136miggoodkill 你们的数字货币说白了就是新时代的粮票，布票，副食品票。过去，你买东西有钱没票的话，那售货员是不会卖给你的。如今，数字货币的环境下后台程序就能控制这一切，你这个月已经买了三斤肉了，再买第四斤就会交易失败。这跟过去的肉票有毛区别？","url":"https://twitter.com/zhonghuaminguo5/status/1414034054534426626","username":"zhonghuaminguo1911"},{"relevant_topic_guid":"e4af996ed6a6511eacbdfd000d70f841","cnt_retweet":"0","publish_time":"20210706225157","page_action_type":"08","cnt_agree":"0","topic_guid":"09476393db578a29662e6227abab772a","userid":"5XL_Fat","cnt_comment":"0","content":"@ggarlic 支付宝，微信支付倒是到处都能用。","url":"https://twitter.com/5XL_Fat/status/1412424084433031180","username":"Lazy \u0026 Fat@よわよわエンジニア**"},{"relevant_topic_guid":"1958431a8b4ceed7f295e000904693c9","cnt_retweet":"0","publish_time":"20210717074425","page_action_type":"08","cnt_agree":"0","topic_guid":"fe9bfd96a8c5771659c848a2b5c71a9e","userid":"davefighter2","cnt_comment":"0","content":"@CryptoAmb ATTENTION! #babyshibainu is about to explode! BIG lined up promotion is incoming ! Sunday SHOWDOWN with CMC + Binance Community Promotion and HUGE BTOK marketing! *❤️@babyshibatokenhttps://t.co/AjAd9JKeMb #shibainu #BinanceSmartChain @elonmusk #elonMusk","url":"https://twitter.com/davefighter2/status/1416181959609372674","username":"CRYPTO-DAVE"},{"relevant_topic_guid":"65c02dbaed39bce92071d249f3a18df5","cnt_retweet":"0","publish_time":"20210709132342","page_action_type":"08","cnt_agree":"0","topic_guid":"4e3ced4602364b2aa10ea0abf8991ecf","userid":"linyan2005","cnt_comment":"0","content":"@rijingzhongwen 美国不要跟着中国亦步亦趋，那很危险。中国的决策有其历史文化背景，有其发展现状背景，是适合中国的。美国照搬中国政策，可能会造成水土不服，美国一地震，全球跟着晃。美国很重要，要找到适合自己的路线图，在面对中国快速前进中要保持冷静与理智、客观，不要一时冲动胡乱决策，上马不合适的政策。","url":"https://twitter.com/linyan2005/status/1413368242974822400","username":"林炎"},{"relevant_topic_guid":"91c56e94de18d96d6b72a08eeb29ff3d","cnt_retweet":"0","publish_time":"20210706103652","page_action_type":"08","cnt_agree":"0","topic_guid":"b2a0482d18d37fa1c5d0545c0dd9f07a","userid":"funtttt","cnt_comment":"0","content":"@lvv2com 上一波强推是 高速公路ETC","url":"https://twitter.com/funtttt/status/1412239090892693505","username":"牛皮糖"},{"relevant_topic_guid":"35cc4e8a5abb85b2e58110046b4b8206","cnt_retweet":"0","publish_time":"20210626185523","page_action_type":"08","cnt_agree":"0","topic_guid":"6087a209c298c04048cfa73e1598969e","userid":"Krzyszt36683754","cnt_comment":"0","content":"@RadekPyffel Wie Pan jak testy idą ?","url":"https://twitter.com/Krzyszt36683754/status/1408740668667740163","username":"Krzysztof"},{"relevant_topic_guid":"dc78d02be364e091f0f219294e83857c","cnt_retweet":"0","publish_time":"20210716212254","page_action_type":"08","cnt_agree":"0","topic_guid":"ca5960b907cb905caca2ca8f147e1377","userid":"littlebitcoiner","cnt_comment":"0","content":"@kwerb Just like every other “super power” who wants to be everything to everybody","url":"https://twitter.com/littlebitcoiner/status/1416025549143642115","username":"A Little Bit Coin"},{"relevant_topic_guid":"c74c44f419460ab397999168a971d21f","cnt_retweet":"0","publish_time":"20210716224944","page_action_type":"08","cnt_agree":"5","topic_guid":"401cfba84ef60bea7bd1d85b27e435d6","userid":"AndrewGalito","cnt_comment":"0","content":"@CGTNOfficial Best news of the century...so far","url":"https://twitter.com/AndrewGalito/status/1416047401383698444","username":"Andrew Galito"},{"relevant_topic_guid":"c74c44f419460ab397999168a971d21f","cnt_retweet":"0","publish_time":"20210717005317","page_action_type":"08","cnt_agree":"0","topic_guid":"fe99b5966f5a7887d3fec45bf04f41f0","userid":"MetsubouuJinrai","cnt_comment":"0","content":"@CGTNOfficial @Foxxer_SA","url":"https://twitter.com/MetsubouuJinrai/status/1416078497362087942","username":"LULcas"},{"relevant_topic_guid":"619e204f8062c20512255ba1cf481f22","cnt_retweet":"0","publish_time":"20210629164242","page_action_type":"08","cnt_agree":"0","topic_guid":"de0543b8be170e286e41c9a12f8e4b1c","userid":"dessiecheung","cnt_comment":"0","content":"@SherryX54681322 Based on the distinctiveness of its story, investors’ curiosities and fear of missing opportunities to create wealth have made Bitcoin the most speculative type of thing. But how do we make sense of Bitcoin? | diem Fortune https://t.co/w72iDFbX0S","url":"https://twitter.com/dessiecheung/status/1409794441297022977","username":"Dessie Cheung"},{"relevant_topic_guid":"7ce0c1def2d1ea4cdc697e1c35eee965","cnt_retweet":"0","publish_time":"20210627034057","page_action_type":"08","cnt_agree":"0","topic_guid":"a141c3e810b1192072fe24583798d9cc","userid":"aillied1","cnt_comment":"0","content":"@xiaopujiang 就好比人人都想抢夺数量有限但没有什么意义的黄金（虽然仅仅是我的个人观点）","url":"https://twitter.com/aillied1/status/1408872932651286534","username":"aillied"},{"relevant_topic_guid":"4ff56473e8b89600333087241708c736","cnt_retweet":"0","publish_time":"20210716211150","page_action_type":"08","cnt_agree":"1","topic_guid":"15c6774eb5fab54f1d876632a3597a48","userid":"sbmeunier","cnt_comment":"0","content":"@Kiffmeister Will it be a liability in the CB balance sheet?How is it different from reserves if only institutions get first hand access to it?","url":"https://twitter.com/sbmeunier/status/1416022764159393792","username":"Sebastien Meunier"},{"relevant_topic_guid":"92dfd174e1eaecb4779b4453b74fa05f","cnt_retweet":"0","publish_time":"20210627095850","page_action_type":"08","cnt_agree":"0","topic_guid":"a91dfc1252c8927c8b8e1142926de1ef","userid":"wpeace4886","cnt_comment":"0","content":"@tom65360166 @_Checkmatey_ 中國人有傻到乖乖地幫中共挖礦嗎? 怎麼可能偷偷的挖 別人沒辦法挖更多嗎?人民都已經打壓成這樣 還要等數位人民幣嗎? 有了比特幣何必繼續當韭菜?","url":"https://twitter.com/wpeace4886/status/1408968031796023296","username":"TWpeace4886"},{"relevant_topic_guid":"992291ed09a6847a80db6fcf426e594f","cnt_retweet":"1","publish_time":"20210627233846","page_action_type":"08","cnt_agree":"3","topic_guid":"6c197d33af27fc161c3a1e38187da935","userid":"moto82421756","cnt_comment":"0","content":"@Chav44879501 @asyourdays 我再回一遍不明就里的说，为何不坚持改革开放？坚持改革开放，老龄化产业大外迁，设备，人才，资本全跑光。最后断子绝孙弄点钱，一分都没留下，但老人你必须养着。日本企业在上议院有代表，中国上议院有实权吗？往回汇款支持财政，呵呵呵，幼儿园的吗？","url":"https://twitter.com/moto82421756/status/1409174373857169409","username":"mo to"},{"relevant_topic_guid":"ffd3ea0598ae2a581a41c8db6a7e889f","cnt_retweet":"0","publish_time":"20210716213512","page_action_type":"08","cnt_agree":"0","topic_guid":"0713e2adebbd522d3a5753a0479359af","userid":"Marketing100Exp","cnt_comment":"0","content":"@DaniREscudero @beincrypto_es Mientras no vea el código no lo creo.","url":"https://twitter.com/Marketing100Exp/status/1416028645131440139","username":"Crypto Moon"},{"relevant_topic_guid":"35cc4e8a5abb85b2e58110046b4b8206","cnt_retweet":"0","publish_time":"20210626192420","page_action_type":"08","cnt_agree":"0","topic_guid":"d55747a73cff53b2eba3be103bf67434","userid":"AndrzejPog","cnt_comment":"0","content":"@RadekPyffel Co to oznacza????.....","url":"https://twitter.com/AndrzejPog/status/1408747955360878592","username":"Obserwator"},{"relevant_topic_guid":"35cc4e8a5abb85b2e58110046b4b8206","cnt_retweet":"0","publish_time":"20210626183259","page_action_type":"08","cnt_agree":"1","topic_guid":"81d428368903c38a77f0209bc2b93cc1","userid":"lkupczak1","cnt_comment":"0","content":"@RadekPyffel Znow do pana apeluje by o tym zrobic podcast, za pare lat rzeczywistosc i w europie. Dzieki","url":"https://twitter.com/lkupczak1/status/1408735032307556360","username":"lkupczak"},{"relevant_topic_guid":"92da53a89f77e7d89bf25c2a196206b1","cnt_retweet":"0","publish_time":"20210630195654","page_action_type":"08","cnt_agree":"1","topic_guid":"d9ae82a2f527cd37ecc54af64bb53a3c","userid":"Feng2020628","cnt_comment":"0","content":"@chenwei19940207 @PDChinese 是否讓黑客黑到一無所有才滿足數字可改變數字貨幣一樣可以改變難道數字人民幣可必免改變？","url":"https://twitter.com/Feng2020628/status/1410205701562007553","username":"大山里的人"},{"relevant_topic_guid":"4ff56473e8b89600333087241708c736","cnt_retweet":"0","publish_time":"20210717024829","page_action_type":"08","cnt_agree":"1","topic_guid":"60ed1a6e770e99217993ad6743007be8","userid":"martha_bennett","cnt_comment":"0","content":"@Kiffmeister To your point \"this seems like gibberish to me\" - looks like a bad case of \"lost in translation\"; dto other parts of the paper. Will share if I can get meaningful detail.","url":"https://twitter.com/martha_bennett/status/1416107486394867719","username":"Martha Bennett"},{"relevant_topic_guid":"dc78d02be364e091f0f219294e83857c","cnt_retweet":"0","publish_time":"20210716203052","page_action_type":"08","cnt_agree":"1","topic_guid":"36ba5747e4440826966fd1a07dffed9a","userid":"BinxArt","cnt_comment":"0","content":"@kwerb Perhaps they just want to appear to.","url":"https://twitter.com/BinxArt/status/1416012454895792131","username":"BinxArt Freedom"},{"relevant_topic_guid":"fba70c97844c633f33bd3e56a3de2072","cnt_retweet":"0","publish_time":"20210629051813","page_action_type":"08","cnt_agree":"0","topic_guid":"073155b4b5d0e798eaff52805f44f3d9","userid":"btctian","cnt_comment":"0","content":"@XijinLi 历史性的意义","url":"https://twitter.com/btctian/status/1409622185686167556","username":"Lucky T"},{"relevant_topic_guid":"319024624d113aabb3e659a8f202f684","cnt_retweet":"0","publish_time":"20210716204015","page_action_type":"08","cnt_agree":"0","topic_guid":"f6f16926c8a61ea972d2ba05587bcfc2","userid":"BarTPL","cnt_comment":"0","content":"@XHNews Limes Inferior just read the book.","url":"https://twitter.com/BarTPL/status/1416014819313000448","username":"BartPL"},{"relevant_topic_guid":"35cc4e8a5abb85b2e58110046b4b8206","cnt_retweet":"0","publish_time":"20210626205213","page_action_type":"08","cnt_agree":"0","topic_guid":"d7e6d77c75cb10194f84140149f9626b","userid":"blizbor666","cnt_comment":"0","content":"@RadekPyffel A jak to prawnie wygląda? Pieniądz należy do właściciela czy Panstwa, które może zablokować posługiwanie się nim?","url":"https://twitter.com/blizbor666/status/1408770073515499522","username":"blizbor666"},{"relevant_topic_guid":"8a36a69bfff1a40036da196eb0149c26","cnt_retweet":"0","publish_time":"20210716210628","page_action_type":"08","cnt_agree":"0","topic_guid":"1800e180e8a2d32172dd058d357784ed","userid":"joonian","cnt_comment":"0","content":"@WolfieZhao also whats the URL \u0027september 2019\u0027 links to?","url":"https://twitter.com/joonian/status/1416021415887872004","username":"Wong Joon Ian"},{"relevant_topic_guid":"ac309904e2446432795138cb9f80c1f2","cnt_retweet":"0","publish_time":"20210629091729","page_action_type":"08","cnt_agree":"1","topic_guid":"a63bfbce7e7700f8b962e6f654737614","userid":"SEFATUBA3","cnt_comment":"0","content":"@WwwWwyyyyyyyy 对啊","url":"https://twitter.com/SEFATUBA3/status/1409682398938222594","username":"币圈老司机"},{"relevant_topic_guid":"f833eb8e891ce466eb10524a81e9c05b","cnt_retweet":"0","publish_time":"20210623105350","page_action_type":"08","cnt_agree":"1","topic_guid":"d4ca3ae7dce1ac8373e1438c088361f7","userid":"p_a_s_s_2","cnt_comment":"0","content":"@zbqZmqDXB44yYMG @wenyunchao 只是借鉴了，不完全是区块链，因为是中心化的货币","url":"https://twitter.com/p_a_s_s_2/status/1407532322363117568","username":"路人酱"},{"relevant_topic_guid":"59f27b1eb64d47f79002d4f95c74700a","cnt_retweet":"0","publish_time":"20210717012646","page_action_type":"08","cnt_agree":"0","topic_guid":"82b39dd2a31cccd67d9f01032297e343","userid":"JAVIDKARIMKHANI","cnt_comment":"0","content":"@WuBlockchain https://t.co/mEGAI22qvD","url":"https://twitter.com/JAVIDKARIMKHANI/status/1416086921911181320","username":"JAVID"},{"relevant_topic_guid":"59f27b1eb64d47f79002d4f95c74700a","cnt_retweet":"0","publish_time":"20210717012653","page_action_type":"08","cnt_agree":"1","topic_guid":"9639508ef5d7efe9fdda4768d330a410","userid":"JAVIDKARIMKHANI","cnt_comment":"0","content":"@WuBlockchain https://t.co/jBiaITlC2u","url":"https://twitter.com/JAVIDKARIMKHANI/status/1416086949648031745","username":"JAVID"},{"relevant_topic_guid":"59f27b1eb64d47f79002d4f95c74700a","cnt_retweet":"0","publish_time":"20210717012624","page_action_type":"08","cnt_agree":"0","topic_guid":"8e7e5aef1bb7023733fbc56ea1b50b9c","userid":"JAVIDKARIMKHANI","cnt_comment":"0","content":"@WuBlockchain https://t.co/XulVNkUOl7","url":"https://twitter.com/JAVIDKARIMKHANI/status/1416086829573488642","username":"JAVID"},{"relevant_topic_guid":"59f27b1eb64d47f79002d4f95c74700a","cnt_retweet":"0","publish_time":"20210717012646","page_action_type":"08","cnt_agree":"0","topic_guid":"47054add9780daaaf983403104507d40","userid":"JAVIDKARIMKHANI","cnt_comment":"0","content":"@WuBlockchain https://t.co/jkl7dbcWMe","url":"https://twitter.com/JAVIDKARIMKHANI/status/1416086923790196741","username":"JAVID"},{"relevant_topic_guid":"773cd0d4b62b552424fcf0e4b3f9b0a4","cnt_retweet":"0","publish_time":"20210716234159","page_action_type":"08","cnt_agree":"0","topic_guid":"860c05438730f6048b3f8380e089b95a","userid":"btc_mix","cnt_comment":"0","content":"@TheBlock__ Now, use Eyuan to buy BTC !","url":"https://twitter.com/btc_mix/status/1416060553047465986","username":"BTCmix"},{"relevant_topic_guid":"773cd0d4b62b552424fcf0e4b3f9b0a4","cnt_retweet":"0","publish_time":"20210716234036","page_action_type":"08","cnt_agree":"0","topic_guid":"1f980fb9e5534b90bc12ab3ea78e0ffb","userid":"honglm04217441","cnt_comment":"0","content":"@TheBlock__ Btc to the moon","url":"https://twitter.com/honglm04217441/status/1416060203561144325","username":"hoàng lâm"},{"relevant_topic_guid":"773cd0d4b62b552424fcf0e4b3f9b0a4","cnt_retweet":"0","publish_time":"20210717003500","page_action_type":"08","cnt_agree":"0","topic_guid":"ba5014633347d0627f1e44a56471d87c","userid":"FireSta80809671","cnt_comment":"0","content":"@TheBlock__ Eeeeh what do you think about digital €?","url":"https://twitter.com/FireSta80809671/status/1416073894050471936","username":"Fire Starter"},{"relevant_topic_guid":"c8085522b7c63c053e54aa8327cf1342","cnt_retweet":"0","publish_time":"20210717002933","page_action_type":"08","cnt_agree":"0","topic_guid":"320126270639f2e75038e686d8a1dd45","userid":"riyad_f_carey","cnt_comment":"0","content":"It follows the principle of \"anonymity for small value and traceable for high value.\"","url":"https://twitter.com/riyad_f_carey/status/1416072521544241152","username":"Riyad Carey"},{"relevant_topic_guid":"8188f051456ea4ecc189535533fd5cb7","cnt_retweet":"0","publish_time":"20210630140854","page_action_type":"08","cnt_agree":"1","topic_guid":"203959325f1256e6580accb4ad78e0ac","userid":"Good82012152","cnt_comment":"0","content":"@TragedyInChina 阿Q因为赵老爷过大寿显得很兴奋，全然忘了曾经被赵老爷赏赐的大耳光子","url":"https://twitter.com/Good82012152/status/1410118127245881349","username":"Good"},{"relevant_topic_guid":"1271b495a95441398751c12cc4d32dc8","cnt_retweet":"13","publish_time":"20210718201431","page_action_type":"08","cnt_agree":"52","topic_guid":"e5b2343791ad186fb88a44b552a00be1","userid":"nemchan_nel","cnt_comment":"0","content":"中国って事でアレだけど、仮想通貨の弱点分析してるし、法定通貨デジタル化の先進的な試みではあります！ 日本じゃ絶対マネできない(\u0026gt;\u0026lt;) 決済を国家で監視したいのでしょうね…仮想通貨との違い・中央銀行が発行 (分散でない)・金額も人民元に連動 (急変しない)・額に応じて追跡可能 (匿名でない)","url":"https://twitter.com/nemchan_nel/status/1416733118245920772","username":"バーチャル美少女ねむ⚡公式VIVEアンバサダー【人類美少女計画】"},{"relevant_topic_guid":"1271b495a95441398751c12cc4d32dc8","cnt_retweet":"0","publish_time":"20210718201254","page_action_type":"08","cnt_agree":"2","topic_guid":"bf60052aa42707a349275a4a3c1e9128","userid":"crow_neco_yah","cnt_comment":"0","content":"@nemchan_nel e-CNYって私のサインがCNYなんですけど！https://t.co/8mBLXB8qkw","url":"https://twitter.com/crow_neco_yah/status/1416732709360046081","username":"黒猫屋୨୧**＠人類美少女計画評議員(公認)"},{"relevant_topic_guid":"1271b495a95441398751c12cc4d32dc8","cnt_retweet":"0","publish_time":"20210718195535","page_action_type":"08","cnt_agree":"2","topic_guid":"728a1de4b237e536a9a5731dff9d4a8c","userid":"fo_wa","cnt_comment":"0","content":"@nemchan_nel @ogino_otaku 仮想通貨を成り立たせるのは確たる信用だが中国と言うだけで全く信用ならないぞ。","url":"https://twitter.com/fo_wa/status/1416728353227218946","username":"夜霧"},{"relevant_topic_guid":"1271b495a95441398751c12cc4d32dc8","cnt_retweet":"0","publish_time":"20210719081044","page_action_type":"08","cnt_agree":"1","topic_guid":"92cce1d30e7eecc1f3b1a1f57aa02a59","userid":"bell_daybreak","cnt_comment":"0","content":"@nemchan_nel @IHayato FF外失礼しました、これと仮想通貨は全然違いものかと。悪質な金で、金の属性も欠けていて、多分米ドルの両替ができない、金の流通に全て監視され、政府の意識でデジタルマネーが0に変えようは簡単なことです、国民が簡単に政府がコントロールために作られた悪質な偽金と私はそう考えています。","url":"https://twitter.com/bell_daybreak/status/1416913359593623554","username":"DAYBREAK\u0027S BELL"},{"relevant_topic_guid":"60b93b0d350031ba3d115c7b74ea6f60","cnt_retweet":"0","publish_time":"20210719024808","page_action_type":"08","cnt_agree":"2","topic_guid":"74477764c6f518bcd95acd869acc8aab","userid":"TheLordSwissLi1","cnt_comment":"0","content":"2/31: Firstly, the aim is to ensure financial inclusion and provide a public good digital cash while physical cash usage declines; 2: Promoting fair competition and interoperability between different forms of digital cash is the second stated objective;","url":"https://twitter.com/TheLordSwissLi1/status/1416832172502179852","username":"**TheLordSwissLikeCrypto**"},{"relevant_topic_guid":"86e5fbb12861bc29f83ec57690637afa","cnt_retweet":"0","publish_time":"20210718144526","page_action_type":"08","cnt_agree":"1","topic_guid":"4a1bc25fcff3781320ac3e3e42c41f45","userid":"Grace_uk_london","cnt_comment":"0","content":"@olalakl1 Any detail?","url":"https://twitter.com/Grace_uk_london/status/1416650300233031681","username":"Grace"},{"relevant_topic_guid":"29e8bcb07c2a5220b5c0965562493287","cnt_retweet":"0","publish_time":"20210716104824","page_action_type":"08","cnt_agree":"6","topic_guid":"2027853db6d15a78820656f710f37924","userid":"hon1ybadg1r","cnt_comment":"0","content":"@XijinLi 这是当然，因为中国**正在忙着可持续崩溃呢。","url":"https://twitter.com/hon1ybadg1r/status/1415865873152233473","username":"VOS NEWS 中文 **"},{"relevant_topic_guid":"06a35d22b555f92642d5d2ec5e933049","cnt_retweet":"0","publish_time":"20210717192107","page_action_type":"08","cnt_agree":"0","topic_guid":"c45e9a8609360c29a465631170fe4b01","userid":"ukcat87","cnt_comment":"0","content":"@RT_com I\u0027ll stick to cash thanks","url":"https://twitter.com/ukcat87/status/1416357290685476865","username":"Black cat *"},{"relevant_topic_guid":"1211f99c11df0170fb5029ecca1ddcd6","cnt_retweet":"0","publish_time":"20210715003611","page_action_type":"08","cnt_agree":"0","topic_guid":"def79b5c21cdafc58a43c7b9b1a463b7","userid":"jefflee81258649","cnt_comment":"0","content":"@SoundofHopeSOH The founder of a U.S. hedge fund #Bass recently warned that the #CCP regime will use its new state-controlled #digital currency as a #trojan horse to spread its authoritarianism around the world. If it is not banned, it could become a \"cancer\" that plagues the United States","url":"https://twitter.com/jefflee81258649/status/1415349418132480000","username":"jeff lee"},{"relevant_topic_guid":"29e8bcb07c2a5220b5c0965562493287","cnt_retweet":"0","publish_time":"20210716233936","page_action_type":"08","cnt_agree":"3","topic_guid":"7b1b7ce073ac4bd15cc52290afae2b04","userid":"Abby_0083","cnt_comment":"0","content":"@XijinLi 那就是很可能被取代","url":"https://twitter.com/Abby_0083/status/1416059954151100419","username":"Abby Zang**"},{"relevant_topic_guid":"feb70493348846970ff161a30b8bc135","cnt_retweet":"0","publish_time":"20210717140020","page_action_type":"08","cnt_agree":"0","topic_guid":"4b2a9aa03f79129bdc6a65baf1f6e53b","userid":"LarriesNg","cnt_comment":"0","content":"P2 (17/07/21)4. Former US Treasury Secretary’s Bitcoin views ‘have evolved’, says it’s a substitute for Gold#Bitcoin #CryptoNews #Crypto #Gold #BTC","url":"https://twitter.com/LarriesNg/status/1416276562119258117","username":"Larries"},{"relevant_topic_guid":"29e8bcb07c2a5220b5c0965562493287","cnt_retweet":"0","publish_time":"20210716105316","page_action_type":"08","cnt_agree":"9","topic_guid":"73542d088f14b8adcb14e5de452195fb","userid":"adaaa17012081","cnt_comment":"0","content":"@XijinLi 取代美元干吗，中国用自己的金融体系不好吗***","url":"https://twitter.com/adaaa17012081/status/1415867100288196610","username":"adaaa"},{"relevant_topic_guid":"29e8bcb07c2a5220b5c0965562493287","cnt_retweet":"0","publish_time":"20210716105413","page_action_type":"08","cnt_agree":"1","topic_guid":"52ac246d09ae8ddbd8c8bd90b2d26a89","userid":"kingsley9527","cnt_comment":"0","content":"@XijinLi 美国精英阶层真的很烦恼哇，各个领域都面临挑战，挡不住了呀。","url":"https://twitter.com/kingsley9527/status/1415867337350148100","username":"Kingsley"},{"relevant_topic_guid":"c110f70196a02a5fd911a17ac4f7d661","cnt_retweet":"0","publish_time":"20210716230735","page_action_type":"08","cnt_agree":"0","topic_guid":"77cbc7a08af2ade8fffb6e09281c4213","userid":"fergus_yang","cnt_comment":"0","content":"@yuma1141 @Commander_Li 没这个可能吧，如果真是美国选举的时候打统一战争，那岂不是帮拜登连任了？","url":"https://twitter.com/fergus_yang/status/1416051896138100740","username":"**风言疯语"},{"relevant_topic_guid":"29e8bcb07c2a5220b5c0965562493287","cnt_retweet":"0","publish_time":"20210716141819","page_action_type":"08","cnt_agree":"2","topic_guid":"eea3faf45d91269223b58bef181c4429","userid":"xianming_wang","cnt_comment":"0","content":"@XijinLi 2011年拜登说不担心中国崛起，2021年他说美国最大的挑战是中国。嘴巴两块皮说话不费力。","url":"https://twitter.com/xianming_wang/status/1415918702143356928","username":"Lao Wang"},{"relevant_topic_guid":"29e8bcb07c2a5220b5c0965562493287","cnt_retweet":"0","publish_time":"20210716113007","page_action_type":"08","cnt_agree":"1","topic_guid":"2ed85fc7ac9918b5ee9cbc6a3b9ea8fe","userid":"ems_tc02Phantom","cnt_comment":"0","content":"@XijinLi 誰要取代? 能夠跨越美國制裁已經足夠.","url":"https://twitter.com/ems_tc02Phantom/status/1415876371193245704","username":"幻影"},{"relevant_topic_guid":"3db85397271457ad6c59ecec0ef4569d","cnt_retweet":"0","publish_time":"20210717120251","page_action_type":"08","cnt_agree":"0","topic_guid":"cdd44c24f848784426a33ec5ee00ccc9","userid":"CitadelHyperion","cnt_comment":"0","content":"@WolfieZhao *centralizedIf you say, think or do wrong, your coins are gone.","url":"https://twitter.com/CitadelHyperion/status/1416246995895922688","username":"CitadelHyperion ∞/21M SATS Maxi #FreeRoss"},{"relevant_topic_guid":"694b9106d20efbde2b918d944916d870","cnt_retweet":"0","publish_time":"20210714093624","page_action_type":"08","cnt_agree":"1","topic_guid":"109861f2ad923b912df43d7068caed74","userid":"G2_1988","cnt_comment":"0","content":"人民币，就是欧亚人民的货币。","url":"https://twitter.com/G2_1988/status/1415122979181056001","username":"秦妄漢舞"},{"relevant_topic_guid":"29e8bcb07c2a5220b5c0965562493287","cnt_retweet":"0","publish_time":"20210717001357","page_action_type":"08","cnt_agree":"0","topic_guid":"e522ecd8a051b4cb8f2fa88204503402","userid":"Morenergy13","cnt_comment":"0","content":"@XijinLi 为什么要特意强调一遍？自信的人拿事实说话！","url":"https://twitter.com/Morenergy13/status/1416068597974147075","username":"MORENERGY"},{"relevant_topic_guid":"694b9106d20efbde2b918d944916d870","cnt_retweet":"0","publish_time":"20210714094424","page_action_type":"08","cnt_agree":"1","topic_guid":"4c84d1beb048420f3232b74dd326da80","userid":"G2_1988","cnt_comment":"0","content":"也欢迎沙特和亲沙特国家加入，坚决不要以色列！","url":"https://twitter.com/G2_1988/status/1415124993495552003","username":"秦妄漢舞"},{"relevant_topic_guid":"694b9106d20efbde2b918d944916d870","cnt_retweet":"0","publish_time":"20210714092828","page_action_type":"08","cnt_agree":"2","topic_guid":"8d76c630afafe1797087e91e00a2aae2","userid":"G2_1988","cnt_comment":"0","content":"然后再邀请土耳其，亲土耳其国家、塞尔维亚，巴尔干国家、德国、亲德国国家。组成欧亚联盟！","url":"https://twitter.com/G2_1988/status/1415120981962596352","username":"秦妄漢舞"},{"relevant_topic_guid":"694b9106d20efbde2b918d944916d870","cnt_retweet":"0","publish_time":"20210714220046","page_action_type":"08","cnt_agree":"1","topic_guid":"a951ce822fcf3ff27330a6100f376d89","userid":"M8CHINA","cnt_comment":"0","content":"@G2_1988 想想就好，绕不开阿三，俄罗斯不会同意。","url":"https://twitter.com/M8CHINA/status/1415310303756120068","username":"迷吧！"},{"relevant_topic_guid":"3db85397271457ad6c59ecec0ef4569d","cnt_retweet":"0","publish_time":"20210717141935","page_action_type":"08","cnt_agree":"0","topic_guid":"a370aab8ca2aed577c09ed62a504d232","userid":"XuYi17","cnt_comment":"0","content":"@WolfieZhao I’d say it’s backed by the second largest economy in the world. More trustworthy than any stablecoins out there","url":"https://twitter.com/XuYi17/status/1416281408373362688","username":"Joe Xu 许毅"},{"relevant_topic_guid":"3db85397271457ad6c59ecec0ef4569d","cnt_retweet":"0","publish_time":"20210717122732","page_action_type":"08","cnt_agree":"0","topic_guid":"5f058c400cd05bb644074948ab69382e","userid":"BitWolfBull","cnt_comment":"0","content":"@WolfieZhao The paper openly states they will censor people with smart contracts","url":"https://twitter.com/BitWolfBull/status/1416253207978803200","username":"BitWolf Bull"},{"relevant_topic_guid":"04300001e4116c2f801005202b1da2fd","cnt_retweet":"0","publish_time":"20210716071030","page_action_type":"08","cnt_agree":"0","topic_guid":"da5219312b85a5cf23b25c72ca7e4462","userid":"JoelGao11","cnt_comment":"0","content":"@MZD8964 真正的去中心化的除了比特币还有什么币","url":"https://twitter.com/JoelGao11/status/1415811037178126339","username":"Joel Gao"},{"relevant_topic_guid":"1211f99c11df0170fb5029ecca1ddcd6","cnt_retweet":"0","publish_time":"20210714231335","page_action_type":"08","cnt_agree":"0","topic_guid":"282fa0ee4fdb8d5881a25af3e8b6ff90","userid":"WorldFall","cnt_comment":"0","content":"@SoundofHopeSOH 害怕？","url":"https://twitter.com/WorldFall/status/1415328630155083776","username":"fall into the world"},{"relevant_topic_guid":"04300001e4116c2f801005202b1da2fd","cnt_retweet":"0","publish_time":"20210716101905","page_action_type":"08","cnt_agree":"0","topic_guid":"0c4737539606e6b50f5b1fff36ae8a3b","userid":"Overgold2","cnt_comment":"0","content":"@MZD8964 其实现在也已经被切断了，你们对中国的金融管控的认识已经落后了","url":"https://twitter.com/Overgold2/status/1415858496273190916","username":"Overgold"},{"relevant_topic_guid":"694b9106d20efbde2b918d944916d870","cnt_retweet":"0","publish_time":"20210714154735","page_action_type":"08","cnt_agree":"1","topic_guid":"e6e79a6c2f71c462c11479da8dbed48f","userid":"bSavGVZiG6TPaou","cnt_comment":"0","content":"@G2_1988 蒙古算了吧","url":"https://twitter.com/bSavGVZiG6TPaou/status/1415216392169684992","username":"某玄学的一方通行（左✯**)互fo"},{"relevant_topic_guid":"694b9106d20efbde2b918d944916d870","cnt_retweet":"0","publish_time":"20210714114844","page_action_type":"08","cnt_agree":"0","topic_guid":"c0df6d43838ab35560d88a58b89f4cb7","userid":"Echoliu19305008","cnt_comment":"0","content":"@G2_1988 泛亚联盟*，游戏里就有这个称呼","url":"https://twitter.com/Echoliu19305008/status/1415156282747604996","username":"Echo liu"},{"relevant_topic_guid":"694b9106d20efbde2b918d944916d870","cnt_retweet":"0","publish_time":"20210715004308","page_action_type":"08","cnt_agree":"0","topic_guid":"b45c076d9725a40d11cb0507f1cc552c","userid":"zerohedga","cnt_comment":"0","content":"@G2_1988 作用不大。","url":"https://twitter.com/zerohedga/status/1415351166725066755","username":"許毅儀V **"},{"relevant_topic_guid":"694b9106d20efbde2b918d944916d870","cnt_retweet":"0","publish_time":"20210714221920","page_action_type":"08","cnt_agree":"1","topic_guid":"3600c4900562c6c153624c396126aeef","userid":"fabedv1","cnt_comment":"0","content":"@G2_1988 找死。亚洲各国的发展不均衡比欧洲更显著。负债率不统一，利率就没法统一。总不能一种货币，各国的国债利率不同吧。那会造成资本向亚元区内的高利率国债聚集。日本等接近零利率的国家的金融、财政会在几周内崩溃。而亚元区内的利率高地（比如中国）的利率会被拉低，造成国内市场过热。","url":"https://twitter.com/fabedv1/status/1415314978307940358","username":"fabedv"},{"relevant_topic_guid":"694b9106d20efbde2b918d944916d870","cnt_retweet":"0","publish_time":"20210715205248","page_action_type":"08","cnt_agree":"0","topic_guid":"cc6d6f775069495cbb87de6a04ea4543","userid":"BLUCE22807116","cnt_comment":"0","content":"@G2_1988 不可能，中亞≠伊朗，有伊朗參加，中東大部分國家不會參與。","url":"https://twitter.com/BLUCE22807116/status/1415655589477289984","username":"BLUCE"},{"relevant_topic_guid":"d975c6563922108d68eb19a183369753","cnt_retweet":"0","publish_time":"20210713190856","page_action_type":"08","cnt_agree":"0","topic_guid":"4a4eaf0fefa03b12205ebfa83f92a2a8","userid":"dessiecheung","cnt_comment":"0","content":"@JoeChan40503067 @YouTube 降準真的可以釋放資金？但實際上，上述這種「直覺」過分簡化了現代經濟活動中的信貸創造過程。 https://t.co/wn1IMzTDAi","url":"https://twitter.com/dessiecheung/status/1414904672066838529","username":"Dessie Cheung"},{"relevant_topic_guid":"666b6339858e717ca1877b894c99b22b","cnt_retweet":"0","publish_time":"20210719144138","page_action_type":"08","cnt_agree":"0","topic_guid":"c4db03d4a8ed9113b66a0e36adfacd4c","userid":"Libagin3","cnt_comment":"0","content":"@news_of_bsc That symbol is yen right?","url":"https://twitter.com/Libagin3/status/1417011733747666946","username":"Libagin"},{"relevant_topic_guid":"6c3cf53d4636ac447669832bbdb60dc0","cnt_retweet":"0","publish_time":"20210718154423","page_action_type":"08","cnt_agree":"0","topic_guid":"1c1de2d87e558254398d98b145fd2591","userid":"myself668","cnt_comment":"0","content":"@timyangnet 连一个技术方案都没有选好，智能合约三年之内无望","url":"https://twitter.com/myself668/status/1416665137964978176","username":"沉风"},{"relevant_topic_guid":"6c3cf53d4636ac447669832bbdb60dc0","cnt_retweet":"0","publish_time":"20210716205013","page_action_type":"08","cnt_agree":"0","topic_guid":"2a4fcacf2da1c33b6a25f7bc3934b616","userid":"frankyuyong","cnt_comment":"0","content":"@timyangnet 认清形势，放弃幻想。","url":"https://twitter.com/frankyuyong/status/1416017327628369920","username":"yu胖"},{"relevant_topic_guid":"666b6339858e717ca1877b894c99b22b","cnt_retweet":"0","publish_time":"20210719124039","page_action_type":"08","cnt_agree":"0","topic_guid":"2c7023ec65290501035cb36b55322d4d","userid":"Hoa14433848","cnt_comment":"0","content":"@news_of_bsc @FlokiShibaReal https://t.co/JoV1wv6Ya1 contract 0x3dab450ee6451762e72647a05a205dd5697c5c2chttps://t.co/ktDMtQS4kv https://t.co/zhPIP4eiE5","url":"https://twitter.com/Hoa14433848/status/1416981286955012098","username":"Hoa"},{"relevant_topic_guid":"666b6339858e717ca1877b894c99b22b","cnt_retweet":"0","publish_time":"20210719123703","page_action_type":"08","cnt_agree":"0","topic_guid":"73803ecbb2b6510faac056f5a6c81607","userid":"Wu02740103","cnt_comment":"0","content":"@news_of_bsc Inflasi and resesi","url":"https://twitter.com/Wu02740103/status/1416980379509026817","username":"Wu"},{"relevant_topic_guid":"6c3cf53d4636ac447669832bbdb60dc0","cnt_retweet":"0","publish_time":"20210719095514","page_action_type":"08","cnt_agree":"0","topic_guid":"77c8055a4b7c1df32e54ab9d1f2cfb8d","userid":"Richard_Quixote","cnt_comment":"0","content":"@timyangnet 大概率是那种联盟链,只针对某些特定机构才能参与, 普通散户可能没有机会参加","url":"https://twitter.com/Richard_Quixote/status/1416939658118799362","username":"beyond"},{"relevant_topic_guid":"6c3cf53d4636ac447669832bbdb60dc0","cnt_retweet":"0","publish_time":"20210716205236","page_action_type":"08","cnt_agree":"0","topic_guid":"39234f77794d25b52ad2d0d16ea92eb0","userid":"ZhouGH4","cnt_comment":"0","content":"@timyangnet @mranti 一个中心化的可以无限发行的山寨币","url":"https://twitter.com/ZhouGH4/status/1416017923907342337","username":"ZhouGH"},{"relevant_topic_guid":"84a377563ef7d08f46e40b3db2d52150","cnt_retweet":"0","publish_time":"20210720074043","page_action_type":"08","cnt_agree":"0","topic_guid":"55fbc13cf0e08e7ef03ab86705adf98c","userid":"Dosadian","cnt_comment":"0","content":"@aBlock0 @gladstein @balajis https://t.co/fUEyAHAhpY","url":"https://twitter.com/Dosadian/status/1417268191424811010","username":"Dosadian"},{"relevant_topic_guid":"666b6339858e717ca1877b894c99b22b","cnt_retweet":"0","publish_time":"20210719144158","page_action_type":"08","cnt_agree":"1","topic_guid":"5e8133711e902ac86531273e3fecfd39","userid":"christo45897071","cnt_comment":"0","content":"@news_of_bsc @BabyCakeBSC ***","url":"https://twitter.com/christo45897071/status/1417011815020695556","username":"christopher"},{"relevant_topic_guid":"84a377563ef7d08f46e40b3db2d52150","cnt_retweet":"0","publish_time":"20210719102354","page_action_type":"08","cnt_agree":"3","topic_guid":"e4d3da7a842d28327c21152e40c87e74","userid":"gladstein","cnt_comment":"0","content":"@aBlock0 @balajis Also a lot of this trade with China is denominated in dollars. Consider:“Trades involving the US dollar reached over $5.8 trillion per day in 2019, putting the dollar on one side of more than 88 percent of all forex transactions”https://t.co/Ju6ZvzqBX3","url":"https://twitter.com/gladstein/status/1416946870576816133","username":"Alex Gladstein * ⚡"},{"relevant_topic_guid":"666b6339858e717ca1877b894c99b22b","cnt_retweet":"0","publish_time":"20210719140247","page_action_type":"08","cnt_agree":"0","topic_guid":"a07d2eb7d6678543ca686cdc8fb678c5","userid":"Sportislifeeee","cnt_comment":"0","content":"@news_of_bsc @LPUPOfficial  *  LPUP  *    Doxxed team*      Low cap*          92% burn*#LPUPFamily  #TOTHEMOON #hiddengem#bsc #crypto #100xCoin#BinanceSmartChain#cryptocurrencies #BSCGems #cryptogem #Doxxed #teamdoxxed","url":"https://twitter.com/Sportislifeeee/status/1417001957567262720","username":"CryptoMan"},{"relevant_topic_guid":"29e8bcb07c2a5220b5c0965562493287","cnt_retweet":"0","publish_time":"20210716191314","page_action_type":"08","cnt_agree":"0","topic_guid":"179e86f0940fc757a4aa0655a431c098","userid":"macliu03","cnt_comment":"0","content":"@XijinLi 多年以来美联储主席就没说过准话……","url":"https://twitter.com/macliu03/status/1415992921367711747","username":"Michael Liu"},{"relevant_topic_guid":"29e8bcb07c2a5220b5c0965562493287","cnt_retweet":"0","publish_time":"20210716105154","page_action_type":"08","cnt_agree":"1","topic_guid":"fbe069736fbd9f943cc2e5725d74fb11","userid":"hx7243","cnt_comment":"0","content":"@XijinLi 好，那我们继续钻研了啊，你可到时候别改口啊","url":"https://twitter.com/hx7243/status/1415866754425757698","username":"Heath Huang"},{"relevant_topic_guid":"aad20a4c3fbf038150fe657996fae390","cnt_retweet":"0","publish_time":"20210720010918","page_action_type":"08","cnt_agree":"1","topic_guid":"a4e263eda1c09f1724722f6e39d715ad","userid":"JAVIDKARIMKHANI","cnt_comment":"0","content":"@WuBlockchain https://t.co/Xnl4C5erlR","url":"https://twitter.com/JAVIDKARIMKHANI/status/1417169690313515008","username":"JAVID"},{"relevant_topic_guid":"aad20a4c3fbf038150fe657996fae390","cnt_retweet":"0","publish_time":"20210720010920","page_action_type":"08","cnt_agree":"1","topic_guid":"5137a3b28963ac0d0c036f65094eb74d","userid":"JAVIDKARIMKHANI","cnt_comment":"0","content":"@WuBlockchain https://t.co/ngZs9fMqdV","url":"https://twitter.com/JAVIDKARIMKHANI/status/1417169700048580618","username":"JAVID"},{"relevant_topic_guid":"5547402c711407b19e4a66ed8d949529","cnt_retweet":"0","publish_time":"20210719212219","page_action_type":"08","cnt_agree":"0","topic_guid":"02ce83b431689e17e57f5216051880fb","userid":"Amaliequin","cnt_comment":"0","content":"@Forkast_News *@Libonomy  uses an artificial intelligence engine that continuously improves the blockchain’s performance. This is the reason why @Libonomy  is the best scalable blockchain.*#Libonomy #interoperable #bitcoin","url":"https://twitter.com/Amaliequin/status/1417112569492484106","username":"Amalie Larsen"},{"relevant_topic_guid":"1f88fcb23eb3b0aca1b7339e1b263dd8","cnt_retweet":"1","publish_time":"20210717000622","page_action_type":"08","cnt_agree":"6","topic_guid":"525889f04fc09a4d25299ad09c6abaee","userid":"CX0J5dftYExob2E","cnt_comment":"0","content":"@VOAChinese 人民币是有强大的商品蛙鱼背书的，这一点美元比不上的。。。美元现在不主要是中国商品背书吗？","url":"https://twitter.com/CX0J5dftYExob2E/status/1416066688592777216","username":"kevin shen"},{"relevant_topic_guid":"1f88fcb23eb3b0aca1b7339e1b263dd8","cnt_retweet":"0","publish_time":"20210717001825","page_action_type":"08","cnt_agree":"0","topic_guid":"a8e3ff51b08edadf3b46f02429b16f49","userid":"ygflamingo","cnt_comment":"0","content":"@VOAChinese 数字经济实体环境下，数字货币有效解决了洗钱、黑钱、违法违规的等行为。现金作用日益降低，贸易交易资金往来效率更高。逐步取代美元主导的金融转换体系。美国当然也可以发展，只是资本家们看着口袋的钱被监管，谁愿意~","url":"https://twitter.com/ygflamingo/status/1416069720835506176","username":"sz_flamingo"},{"relevant_topic_guid":"1f88fcb23eb3b0aca1b7339e1b263dd8","cnt_retweet":"0","publish_time":"20210717000146","page_action_type":"08","cnt_agree":"6","topic_guid":"c9574b054e538fb162599d62dd44c707","userid":"VOAFAKENEWSKING","cnt_comment":"0","content":"@VOAChinese 很高兴看到今天的美国是这个样子，中国在奋起直追发展经济，而美国和他的舔狗汉奸跪族们们却希望用笔尖杀死中国，你们继续表演，让我们好好发展！我给你们鼓掌*","url":"https://twitter.com/VOAFAKENEWSKING/status/1416065529970835462","username":"VOAFakenews"},{"relevant_topic_guid":"1f88fcb23eb3b0aca1b7339e1b263dd8","cnt_retweet":"0","publish_time":"20210717020840","page_action_type":"08","cnt_agree":"0","topic_guid":"710c012d254c5fc5786e711313f21930","userid":"FHYdZsingKInmyB","cnt_comment":"0","content":"@VOAChinese 現有金融體系稍加整合即可，非要搞這麽個莫名其妙的名頭。","url":"https://twitter.com/FHYdZsingKInmyB/status/1416097465808347139","username":"炸蛆人"},{"relevant_topic_guid":"1f88fcb23eb3b0aca1b7339e1b263dd8","cnt_retweet":"0","publish_time":"20210717000952","page_action_type":"08","cnt_agree":"1","topic_guid":"8ff8a1d5bb4369663b2f7c83d7648903","userid":"Yang06358854","cnt_comment":"0","content":"@VOAChinese 其实无所谓了，现在国内出门带现金的已经很少了，电子货币已经领先美国了，中央版”支付宝“算是锦上添花。","url":"https://twitter.com/Yang06358854/status/1416067570411712513","username":"Yang"},{"relevant_topic_guid":"1f88fcb23eb3b0aca1b7339e1b263dd8","cnt_retweet":"0","publish_time":"20210717054339","page_action_type":"08","cnt_agree":"1","topic_guid":"8b6f3c46901fa12b73a0e7eb6eb17564","userid":"StrangeHeNan","cnt_comment":"0","content":"@VOAChinese 废除美国美元全球掠夺财富的霸权，美国人急了。","url":"https://twitter.com/StrangeHeNan/status/1416151567321866240","username":"Strange"},{"relevant_topic_guid":"1f88fcb23eb3b0aca1b7339e1b263dd8","cnt_retweet":"0","publish_time":"20210717102938","page_action_type":"08","cnt_agree":"0","topic_guid":"97a412b51e8aa2a9a76fa1d09fd2e70a","userid":"lamjoshfong","cnt_comment":"0","content":"@VOAChinese 阎王币(幽灵币)","url":"https://twitter.com/lamjoshfong/status/1416223538164518915","username":"joshuafong"}]