[{"relevant_topic_guid":"930f3fa12b4a193c1462c71953c54219","cnt_retweet":"0","publish_time":"20210319070829","page_action_type":"08","cnt_agree":"1","topic_guid":"a5894b875871add495c53d4664ba0936","userid":"yqfWBHPNbg5yiSg","cnt_comment":"0","content":"@ChineseWSJ 只要不是美国的东西都不是好东西，好东西必须是美国的！不是？“我们撒谎、欺骗、盗窃！”*","url":"https://twitter.com/yqfWBHPNbg5yiSg/status/1372686372381679618","username":"李宏偉"},{"relevant_topic_guid":"930f3fa12b4a193c1462c71953c54219","cnt_retweet":"0","publish_time":"20210319111550","page_action_type":"08","cnt_agree":"0","topic_guid":"a253c47b1723280e886d3f94d409dfe0","userid":"panke216","cnt_comment":"0","content":"@ChineseWSJ 你有什么交易是不能让政府追踪的，说出来听听，比方说转给港废的钱？","url":"https://twitter.com/panke216/status/1372748620848533510","username":"panke216"},{"relevant_topic_guid":"79dfd3a66ddb697961211bcba50bcd7a","cnt_retweet":"0","publish_time":"20210224135652","page_action_type":"08","cnt_agree":"0","topic_guid":"4a9ac7fa7d3f964d4389c2b19190c321","userid":"hannah_fok","cnt_comment":"0","content":"@renfanzi @niepanxinglai 青蛙們目前感覺很舒適，蹦蹦跳跳很歡喜！","url":"https://twitter.com/hannah_fok/status/1364454224721928193","username":"hannah"},{"relevant_topic_guid":"55f727b0b69ab2d28d4d0121b1d9cbfe","cnt_retweet":"0","publish_time":"20210206093636","page_action_type":"08","cnt_agree":"0","topic_guid":"dc34022ace61dd1c00784202ea4ddb14","userid":"XixiongC","cnt_comment":"0","content":"@caijingxiang 建议您有空做一起期关于金圆券的，数字货币不如金圆券·靠谱！数字金圆券！断电断网，啥都没有了！","url":"https://twitter.com/XixiongC/status/1357865747460988929","username":"白煤先生"},{"relevant_topic_guid":"55f727b0b69ab2d28d4d0121b1d9cbfe","cnt_retweet":"0","publish_time":"20210205223733","page_action_type":"08","cnt_agree":"0","topic_guid":"36200ac0377f0070ce052c02ae0a187a","userid":"Steve94528913","cnt_comment":"0","content":"@caijingxiang 讲真，欧洲很多公司外贸交易都接受人民币，美元这幅德行不要怪人民币，只怪自己太弱了，我看好人民币，人民币的背后是十几亿的廉价劳动力。","url":"https://twitter.com/Steve94528913/status/1357699890327949313","username":"财经时政锐评"},{"relevant_topic_guid":"55f727b0b69ab2d28d4d0121b1d9cbfe","cnt_retweet":"0","publish_time":"20210205054612","page_action_type":"08","cnt_agree":"0","topic_guid":"b35d733c680c0136d82d04eb2324cf33","userid":"SandraLao3","cnt_comment":"0","content":"@caijingxiang 看来人民币要开始搞世界数字货币领头羊。","url":"https://twitter.com/SandraLao3/status/1357445374357610496","username":"SandraLao"},{"relevant_topic_guid":"79dfd3a66ddb697961211bcba50bcd7a","cnt_retweet":"0","publish_time":"20210224093322","page_action_type":"08","cnt_agree":"2","topic_guid":"17cdd7d8144e7e8952c02fb0234cfc36","userid":"yangleicq","cnt_comment":"0","content":"@renfanzi 谁要用电子人民币啊，就是个电子购物券。","url":"https://twitter.com/yangleicq/status/1364387912423510019","username":"ALeaf"},{"relevant_topic_guid":"930f3fa12b4a193c1462c71953c54219","cnt_retweet":"0","publish_time":"20210319121307","page_action_type":"08","cnt_agree":"0","topic_guid":"0eaef09c86b658e20d4c7d0d070b250c","userid":"3Thatsummer","cnt_comment":"0","content":"@ChineseWSJ 重点不在这里，重点在于要灭掉美元＄霸权，就问你美国怕不怕！*","url":"https://twitter.com/3Thatsummer/status/1372763039439626240","username":"夏天"},{"relevant_topic_guid":"79dfd3a66ddb697961211bcba50bcd7a","cnt_retweet":"0","publish_time":"20210224092514","page_action_type":"08","cnt_agree":"4","topic_guid":"1426bfd9ee15800af2fc627fee3199b3","userid":"jimpangzi","cnt_comment":"0","content":"@renfanzi 正好是货币属性的反面","url":"https://twitter.com/jimpangzi/status/1364385868539191298","username":"老K"},{"relevant_topic_guid":"55f727b0b69ab2d28d4d0121b1d9cbfe","cnt_retweet":"0","publish_time":"20210204233123","page_action_type":"08","cnt_agree":"2","topic_guid":"424c9aa31c3b01cd540266728c8d61be","userid":"aWqCFYteBs0Pb5B","cnt_comment":"0","content":"@caijingxiang 一个信用破产的共产党，发行中心化的数字货币……挑战他妈逼。拜登再烂美金任何组织和个人都无法挑战，比特币除外","url":"https://twitter.com/aWqCFYteBs0Pb5B/status/1357351050886270983","username":"登山"},{"relevant_topic_guid":"55f727b0b69ab2d28d4d0121b1d9cbfe","cnt_retweet":"0","publish_time":"20210205001321","page_action_type":"08","cnt_agree":"1","topic_guid":"3881574cac7e01456b68c021972c4187","userid":"geomancer81811","cnt_comment":"0","content":"@caijingxiang 挺好的，不变怎么可以看清真相。","url":"https://twitter.com/geomancer81811/status/1357361610470297601","username":"大力水手"},{"relevant_topic_guid":"55f727b0b69ab2d28d4d0121b1d9cbfe","cnt_retweet":"0","publish_time":"20210204224957","page_action_type":"08","cnt_agree":"0","topic_guid":"24d0d09264d34080322504bda031c177","userid":"frankie__angel","cnt_comment":"0","content":"@caijingxiang 人民币这不得上天？还想跌！？","url":"https://twitter.com/frankie__angel/status/1357340625339731980","username":"zhei帮儿孙子"},{"relevant_topic_guid":"55f727b0b69ab2d28d4d0121b1d9cbfe","cnt_retweet":"0","publish_time":"20210204224254","page_action_type":"08","cnt_agree":"2","topic_guid":"3f9064ca1ffcf1462a1b69deb1de12b6","userid":"devonJ32130301","cnt_comment":"0","content":"@caijingxiang 美元能控制Swift，还是因为美元在全球交易中的主导地位，只是想建一个合资公司就撼动美元是不可能的。不过这个动作传递的信号确实非常危险，后面肯定很多后招。","url":"https://twitter.com/devonJ32130301/status/1357338850738118658","username":"Devon Y"},{"relevant_topic_guid":"55f727b0b69ab2d28d4d0121b1d9cbfe","cnt_retweet":"0","publish_time":"20210204230927","page_action_type":"08","cnt_agree":"0","topic_guid":"708802107ac19db851c19611f277219a","userid":"pgjtch","cnt_comment":"0","content":"@caijingxiang 好！","url":"https://twitter.com/pgjtch/status/1357345529785589765","username":"招財進寶"},{"relevant_topic_guid":"55f727b0b69ab2d28d4d0121b1d9cbfe","cnt_retweet":"0","publish_time":"20210205004148","page_action_type":"08","cnt_agree":"2","topic_guid":"7b671d20ae10bfc6e0e3e8204c23b2ca","userid":"robbiechen801","cnt_comment":"0","content":"@caijingxiang 油门踩得猛","url":"https://twitter.com/robbiechen801/status/1357368770659028993","username":"Asher"},{"relevant_topic_guid":"55f727b0b69ab2d28d4d0121b1d9cbfe","cnt_retweet":"0","publish_time":"20210204234343","page_action_type":"08","cnt_agree":"0","topic_guid":"97eac26b273bfb1944dd7a3e810d26c0","userid":"zdlyg1120","cnt_comment":"0","content":"@caijingxiang 这个是美元的那个交易系统吗？","url":"https://twitter.com/zdlyg1120/status/1357354153354297346","username":"freedom"},{"relevant_topic_guid":"490aeff9d8311f49ffb13cb42bfa8591","cnt_retweet":"0","publish_time":"20210302012635","page_action_type":"08","cnt_agree":"2","topic_guid":"a11d93f7b8f21ff1b5735599ad775c53","userid":"general_temujin","cnt_comment":"0","content":"@Blackcat_Luna2 这是什么弱智设计的，长得像冥币","url":"https://twitter.com/general_temujin/status/1366439738643607554","username":"General Temüǰin, Mongol Navy Force"},{"relevant_topic_guid":"490aeff9d8311f49ffb13cb42bfa8591","cnt_retweet":"0","publish_time":"20210302002349","page_action_type":"08","cnt_agree":"8","topic_guid":"807c9bc3f366ce38fd6055f405c8c3b1","userid":"Duty_Square","cnt_comment":"0","content":"@Blackcat_Luna2 这是哪个儿童玩具上的方向盘掉了？","url":"https://twitter.com/Duty_Square/status/1366423941632253954","username":"64_Beryl*"},{"relevant_topic_guid":"490aeff9d8311f49ffb13cb42bfa8591","cnt_retweet":"0","publish_time":"20210302081323","page_action_type":"08","cnt_agree":"0","topic_guid":"e7f65f5f0e1677aafc2a2322f908f560","userid":"james88559147","cnt_comment":"0","content":"@Blackcat_Luna2 艹*****","url":"https://twitter.com/james88559147/status/1366542114792697856","username":"james"},{"relevant_topic_guid":"490aeff9d8311f49ffb13cb42bfa8591","cnt_retweet":"0","publish_time":"20210302081355","page_action_type":"08","cnt_agree":"0","topic_guid":"f2f021cf95cb3a923e34c51b6c748090","userid":"james88559147","cnt_comment":"0","content":"@Blackcat_Luna2 辣眼睛*","url":"https://twitter.com/james88559147/status/1366542246946856961","username":"james"},{"relevant_topic_guid":"490aeff9d8311f49ffb13cb42bfa8591","cnt_retweet":"0","publish_time":"20210304000350","page_action_type":"08","cnt_agree":"0","topic_guid":"4ec404821300ec6fe04b65e81ce0b1ef","userid":"teng9527","cnt_comment":"0","content":"@Blackcat_Luna2 天圆地方？太丑了","url":"https://twitter.com/teng9527/status/1367143688803999745","username":"9527"},{"relevant_topic_guid":"79dfd3a66ddb697961211bcba50bcd7a","cnt_retweet":"0","publish_time":"20210224102952","page_action_type":"08","cnt_agree":"0","topic_guid":"53d75782e0ca880bc5c77c269ce58caf","userid":"YYYAster","cnt_comment":"0","content":"@renfanzi 是的*","url":"https://twitter.com/YYYAster/status/1364402133886402562","username":"YYY_ASTER"},{"relevant_topic_guid":"79dfd3a66ddb697961211bcba50bcd7a","cnt_retweet":"0","publish_time":"20210224095134","page_action_type":"08","cnt_agree":"6","topic_guid":"2f7e12125c0fe16aa782b2a7c2cc43c4","userid":"zhangchn","cnt_comment":"0","content":"@renfanzi 救济食物券","url":"https://twitter.com/zhangchn/status/1364392493047943174","username":"zhang *.*."},{"relevant_topic_guid":"79dfd3a66ddb697961211bcba50bcd7a","cnt_retweet":"0","publish_time":"20210224094812","page_action_type":"08","cnt_agree":"3","topic_guid":"c79f31e982a90ddb5b065f452c8a8e03","userid":"Hedi86","cnt_comment":"0","content":"@renfanzi 票证","url":"https://twitter.com/Hedi86/status/1364391646201327616","username":"Heidi"},{"relevant_topic_guid":"79dfd3a66ddb697961211bcba50bcd7a","cnt_retweet":"0","publish_time":"20210224102233","page_action_type":"08","cnt_agree":"3","topic_guid":"35511a5ff3f40aa5c831f9a360ca6b0b","userid":"progoney","cnt_comment":"0","content":"@renfanzi 又一把镰刀","url":"https://twitter.com/progoney/status/1364400291886419970","username":"coney"},{"relevant_topic_guid":"79dfd3a66ddb697961211bcba50bcd7a","cnt_retweet":"0","publish_time":"20210224094736","page_action_type":"08","cnt_agree":"57","topic_guid":"61407181233097580931f8b34e42ab4b","userid":"Pengfei513","cnt_comment":"0","content":"@renfanzi 有效期和指定用途,这百分百是粮票嘛。","url":"https://twitter.com/Pengfei513/status/1364391496217071618","username":"與神同行"},{"relevant_topic_guid":"79dfd3a66ddb697961211bcba50bcd7a","cnt_retweet":"0","publish_time":"20210224093824","page_action_type":"08","cnt_agree":"19","topic_guid":"eec89977f759e0fc8904083879d9696f","userid":"MulticoreQuark","cnt_comment":"0","content":"@renfanzi 草，这不就是优惠券嘛","url":"https://twitter.com/MulticoreQuark/status/1364389179086397444","username":"**********"},{"relevant_topic_guid":"79dfd3a66ddb697961211bcba50bcd7a","cnt_retweet":"0","publish_time":"20210224111226","page_action_type":"08","cnt_agree":"2","topic_guid":"acfe7e0a4fafc3e353c94d53da138ddd","userid":"ralph_zhou","cnt_comment":"0","content":"@renfanzi 这个东西如果全面推开，就相当于取消货币，行啊，干得好","url":"https://twitter.com/ralph_zhou/status/1364412843672567810","username":"ralph.zhou"},{"relevant_topic_guid":"79dfd3a66ddb697961211bcba50bcd7a","cnt_retweet":"0","publish_time":"20210224104225","page_action_type":"08","cnt_agree":"0","topic_guid":"e94add620ccd0eed574d46007101142a","userid":"RealOreki","cnt_comment":"0","content":"@renfanzi 艹，票证还魂。","url":"https://twitter.com/RealOreki/status/1364405290582429703","username":"龙生活向上"},{"relevant_topic_guid":"79dfd3a66ddb697961211bcba50bcd7a","cnt_retweet":"0","publish_time":"20210224112152","page_action_type":"08","cnt_agree":"5","topic_guid":"819c8d3dee6d584cbb075aff3aa031ac","userid":"igufurydcjuvjkc","cnt_comment":"0","content":"@renfanzi 粮票的变种","url":"https://twitter.com/igufurydcjuvjkc/status/1364415217795362818","username":"sad but true"},{"relevant_topic_guid":"55f727b0b69ab2d28d4d0121b1d9cbfe","cnt_retweet":"0","publish_time":"20210204224407","page_action_type":"08","cnt_agree":"1","topic_guid":"86f54de3aa8b3e4950a6e5db59521831","userid":"fxccxi","cnt_comment":"0","content":"@caijingxiang Hunter又發財了","url":"https://twitter.com/fxccxi/status/1357339156070887425","username":"Happy 哥"},{"relevant_topic_guid":"55f727b0b69ab2d28d4d0121b1d9cbfe","cnt_retweet":"0","publish_time":"20210204231039","page_action_type":"08","cnt_agree":"0","topic_guid":"2cd7c5e8b38eaece7c6b7386621a2fbf","userid":"Mr1986H","cnt_comment":"0","content":"@caijingxiang 美金跌破1800大关.shenmeyuanying","url":"https://twitter.com/Mr1986H/status/1357345832534568965","username":"清晨六点"},{"relevant_topic_guid":"55f727b0b69ab2d28d4d0121b1d9cbfe","cnt_retweet":"0","publish_time":"20210205021006","page_action_type":"08","cnt_agree":"1","topic_guid":"52c63a1846d29b80d095b28cc2d659df","userid":"vAOyUwGAqb5TOuV","cnt_comment":"0","content":"@caijingxiang @CallmyMiles swift背后大佬站在了邪恶的一边","url":"https://twitter.com/vAOyUwGAqb5TOuV/status/1357390992077381639","username":"战斗中"},{"relevant_topic_guid":"55f727b0b69ab2d28d4d0121b1d9cbfe","cnt_retweet":"0","publish_time":"20210205004311","page_action_type":"08","cnt_agree":"0","topic_guid":"19ddb688f8eb7e05075e6008053c034c","userid":"TaoliLiu","cnt_comment":"0","content":"@caijingxiang 好!乐见其成敗兴衰","url":"https://twitter.com/TaoliLiu/status/1357369118031310850","username":"Taoli Liu"},{"relevant_topic_guid":"490aeff9d8311f49ffb13cb42bfa8591","cnt_retweet":"0","publish_time":"20210301203326","page_action_type":"08","cnt_agree":"0","topic_guid":"f3c2b62f49b4adb617a6524f1d6483ea","userid":"ShinoharaBlair","cnt_comment":"0","content":"@Blackcat_Luna2 好像GameBoy","url":"https://twitter.com/ShinoharaBlair/status/1366365963092779009","username":"屑改良派 筱原布莱尔****✝️*（我就看看麦霸团道不道歉）"},{"relevant_topic_guid":"e59e745ab9b3c7a4720c4c1eb397cf48","cnt_retweet":"0","publish_time":"20210524224505","page_action_type":"08","cnt_agree":"12","topic_guid":"a33f90207671b9922dfc98cffb305a96","userid":"Killianhey","cnt_comment":"0","content":"@LQ0068 政府想掌握这些信息，不需要数字货币就可以实现，而且已经实现了","url":"https://twitter.com/Killianhey/status/1396839674614792196","username":"Killian"},{"relevant_topic_guid":"e59e745ab9b3c7a4720c4c1eb397cf48","cnt_retweet":"0","publish_time":"20210524212836","page_action_type":"08","cnt_agree":"2","topic_guid":"9935fcd94217320241a585920317c040","userid":"njacindyhotmom","cnt_comment":"0","content":"@LQ0068 信用卡不也一样","url":"https://twitter.com/njacindyhotmom/status/1396820429503877121","username":"Hotmom"},{"relevant_topic_guid":"e59e745ab9b3c7a4720c4c1eb397cf48","cnt_retweet":"0","publish_time":"20210524205153","page_action_type":"08","cnt_agree":"3","topic_guid":"f3becbb4a568ab32a2dda39d114552e3","userid":"realkusa","cnt_comment":"0","content":"@LQ0068 这是一个警示, Mark","url":"https://twitter.com/realkusa/status/1396811186776285185","username":"Catmond and Salmon"},{"relevant_topic_guid":"378313bf032a67d5c6eac234402a4415","cnt_retweet":"0","publish_time":"20210525181352","page_action_type":"08","cnt_agree":"1","topic_guid":"6c6031364c926cc1dcde6e02bbef8f39","userid":"40jicrNxws0Yb9U","cnt_comment":"0","content":"@anjiazixun 我的天，好恐怖","url":"https://twitter.com/40jicrNxws0Yb9U/status/1397133811658330112","username":"水果咖啡"},{"relevant_topic_guid":"e59e745ab9b3c7a4720c4c1eb397cf48","cnt_retweet":"0","publish_time":"20210524220502","page_action_type":"08","cnt_agree":"15","topic_guid":"49335669f411353998c51526dac412be","userid":"JasonLi39517632","cnt_comment":"0","content":"@LQ0068 https://t.co/jHFt5sY3ml","url":"https://twitter.com/JasonLi39517632/status/1396829597581266947","username":"Jason Li"},{"relevant_topic_guid":"378313bf032a67d5c6eac234402a4415","cnt_retweet":"0","publish_time":"20210524205040","page_action_type":"08","cnt_agree":"0","topic_guid":"4a282a0d912eafd13cb5a54a149885cb","userid":"2020CCPvirus","cnt_comment":"0","content":"@anjiazixun 中共邪恶，其心可诛。","url":"https://twitter.com/2020CCPvirus/status/1396810880550010884","username":"CCP raping China"},{"relevant_topic_guid":"e59e745ab9b3c7a4720c4c1eb397cf48","cnt_retweet":"0","publish_time":"20210524213757","page_action_type":"08","cnt_agree":"18","topic_guid":"3723df76f5681bf86268838b551d69ef","userid":"Hahaha_CCCC","cnt_comment":"0","content":"@LQ0068 牆國的大部分傻缺還在那樂，數字人民幣多方便，香港和其他國家的技術都跟不上！","url":"https://twitter.com/Hahaha_CCCC/status/1396822781719769090","username":"Haha*"},{"relevant_topic_guid":"8a32586d431c3ca8dbad39584fb6c1af","cnt_retweet":"0","publish_time":"20210927170723","page_action_type":"08","cnt_agree":"0","topic_guid":"b53bddf59e3ddf94ebaac9daa4747cf1","userid":"MartinRivers","cnt_comment":"0","content":"@gladstein @mattysino Can a tech person please explain how e-CNY is blockchain but not crypto?I had understood that any blockchains deployed for financial / payment-facilitating purposes satisfy the generic description of \"cryptocurrency\"If I\u0027m wrong, would like to understand why","url":"https://twitter.com/MartinRivers/status/1442415560600469504","username":"Martin Leo Rivers"},{"relevant_topic_guid":"03ee87d9d8d02f15028ed26c246b8467","cnt_retweet":"0","publish_time":"20210927151312","page_action_type":"07","cnt_agree":"0","topic_guid":"03ee87d9d8d02f15028ed26c246b8467","userid":"smallchicken_pr","cnt_comment":"0","content":"中国大陆数字人民币来啦～","url":"https://twitter.com/smallchicken_pr/status/1442386826468237313","username":"蜡笔小新秋天穿上鹹蛋超人短褲"},{"relevant_topic_guid":"2ca284ede9b0bb628ff0c16db006a8e2","cnt_retweet":"0","publish_time":"20210927144732","page_action_type":"07","cnt_agree":"0","topic_guid":"2ca284ede9b0bb628ff0c16db006a8e2","userid":"shiguan73307899","cnt_comment":"0","content":"当中国大陆大力推动数字人民币时，将是合法抢劫，世界需要BTC。","url":"https://twitter.com/shiguan73307899/status/1442380369211256832","username":"Ethan Cheung"},{"relevant_topic_guid":"f47af000e3347f54218e3de3386373b5","cnt_retweet":"0","publish_time":"20210927142047","page_action_type":"08","cnt_agree":"1","topic_guid":"775e4ee2fff00c34e5fc8aac490c92b2","userid":"_realcosmos","cnt_comment":"0","content":"@ahkyee @SinoGlobalCap @mattysino Really great read. Thanks @mattysino","url":"https://twitter.com/_realcosmos/status/1442373634060783619","username":"AiRTX"},{"relevant_topic_guid":"0c90758f5a5b9802ff5bbffa3a8fa17d","cnt_retweet":"0","publish_time":"20210927173500","page_action_type":"07","cnt_agree":"0","topic_guid":"0c90758f5a5b9802ff5bbffa3a8fa17d","userid":"cnbcipr","cnt_comment":"0","content":"China declares all crypto activity ‘illegal’ as it labels blockchain as key R\u0026amp;D area: @nyulaw’s @winston_w_ma analyzes China’s latest moves to preserve a ‘uniform financial system’ and prepare the ground for its e-CNY launch https://t.co/YtbHuIt6h4","url":"https://twitter.com/cnbcipr/status/1442422511321460740","username":"CNBC Int\u0027l PR"},{"relevant_topic_guid":"4536375750f65807ecb92a56feca75ac","cnt_retweet":"0","publish_time":"20210927140903","page_action_type":"07","cnt_agree":"0","topic_guid":"4536375750f65807ecb92a56feca75ac","userid":"jingbojingbo88","cnt_comment":"0","content":"深圳龙华人才安居与三大行牵手引入数字人民币 - 金色财经报道，深圳市人才安居集团旗下龙华人才安居公司与农业银行深圳凤凰支行、建设银行深圳龙华支行、交通银行深圳龙华支行就龙华人才安居数字人民币应用正式签署战略合作框架协议，率先在租金缴交、物业服务等方面，搭建交易频次高、使用人数广的","url":"https://twitter.com/jingbojingbo88/status/1442370683061817347","username":"景博"},{"relevant_topic_guid":"e3e79d3bdce4c2b33eef2939bbcfdd47","cnt_retweet":"0","publish_time":"20210923184559","page_action_type":"08","cnt_agree":"1","topic_guid":"e66f2e5da47f08b26c853ad28f72b7c0","userid":"CurrencyWar1","cnt_comment":"1","content":"Winter olympics is bang in range of 5 year avg for DCEP launch. Look at the power of China\u0027s FX Manipulation. Instead of tracking the dollar only, they now targeted 15+ currencies. CNY TW dropped a whopping 10% making it competitive in anticipation of upcoming E-CNY launch. https://t.co/6bQYibHCwL","url":"https://twitter.com/CurrencyWar1/status/1440990826092453890","username":"Louis Curran"},{"relevant_topic_guid":"e66f2e5da47f08b26c853ad28f72b7c0","cnt_retweet":"0","publish_time":"20210923184601","page_action_type":"08","cnt_agree":"0","topic_guid":"81bf4a1f56b9fca25b031b41b5ea5446","userid":"CurrencyWar1","cnt_comment":"0","content":"in Aug 2015, China devlaued 3%. PBOC still wanted to weaken Yuan competively but also needed to cut off outflows. Targeting CFETS basket aloud them sell dollar\u0027s against basket component\u0027s. Euro, Yen, KRW Gold all contributed to Trade weighted (back door) delvaluation of 10% https://t.co/zABsV3dorS","url":"https://twitter.com/CurrencyWar1/status/1440990830945349635","username":"Louis Curran"},{"relevant_topic_guid":"db392dcab73b8b0e59708a19f47fb3da","cnt_retweet":"0","publish_time":"20210923193451","page_action_type":"07","cnt_agree":"0","topic_guid":"db392dcab73b8b0e59708a19f47fb3da","userid":"Madsenb","cnt_comment":"0","content":"Digital-friendly services, products booming as China promotes “Chutian Dragon,” which designs and produces e-CNY hardware wallets that can be ordered, stated it has started to supply digital renminbi hardware wallets in bulk for the markethttps://t.co/2opa3luuOO","url":"https://twitter.com/Madsenb/status/1441003122239971331","username":"Podium"},{"relevant_topic_guid":"8754d6ea76c46dadd69125169ba556f0","cnt_retweet":"0","publish_time":"20210924130504","page_action_type":"07","cnt_agree":"0","topic_guid":"8754d6ea76c46dadd69125169ba556f0","userid":"jingbojingbo88","cnt_comment":"0","content":"穆长春：在数字人民币试点中维护支付市场的公平竞争 - 9 月 24 日消息，中国人民银行数字货币研究所所长穆长春 24 日在中国支付清算论坛上表示，在数字人民币试点中维护支付市场的公平竞争。一方面，数字人民币将为不同支付服务机构的创新发展提供公平的准入机会和统一基础设施，促进市场","url":"https://twitter.com/jingbojingbo88/status/1441267417397686275","username":"景博"},{"relevant_topic_guid":"0b9be11a9af6f234c52fef89a4d18150","cnt_retweet":"0","publish_time":"20210924145909","page_action_type":"07","cnt_agree":"0","topic_guid":"0b9be11a9af6f234c52fef89a4d18150","userid":"ChainNewscom","cnt_comment":"0","content":"【人民银行数字货币研究所所长穆长春：在数字人民币试点中维护支付市场的公平竞争】链闻消息，人民银行数字货币研究所所长穆长春在中国支付清算论坛上表示，要在数字人民币试点中维护支付市场的公平竞争。一方面，数字人民币将为不同支付服务…… https://t.co/MGLUIPqxvy","url":"https://twitter.com/ChainNewscom/status/1441296125881769994","username":"链闻 ChainNews"},{"relevant_topic_guid":"8a10315704131f113866cbb54c0b37fb","cnt_retweet":"0","publish_time":"20210924190112","page_action_type":"07","cnt_agree":"0","topic_guid":"8a10315704131f113866cbb54c0b37fb","userid":"investing_china","cnt_comment":"0","content":"#Sanya in Hainan province recently started a trial of digital currency to promote economic growth in the #HainanFTP. The city sent a total of 10 million yuan ($1.55 million) in digital RMB (or e-CNY) giveaways to local residents and tourists.  https://t.co/sgNlYPLcqn https://t.co/9sdW8ZwGfM","url":"https://twitter.com/investing_china/status/1441357041491136512","username":"Invest in China"},{"relevant_topic_guid":"3b54557a0f2db2fed20cdc69f271773f","cnt_retweet":"0","publish_time":"20210924194426","page_action_type":"07","cnt_agree":"0","topic_guid":"3b54557a0f2db2fed20cdc69f271773f","userid":"MatejTomazin","cnt_comment":"1","content":"Saj lahko tudi v možnih teorijah zarote razpravljava - npr od tega da mal zamaskirajo plačilni rok Evergranda ali pa da pripravljajo teren za optimalni roll out e-CNY. https://t.co/RNaR41yRgx","url":"https://twitter.com/MatejTomazin/status/1441367921171648515","username":"Matej Tomažin"},{"relevant_topic_guid":"487d33d259bd228c067649810f74e72c","cnt_retweet":"0","publish_time":"20210924195234","page_action_type":"07","cnt_agree":"0","topic_guid":"487d33d259bd228c067649810f74e72c","userid":"teniescu","cnt_comment":"0","content":"si cu ce e mai \"legala\" moneda digitala e-CNY, detinuta / lansata / dezvoltata de Banca Centrala a Chinei, comparativ cu Bitcoin / orice alt crypto? sau unde e linia dintre legal si ilegal?sau pana cand mai punem botul la fumigene de 2 lei?","url":"https://twitter.com/teniescu/status/1441369966486376448","username":"Teniescu"},{"relevant_topic_guid":"3b54557a0f2db2fed20cdc69f271773f","cnt_retweet":"0","publish_time":"20210924194617","page_action_type":"08","cnt_agree":"0","topic_guid":"734c82ce4df810d922fe0c8c6b038e7f","userid":"ProfAljosa","cnt_comment":"0","content":"@MatejTomazin Za zdaj še imajo 30-dnevni grace period na kupone, potem pa se bo res treba ukvarjati s tem :), pa volitve, itd.","url":"https://twitter.com/ProfAljosa/status/1441368387087740928","username":"Prof. Aljoša (2x cepljen **)"},{"relevant_topic_guid":"e436bdb82970f5537cf3381a912d28bd","cnt_retweet":"0","publish_time":"20210924221636","page_action_type":"08","cnt_agree":"0","topic_guid":"7ed77bfa47ba4be56cd35debce919b77","userid":"Stevech71431656","cnt_comment":"0","content":"@lxpwsk1 https://t.co/TMxiJZtd1N","url":"https://twitter.com/Stevech71431656/status/1441406214533877773","username":"Steve cho"},{"relevant_topic_guid":"79a6e4e526793cc1a5769cc6588bf2de","cnt_retweet":"0","publish_time":"20210924215735","page_action_type":"08","cnt_agree":"0","topic_guid":"b1616c29460ba4c89be22f7aad17ea5c","userid":"trmcdonald","cnt_comment":"0","content":"@gilliantett @nfergus e-CNY provides incremental flexibility in their approach to restructuring the credit complex.","url":"https://twitter.com/trmcdonald/status/1441401430481391623","username":"Tim McDonald"},{"relevant_topic_guid":"a7f2cbfd1a54583d702d177e9ac15cfc","cnt_retweet":"0","publish_time":"20210924215209","page_action_type":"08","cnt_agree":"0","topic_guid":"9689061c1d7202c464c4a76440c9aded","userid":"jhngrant","cnt_comment":"0","content":"@swardley Why support any other digital currency when the digital renminbi is expected to launch next year? Restricting options abroad will strengthen the e-CNY domestically.","url":"https://twitter.com/jhngrant/status/1441400061355823105","username":"John Grant"},{"relevant_topic_guid":"693897052bf2293a57b66de49ed22e5b","cnt_retweet":"0","publish_time":"20210924213903","page_action_type":"08","cnt_agree":"0","topic_guid":"355290de0b18539b9591622ad5114ab4","userid":"Ether06106458","cnt_comment":"0","content":"@krakenfx e-CNY ? *","url":"https://twitter.com/Ether06106458/status/1441396764699873293","username":"TimSC"},{"relevant_topic_guid":"b3732a5f8ca4c415b747de1d083b89eb","cnt_retweet":"0","publish_time":"20210924210832","page_action_type":"08","cnt_agree":"0","topic_guid":"70c3442a13f1e770138888c33196657a","userid":"maiameraime","cnt_comment":"2","content":"@TheHalbard @durezzadelviver (1) L\u0027e-CNY,yuan digitale,è già una https://t.co/TpLfLDQFd1 sono già i wallet e sono stati fatti test su milioni di cittadini che hanno ricevuto incentivi per l\u0027utilizzo della valuta digitale della Banca popolare cinese. Si presume che con Olimpiadi22 avverrà lancio definitivo.","url":"https://twitter.com/maiameraime/status/1441389085898199040","username":"Giulia Arangüena⚖₿********"},{"relevant_topic_guid":"4877ec1c94fffc0b974c2d09df577467","cnt_retweet":"1","publish_time":"20210924213821","page_action_type":"08","cnt_agree":"0","topic_guid":"89acc2a24d7f5dc14316a25f737ab956","userid":"trmcdonald","cnt_comment":"0","content":"WeChat \u0026amp; Alipay will be put in the service of the CCP through deployment of the digital yuan, the e-CNYhttps://t.co/Whhb9bgh0j","url":"https://twitter.com/trmcdonald/status/1441396591315673102","username":"Tim McDonald"},{"relevant_topic_guid":"7c670add0904f098db676aed9d776f96","cnt_retweet":"1","publish_time":"20210924214105","page_action_type":"07","cnt_agree":"6","topic_guid":"7c670add0904f098db676aed9d776f96","userid":"eddieoz","cnt_comment":"1","content":"Quem é do BLOCO, não se surpreendeu com o \u0027novo\u0027 banimento na China.*A gente vinha tratando esse assunto há tempos, acompanhando o e-rmb/e-cny (yuan digital) e como isso se daria.Todos os dias no Morning Crypto! Muita info e sorteio de #Bitcoin em https://t.co/VVlJnNDWIN","url":"https://twitter.com/eddieoz/status/1441397277185036296","username":"eddieoz.crypto ⚡"},{"relevant_topic_guid":"4877ec1c94fffc0b974c2d09df577467","cnt_retweet":"0","publish_time":"20210924213034","page_action_type":"07","cnt_agree":"2","topic_guid":"4877ec1c94fffc0b974c2d09df577467","userid":"trmcdonald","cnt_comment":"1","content":"“Virtual currency does not have the same legal status as legal currency” PBOC on crypto“e-CNY is the fiat currency issued by the central bank” PBOC on digital yuanSeems deployment timeline may be accelerating https://t.co/kr43pGKK0s","url":"https://twitter.com/trmcdonald/status/1441394630327607308","username":"Tim McDonald"},{"relevant_topic_guid":"70c3442a13f1e770138888c33196657a","cnt_retweet":"0","publish_time":"20210924211326","page_action_type":"08","cnt_agree":"0","topic_guid":"eda8fe04ef50c12d5d9cf3f045ced646","userid":"TheHalbard","cnt_comment":"0","content":"@maiameraime @durezzadelviver Vero. Mi riferivo ad uno scenario in cui il contante sia stato sostituito dalla valuta di stato digitaleUno scenario come quello che ci ha presentato precedentemente in cui i dati affluiscono in un\u0027unica piattaforma e le transazioni di denaro possono essere bloccate o richiamate","url":"https://twitter.com/TheHalbard/status/1441390319300317186","username":"TheHalbard"},{"relevant_topic_guid":"70c3442a13f1e770138888c33196657a","cnt_retweet":"0","publish_time":"20210924211040","page_action_type":"08","cnt_agree":"2","topic_guid":"af2ce8b136624b261a5d88c49907acd8","userid":"maiameraime","cnt_comment":"0","content":"@TheHalbard @durezzadelviver (2) La Cina ha già bannato le industrie di estrazione di crypto, e per mesi abbiamo assistito alla migrazione fisica di tonnellate di miners da Cina, prevalentemente per USA. Cioè la Cina ha ora pochissima potenza di calcolo su blockchain di BTC ad esemepio.","url":"https://twitter.com/maiameraime/status/1441389621363965959","username":"Giulia Arangüena⚖₿********"},{"relevant_topic_guid":"7c670add0904f098db676aed9d776f96","cnt_retweet":"0","publish_time":"20210924214330","page_action_type":"08","cnt_agree":"0","topic_guid":"05a988d0ae95416b9d03f1882ca5f3d4","userid":"tsnnst","cnt_comment":"0","content":"@eddieoz Opa Eddie, te enviei uma DM, pode olhar lá, não é bot \u003dp","url":"https://twitter.com/tsnnst/status/1441397883966828547","username":"Thiago | SPO at OUROS | Cardano Ambassador"},{"relevant_topic_guid":"d7b1e8d7e6ca768d675a62bf10189da5","cnt_retweet":"0","publish_time":"20210924204331","page_action_type":"08","cnt_agree":"0","topic_guid":"5722627579fe721b7bbc10776ffea82f","userid":"dotnfc","cnt_comment":"0","content":"this is not for the fpoc future, because bmcu will be disappeared finally; but how about the epd on card? (200 * 200 / 8 is about 5kB) especilly for e-CNY/bitcoin hardware?","url":"https://twitter.com/dotnfc/status/1441382789153124353","username":"dotnfc"},{"relevant_topic_guid":"0fada77d84307fee7e73777df6847d91","cnt_retweet":"0","publish_time":"20210924210644","page_action_type":"07","cnt_agree":"0","topic_guid":"0fada77d84307fee7e73777df6847d91","userid":"YIDE1208_CN","cnt_comment":"0","content":"同時に、中国の主権デジタル通貨「e-CNY」（デジタル人民元）が間もなく大規模な流通を実現することも忘れてはならない。","url":"https://twitter.com/YIDE1208_CN/status/1441388633408385027","username":"九日 勿徳 @原魔"},{"relevant_topic_guid":"a544a8f50e894fb5110e0c81c8827a3b","cnt_retweet":"0","publish_time":"20210924210328","page_action_type":"07","cnt_agree":"0","topic_guid":"a544a8f50e894fb5110e0c81c8827a3b","userid":"BMDaily1","cnt_comment":"0","content":"D-day for Korean crypto exchanges; e-CNY project speeds up https://t.co/WjDhqpxmRw","url":"https://twitter.com/BMDaily1/status/1441387809001070596","username":"Black Media Daily"},{"relevant_topic_guid":"227175c9fdc5b78ca8f25886ce99df97","cnt_retweet":"0","publish_time":"20210924210200","page_action_type":"07","cnt_agree":"0","topic_guid":"227175c9fdc5b78ca8f25886ce99df97","userid":"Forkast_News","cnt_comment":"0","content":"China may be one step closer to its goal of internationalizing the yuan, with a policy bank expert saying that e-CNY, its upcoming digital currency, can be used overseas for payments and has strong international competitiveness https://t.co/Ha24ySxr5a","url":"https://twitter.com/Forkast_News/status/1441387440980123652","username":"Forkast News"},{"relevant_topic_guid":"4ed023e309c70671907381b234a38303","cnt_retweet":"0","publish_time":"20210924205155","page_action_type":"07","cnt_agree":"0","topic_guid":"4ed023e309c70671907381b234a38303","userid":"TheBitcoinKing","cnt_comment":"0","content":"D-day for Korean crypto exchanges; e-CNY project speeds up https://t.co/LoOkjzmKNS https://t.co/E1Z37FHbic","url":"https://twitter.com/TheBitcoinKing/status/1441384904671907847","username":"The ₿itcoin King"},{"relevant_topic_guid":"d793d298767adc595ed6ac86e011e316","cnt_retweet":"0","publish_time":"20210924210530","page_action_type":"07","cnt_agree":"0","topic_guid":"d793d298767adc595ed6ac86e011e316","userid":"nowonbitcoin","cnt_comment":"0","content":"D-day for Korean crypto exchanges; e-CNY project speeds up  #btc #bitcoin #cryptocurrency #ethereum #仮想通貨 #ビットコイン #日経平均 #リップル #ドル #xrp #crypto #暗号通貨 #ripple #dontstopwontstop #blockchain","url":"https://twitter.com/nowonbitcoin/status/1441388321465376770","username":"Now on Bitcoin"},{"relevant_topic_guid":"e927fc47c47178d5268a52ecd534b524","cnt_retweet":"0","publish_time":"20210924203407","page_action_type":"07","cnt_agree":"0","topic_guid":"e927fc47c47178d5268a52ecd534b524","userid":"cryptoworldhead","cnt_comment":"0","content":"D-day for Korean crypto exchanges; e-CNY project speeds up https://t.co/rNUkMKDWtF","url":"https://twitter.com/cryptoworldhead/status/1441380425658630144","username":"Crypto World Headline"},{"relevant_topic_guid":"55d871df3a5c62d462c62df509330a6a","cnt_retweet":"0","publish_time":"20210924204947","page_action_type":"07","cnt_agree":"0","topic_guid":"55d871df3a5c62d462c62df509330a6a","userid":"aris_1980","cnt_comment":"0","content":"D-day for Korean crypto exchanges; e-CNY project speeds up https://t.co/WDwfdAvWn3","url":"https://twitter.com/aris_1980/status/1441384367197020162","username":"Dobla Bitcoins"},{"relevant_topic_guid":"e436bdb82970f5537cf3381a912d28bd","cnt_retweet":"0","publish_time":"20210924204142","page_action_type":"07","cnt_agree":"1","topic_guid":"e436bdb82970f5537cf3381a912d28bd","userid":"lxpwsk1","cnt_comment":"0","content":"D-day For Korean Crypto Exchanges; E-CNY Project Speeds Up - Forkast / *A: great work, Korea! ** Keep up the fantastic efforts * https://t.co/b7j4pLriLn","url":"https://twitter.com/lxpwsk1/status/1441382334369050624","username":"C R Y P T E X"},{"relevant_topic_guid":"53a33b485b4bf19b205e39e3a54f9522","cnt_retweet":"0","publish_time":"20210924202701","page_action_type":"08","cnt_agree":"0","topic_guid":"a9bb472c730af15ea892d7e2d75f4780","userid":"_ryangao_","cnt_comment":"1","content":"@wj_du What happens to 数字人民币 now","url":"https://twitter.com/_ryangao_/status/1441378637618442243","username":"Ryan"},{"relevant_topic_guid":"6fff5e977d7eaa580d5dbe67019cd13f","cnt_retweet":"0","publish_time":"20210924205340","page_action_type":"08","cnt_agree":"0","topic_guid":"843661630558b9fff24043f6e5e199eb","userid":"miduobiduo","cnt_comment":"0","content":"@caijinglengyan 央妈给力，不砸下来怎么收便宜BTC？收完了，央妈是谁？数字人民币那坨屎不要以为换个造型就没人认识了。","url":"https://twitter.com/miduobiduo/status/1441385344356601861","username":"米多币多"},{"relevant_topic_guid":"a9bb472c730af15ea892d7e2d75f4780","cnt_retweet":"0","publish_time":"20210924202808","page_action_type":"08","cnt_agree":"0","topic_guid":"52ed32beab5abf9e4a667732e62d5584","userid":"wj_du","cnt_comment":"1","content":"@_ryangao_ 数字人民币不吃西方crypto那一套。走特色数字人民币道路，不挖矿不抽奖只增发。","url":"https://twitter.com/wj_du/status/1441378919609896970","username":"David***"},{"relevant_topic_guid":"82883f088155caec2b84760b291dd5e3","cnt_retweet":"0","publish_time":"20210924223300","page_action_type":"07","cnt_agree":"1","topic_guid":"82883f088155caec2b84760b291dd5e3","userid":"Forkast_News","cnt_comment":"0","content":"On today\u0027s #TheDailyForkast – D-day for Korean crypto exchanges; e-CNY project speeds up and morehttps://t.co/3TM1ozQLuk","url":"https://twitter.com/Forkast_News/status/1441410341548609539","username":"Forkast News"},{"relevant_topic_guid":"b2a1f0b7559aebf55d534971b7c29aae","cnt_retweet":"0","publish_time":"20210923090439","page_action_type":"07","cnt_agree":"0","topic_guid":"b2a1f0b7559aebf55d534971b7c29aae","userid":"08charterbbs","cnt_comment":"0","content":"零八宪章: 政府大力推广数字人民币 　民营支付宝、微信支付或将出局？ https://t.co/P1U5JQYThn","url":"https://twitter.com/08charterbbs/status/1440844525010767872","username":"08宪章论坛"},{"relevant_topic_guid":"e8287252d883844e6eb8d236285bec7e","cnt_retweet":"0","publish_time":"20210921204449","page_action_type":"07","cnt_agree":"0","topic_guid":"e8287252d883844e6eb8d236285bec7e","userid":"learning_any4","cnt_comment":"0","content":"用数字人民币买了澳洲柑……","url":"https://twitter.com/learning_any4/status/1440295953420853261","username":"躺平的废宅"},{"relevant_topic_guid":"0eca929c69437ece2b905e2d05e2dddc","cnt_retweet":"0","publish_time":"20210920230502","page_action_type":"07","cnt_agree":"0","topic_guid":"0eca929c69437ece2b905e2d05e2dddc","userid":"CTChinaOfficial","cnt_comment":"0","content":"近日，广东省人民政府印发关于深入推进资本要素市场化配置改革行动方案的通知，方案提出，支持深圳深化央行数字人民币应用创新试点，适时申请扩大试点城市范围，以区块链技术为基础，粤港澳共建征信链，促进粤港澳大湾区征信合作。 https://t.co/98avCNzd3K","url":"https://twitter.com/CTChinaOfficial/status/1439968854290034695","username":"Cointelegraph China"},{"relevant_topic_guid":"93737b49995a493f66b28df9fcfe3fcc","cnt_retweet":"0","publish_time":"20210922200045","page_action_type":"07","cnt_agree":"0","topic_guid":"93737b49995a493f66b28df9fcfe3fcc","userid":"learning_any4","cnt_comment":"0","content":"数字人民币app把“党费交纳”做为一个大功能放到了“设置”旁边，笑死人","url":"https://twitter.com/learning_any4/status/1440647253450919936","username":"躺平的废宅"},{"relevant_topic_guid":"5077f1a6c7b25400a1e62ae673c4b053","cnt_retweet":"0","publish_time":"20210923081559","page_action_type":"07","cnt_agree":"0","topic_guid":"5077f1a6c7b25400a1e62ae673c4b053","userid":"AndreaB43166621","cnt_comment":"0","content":"上海35万份数字人民币红包开奖！看看你中了没？https://t.co/R5zYiICBpO","url":"https://twitter.com/AndreaB43166621/status/1440832281531142147","username":"Andrea Brown"},{"relevant_topic_guid":"726d56600bc11729bbec3c7cff3ff1fb","cnt_retweet":"1","publish_time":"20210920230625","page_action_type":"07","cnt_agree":"8","topic_guid":"726d56600bc11729bbec3c7cff3ff1fb","userid":"Hoyooyoo","cnt_comment":"6","content":"早就叫你们住房不炒，你们不听。如今，各行各业一顿收拾，刚需萎靡，断供、法拍一起高潮。救几个盖房子的企业有什么用？没用肯定不用救啦！让这一波多米诺骨牌塌到银行这里，数字人民币就可以派上用场了。白酒板块要牛逼！","url":"https://twitter.com/Hoyooyoo/status/1439969200349450240","username":"秋生"},{"relevant_topic_guid":"e5a68df8bb2055660c2e82b81d84b256","cnt_retweet":"0","publish_time":"20210920232737","page_action_type":"07","cnt_agree":"0","topic_guid":"e5a68df8bb2055660c2e82b81d84b256","userid":"xengun30","cnt_comment":"0","content":"在中国街上全部都是提款机。现在出现数字人民币是替代虚拟货币，不工作，不挣钱，数字人民币都没有。禁止打砸提款机，加强网络和设备升级。","url":"https://twitter.com/xengun30/status/1439974534912696320","username":"xengun"},{"relevant_topic_guid":"e416837298b7cfb1f9337fd31347640f","cnt_retweet":"0","publish_time":"20210923160527","page_action_type":"08","cnt_agree":"0","topic_guid":"6af161879501b88f8e91d6e24ddd9279","userid":"hongxing2016","cnt_comment":"0","content":"@JeeJeeKwan 这家是最先喊数字人民币的，我转走钱卸掉了","url":"https://twitter.com/hongxing2016/status/1440950422756200448","username":"三小恶猫"},{"relevant_topic_guid":"799af12b6f420be25dd31f07a1b13d83","cnt_retweet":"1","publish_time":"20210922145928","page_action_type":"08","cnt_agree":"2","topic_guid":"f451137eb20a76367fcc1fe4726cccb1","userid":"windll2","cnt_comment":"0","content":"@EZqkzsCFrgcaoww @sanny32767167 不用票据，时代进步，CCP用数字人民币就绰绰有余的把物资管死","url":"https://twitter.com/windll2/status/1440571432346349576","username":"wakeupwindll"},{"relevant_topic_guid":"ff53a0352bdb4ccdc8b44e92a1a1acec","cnt_retweet":"0","publish_time":"20210722164303","page_action_type":"07","cnt_agree":"0","topic_guid":"ff53a0352bdb4ccdc8b44e92a1a1acec","userid":"jingbojingbo88","cnt_comment":"0","content":"海南自贸港有序推进数字人民币试点 - 7 月 21 日，“海南自贸港建设一周年金融政策实施效果”新闻通气会在海口召开。会上，中国人民银行海口中心支行副行长、国家外汇管理局海南省分局副局长谢端纯表示，目前海南自贸港金融基础设施功能不断完善，金融服务持续改善。全岛落地实施数字人民币试","url":"https://twitter.com/jingbojingbo88/status/1418129449820819461","username":"景博"},{"relevant_topic_guid":"9c80e95b515d8507045e47405d007043","cnt_retweet":"0","publish_time":"20210722165403","page_action_type":"07","cnt_agree":"0","topic_guid":"9c80e95b515d8507045e47405d007043","userid":"jingbojingbo88","cnt_comment":"0","content":"俄专家对数字人民币给出最高评价 - 7 月 22 日消息，俄罗斯经济学家阿列克谢·米赫耶夫撰文指出，就像阿里巴巴、亚马逊等在线电商平台颠覆了零售业运营模式一样，数字人民币的应用也将从根本上改变全球金融格局，有助于减轻各国对美元的依赖。米赫耶夫高度看好数字人民币的前景，他认为别看欧","url":"https://twitter.com/jingbojingbo88/status/1418132219567149057","username":"景博"},{"relevant_topic_guid":"a650920e8a00e7aa4df3828ae526c520","cnt_retweet":"3","publish_time":"20210722081753","page_action_type":"07","cnt_agree":"9","topic_guid":"a650920e8a00e7aa4df3828ae526c520","userid":"zhiyitw33","cnt_comment":"1","content":"参议员玛莎·布莱克本：#共产主义中国 反对会削弱他们对权力和统治渴望的任何事情。【附赵立坚就美国立法委员们反对使用数字人民币的推文】","url":"https://twitter.com/zhiyitw33/status/1418002322983055361","username":"美国政要直译推"},{"relevant_topic_guid":"7fd9b0bab8ec228cfb8a901508fea810","cnt_retweet":"0","publish_time":"20210721045502","page_action_type":"07","cnt_agree":"0","topic_guid":"7fd9b0bab8ec228cfb8a901508fea810","userid":"NAI500","cnt_comment":"0","content":"[重磅：中国 #数字人民币 将使用智能合约] #中国人民银行 （PBOC）在一份新的白皮书中表示，正在为其数字人民币(或e-CNY)使用 #智能合约 ，这些智能合约将实现 #自动支付 ，根据双方商定的 #预定条件 执行。#区块链 #数字加密 #电子支付 https://t.co/idcYpsrQWv","url":"https://twitter.com/NAI500/status/1417588885547327493","username":"NAI500"},{"relevant_topic_guid":"36651a242f4de56c5879dacec6385b43","cnt_retweet":"9","publish_time":"20210721121500","page_action_type":"07","cnt_agree":"34","topic_guid":"36651a242f4de56c5879dacec6385b43","userid":"rijingzhongwen","cnt_comment":"9","content":"【日经记者在北京体验数字人民币】川手伊织：外国人目前还无法绑定银行账户，笔者付现金给中国的助手，让其转账等额的数字人民币，然后在能用数字人民币结账的云南菜餐厅吃了午餐。通过数字钱包结账时，不到5秒钟就收到了支付完成的通知……https://t.co/LnRBohE9TQ https://t.co/jDiXqXolCO","url":"https://twitter.com/rijingzhongwen/status/1417699605756612616","username":"日经中文网"},{"relevant_topic_guid":"f0ac46eccf45718041450e0f7b0fa016","cnt_retweet":"0","publish_time":"20210721142210","page_action_type":"07","cnt_agree":"1","topic_guid":"f0ac46eccf45718041450e0f7b0fa016","userid":"ChainNewscom","cnt_comment":"0","content":"【平安产险深圳分公司开展数字人民币结算保费试点】链闻消息，据深圳商报报道，平安产险深圳分公司联合中国银行深圳市分行完成了首批「数字人民币保单」签发工作，标志着深圳保险业将「数字人民币保单」的试点应用延申至线上保费结算场景。作…… https://t.co/J6wyaZrhoS","url":"https://twitter.com/ChainNewscom/status/1417731607625076741","username":"链闻 ChainNews"},{"relevant_topic_guid":"8e8177826681709f211665e0e8c28927","cnt_retweet":"0","publish_time":"20210721095230","page_action_type":"07","cnt_agree":"0","topic_guid":"8e8177826681709f211665e0e8c28927","userid":"JoeChan40503067","cnt_comment":"0","content":"郑州铝钢厂爆炸，暴雨洪水淹全城！近距离画面流出，冲击波似科幻大片！AXIE/AXS/SLP生态大变化，数字人民币来了！ https://t.co/yXeHh8hE2S via @YouTube 订阅面具人，转发分享，免费领AXIE蛋","url":"https://twitter.com/JoeChan40503067/status/1417663744356753409","username":"Joe Chan"},{"relevant_topic_guid":"9c988361efc9a31f3ec091c0002ff2f8","cnt_retweet":"0","publish_time":"20210727212700","page_action_type":"07","cnt_agree":"0","topic_guid":"9c988361efc9a31f3ec091c0002ff2f8","userid":"HughHarsono","cnt_comment":"0","content":"The recently released white paper on the digital yuan (e-CNY) CBDC alludes to vague notions of “managed anonymity” to protect consumer data privacy. Read my latest analysis at @hackernoon. https://t.co/ICkCPqbdO4#digitalyuan #CBDC #dataprivacy","url":"https://twitter.com/HughHarsono/status/1420012850215542794","username":"Hugh Harsono"},{"relevant_topic_guid":"989236ae9f0c369528c017c7ccb132a7","cnt_retweet":"1","publish_time":"20210721153321","page_action_type":"07","cnt_agree":"5","topic_guid":"989236ae9f0c369528c017c7ccb132a7","userid":"MZD8964","cnt_comment":"0","content":"一旦中国央行全面普及中心化的数字人民币，中国境内一切民主活动的经费都会被切断，一切个人隐私都会100%置于监控之下。唯一能突破的办法是去中心化的区块链数字货币。民主人士必须学会翻墙和区块链。","url":"https://twitter.com/MZD8964/status/1417749521988214786","username":"MZ介子"},{"relevant_topic_guid":"c5d1560a2319e30e8227d802aa0b1420","cnt_retweet":"2","publish_time":"20210728045001","page_action_type":"07","cnt_agree":"7","topic_guid":"c5d1560a2319e30e8227d802aa0b1420","userid":"shenlulushen","cnt_comment":"0","content":"e-CNY has raised surveillance concerns from outside observers, including from Jerome Powell. But that worry can be overblown since the e-CNY doesn\u0027t give the Chinese government much more power to surveil financial activities than it already enjoys.","url":"https://twitter.com/shenlulushen/status/1420124339278688267","username":"Shen Lu"},{"relevant_topic_guid":"36651a242f4de56c5879dacec6385b43","cnt_retweet":"0","publish_time":"20210721123738","page_action_type":"08","cnt_agree":"1","topic_guid":"a6470f1dc7c766dfc67ec5002471969d","userid":"mikejx4","cnt_comment":"2","content":"@rijingzhongwen 马云提供了新的支付方式，国家负责完善健全，这就是数字人民币。追踪个人的行踪不需要这么多此一举","url":"https://twitter.com/mikejx4/status/1417705304498728960","username":"mikejx"},{"relevant_topic_guid":"36651a242f4de56c5879dacec6385b43","cnt_retweet":"0","publish_time":"20210721122339","page_action_type":"08","cnt_agree":"0","topic_guid":"4dae212e810087bf8910b4261ac9cf19","userid":"Gavin21591233","cnt_comment":"0","content":"@rijingzhongwen 用阿里巴巴支付，零钱宝还有约3%利息。","url":"https://twitter.com/Gavin21591233/status/1417701784676569092","username":"Gavin"},{"relevant_topic_guid":"36651a242f4de56c5879dacec6385b43","cnt_retweet":"0","publish_time":"20210721123257","page_action_type":"08","cnt_agree":"2","topic_guid":"0e40e182fcaaf884646527b8aede42b6","userid":"kaikaihaha11","cnt_comment":"0","content":"@rijingzhongwen @zljeric 支付宝，1秒钟就收到完成支付通知。都要别人转账了，干嘛不用余额宝？微信的零钱？多此一举","url":"https://twitter.com/kaikaihaha11/status/1417704123739164673","username":"阿凯"},{"relevant_topic_guid":"36651a242f4de56c5879dacec6385b43","cnt_retweet":"0","publish_time":"20210721130542","page_action_type":"08","cnt_agree":"0","topic_guid":"c865b4afe10b18cab5090a410b8badf3","userid":"dukep41493519","cnt_comment":"0","content":"@rijingzhongwen 支付宝和微信支付等支付的还是纸币或传统货币，数字货币是没有实体的","url":"https://twitter.com/dukep41493519/status/1417712364552654848","username":"dukep"},{"relevant_topic_guid":"36651a242f4de56c5879dacec6385b43","cnt_retweet":"0","publish_time":"20210721144249","page_action_type":"08","cnt_agree":"0","topic_guid":"8b0bb6d495859e9932689ea366a7fa10","userid":"Huakui6666","cnt_comment":"0","content":"@rijingzhongwen China is very advanced in this regard","url":"https://twitter.com/Huakui6666/status/1417736807148494849","username":"Huakui"},{"relevant_topic_guid":"36651a242f4de56c5879dacec6385b43","cnt_retweet":"0","publish_time":"20210721130556","page_action_type":"08","cnt_agree":"0","topic_guid":"4b43020f79f24da0386d79c034c1629e","userid":"fockjd","cnt_comment":"0","content":"@rijingzhongwen 移动支付相对落后的日本感觉好像是昨天刚接的网线","url":"https://twitter.com/fockjd/status/1417712423755190272","username":"fockjd"},{"relevant_topic_guid":"36651a242f4de56c5879dacec6385b43","cnt_retweet":"0","publish_time":"20210722071730","page_action_type":"08","cnt_agree":"0","topic_guid":"c9008b06db26708119443427bc836f31","userid":"Liusheng_cn","cnt_comment":"0","content":"@rijingzhongwen 你們為什麼幫集權的數字貨幣做宣傳呢 是個問題","url":"https://twitter.com/Liusheng_cn/status/1417987126382129152","username":"地獄之魘"},{"relevant_topic_guid":"36651a242f4de56c5879dacec6385b43","cnt_retweet":"0","publish_time":"20210721170849","page_action_type":"08","cnt_agree":"0","topic_guid":"425d8fa01ba25fce59f59843ec56b413","userid":"Pitt_GZ","cnt_comment":"0","content":"@rijingzhongwen 需要5秒？恐怕是那里信号不大好","url":"https://twitter.com/Pitt_GZ/status/1417773548932800514","username":"ETpitt"}]