[{"relevant_topic_guid":"19f856f8a6ef5fec6703e20f458bf6c1","cnt_retweet":"0","publish_time":"20210910092126","page_action_type":"11","cnt_agree":"0","topic_guid":"19f856f8a6ef5fec6703e20f458bf6c1","userid":"2873725762","cnt_comment":"0","content":"鼓励低碳出行 成都市民今起报名可领数字人民币红包用于单车骑行 RT:@双流服务 【鼓励低碳出行 成都市民今起报名可领数字人民币红包用于单车骑行】#成都市民数字人民币使用又有新场景#啦！9月9日，记者获悉，为了增加成都地区数字人民币的使用频率，拓展应用人群，即日起至12月31日，成都市民打开美团App搜索“数字人民币”，完成报名即可领取数字人民币红包，用于APP内单车骑行费 ...全文","url":"https://m.weibo.cn/status/4679809052180578","username":"双流东升街道"},{"relevant_topic_guid":"d4cff64663668090ad55f1e4f6a3e277","cnt_retweet":"0","publish_time":"20210910091459","page_action_type":"11","cnt_agree":"0","topic_guid":"d4cff64663668090ad55f1e4f6a3e277","userid":"3933801885","cnt_comment":"0","content":"1、美团在上海等地试点数字人民币低碳红包，可用于支付共享单车费用 2、全国首个知识产权区块链公共存证平台“浙江省知识产权区块链公共存证平台”正式上线 3、全球航运商业网络（GSBN）推出区块链国际贸易平台 4、趣链科技助力全国首批区块链数据资产质押贷款落地杭州via杨记杂货铺 RT:@环信即时通讯云 【9月10日投融资科技早报】1、收藏玩具品牌「52TOYS」完成4亿元C轮融资，由前海母基金和国中资本联合领投，中金资本旗下基金、新瞳资本、兼固资本跟投2、新酒饮品牌「梅花里」完成近千万元天使轮融资，由不惑创投独家投资3、中国新锐设计师品牌「bosie」完成数亿元B+轮融资，由B站与五源资本领投 ...全文","url":"https://m.weibo.cn/status/4679807423745699","username":"环信即时通讯云"},{"relevant_topic_guid":"a1c33e47c27c83549646264bc5772d99","cnt_retweet":"0","publish_time":"20210910093103","page_action_type":"07","cnt_agree":"0","topic_guid":"a1c33e47c27c83549646264bc5772d99","userid":"6456772530","cnt_comment":"0","content":"$美团－Ｗ hk03690$ 用数字人民币免费骑单车 北京等地区率先全国首批“尝鲜”，点击链接查看更多-\u003e用数字人民币免费骑单车 北京等地区率先全国首批“尝鲜”","url":"https://m.weibo.cn/status/4679811467053756","username":"个股资讯"},{"relevant_topic_guid":"08ce08422ac253bfe10189106439e3a5","cnt_retweet":"0","publish_time":"20210910091318","page_action_type":"07","cnt_agree":"0","topic_guid":"08ce08422ac253bfe10189106439e3a5","userid":"3901859071","cnt_comment":"0","content":"美团在上海等地试点用数字人民币免费骑单车 9月9日起至12月31日，上海市民打开美团App搜索“数字人民币”，完成报名即可领取10元数字人民币红包，用于支付美团单车骑行费用，之后再骑行还能额外获得相应的数字人民币低碳红包奖励，用于更多低碳出行。据了解，此次活动由美团联合中国农业银行、中国邮政储蓄银行、中国建设银行共同发起，面向北京、上海、深圳、海南、长沙、苏州、西安、成都、雄安新区等9大数字人民币试点地区居民免费发放数字人民币低碳出行红包。(上证报)","url":"https://m.weibo.cn/status/4679806999858144","username":"星图数据"},{"relevant_topic_guid":"03d915464edd217d8c95bd092f10a7d9","cnt_retweet":"0","publish_time":"20210910075906","page_action_type":"07","cnt_agree":"0","topic_guid":"03d915464edd217d8c95bd092f10a7d9","userid":"1895096900","cnt_comment":"0","content":"#深新早点# 【深新早点丨解锁数字人民币低碳新玩法！深圳er领红包骑共享单车啦】这是第961深新早点 ●多云间晴天，偶有短时阵雨，气温28-31℃ ●深圳机场上半年旅客吞吐量全国第三 ●3D打印景观广场预计9月底将与市民见面深新早点丨解锁数字人民币低碳新玩法！深圳er领红包骑共享单车啦","url":"https://m.weibo.cn/status/4679788327078085","username":"深圳新闻网"},{"relevant_topic_guid":"21413dcac307fc1fba19946507c9740e","cnt_retweet":"0","publish_time":"20210910135701","page_action_type":"11","cnt_agree":"0","topic_guid":"21413dcac307fc1fba19946507c9740e","userid":"1076684233","cnt_comment":"0","content":"转发微博 RT:@上海证券报 #上证快讯# 【人民银行范一飞：数字人民币受理环境有待优化 将优化数字人民币底层业务能力和基础技术平台】人民银行副行长范一飞9月10日在2021中国（北京）数字金融论坛上表示，人民银行将在前期工作基础上出台新阶段金融科技发展规划，引导金融业稳妥发展金融科技、加快数字化转型。 ...全文","url":"https://m.weibo.cn/status/4679878399755154","username":"中国证券网"},{"relevant_topic_guid":"cf05668a98854abda0a56111f5d3946f","cnt_retweet":"0","publish_time":"20210910135732","page_action_type":"11","cnt_agree":"0","topic_guid":"cf05668a98854abda0a56111f5d3946f","userid":"2417149071","cnt_comment":"0","content":"快来体验#数字人民币# RT:@北京时间 直播！#数字人民币的魅力# 【“数字人民币”好用吗？怎么用——记者带你体验】数字人民币软钱包、可视芯片钱包、数字人民币兑换机、可穿戴设备无网支付，在2021中国（北京）数字金融论坛上，数字人民币的应用新场景让人目不暇接，快来一起体验数字人民币的魅力！ 北京时间的微博直播","url":"https://m.weibo.cn/status/4679878530042219","username":"北京市商务局"},{"relevant_topic_guid":"5386fed2065354346fcee872f9ebb390","cnt_retweet":"0","publish_time":"20210910135015","page_action_type":"11","cnt_agree":"0","topic_guid":"5386fed2065354346fcee872f9ebb390","userid":"1243477063","cnt_comment":"0","content":"数字钱包存入的钱至今都没法使用。 RT:@新浪财经 【范一飞：人民银行将继续研发数字货币 提升金融服务普惠水平】9月10日，在2021中国（北京）数字金融论坛上，人民银行副行长范一飞表示，人民银行将稳步研发数字货币，提升金融服务普惠水平。在规则制定方面，充分发挥数字人民币结算效率高、隐私保护强等优势，既不能完全按照账户去管理，也不能照搬纸 ...全文","url":"https://m.weibo.cn/status/4679876701323619","username":"洪怀懋"},{"relevant_topic_guid":"0510bb86d3aab8621ec7e33b8f4742e2","cnt_retweet":"0","publish_time":"20210910135030","page_action_type":"11","cnt_agree":"0","topic_guid":"0510bb86d3aab8621ec7e33b8f4742e2","userid":"6171623575","cnt_comment":"0","content":"美团在上海等地试点数字人民币低碳红包，可用于支付共享单车费用#区块链技术# RT:@辛泓睿 区块链快讯 | 09月10日 星期五1、美团在上海等地试点数字人民币低碳红包，可用于支付共享单车费用2、全国首个知识产权区块链公共存证平台“浙江省知识产权区块链公共存证平台”正式上线3、全球航运商业网络（GSBN）推出区块链国际贸易平台，蚂蚁链、阿里云、甲骨文和微软提供技术支持4、趣链科技助 ...全文","url":"https://m.weibo.cn/status/4679876759521295","username":"渤海泓媒"},{"relevant_topic_guid":"3316742ba2e3dbdc3f04d791bfa756ac","cnt_retweet":"1","publish_time":"20210910133918","page_action_type":"07","cnt_agree":"0","topic_guid":"3316742ba2e3dbdc3f04d791bfa756ac","userid":"1960660265","cnt_comment":"0","content":"【议】范一飞谈数字货币：既不完全按照账户去管理，也不能照搬纸币去要求： 今日，中国人民银行副行长范一飞表示，央行将坚持开放包容原则，从供需两方面发力，组织持续优化数字人民币底层业务能力和基础技术平台，积极对外赋能，共同打造数字人民币生态体系。在规则制定方面，以中心化管理、统一认知、实现防伪为前提，充分发挥数字人民币结算效率高、隐私保护强等优势，既不能完全按照账户去管理，也不能照搬纸币去要求，该打破的要打破，该约束的要约束。（财联社） #互联网快讯# #互联网资讯# #议科技#","url":"https://m.weibo.cn/status/4679873945403489","username":"议科技"},{"relevant_topic_guid":"ff0b4f6d71331f6fd9a519a363189f8f","cnt_retweet":"0","publish_time":"20210910134901","page_action_type":"07","cnt_agree":"1","topic_guid":"ff0b4f6d71331f6fd9a519a363189f8f","userid":"6452231600","cnt_comment":"0","content":"#深圳拟开发数字人民币买兑彩票#【深圳：拟创新彩票销售管理，开发数字人民币有关彩票购买支付及小奖兑付方式】深圳市民政局日前发布《深圳市民政事业发展“十四五”规划（征求意见稿）》。意见提出，拟创新彩票销售管理。创新应用区块链技术服务彩民回馈抽奖活动，开发数字人民币有关彩票购买支付及小奖兑付方式。（消息来源：证券时报） NBD视频的微博视频","url":"https://m.weibo.cn/status/4679876391469508","username":"NBD视频"},{"relevant_topic_guid":"bd1f4a906c23d6870d8d3973259ebfaa","cnt_retweet":"0","publish_time":"20210910132142","page_action_type":"07","cnt_agree":"0","topic_guid":"bd1f4a906c23d6870d8d3973259ebfaa","userid":"2592097400","cnt_comment":"0","content":"9月10日消息，中国人民银行副行长范一飞表示，在技术实现方面，发挥好指定运营机构各自优势和专业经验，持续开展技术迭代保持整体先进性，充分利用现有金融基础设施，支持与传统电子支付系统间交互，推动不同运营机构钱包间、数字人民币钱包与银行账户间的互联互通，实现安全与便捷的统一。（新京报）","url":"https://m.weibo.cn/status/4679869516742978","username":"区块链达摩院"},{"relevant_topic_guid":"c08123c03ad736747cdff28bdd1dc18a","cnt_retweet":"0","publish_time":"20210910132020","page_action_type":"07","cnt_agree":"0","topic_guid":"c08123c03ad736747cdff28bdd1dc18a","userid":"1818543023","cnt_comment":"0","content":"#数字货币# #央行# 央行副行长范一飞谈数字货币：充分发挥数字人民币结算效率高、隐私保护强等优势，既不能完全按照账户去管理，也不能照搬纸币去要求，该打破的要打破，该约束的要约束。（贝壳财经","url":"https://m.weibo.cn/status/4679869168881084","username":"罗斯rosehe"},{"relevant_topic_guid":"41f43db02bb8662eb00106d04511ed11","cnt_retweet":"3","publish_time":"20210910131839","page_action_type":"07","cnt_agree":"2","topic_guid":"41f43db02bb8662eb00106d04511ed11","userid":"1638782947","cnt_comment":"0","content":"【范一飞：人民银行将继续研发数字货币 提升金融服务普惠水平】9月10日，在2021中国（北京）数字金融论坛上，人民银行副行长范一飞表示，人民银行将稳步研发数字货币，提升金融服务普惠水平。在规则制定方面，充分发挥数字人民币结算效率高、隐私保护强等优势，既不能完全按照账户去管理，也不能照搬纸币去要求，该打破的要打破，该约束的要约束。范一飞谈数字货币：既不完全按照账户去管理也不能照搬纸币去要求","url":"https://m.weibo.cn/status/4679868745256691","username":"新浪财经"},{"relevant_topic_guid":"0ae9a0cab42563a9d6a0d9da00c413ef","cnt_retweet":"0","publish_time":"20210910131940","page_action_type":"07","cnt_agree":"5","topic_guid":"0ae9a0cab42563a9d6a0d9da00c413ef","userid":"6167824365","cnt_comment":"0","content":"【范一飞谈数字货币：既不完全按照账户去管理也不能照搬纸币去要求】在今日举办的2021中国（北京）数字金融论坛上，中国人民银行副行长范一飞表示，中国的数字人民币取得了阶段性成果。同时，一些问题亟待解决。比如数字人民币规则制度有待完善、受理环境有待优化、支付体系有待健全等。下一步，央行将坚持开放包容原则，从供需两方面发力，组织持续优化数字人民币底层业务能力和基础技术平台，积极对外赋能，共同打造数字人民币生态体系。在规则制定方面，以中心化管理、统一认知、实现防伪为前提，充分发挥数字人民币结算效率高、隐私保护强等优势，既不能完全按照账户去管理，也不能照搬纸币去要求，该打破的要打破，该约束的要约束。（贝壳财经）","url":"https://m.weibo.cn/status/4679869001107658","username":"操奇制胜"},{"relevant_topic_guid":"e66c174b955dd67deba39dcbfd7a62ab","cnt_retweet":"0","publish_time":"20210910155059","page_action_type":"07","cnt_agree":"20","topic_guid":"e66c174b955dd67deba39dcbfd7a62ab","userid":"6994225757","cnt_comment":"20","content":"美团搜“数字人民币”，可以领10块只能用来骑车来美团领数字人民币，免费低碳骑行","url":"https://m.weibo.cn/status/4679907081454997","username":"一只羊羊毛"},{"relevant_topic_guid":"ca957a239bf5bd84f90cd92dc00c0dbc","cnt_retweet":"0","publish_time":"20210910161925","page_action_type":"07","cnt_agree":"0","topic_guid":"ca957a239bf5bd84f90cd92dc00c0dbc","userid":"1274460913","cnt_comment":"0","content":"【“数字人民币”好用吗？怎么用？记者多场景体验】数字人民币软钱包、可视芯片钱包、数字人民币兑换机、可穿戴设备无网支付……在2021中国（北京）数字金融论坛上，数字人民币的应用新场景让人目不暇接。9月10日，记者带你体验数字人民币的魅力！ 澎湃新闻的微博视频","url":"https://m.weibo.cn/status/4679914236938373","username":"吉林交通广播"},{"relevant_topic_guid":"4e5b9e33a3831e7794d2d9af43938fe0","cnt_retweet":"0","publish_time":"20210910154020","page_action_type":"07","cnt_agree":"0","topic_guid":"4e5b9e33a3831e7794d2d9af43938fe0","userid":"1737586512","cnt_comment":"0","content":"#深圳拟开发数字人民币购买兑付彩票#【深圳市：拟创新彩票销售管理，开发数字人民币有关彩票购买支付及小奖兑付方式】 深圳市民政局日前发布《深圳市民政事业发展“十四五”规划（征求意见稿）》：拟创新彩票销售管理。推进中间业务平台建设并加快接入广东省统一身份认证平台，推进采用智能网络系统建设，实现定向数据存证与公证、数据统计分析、可自动追溯的深圳责任彩票联盟链。创新应用区块链技术服务彩民回馈抽奖活动，开发数字人民币有关彩票购买支付及小奖兑付方式。建立“轮候准入制”的投注站设立及配套管理机制，布局彩票便捷式销售终端渠道。优化彩票游戏品种，探索开发“文化+”主题网点即开票，激发市场新活力。 财联社CC新闻的微博视频","url":"https://m.weibo.cn/status/4679904400247510","username":"中访网财经"},{"relevant_topic_guid":"23500c3cbc7f5984d41230dfe910adb6","cnt_retweet":"0","publish_time":"20210910140003","page_action_type":"07","cnt_agree":"1","topic_guid":"23500c3cbc7f5984d41230dfe910adb6","userid":"6065255972","cnt_comment":"0","content":"【#九省市可用数字人民币免费骑车#】9月9日，数字人民币碳中和主题试点上线。即日起，北京、上海、深圳等9省市居民可在美团app搜索“数字人民币”，通过报名活动领取最低10元、最高216元奖励，用数字人民币免费骑单车。每日经济新闻的微博视频","url":"https://m.weibo.cn/status/4679879163120503","username":"微博借钱"},{"relevant_topic_guid":"ce7fe140ec8e111856c447e5f0f56cd4","cnt_retweet":"3","publish_time":"20210910140256","page_action_type":"07","cnt_agree":"2","topic_guid":"ce7fe140ec8e111856c447e5f0f56cd4","userid":"1765373140","cnt_comment":"0","content":"#深圳拟开发数字人民币买兑彩票#【深圳：拟创新彩票销售管理，开发数字人民币有关彩票购买支付及小奖兑付方式】深圳市民政局日前发布《深圳市民政事业发展“十四五”规划（征求意见稿）》。意见提出，拟创新彩票销售管理。创新应用区块链技术服务彩民回馈抽奖活动，开发数字人民币有关彩票购买支付及小奖兑付方式。（消息来源：证券时报） NBD视频的微博视频","url":"https://m.weibo.cn/status/4679879888473495","username":"福布斯中文网"},{"relevant_topic_guid":"0027f239fc43bc579aecc03c24615e94","cnt_retweet":"0","publish_time":"20210910135423","page_action_type":"07","cnt_agree":"1","topic_guid":"0027f239fc43bc579aecc03c24615e94","userid":"6573108811","cnt_comment":"0","content":"【范一飞谈数字货币：既不完全按照账户去管理也不能照搬纸币去要求】 9月10日消息，中国人民银行副行长范一飞在今日举办的2021中国（北京）数字金融论坛上表示，下一步，央行将坚持开放包容原则，从供需两方面发力，组织持续优化数字人民币底层业务能力和基础技术平台，积极对外赋能，共同打造数字人民币生态体系。在规则制定方面，以中心化管理、统一认知、实现防伪为前提，充分发挥数字人民币结算效率高、隐私保护强等优势，既不能完全按照账户去管理，也不能照搬纸币去要求，该打破的要打破，该约束的要约束。 中国人民银行副行长范一飞表示，在技术实现方面，发挥好指定运营机构各自优势和专业经验，持续开展技术迭代保持整体先进性，充分利用现有金融基础设施，支持与传统电子支付系统间交互，推动不同运营机构钱包间、数字人民币钱包与银行账户间的互联互通，实现安全与便捷的统一。（新京报） #区块链# #以太坊# #比特币# #数字货币# #加密货币# #金融#","url":"https://m.weibo.cn/status/4679877737581443","username":"欧科链讯"},{"relevant_topic_guid":"e48487d3bac26b7b55c5e1add29d4e72","cnt_retweet":"0","publish_time":"20210910132211","page_action_type":"07","cnt_agree":"2","topic_guid":"e48487d3bac26b7b55c5e1add29d4e72","userid":"2317138975","cnt_comment":"3","content":"有人知道铁蛋的鼻子为什么这么灵吗？这篇微博我只说了句魅族才是骁龙平台第一个支持数字人民币的厂商，通篇未提小米，更没有提某些不要脸的“假牌”厂商，铁蛋们怎么就闻着味全过来喷小米了呢？真就有什么样的厂商有什么样的精神股东吗？鼻子还这么灵。","url":"https://m.weibo.cn/status/4679869634449307","username":"Sun_刘磊"},{"relevant_topic_guid":"35d2f22c53d146be21f8049a261afa67","cnt_retweet":"0","publish_time":"20210910134432","page_action_type":"07","cnt_agree":"0","topic_guid":"35d2f22c53d146be21f8049a261afa67","userid":"5085586067","cnt_comment":"0","content":"报名即得！速领您的数字人民币红包，最高216元！报名即得！速领您的数字人民币红包，最高216元！","url":"https://m.weibo.cn/status/4679875257961361","username":"中国农业银行湖北省分行"},{"relevant_topic_guid":"a92bb2c1847d3b57eb632835befb5a5c","cnt_retweet":"0","publish_time":"20210910133034","page_action_type":"07","cnt_agree":"0","topic_guid":"a92bb2c1847d3b57eb632835befb5a5c","userid":"7506984709","cnt_comment":"0","content":"9月10日消息，中国人民银行副行长范一飞表示，在技术实现方面，发挥好指定运营机构各自优势和专业经验，持续开展技术迭代保持整体先进性，充分利用现有金融基础设施，支持与传统电子支付系统间交互，推动不同运营机构钱包间、数字人民币钱包与银行账户间的互联互通，实现安全与便捷的统一。（新京报）","url":"https://m.weibo.cn/status/4679871743397490","username":"区块新视点"},{"relevant_topic_guid":"e51cb5d8990c7afe919114a8a2da0f90","cnt_retweet":"0","publish_time":"20210910132239","page_action_type":"07","cnt_agree":"0","topic_guid":"e51cb5d8990c7afe919114a8a2da0f90","userid":"2592097400","cnt_comment":"0","content":"今日在2021中国（北京）数字金融论坛上，北京市副市长卢映川表示，在央行的指导下，北京将加快推进法定数字货币实验区和数字金融体系建设，稳步推进数字人民币全场景试点。","url":"https://m.weibo.cn/status/4679869751886952","username":"区块链达摩院"},{"relevant_topic_guid":"4242445dcd0186ca54bee4dd48308db1","cnt_retweet":"0","publish_time":"20210910135310","page_action_type":"07","cnt_agree":"0","topic_guid":"4242445dcd0186ca54bee4dd48308db1","userid":"1686551944","cnt_comment":"0","content":"#买房指导#【全国首笔全流程数字人民币缴税业务在大连实现】 中新网大连9月9日电 (记者 杨毅)9月8日，大连市民于红女士成功使用数字人民币缴纳了一笔大额税款，标志着从税款缴纳到国库入库对账全流程通过数字人民币流转在大连顺利实现，这也是全国首笔数字人民币线上缴税业务。 作为现有缴税渠道的补充，数字人民币缴税是指企业或者个人在税务窗口或大连市征纳互动平台缴税时... 网页链接","url":"https://m.weibo.cn/status/4679877431135578","username":"沈阳新浪房产"},{"relevant_topic_guid":"bb1ea073ffe391a89f86f02a9032462c","cnt_retweet":"0","publish_time":"20210910131608","page_action_type":"07","cnt_agree":"0","topic_guid":"bb1ea073ffe391a89f86f02a9032462c","userid":"3458288384","cnt_comment":"0","content":"【范一飞：推动不同运营机构钱包间、数字人民币钱包与银行账户间的互联互通】中国人民银行副行长范一飞表示，在技术实现方面，发挥好指定运营机构各自优势和专业经验，持续开展技术迭代保持整体先进性，充分利用现有金融基础设施，支持与传统电子支付系统间交互，推动不同运营机构钱包间、数字人民币钱包与银行账户间的互联互通，实现安全与便捷的统一。（新京报） 全球头部的数字货币交易平台: 【币安网】入口：网页链接 【火币网】入口：网页链接","url":"https://m.weibo.cn/status/4679868111916833","username":"币圈大事件123"},{"relevant_topic_guid":"5c567ea6e4b280a89db9c0f809cf15d4","cnt_retweet":"0","publish_time":"20210910131709","page_action_type":"07","cnt_agree":"0","topic_guid":"5c567ea6e4b280a89db9c0f809cf15d4","userid":"3458288384","cnt_comment":"0","content":"【范一飞：推动不同运营机构钱包间、数字人民币钱包与银行账户间的互联互通】9月10日消息，中国人民银行副行长范一飞表示，在技术实现方面，发挥好指定运营机构各自优势和专业经验，持续开展技术迭代保持整体先进性，充分利用现有金融基础设施，支持与传统电子支付系统间交互，推动不同运营机构钱包间、数字人民币钱包与银行账户间的互联互通，实现安全与便捷的统一。（新京报） 全球头部的数字货币交易平台: 【币安网】入口：网页链接 【火币网】入口：网页链接","url":"https://m.weibo.cn/status/4679868367768464","username":"币圈大事件123"},{"relevant_topic_guid":"935fdd14ed0700c6da4e04b156d97798","cnt_retweet":"0","publish_time":"20210909215114","page_action_type":"07","cnt_agree":"0","topic_guid":"935fdd14ed0700c6da4e04b156d97798","userid":"6456772530","cnt_comment":"0","content":"$美团－Ｗ hk03690$ 红包来了！9大试点地区联动测试 数字人民币试点深入高频出行场景，点击链接查看更多-\u003e红包来了！9大试点地区联动测试 数字人民币试点深入高频出行场景","url":"https://m.weibo.cn/status/4679635353471383","username":"个股资讯"},{"relevant_topic_guid":"24bda0410a8439e6800a4de3deea75ff","cnt_retweet":"0","publish_time":"20210909224804","page_action_type":"07","cnt_agree":"0","topic_guid":"24bda0410a8439e6800a4de3deea75ff","userid":"7616226033","cnt_comment":"0","content":"近日，锦江国际全球互联网共享平台“锦江WeHotel”携手工商银行共同开展的数字人民币支付业务，在旗下锦江酒店App顺利上线，并率先完成境外酒店在线支付场景的落地，实现数字人民币在酒店行业应用突破。此次，锦江酒店App上线的数字人民币，再次升级支付体验，首批有效覆盖锦江国际旗下锦江、昆仑、丽笙、凯里亚德、锦江之星等二十多个品牌，全国数千家酒店，涵盖豪华、精品、简约各层级酒店，并可提供康铂、皇家郁金香等品牌的国内预订海外酒店跨境支付服务。已开通工行数字人民币支付服务用户，在锦江酒店App支付列表中选择“数字人民币”，即可完成酒店预订支付","url":"https://m.weibo.cn/status/4679649654736285","username":"巴厘岛的红树林"},{"relevant_topic_guid":"7f8411c3662377229cd8c6104d7b0ba2","cnt_retweet":"0","publish_time":"20210910212818","page_action_type":"07","cnt_agree":"0","topic_guid":"7f8411c3662377229cd8c6104d7b0ba2","userid":"1746743117","cnt_comment":"0","content":"人民银行数字货币研究所副所长狄刚表示，数字货币研究所积极探索数字人民币区块链应用，在发行层基于区块链构建了统一分布式账本，提升了对账效率；同时在国际清算银行创新中心的支持下，开展多边央行数字货币桥项目，探索使用分布式账本；同时也建设了贸易金融区块链平台，还承担了国家重点研发计划重大专项。","url":"https://m.weibo.cn/status/4679991973642967","username":"正人力天"},{"relevant_topic_guid":"05aa1a123c65f670da9430e7e65ec84f","cnt_retweet":"0","publish_time":"20210910191221","page_action_type":"11","cnt_agree":"0","topic_guid":"05aa1a123c65f670da9430e7e65ec84f","userid":"2437717027","cnt_comment":"0","content":"这次我们采取的策略是彻底改变支付网络的格局——对抗中心化最好的方法就是去中心化。所以我国建立的数字人民币支付网络，对内可以消灭洗钱、财务造假、诈骗等金融犯罪，对外可以为全球建立一个公信力强，公平，公正透明的金融平台，减少外界的恶意制裁手段。所以数字人民币的战略意义也正在于此。 RT:@芮芮小魔王 这次我们采取的策略是彻底改变支付网络的格局——对抗中心化最好的方法就是去中心化。所以我国建立的数字人民币支付网络，对内可以消灭洗钱、财务造假、诈骗等金融犯罪，对外可以为全球建立一个公信力强，公平，公正透明的金融平台，减少外界的恶意制裁手段。所以数字人民币的战略意义也正在于此。 ...全文","url":"https://m.weibo.cn/status/4679957761230493","username":"芮芮小魔王"},{"relevant_topic_guid":"f5fb5fd01ca7b9d183b03f137f954ab3","cnt_retweet":"0","publish_time":"20210910191108","page_action_type":"11","cnt_agree":"0","topic_guid":"f5fb5fd01ca7b9d183b03f137f954ab3","userid":"6329391242","cnt_comment":"0","content":"线下和线上使用场景增加，接受使用数字人民币的地方多一点，是好事情喔～ RT:@国是直通车 【#北京将稳步推进数字人民币全场景试点#】北京市副市长卢映川今天在京出席“2021中国（北京）数字金融论坛”时称，北京是国家金融管理中心，金融业是北京第一大支柱产业，也是构建北京新发展格局、推动高质量发展的重要领域。今年上半年，北京的金融业实现增加值3698亿元，占地区生产总值的比重超过19 ...全文","url":"https://m.weibo.cn/status/4679957449541469","username":"宰予字子我"},{"relevant_topic_guid":"aa51ec3e75114322db4d0d5ade175b86","cnt_retweet":"1","publish_time":"20210910193858","page_action_type":"07","cnt_agree":"0","topic_guid":"aa51ec3e75114322db4d0d5ade175b86","userid":"1639325085","cnt_comment":"0","content":"美团在派发数字人民币","url":"https://m.weibo.cn/status/4679964454031016","username":"老雅痞"},{"relevant_topic_guid":"4b17defeeaf688804032d5d4a0e69576","cnt_retweet":"0","publish_time":"20210910193016","page_action_type":"07","cnt_agree":"6","topic_guid":"4b17defeeaf688804032d5d4a0e69576","userid":"1892327960","cnt_comment":"0","content":"#成都可用数字人民币免费骑单车# 即日起至12月31日，成都市民打开美团App搜索“数字人民币”，完成报名就可以获得10元数字人民币红包，用于支付美团单车骑行费用。你上下班/上下学会骑共享单车吗？ 网页链接","url":"https://m.weibo.cn/status/4679962264603190","username":"爱看头条"},{"relevant_topic_guid":"ce2f6aa3e55780685659d2345079e1be","cnt_retweet":"0","publish_time":"20210910194553","page_action_type":"07","cnt_agree":"0","topic_guid":"ce2f6aa3e55780685659d2345079e1be","userid":"3178965404","cnt_comment":"0","content":"华为鸿蒙 HarmonyOS 将推出数字人民币原子化服务：支持收付款，卡片一键流转到智能手表 9 月 10 日，“2021 中国（北京）数字金融论坛”在北京举行，会上华为在央行的指导下举办“数字人民币与鸿蒙生态对话”分论坛，数字人民币与鸿蒙生态的合作场景首次亮相。 会上，华为消费者业务 AI 与智慧全场景副总裁段孟然介绍，基于 HarmonyOS 的数字人民币原子化服务能够实现数字人民币收款、付款的功能。消费者可以将数字人民币服务卡片直接添加到桌面上，只需点击一下即可收付款，为使用数字人民币的消费者带来便捷的体验。 同时，数字人民币卡片还可以一键流转到手表等智能设备上，为鸿蒙生态下，实现万物皆可支付的愿景打下了坚实的一步。数字人民币原子化服务将在央行的指导下，跟随数字人民币整体推广节奏，不断完善更新，更多万物互联的支付新体验，在不久的将来会逐步将上线体验。 华为介绍，未来鸿蒙生态与数字人民币生态合作可能带来的更多新场景的碰撞，例如未来支持 HarmonyOS 分布式功能的带屛的冰箱、跑步机、家居中控等智能家居设备，充电桩、POS 机、ATM 等智能终端设备，均有可能实现万物互联下的数字人民币的便捷支付、收款，带来万物互联，物物支付的时代。 #互联网科技#","url":"https://m.weibo.cn/status/4679966199644476","username":"wincheel"},{"relevant_topic_guid":"0fe6f37728c0b1c2e99d69614814ad63","cnt_retweet":"0","publish_time":"20210910193525","page_action_type":"07","cnt_agree":"0","topic_guid":"0fe6f37728c0b1c2e99d69614814ad63","userid":"6788499283","cnt_comment":"0","content":"【范一飞：稳妥推进数字人民币研发工作】中国央行副行长范一飞表示，人民银行坚持“安全普惠、创新易用、长期演进”设计理念，稳妥推进数字人民币研发工作，在多地开展真实用户试点验证和分批次大规模集中测试，充分检验数字人民币业务系统稳定性、产品易用性和场景适用性，取得了阶段性成果。同时，我们也看到一些问题亟待解决，比如数字人民币规则制度有待完善、受理环境有待优化、支付体系有待健全等。下一步，我们将坚持开放包容原则，从供需两方面发力，组织持续优化数字人民币底层业务能力和基础技术平台，积极对外赋能，共同打造数字人民币生态体系。 网页链接","url":"https://m.weibo.cn/status/4679963560906492","username":"微博财经7X24小时"},{"relevant_topic_guid":"179b8218429489341f07b636859c7506","cnt_retweet":"0","publish_time":"20210910194754","page_action_type":"11","cnt_agree":"0","topic_guid":"179b8218429489341f07b636859c7506","userid":"5893623217","cnt_comment":"0","content":"#数字人民币# RT:@雨后逢秋 @美团 @紫光阁 @侠客岛 @人民网 @长安街知事 @央视新闻 通过美团下载数字人民币，居然绑定下载游戏和淘宝直播？@美团王兴","url":"https://m.weibo.cn/status/4679966703226541","username":"雨后逢秋"},{"relevant_topic_guid":"5c47723a244bac060e039e5c37c8a3cd","cnt_retweet":"0","publish_time":"20210910232513","page_action_type":"07","cnt_agree":"0","topic_guid":"5c47723a244bac060e039e5c37c8a3cd","userid":"2014260075","cnt_comment":"0","content":"聚焦2021服贸会 | 数字人民币 飞入寻常百姓家 网页链接","url":"https://m.weibo.cn/status/4680021391705732","username":"丝丝画画"},{"relevant_topic_guid":"dcd50bcb953003154f0380421549f2b5","cnt_retweet":"0","publish_time":"20210910231739","page_action_type":"07","cnt_agree":"0","topic_guid":"dcd50bcb953003154f0380421549f2b5","userid":"6247291003","cnt_comment":"0","content":"#深圳拟开发数字人民币购买兑付彩票#没想到啊","url":"https://m.weibo.cn/status/4680019487491785","username":"易孚汇易学"},{"relevant_topic_guid":"2fb3c0c2405b7fd9e8958fd388d06747","cnt_retweet":"0","publish_time":"20210909115907","page_action_type":"07","cnt_agree":"0","topic_guid":"2fb3c0c2405b7fd9e8958fd388d06747","userid":"7679722879","cnt_comment":"0","content":"#九省市可用数字人民币免费骑车#这个好诶！现在这种利民的优惠手段越来越多了，太开心了！","url":"https://m.weibo.cn/status/4679486341645806","username":"小浣熊在思域啃干脆面"},{"relevant_topic_guid":"5b61fbd41f9fc5b2e35ecb23d661d9b1","cnt_retweet":"0","publish_time":"20210909115908","page_action_type":"07","cnt_agree":"0","topic_guid":"5b61fbd41f9fc5b2e35ecb23d661d9b1","userid":"5599534619","cnt_comment":"0","content":"数字人民币已上线，数字经济时代真的要到了吗，节约纸币，期待期待#九省市可用数字人民币免费骑车#","url":"https://m.weibo.cn/status/4679486350033057","username":"空心汤圆吖"},{"relevant_topic_guid":"72e8b02401580211400407719de6364c","cnt_retweet":"0","publish_time":"20210909115848","page_action_type":"07","cnt_agree":"0","topic_guid":"72e8b02401580211400407719de6364c","userid":"5505070917","cnt_comment":"0","content":"#九省市可用数字人民币免费骑车#哇 快点多多推广吧 是个很不错的决策呢 期待我的城市什么时候也能这样","url":"https://m.weibo.cn/status/4679486262741455","username":"星之卡比养乐多"},{"relevant_topic_guid":"eadd8efc1b0a5b2a26777696a2885c16","cnt_retweet":"0","publish_time":"20210909115844","page_action_type":"07","cnt_agree":"1","topic_guid":"eadd8efc1b0a5b2a26777696a2885c16","userid":"7270936368","cnt_comment":"0","content":"#九省市可用数字人民币免费骑车#感觉现在做什么都越来越方便了，真的是科技改变生活，希望我这个地方也能早日用上","url":"https://m.weibo.cn/status/4679486245440809","username":"养乐多逃离深林"},{"relevant_topic_guid":"8a4b97b7c872fd8a0a0c8a0a5e871f66","cnt_retweet":"0","publish_time":"20210909115844","page_action_type":"07","cnt_agree":"0","topic_guid":"8a4b97b7c872fd8a0a0c8a0a5e871f66","userid":"5503777435","cnt_comment":"0","content":"#九省市可用数字人民币免费骑车#哇这也太方便了吧！果然科技改变生活，感觉以后生活会越来越便利，希望全国推行！","url":"https://m.weibo.cn/status/4679486245700237","username":"lllwwwyyyy"},{"relevant_topic_guid":"40beefa54138fb85425344110f55f771","cnt_retweet":"0","publish_time":"20210909115842","page_action_type":"07","cnt_agree":"0","topic_guid":"40beefa54138fb85425344110f55f771","userid":"6167839761","cnt_comment":"0","content":"#九省市可用数字人民币免费骑车#科技改变生活呀暂时还没开始接触数字人民币，相信以后会普及的iPad养乐多","url":"https://m.weibo.cn/status/4679486237313983","username":"无聊的时候就上号"},{"relevant_topic_guid":"a7aabc760f31cc87ae7fad6fe5e73ac0","cnt_retweet":"0","publish_time":"20210909115855","page_action_type":"07","cnt_agree":"0","topic_guid":"a7aabc760f31cc87ae7fad6fe5e73ac0","userid":"6286366311","cnt_comment":"0","content":"#九省市可用数字人民币免费骑车#假币的生存空间越来越小，数字化人民币越来越方便，期待更多的省市推行！","url":"https://m.weibo.cn/status/4679486295245072","username":"游戏吞金兽"},{"relevant_topic_guid":"18ffdfd14bcf33e917c7921d8587d4f9","cnt_retweet":"0","publish_time":"20210909115836","page_action_type":"07","cnt_agree":"0","topic_guid":"18ffdfd14bcf33e917c7921d8587d4f9","userid":"3968596969","cnt_comment":"2","content":"#九省市可用数字人民币免费骑车# 我刚开始都不知道，都是我朋友跟我说我才知道的，太可了，而且真的好方便！","url":"https://m.weibo.cn/status/4679486212148822","username":"-焦糖巡游記"},{"relevant_topic_guid":"c60709297e98db988212b03b6a8b0247","cnt_retweet":"0","publish_time":"20210909115803","page_action_type":"07","cnt_agree":"0","topic_guid":"c60709297e98db988212b03b6a8b0247","userid":"6088444636","cnt_comment":"0","content":"数字人民币这么快就来了，以后是不是会全国普及，感觉有点厉害 RT:@ 博文涉及营销推广正在审核中，暂时无法传播。","url":"https://m.weibo.cn/status/4679486073473370","username":"普丽西奥莎莎和风"},{"relevant_topic_guid":"c5465c3915ad52f56643decc060e24c9","cnt_retweet":"0","publish_time":"20210909115828","page_action_type":"07","cnt_agree":"0","topic_guid":"c5465c3915ad52f56643decc060e24c9","userid":"5241330855","cnt_comment":"0","content":"#九省市可用数字人民币免费骑车#这么好吗！不知道我们这里有没有这个免费骑车，等我有时间去看看羡慕其他城市有的","url":"https://m.weibo.cn/status/4679486178068927","username":"当温柔遇上倾听"},{"relevant_topic_guid":"50fc2a56c854d353ca2dbaef73ecfdaf","cnt_retweet":"0","publish_time":"20210909115837","page_action_type":"07","cnt_agree":"0","topic_guid":"50fc2a56c854d353ca2dbaef73ecfdaf","userid":"6088444636","cnt_comment":"0","content":"数字人民币这么快就来了，以后是不是会全国普及，感觉有点厉害 RT:@ 博文涉及营销推广正在审核中，暂时无法传播。","url":"https://m.weibo.cn/status/4679486215295314","username":"普丽西奥莎莎和风"},{"relevant_topic_guid":"a20edbe7542634c18d01584ff3c2e40f","cnt_retweet":"0","publish_time":"20210909115828","page_action_type":"07","cnt_agree":"0","topic_guid":"a20edbe7542634c18d01584ff3c2e40f","userid":"7586836003","cnt_comment":"0","content":"#九省市可用数字人民币免费骑车# 这个想法很好啊，在外没带钱的问题也能解决，很方便，希望能多多普及!","url":"https://m.weibo.cn/status/4679486178329283","username":"妹妹敲爱喝养乐多"},{"relevant_topic_guid":"7cf54476719f57591462269d7bdcd16f","cnt_retweet":"0","publish_time":"20210909115757","page_action_type":"07","cnt_agree":"1","topic_guid":"7cf54476719f57591462269d7bdcd16f","userid":"5528185548","cnt_comment":"0","content":"#九省市可用数字人民币免费骑车#这个应用也太好了吧 真的很适合我们这种年轻人 越来越便利了 用数字人民币真的很不错 建议全国推广哦","url":"https://m.weibo.cn/status/4679486048044124","username":"·飞宇环游记·"},{"relevant_topic_guid":"a6461027af7f74b2789bdb60e78ce5b4","cnt_retweet":"0","publish_time":"20210909115718","page_action_type":"07","cnt_agree":"0","topic_guid":"a6461027af7f74b2789bdb60e78ce5b4","userid":"5852817827","cnt_comment":"0","content":"#九省市可用数字人民币免费骑车#这东西太方便了吧，支持什么时候到我这里","url":"https://m.weibo.cn/status/4679485888659816","username":"宝贝的稚止"},{"relevant_topic_guid":"3feed1149a0ea311b78e77609e9f12c6","cnt_retweet":"0","publish_time":"20210909115819","page_action_type":"07","cnt_agree":"0","topic_guid":"3feed1149a0ea311b78e77609e9f12c6","userid":"5641258818","cnt_comment":"0","content":"#九省市可用数字人民币免费骑车#这个真的她方便了，虽然还不会使用，希望可以大力推广，方便你我他。","url":"https://m.weibo.cn/status/4679486140318987","username":"啊俊瘦了吗"},{"relevant_topic_guid":"3ee8c99d8323a8d9c983f2b5c5482652","cnt_retweet":"0","publish_time":"20210909115830","page_action_type":"07","cnt_agree":"0","topic_guid":"3ee8c99d8323a8d9c983f2b5c5482652","userid":"6249506406","cnt_comment":"0","content":"#九省市可用数字人民币免费骑车#这也太先进了吧，希望出更多更好的东西来造福人类，便捷人民的日常生活","url":"https://m.weibo.cn/status/4679486186981789","username":"奶酪酥贤"},{"relevant_topic_guid":"df9ffda48e9d4c260ccd8231efc92667","cnt_retweet":"0","publish_time":"20210909115746","page_action_type":"07","cnt_agree":"1","topic_guid":"df9ffda48e9d4c260ccd8231efc92667","userid":"2097423395","cnt_comment":"0","content":"#九省市可用数字人民币免费骑车# 感觉生活越来越方便了，真的很好，☆.. ❥₍ᐢ..ᐢ₎♡̷ ༘。✨生活会在努力下↵۰ᵕ̈一点一点的变甜*、变可爱ꈍ◡ꈍ*","url":"https://m.weibo.cn/status/4679486002431627","username":"乱七八糟快乐储藏室"},{"relevant_topic_guid":"ac633ff9e5b54c7f6d963da30edd7f12","cnt_retweet":"0","publish_time":"20210909113215","page_action_type":"07","cnt_agree":"0","topic_guid":"ac633ff9e5b54c7f6d963da30edd7f12","userid":"2780724530","cnt_comment":"0","content":"【第十届苏州创博会吴江馆数字人民币消费体验活动来袭！速来报名体验啦！】自2012年首届苏州创博会起，吴江积极借力苏州创博会平台，主动对话，为推动创意设计文旅产业高质量发展提供新案例，树立新标杆，描绘出一幅“古今辉映 诗和远方”的新画卷。第十届苏州创博会吴江馆数字人民币消费体验活动来袭！速来报名体验啦！","url":"https://m.weibo.cn/status/4679479579905654","username":"融媒吴江"},{"relevant_topic_guid":"f33b27a56335f6e794d02fe3c03f4be3","cnt_retweet":"0","publish_time":"20210909115041","page_action_type":"07","cnt_agree":"2","topic_guid":"f33b27a56335f6e794d02fe3c03f4be3","userid":"5051077448","cnt_comment":"1","content":"实时播报：【苏州市民可0元骑车助力碳中和 九省市可用数字人民币免费骑车】9月9日，数字人民币碳中和主题试点上线。即日起，包括苏州在内的全国9个省市居民可在美团app搜索“数字人民币”报名参加试点，报名成功就能即时领取奖励，最低10元、最高216元，用数字人民币免费骑单车。 （荔枝新闻）","url":"https://m.weibo.cn/status/4679484223782973","username":"快兰斯24小时财经直播"},{"relevant_topic_guid":"014f56134a796e1b3aca7dbfb216782b","cnt_retweet":"0","publish_time":"20210909115110","page_action_type":"07","cnt_agree":"0","topic_guid":"014f56134a796e1b3aca7dbfb216782b","userid":"6926438705","cnt_comment":"0","content":"热点汇总(11时)1、【跨区域联动测试，九省市可用数字人民币免费骑车】(0.13亿)2、【中消协：视频平台不应向VIP老会员收取超前点播费】(999.2万)3、【中消协回应超前点播问题：视频平台应少一些套路，中消协对超前点播发声】(987.06万..原文 网页链接","url":"https://m.weibo.cn/status/4679484345942455","username":"全网重点"},{"relevant_topic_guid":"6f49ab26ce63aa88c567a130c8fb89c8","cnt_retweet":"0","publish_time":"20210909112233","page_action_type":"07","cnt_agree":"0","topic_guid":"6f49ab26ce63aa88c567a130c8fb89c8","userid":"6573108811","cnt_comment":"0","content":"【上海推出“南京西路数字人民币重点试验街区”】9月9日消息，上海市商务委已梳理出首批24个商务领域数字化转型重点项目，其中包括“南京西路数字人民币重点试验街区”，旨在打造“新零售试验场”，形成数字商圈标杆场景。#比特币# #以太坊# #区块链# #加密货币# #数字货币# #金融#","url":"https://m.weibo.cn/status/4679477139606830","username":"欧科链讯"},{"relevant_topic_guid":"81feba07b9d0bad7eb757015916bb4e6","cnt_retweet":"0","publish_time":"20210909150810","page_action_type":"11","cnt_agree":"0","topic_guid":"81feba07b9d0bad7eb757015916bb4e6","userid":"5225524822","cnt_comment":"0","content":"【鼓励低碳出行 成都市民今起报名可领数字人民币红包用于单车骑行】 RT:@成都发布 【鼓励低碳出行 成都市民今起报名可领数字人民币红包用于单车骑行】#成都市民数字人民币使用又有新场景#啦！9月9日，记者获悉，为了增加成都地区数字人民币的使用频率，拓展应用人群，即日起至12月31日，成都市民打开美团App搜索“数字人民币”，完成报名即可领取数字人民币红包，用于APP内单车骑行费 ...全文","url":"https://m.weibo.cn/status/4679533922353485","username":"金牛区妇联"},{"relevant_topic_guid":"b74540afda2d1801059571ff021ce1a0","cnt_retweet":"0","publish_time":"20210909150620","page_action_type":"11","cnt_agree":"0","topic_guid":"b74540afda2d1801059571ff021ce1a0","userid":"3515638435","cnt_comment":"0","content":"【鼓励低碳出行 成都市民今起报名可领数字人民币红包用于单车骑行】 RT:@成都发布 【鼓励低碳出行 成都市民今起报名可领数字人民币红包用于单车骑行】#成都市民数字人民币使用又有新场景#啦！9月9日，记者获悉，为了增加成都地区数字人民币的使用频率，拓展应用人群，即日起至12月31日，成都市民打开美团App搜索“数字人民币”，完成报名即可领取数字人民币红包，用于APP内单车骑行费 ...全文","url":"https://m.weibo.cn/status/4679533456002627","username":"青白江生态环境"},{"relevant_topic_guid":"f01b725bc28cfead7f3b6d750276d179","cnt_retweet":"0","publish_time":"20210909150456","page_action_type":"11","cnt_agree":"0","topic_guid":"f01b725bc28cfead7f3b6d750276d179","userid":"2909248174","cnt_comment":"0","content":"【鼓励低碳出行 成都市民今起报名可领数字人民币红包用于单车骑行】 RT:@成都发布 【鼓励低碳出行 成都市民今起报名可领数字人民币红包用于单车骑行】#成都市民数字人民币使用又有新场景#啦！9月9日，记者获悉，为了增加成都地区数字人民币的使用频率，拓展应用人群，即日起至12月31日，成都市民打开美团App搜索“数字人民币”，完成报名即可领取数字人民币红包，用于APP内单车骑行费 ...全文","url":"https://m.weibo.cn/status/4679533104468502","username":"双流九江街道"},{"relevant_topic_guid":"ec030d4796b04a6825085301d51b9e21","cnt_retweet":"0","publish_time":"20210909152428","page_action_type":"11","cnt_agree":"0","topic_guid":"ec030d4796b04a6825085301d51b9e21","userid":"5092088752","cnt_comment":"0","content":"#成都市民数字人民币使用又有新场景#啦！ RT:@成都发布 【鼓励低碳出行 成都市民今起报名可领数字人民币红包用于单车骑行】#成都市民数字人民币使用又有新场景#啦！9月9日，记者获悉，为了增加成都地区数字人民币的使用频率，拓展应用人群，即日起至12月31日，成都市民打开美团App搜索“数字人民币”，完成报名即可领取数字人民币红包，用于APP内单车骑行费 ...全文","url":"https://m.weibo.cn/status/4679538024383623","username":"成都市中级人民法院"},{"relevant_topic_guid":"63177f4b1f6765733b8ec9518d49d52e","cnt_retweet":"0","publish_time":"20210909113026","page_action_type":"07","cnt_agree":"0","topic_guid":"63177f4b1f6765733b8ec9518d49d52e","userid":"2145650153","cnt_comment":"0","content":"【半年报不再低调 六大行上半年重金打造这些金融科技名品！】2021年中报季，六大国有银行终于不再将数字化雄心“藏着掖着”静待来年，工商银行、建设银行、邮储银行纷纷在半年报中官宣新版金融科技顶层设计规划。同时在区块链、数字人民币等领域，六大行齐齐亮出半年成绩单，自主创新、应用场景等方面亮点颇多。网页链接","url":"https://m.weibo.cn/status/4679479122727484","username":"中国电子银行网"},{"relevant_topic_guid":"f464b5b8e94b27a062afc5f5d6c5c571","cnt_retweet":"0","publish_time":"20210909114723","page_action_type":"07","cnt_agree":"1","topic_guid":"f464b5b8e94b27a062afc5f5d6c5c571","userid":"6573108811","cnt_comment":"0","content":"【美团今日启动数字人民币低碳出行试点】 9月9日消息，美团宣布在全国多地同步启动数字人民币低碳出行试点活动。即日起，凡在北京、上海、海南、深圳、苏州、西安、长沙、成都、雄安新区等9大数字人民币试点地区城市工作或生活的社会公众，均可通过在美团app首页搜索“数字人民币”，报名参与活动并领取相应的数字人民币低碳红包奖励。（Techweb） #比特币# #以太坊# #区块链# #数字货币# #加密货币# #金融#","url":"https://m.weibo.cn/status/4679483388331843","username":"欧科链讯"},{"relevant_topic_guid":"8bf6a64b88113463b411e91176dad007","cnt_retweet":"0","publish_time":"20210909114602","page_action_type":"07","cnt_agree":"0","topic_guid":"8bf6a64b88113463b411e91176dad007","userid":"6788499283","cnt_comment":"0","content":"$美团－Ｗ hk03690$ 【苏州市民可0元骑车助力碳中和 九省市可用数字人民币免费骑车】9月9日，数字人民币碳中和主题试点上线。即日起，包括苏州在内的全国9个省市居民可在美团app搜索“数字人民币”报名参加试点，报名成功就能即时领取奖励，最低10元、最高216元，用数字人民币免费骑单车。 （荔枝新闻） 网页链接","url":"https://m.weibo.cn/status/4679483049645128","username":"微博财经7X24小时"},{"relevant_topic_guid":"35cce6e8e778e0a86aff0590afdc98e2","cnt_retweet":"0","publish_time":"20210909105414","page_action_type":"07","cnt_agree":"0","topic_guid":"35cce6e8e778e0a86aff0590afdc98e2","userid":"6437697528","cnt_comment":"0","content":"数字人民币到底在哪里","url":"https://m.weibo.cn/status/4679470013221338","username":"HelodiJaquenee"},{"relevant_topic_guid":"97482fea9ffbbd1f9d09ebcf1dd69cf3","cnt_retweet":"0","publish_time":"20210909105556","page_action_type":"07","cnt_agree":"0","topic_guid":"97482fea9ffbbd1f9d09ebcf1dd69cf3","userid":"6355826653","cnt_comment":"0","content":"#九省市可用数字人民币免费骑车#其实我到现在还不清楚数字人民币怎么用，我是不是已经脱离时代了","url":"https://m.weibo.cn/status/4679470441301106","username":"岁月静好pink"},{"relevant_topic_guid":"9645d2219edbcfa4de7f736e70300bb4","cnt_retweet":"0","publish_time":"20210909105356","page_action_type":"07","cnt_agree":"0","topic_guid":"9645d2219edbcfa4de7f736e70300bb4","userid":"5166540004","cnt_comment":"0","content":"#九省市可用数字人民币免费骑车#好想参与其中，感觉很不错的样子，爱了爱了","url":"https://m.weibo.cn/status/4679469937723015","username":"扯格朗朗朗日"},{"relevant_topic_guid":"35f3affb43a9125effaef2ca02934c61","cnt_retweet":"0","publish_time":"20210909105523","page_action_type":"07","cnt_agree":"0","topic_guid":"35f3affb43a9125effaef2ca02934c61","userid":"7491827762","cnt_comment":"0","content":"#九省市可用数字人民币免费骑车#感觉还挺新奇的，我们这里不知道什么时候才会有啊","url":"https://m.weibo.cn/status/4679470303152994","username":"曾一起傻的你"},{"relevant_topic_guid":"03617c00a15e1cbe2d83d91f7a9f9b5e","cnt_retweet":"0","publish_time":"20210909105452","page_action_type":"07","cnt_agree":"0","topic_guid":"03617c00a15e1cbe2d83d91f7a9f9b5e","userid":"7683127216","cnt_comment":"0","content":"#九省市可用数字人民币免费骑车#太羡慕了啊，这个好方便，问一下什么时候可以安排到我们","url":"https://m.weibo.cn/status/4679470172866108","username":"小宋的自嗨锅"},{"relevant_topic_guid":"f17e032458095d41a1d32bab45f93f5d","cnt_retweet":"0","publish_time":"20210909105351","page_action_type":"07","cnt_agree":"0","topic_guid":"f17e032458095d41a1d32bab45f93f5d","userid":"5312785920","cnt_comment":"0","content":"#九省市可用数字人民币免费骑车#这个如果普及真的很方便，其他地区人民表示羡慕希望快点完善，早点普及","url":"https://m.weibo.cn/status/4679469916227518","username":"和5t5私奔"},{"relevant_topic_guid":"ab97717d145ce1a82c00553904ddd5eb","cnt_retweet":"0","publish_time":"20210909125625","page_action_type":"07","cnt_agree":"0","topic_guid":"ab97717d145ce1a82c00553904ddd5eb","userid":"6089703926","cnt_comment":"0","content":"#九省市可用数字人民币免费骑车# 哪里可以？？我太想要试试了，这么好的形式我怎么可以错过呢。","url":"https://m.weibo.cn/status/4679500761403513","username":"五玲脂"},{"relevant_topic_guid":"7be8b4960731646173f3e1fcdcd237e9","cnt_retweet":"0","publish_time":"20210909130033","page_action_type":"07","cnt_agree":"0","topic_guid":"7be8b4960731646173f3e1fcdcd237e9","userid":"6456772530","cnt_comment":"0","content":"$农业银行 sh601288$ 数字人民币测试从“单试点”过渡到“多地联动试点”，碳中和公益主题凸显，点击链接查看更多-\u003e数字人民币测试从“单试点”过渡到“多地联动试点”，碳中和公益主题凸显","url":"https://m.weibo.cn/status/4679501801591084","username":"个股资讯"},{"relevant_topic_guid":"b3aa99bc4d05deb0bddc5b380c71f5c4","cnt_retweet":"0","publish_time":"20210909125728","page_action_type":"07","cnt_agree":"0","topic_guid":"b3aa99bc4d05deb0bddc5b380c71f5c4","userid":"5625544494","cnt_comment":"0","content":"#九省市可用数字人民币免费骑车#这个听起来就是很方便的样子啊，赶紧实行吧，就是不知道以后会不会有什么门槛的","url":"https://m.weibo.cn/status/4679501025379872","username":"有家有佳"},{"relevant_topic_guid":"ae2538db3d7fbf140c14e3047cfd8a94","cnt_retweet":"0","publish_time":"20210909125619","page_action_type":"07","cnt_agree":"0","topic_guid":"ae2538db3d7fbf140c14e3047cfd8a94","userid":"7143678846","cnt_comment":"0","content":"#九省市可用数字人民币免费骑车#我好想是这九省市的人啊，满满的羡慕感，我也想拥有啊太好了吧。","url":"https://m.weibo.cn/status/4679500736236437","username":"胖糊的爱莎"},{"relevant_topic_guid":"bc3ceab27d72fd1c37395f91e3e69501","cnt_retweet":"0","publish_time":"20210909125759","page_action_type":"07","cnt_agree":"0","topic_guid":"bc3ceab27d72fd1c37395f91e3e69501","userid":"5700757287","cnt_comment":"1","content":"#九省市可用数字人民币免费骑车# 这个使用有没有什么要求限制，都可以用在什么地方，求科普！！","url":"https://m.weibo.cn/status/4679501156189169","username":"是凤梨不是菠萝菠萝蜜"},{"relevant_topic_guid":"7a1b0330af16f6095707fed45f47b692","cnt_retweet":"0","publish_time":"20210909125647","page_action_type":"07","cnt_agree":"1","topic_guid":"7a1b0330af16f6095707fed45f47b692","userid":"5892368926","cnt_comment":"1","content":"#九省市可用数字人民币免费骑车#这是大趋势啊，越来越方便了哦，之前就有点期待，现在就等着普及了哦！","url":"https://m.weibo.cn/status/4679500854465612","username":"欢乐的精彩谁知道"},{"relevant_topic_guid":"2396e6c002b95263986e9ecb41aaacc1","cnt_retweet":"0","publish_time":"20210909125824","page_action_type":"07","cnt_agree":"0","topic_guid":"2396e6c002b95263986e9ecb41aaacc1","userid":"6371267813","cnt_comment":"0","content":"#九省市可用数字人民币免费骑车#就是不知道我这偏远的小城市里什么可以体验到，应该还是会有希望的吧，毕竟感觉这个还是蛮方便的，想试试","url":"https://m.weibo.cn/status/4679501261311477","username":"豆呀逗逗"},{"relevant_topic_guid":"8c42affcea02ff505f2622f10fd5e80f","cnt_retweet":"0","publish_time":"20210909140003","page_action_type":"07","cnt_agree":"0","topic_guid":"8c42affcea02ff505f2622f10fd5e80f","userid":"5257847402","cnt_comment":"0","content":"【首次深入共享单车场景，#九省市可用数字人民币免费骑车#】9月9日，数字人民币碳中和主题试点上线。即日起，北京、上海、深圳等9省市居民可在美团app搜索“数字人民币”，通过报名活动领取最低10元、最高216元奖励，用数字人民币免费骑单车。这是数币测试首次深入共享单车场景，有专家表示，共享单车涉及区域广、用户群体大，此次试点说明当前数字人民币的底层技术和运营体系已相对成熟。 每日经济新闻的微博视频","url":"https://m.weibo.cn/status/4679516776306495","username":"经济观察报EEO视频"},{"relevant_topic_guid":"a1a2d5cebc1b24e61ac5d6a36e1c484e","cnt_retweet":"0","publish_time":"20210909125315","page_action_type":"07","cnt_agree":"0","topic_guid":"a1a2d5cebc1b24e61ac5d6a36e1c484e","userid":"7603579994","cnt_comment":"0","content":"#九省市可用数字人民币免费骑车#感觉还是很不错的，这样以后不用担心丢*了，不知道我什么时候可以体验一下，说不定会爱上的","url":"https://m.weibo.cn/status/4679499964222616","username":"做个幸运儿儿"},{"relevant_topic_guid":"c2d9118681633242d4d2e23e4c5b31c0","cnt_retweet":"0","publish_time":"20210909182302","page_action_type":"07","cnt_agree":"0","topic_guid":"c2d9118681633242d4d2e23e4c5b31c0","userid":"6456772530","cnt_comment":"0","content":"$美团 MPNGY$ 美团：数字人民币碳中和试点落地9城区，点击链接查看更多-\u003e美团：数字人民币碳中和试点落地9城区","url":"https://m.weibo.cn/status/4679582961369674","username":"个股资讯"},{"relevant_topic_guid":"b10190da2c90eb89849ced90c3f989f3","cnt_retweet":"0","publish_time":"20210909185059","page_action_type":"07","cnt_agree":"0","topic_guid":"b10190da2c90eb89849ced90c3f989f3","userid":"6456772530","cnt_comment":"0","content":"$美团－Ｗ hk03690$ 数字人民币测试“扩容”：从“单地试点”迈向“多地联动” ，技术性能满足“中等规模可靠运行”要求，点击链接查看更多-\u003e数字人民币测试“扩容”：从“单地试点”迈向“多地联动” ，技术性能满足“中等规模可靠运行”要求","url":"https://m.weibo.cn/status/4679589991287087","username":"个股资讯"},{"relevant_topic_guid":"1bfd8ba4838c079a4c18f8ebf44f27f5","cnt_retweet":"0","publish_time":"20210909180306","page_action_type":"07","cnt_agree":"0","topic_guid":"1bfd8ba4838c079a4c18f8ebf44f27f5","userid":"6456772530","cnt_comment":"0","content":"$美团 MPNGY$ 全国9地联动鼓励低碳出行 数字人民币红包雨来袭，点击链接查看更多-\u003e全国9地联动鼓励低碳出行 数字人民币红包雨来袭","url":"https://m.weibo.cn/status/4679577946030272","username":"个股资讯"},{"relevant_topic_guid":"d30708f30bb30f40d6c496c24f58a083","cnt_retweet":"0","publish_time":"20210909184459","page_action_type":"07","cnt_agree":"1","topic_guid":"d30708f30bb30f40d6c496c24f58a083","userid":"6167824365","cnt_comment":"0","content":"【美团：数字人民币碳中和试点落地9城区】9月9日电，美团联合邮储银行、农业银行、建设银行共同发起数字人民币碳中和主题试点。此次美团单车试点活动把数字人民币应用与低碳出行相结合，在北京、上海、深圳、海南、长沙、西安、苏州、成都、雄安新区9地联合举行。","url":"https://m.weibo.cn/status/4679588486054247","username":"操奇制胜"},{"relevant_topic_guid":"e2675758bdc814bc2a485524a0286467","cnt_retweet":"0","publish_time":"20210909183252","page_action_type":"07","cnt_agree":"1","topic_guid":"e2675758bdc814bc2a485524a0286467","userid":"2833534593","cnt_comment":"0","content":"【美团联合三家银行发起数字人民币碳中和主题活动】美团联合邮储银行、农业银行、建设银行共同发起数字人民币碳中和主题试点。此次美团单车试点活动把数字人民币应用与低碳出行相结合，在北京、上海、深圳、海南、长沙、西安、苏州、成都、雄安新区9地联合举行。","url":"https://m.weibo.cn/status/4679585431816755","username":"品玩"},{"relevant_topic_guid":"4196412cd8350a1e32dc7a85ed2bc4e1","cnt_retweet":"101","publish_time":"20210909103303","page_action_type":"07","cnt_agree":"229","topic_guid":"4196412cd8350a1e32dc7a85ed2bc4e1","userid":"5127497965","cnt_comment":"126","content":"#九省市可用数字人民币免费骑车#数字人民币红包又双叒叕来了！这波福利666，不用抽签，报名就能领~全国这9个地区包括北京、上海、深圳、海南、长沙、苏州、西安、成都、雄安新区都可以领，打开美团App，首页搜索“数字人民币”，报名成功即可领取最低10元、最高216元的红包奖励。红包可用于支付日常骑行美团单车的费用，也可以用于购买骑行套餐，快去看看你能领到多少吧！","url":"https://m.weibo.cn/status/4679464681735248","username":"全球互联网贴士"},{"relevant_topic_guid":"ec91281fbc18f23d48f39d4e02fd8bb9","cnt_retweet":"1","publish_time":"20210909152803","page_action_type":"07","cnt_agree":"0","topic_guid":"ec91281fbc18f23d48f39d4e02fd8bb9","userid":"2311077472","cnt_comment":"1","content":"【无需摇号抽签 数字人民币碳中和试点落地9城区】9月9日上午，数字人民币碳中和公益主题试点上线。 据《证券日报》记者了解，由美团联合中国农业银行、中国邮政储蓄银行、中国建设银行共同发起的“用数字人民币，享低碳骑行季”试点活动于今日开启报名通道。北京、上海、深圳等9城区居民可通过报名参加活动，用数字人民币免费骑共享单车，累计的骑行次数还可以换取更多数字人民币奖励，用于支付后续的骑行费用，进而形成“低碳骑行-数字人民币激励-更多低碳骑行”的正向循环。 易观高级分析师苏筱芮对《证券日报》表示，“伴随着试点进程的持续深化，数字人民币相关应用活动也逐步体现出一些新的特征，例如互联网平台型企业的参与程度不断加强、多地跨城联动的趋势也愈发明显，此外，除了基础的拉新功能，当前一些手段更关注用户的留存与促活，“平台+银行+数字人民币”三方形成协同，正在共同为数字人民币的场景、账户与技术添砖加瓦。”详情→网页链接","url":"https://m.weibo.cn/status/4679538921441836","username":"证券日报之声"},{"relevant_topic_guid":"f6551a1f92709c7f6fe4fed62b6e3da6","cnt_retweet":"0","publish_time":"20210909100001","page_action_type":"07","cnt_agree":"0","topic_guid":"f6551a1f92709c7f6fe4fed62b6e3da6","userid":"3909452954","cnt_comment":"0","content":"【数字人民币离普及应用只差临门一脚】 在本次服贸会上，无人驾驶数字人民币支付体验车、无人超市、外币兑换机、数字人民币收款终端、可视芯片钱包、智能手表钱包，甚至纸质芯片钱包、手套钱包、纸手表、老年智能拐杖等等，都在表明数字人民币在与C端用户交互上的产品已渐趋完善且多样化。 数字人民币离普及应用只差临门一脚","url":"https://m.weibo.cn/status/4679456369674448","username":"经观融视界"},{"relevant_topic_guid":"d5291621fffeec62fc389a6e483eecd0","cnt_retweet":"0","publish_time":"20210909080312","page_action_type":"07","cnt_agree":"0","topic_guid":"d5291621fffeec62fc389a6e483eecd0","userid":"3798493792","cnt_comment":"0","content":"#币圈##比特币##以太坊##区块链##狗狗币##合约#青岛市倡导市民乘地铁使用数字人民币扫码乘车和在线购票 近日，青岛市地方金融监管局联合地铁集团召开新闻发布会，介绍青岛数字人民币在公共交通领域的推广情况，倡导市民乘地铁使用数字人民币扫码乘车和在线购票。这次地铁8号线直达胶东国际机场线路的开通，为推进数字人民币试点提供了新的应用场景，也成为展示青岛数字人民币特色试点城市形象的重要窗口。为推动数字人民币试点与国家倡导的低碳出行相结合，青岛地铁集团联合建设银行等机构将推出数字人民币“0元乘地铁”优惠活动，活动将于9月下旬开始，持续至年末。市民只需要打开青岛地铁APP，通过活动页面提示领取地铁免费乘车券后，开通指定合作银行的数字人民币钱包账户，按照活动规则绑定该数字人民币支付渠道后，即可享受0元乘地铁往返胶东机场的数字人民币专享优惠。","url":"https://m.weibo.cn/status/4679426972059776","username":"币圈飞哥1号"},{"relevant_topic_guid":"c80542626d804c7e4687a80a9be7e4a3","cnt_retweet":"0","publish_time":"20210909143002","page_action_type":"07","cnt_agree":"0","topic_guid":"c80542626d804c7e4687a80a9be7e4a3","userid":"2117917321","cnt_comment":"0","content":"#钟恩淇# 数字人民币来了！支付工具要被取代？来守护钱袋子 数字人民币 经济 整蛊最TOP的微博视频","url":"https://m.weibo.cn/status/4679524320806139","username":"吃瓜第一站"},{"relevant_topic_guid":"7ddc7e61bc3b601a76ee3b934409f7f3","cnt_retweet":"0","publish_time":"20210909135913","page_action_type":"07","cnt_agree":"1","topic_guid":"7ddc7e61bc3b601a76ee3b934409f7f3","userid":"6464349487","cnt_comment":"0","content":"#九省市可用数字人民币免费骑车#哈哈一直没用过数字人民币，但希望可以早点普及，用起来一定很方便！","url":"https://m.weibo.cn/status/4679516565539882","username":"浅浅岁月无痕"},{"relevant_topic_guid":"99199c9f171547db0b3621b35191e433","cnt_retweet":"0","publish_time":"20210909140017","page_action_type":"07","cnt_agree":"0","topic_guid":"99199c9f171547db0b3621b35191e433","userid":"6728795145","cnt_comment":"0","content":"#九省市可用数字人民币免费骑车# 好羡慕啊，用数 字 人 民 币绝对是更方便的选择，我也要安排一下了，希望快点到我家这里推广。","url":"https://m.weibo.cn/status/4679516838690828","username":"今天又变美啦"},{"relevant_topic_guid":"95985800ef328d525638644b1784bf02","cnt_retweet":"7","publish_time":"20210909143602","page_action_type":"07","cnt_agree":"10","topic_guid":"95985800ef328d525638644b1784bf02","userid":"1803278047","cnt_comment":"10","content":"速领您的数字人民币红包，最高216元，无需抽签！【红包】速领您的数字人民币红包，最高216元，无需抽签！","url":"https://m.weibo.cn/status/4679525830756863","username":"中国建设银行"},{"relevant_topic_guid":"7573d9c437e4f7c7fb9b87efb3f6da1a","cnt_retweet":"0","publish_time":"20210909140047","page_action_type":"07","cnt_agree":"1","topic_guid":"7573d9c437e4f7c7fb9b87efb3f6da1a","userid":"1154335272","cnt_comment":"0","content":"#叨哥有话说#【苏州市民可0元骑车助力碳中和 九省市可用数字人民币免费骑车】9月9日，数字人民币碳中和主题试点上线。即日起，包括苏州在内的全国9个省市居民可在美团app搜索“数字人民币”报名参加试点，报名成功就能即时领取奖励，最低10元、最高216元，用数字人民币免费骑单车。 （荔枝新闻）","url":"https://m.weibo.cn/status/4679516960853647","username":"狙击手伍德"},{"relevant_topic_guid":"bf4be875f51614907816169aee709ac8","cnt_retweet":"0","publish_time":"20210909135303","page_action_type":"07","cnt_agree":"0","topic_guid":"bf4be875f51614907816169aee709ac8","userid":"6872053380","cnt_comment":"0","content":"　　9月9日午间重要动态一览 　　1.腾讯注册元宇宙相关商标； 　　2.美团今日启动数字人民币低碳出行试点； 　　3.洪都拉斯、危地马拉两美洲国家考虑推出数字货币； 　　4.美国货币监理署提议废除2020年社区再投资法条例的修订； 　　5.数据：昨日以太坊销毁量超1.49万枚，创下单日销毁数量新高； 　　6.Axie Infinity 8月份日均活跃用户数量突破150万； 　　7.FTX将在美国启动2000万美元广告活动，NFL巨星Tom Brady出镜； 　　8.中信证券：NFT的成熟发展将进一步加速元宇宙经济系统落地。#元宇宙#","url":"https://m.weibo.cn/status/4679515014433383","username":"A子风论币"},{"relevant_topic_guid":"4708b2b5a1a65e18a1bbfbfcb0094e9c","cnt_retweet":"0","publish_time":"20210909134938","page_action_type":"07","cnt_agree":"0","topic_guid":"4708b2b5a1a65e18a1bbfbfcb0094e9c","userid":"1558158773","cnt_comment":"0","content":"数字人民币","url":"https://m.weibo.cn/status/4679514154076198","username":"世界一级表脸艺术家"},{"relevant_topic_guid":"af740889f8c42981b64c657b46a8b81d","cnt_retweet":"0","publish_time":"20210909134550","page_action_type":"07","cnt_agree":"0","topic_guid":"af740889f8c42981b64c657b46a8b81d","userid":"6741684428","cnt_comment":"0","content":"#九省市可用数字人民币免费骑车#有点想试试数字人民币买东西，不知道啥时候能来我们十八线城市","url":"https://m.weibo.cn/status/4679513198562468","username":"n男人本色n"},{"relevant_topic_guid":"95985800ef328d525638644b1784bf02","publish_time":"20210909205753","page_action_type":"08","topic_guid":"05ace05610d0a053f29cd4a65987a2f9","userid":"3836465341","content":"*","url":"https://m.weibo.cn/status/4679525830756863/###4679622149018543","username":"毕加猪Key_"},{"relevant_topic_guid":"95985800ef328d525638644b1784bf02","publish_time":"20210909210153","page_action_type":"08","topic_guid":"4bd81c2bcc3229f004ff7d1383757ebd","userid":"6278545981","content":"*️","url":"https://m.weibo.cn/status/4679525830756863/###4679623009637451","username":"遥远绝响i"},{"relevant_topic_guid":"95985800ef328d525638644b1784bf02","publish_time":"20210909174706","page_action_type":"08","topic_guid":"db27f7bf2400e4b51e35a0b6532e1998","userid":"5499874876","content":"来","url":"https://m.weibo.cn/status/4679525830756863/###4679573960920374","username":"skymmm_"},{"relevant_topic_guid":"95985800ef328d525638644b1784bf02","publish_time":"20210909180106","page_action_type":"08","topic_guid":"ee83b30e9093cfd9351dfe260d720803","userid":"6097977592","content":"阔以","url":"https://m.weibo.cn/status/4679525830756863/###4679577576410742","username":"曼妙RoOOo798tu1N"},{"relevant_topic_guid":"95985800ef328d525638644b1784bf02","publish_time":"20210909180906","page_action_type":"08","topic_guid":"1f3b4ff03193c12264e871a1e00eec5e","userid":"5757936723","content":"没有 [泪]","url":"https://m.weibo.cn/status/4679525830756863/###4679579468565557","username":"乔四爷儿"},{"relevant_topic_guid":"95985800ef328d525638644b1784bf02","publish_time":"20210909172906","page_action_type":"08","topic_guid":"938d858463c6ccff5cb37d53647c0647","userid":"3582016004","content":"666啊","url":"https://m.weibo.cn/status/4679525830756863/###4679569603299434","username":"胖虎虎困呼呼"},{"relevant_topic_guid":"95985800ef328d525638644b1784bf02","publish_time":"20210909145700","page_action_type":"08","topic_guid":"50f5d93c0d545cc1d4c77776677f1eb1","userid":"7523816390","content":"棒","url":"https://m.weibo.cn/status/4679525830756863/###4679531249797661","username":"執悥i勉爲萁難___9869"},{"relevant_topic_guid":"95985800ef328d525638644b1784bf02","publish_time":"20210909152800","page_action_type":"08","topic_guid":"2ff21a653e213d1ed0f67c454ff27b4b","userid":"5659615315","content":"来了","url":"https://m.weibo.cn/status/4679525830756863/###4679539077420962","username":"许vvv"},{"relevant_topic_guid":"95985800ef328d525638644b1784bf02","publish_time":"20210909153200","page_action_type":"08","topic_guid":"abf81ccc8abe7f455c6161323e5815bd","userid":"6118038878","content":"木有我们这儿的","url":"https://m.weibo.cn/status/4679525830756863/###4679540150897726","username":"拔萝卜HZQ"},{"relevant_topic_guid":"95985800ef328d525638644b1784bf02","publish_time":"20210909165029","page_action_type":"08","topic_guid":"c8e172a81a7b49b7593a389cc3318247","userid":"3318896271","content":"领红包吧","url":"https://m.weibo.cn/status/4679525830756863/###4679562682173265","username":"YXHHYCB"},{"relevant_topic_guid":"95985800ef328d525638644b1784bf02","publish_time":"20210909152700","page_action_type":"08","topic_guid":"c4fd769f3062879de9ecf120a1b41e15","userid":"6675248344","content":"可以可以","url":"https://m.weibo.cn/status/4679525830756863/###4679538800334737","username":"章鱼的的小丸子"},{"relevant_topic_guid":"95985800ef328d525638644b1784bf02","publish_time":"20210909151200","page_action_type":"08","topic_guid":"7f1323a87f6d6cb2a5f548759fcac925","userid":"7342658370","content":"[抱抱]","url":"https://m.weibo.cn/status/4679525830756863/###4679535054033549","username":"也田游记"},{"relevant_topic_guid":"95985800ef328d525638644b1784bf02","publish_time":"20210909151600","page_action_type":"08","topic_guid":"5f3116e3a6936622ea683c7fc9659500","userid":"7361687188","content":"(⊙o⊙)哇，这么好","url":"https://m.weibo.cn/status/4679525830756863/###4679536014263794","username":"爱柠檬茶的小仙女呀"},{"relevant_topic_guid":"95985800ef328d525638644b1784bf02","publish_time":"20210909152100","page_action_type":"08","topic_guid":"c3dd400c8229c9cbc3972ef6eb9c5349","userid":"1657008592","content":"木有重庆","url":"https://m.weibo.cn/status/4679525830756863/###4679537172154488","username":"水瓶座小鱼儿"},{"relevant_topic_guid":"95985800ef328d525638644b1784bf02","publish_time":"20210909151000","page_action_type":"08","topic_guid":"64236fe5f773b31635ffc349875f2278","userid":"1740458415","content":"[赞] [赞] [赞]","url":"https://m.weibo.cn/status/4679525830756863/###4679534605242046","username":"虹色暖暖爱"},{"relevant_topic_guid":"95985800ef328d525638644b1784bf02","publish_time":"20210909144400","page_action_type":"08","topic_guid":"e2149123819c7b5e065e0f3a303046b0","userid":"5013224486","content":"好棒！","url":"https://m.weibo.cn/status/4679525830756863/###4679527974308059","username":"Hey-Rich"},{"relevant_topic_guid":"95985800ef328d525638644b1784bf02","publish_time":"20210909153100","page_action_type":"08","topic_guid":"bf8483675e13e8f78f5cbdfda7789e74","userid":"1739465355","content":"[挤眼]","url":"https://m.weibo.cn/status/4679525830756863/###4679539822954198","username":"一诺一诺yinuo"},{"relevant_topic_guid":"95985800ef328d525638644b1784bf02","publish_time":"20210909163929","page_action_type":"08","topic_guid":"fb194a1c18640f33047b11a5ed98f286","userid":"2165782573","content":"可以","url":"https://m.weibo.cn/status/4679525830756863/###4679559754550297","username":"竹叶包子-sszy"},{"relevant_topic_guid":"95985800ef328d525638644b1784bf02","publish_time":"20210909193825","page_action_type":"08","topic_guid":"d2480d51a656a48b02bd27891f1ed006","userid":"5936924419","content":"期待期待","url":"https://m.weibo.cn/status/4679525830756863/###4679602087922173","username":"叶LUCK8"},{"relevant_topic_guid":"95985800ef328d525638644b1784bf02","publish_time":"20210909183700","page_action_type":"08","topic_guid":"63fb28173b61a350f0397abe85271f8e","userid":"2293353970","content":"哎呦不错哦","url":"https://m.weibo.cn/status/4679525830756863/###4679586665728138","username":"得了四元利息"},{"relevant_topic_guid":"95985800ef328d525638644b1784bf02","publish_time":"20210909201225","page_action_type":"08","topic_guid":"77ebe2761f85ee00a7e686e7e98da0a7","userid":"6522377144","content":"好","url":"https://m.weibo.cn/status/4679525830756863/###4679610601572258","username":"夏莱莱莱"},{"relevant_topic_guid":"95985800ef328d525638644b1784bf02","publish_time":"20210909193825","page_action_type":"08","topic_guid":"c7e7d71b88dec817a3ebd79b7fe17eb7","userid":"5936924419","content":"wow","url":"https://m.weibo.cn/status/4679525830756863/###4679602075076476","username":"叶LUCK8"},{"relevant_topic_guid":"95985800ef328d525638644b1784bf02","publish_time":"20210909193825","page_action_type":"08","topic_guid":"f31ac01a343949adc1ca82ca93998a13","userid":"5936924419","content":"冲冲冲","url":"https://m.weibo.cn/status/4679525830756863/###4679602096050066","username":"叶LUCK8"},{"relevant_topic_guid":"95985800ef328d525638644b1784bf02","publish_time":"20210909201325","page_action_type":"08","topic_guid":"86876ea1f26adf6c774d9a54a361f311","userid":"6522377144","content":"可","url":"https://m.weibo.cn/status/4679525830756863/###4679610761744215","username":"夏莱莱莱"},{"relevant_topic_guid":"95985800ef328d525638644b1784bf02","publish_time":"20210910121800","page_action_type":"08","topic_guid":"a8de46019fbb8b77fa9b1f5f3b746341","userid":"5015477600","content":"好","url":"https://m.weibo.cn/status/4679525830756863/###4679853627933005","username":"棕棕Alma"},{"relevant_topic_guid":"95985800ef328d525638644b1784bf02","publish_time":"20210910095200","page_action_type":"08","topic_guid":"34c7f9b594777f517ae35ab34b7e73dc","userid":"2763251733","content":"我也想要","url":"https://m.weibo.cn/status/4679525830756863/###4679816765244644","username":"渴望情天"},{"relevant_topic_guid":"95985800ef328d525638644b1784bf02","publish_time":"20210910121800","page_action_type":"08","topic_guid":"3b9336f95aef89cb62d0714a95d0e0e1","userid":"5015477600","content":"想要","url":"https://m.weibo.cn/status/4679525830756863/###4679853636323336","username":"棕棕Alma"},{"relevant_topic_guid":"95985800ef328d525638644b1784bf02","publish_time":"20210910130800","page_action_type":"08","topic_guid":"f7c7a8d39789959d44fca93768deae91","userid":"6122649396","content":"数字人民币里大商机，cll me ¡评论配图","url":"https://m.weibo.cn/status/4679525830756863/###4679866065095983","username":"DCEP小当家"},{"relevant_topic_guid":"95985800ef328d525638644b1784bf02","publish_time":"20210910085439","page_action_type":"08","topic_guid":"44716293b0f5bcbb2f091c6c614c8ee9","userid":"6672974866","content":"已经阅","url":"https://m.weibo.cn/status/4679525830756863/###4679802394774265","username":"precious-"},{"relevant_topic_guid":"95985800ef328d525638644b1784bf02","publish_time":"20210910005700","page_action_type":"08","topic_guid":"69e0c446c991eb7fbe438197bc05ccb3","userid":"3901160621","content":"好的","url":"https://m.weibo.cn/status/4679525830756863/###4679682328887838","username":"我可以很好12"},{"relevant_topic_guid":"95985800ef328d525638644b1784bf02","publish_time":"20210909220500","page_action_type":"08","topic_guid":"69b272dc2d2f42d9c161cb073739c757","userid":"6136682858","content":"[吃瓜]","url":"https://m.weibo.cn/status/4679525830756863/###4679638997011119","username":"爱JS丶Longsolitary"},{"relevant_topic_guid":"95985800ef328d525638644b1784bf02","publish_time":"20210909235200","page_action_type":"08","topic_guid":"df0ae44fc286b3705f7c411ee34deb8f","userid":"7583453343","content":"好滴","url":"https://m.weibo.cn/status/4679525830756863/###4679665883285921","username":"就是让你眼熟"},{"relevant_topic_guid":"95985800ef328d525638644b1784bf02","publish_time":"20210909225600","page_action_type":"08","topic_guid":"d339f595334ea197562f3642a6dc157d","userid":"5575841277","content":"可以","url":"https://m.weibo.cn/status/4679525830756863/###4679651786228997","username":"洛阳在逃白牡丹"},{"relevant_topic_guid":"95985800ef328d525638644b1784bf02","publish_time":"20210909234800","page_action_type":"08","topic_guid":"06b3587012495092cff57f284bfc8b23","userid":"5325098369","content":"与我无关 没在我这","url":"https://m.weibo.cn/status/4679525830756863/###4679664762883196","username":"PuppyRoy"},{"relevant_topic_guid":"95985800ef328d525638644b1784bf02","publish_time":"20210909232600","page_action_type":"08","topic_guid":"31d02d0ea4c931c53280b94b55211d58","userid":"5936924419","content":"嗯嗯","url":"https://m.weibo.cn/status/4679525830756863/###4679659335193133","username":"叶LUCK8"}]