[{"relevant_topic_guid":"9778b5fd3e8bc2a990fb68f87c57974e","cnt_retweet":"0","publish_time":"20210720235627","page_action_type":"08","cnt_agree":"0","topic_guid":"c2bb72da6ea429a0816f9c1db70bd587","userid":"Amsterd00916116","cnt_comment":"0","content":"@WuBlockchain I rather get rugged by fazeclan","url":"https://twitter.com/Amsterd00916116/status/1417513744515702786","username":"Amsterdammer"},{"relevant_topic_guid":"d5627f0c45b53eb0e5087e09fd382a83","cnt_retweet":"0","publish_time":"20210720092427","page_action_type":"08","cnt_agree":"0","topic_guid":"658aacdbb7c9ab60727e0c13421b7eda","userid":"mWJFIst3adDKWWh","cnt_comment":"0","content":"@shhgs 想太多，鼓捣大半年，才交易320亿，不及支付宝和微信支付半天的交易量。","url":"https://twitter.com/mWJFIst3adDKWWh/status/1417294298333155333","username":"庙里烧香都刷二维码"},{"relevant_topic_guid":"5558b498bde4dd2e5441d1f84e808fb3","cnt_retweet":"0","publish_time":"20210719183909","page_action_type":"08","cnt_agree":"0","topic_guid":"1d15b784fcf3e1119c3dc31ad455b528","userid":"jwang10076598","cnt_comment":"0","content":"@iSpiritRain @Coooooper2 @6259yuan 不但支持无网络支付，还支持可编程的智能电子合约，这个想象空间就大了","url":"https://twitter.com/jwang10076598/status/1417071504982827009","username":"j wang"},{"relevant_topic_guid":"9778b5fd3e8bc2a990fb68f87c57974e","cnt_retweet":"0","publish_time":"20210721000217","page_action_type":"08","cnt_agree":"1","topic_guid":"1251d00989ce6a58e6667375a99b4065","userid":"RoxStarKerwin","cnt_comment":"0","content":"@WuBlockchain Unfollowed","url":"https://twitter.com/RoxStarKerwin/status/1417515212845064198","username":"Kerwin"},{"relevant_topic_guid":"a4a516fa4844a81a30288b3404270fd3","cnt_retweet":"0","publish_time":"20210718193442","page_action_type":"08","cnt_agree":"1","topic_guid":"4611b6018134e78bdae84338ad0091c3","userid":"huyahuai","cnt_comment":"0","content":"@cherylnatsu 都是没啥用的假币，我们都用 $OXEN.现在翻墙用的VPN都是靠 $OXEN 的 @Lokinet_org .","url":"https://twitter.com/huyahuai/status/1416723095243706369","username":"huyahuai"},{"relevant_topic_guid":"a4a516fa4844a81a30288b3404270fd3","cnt_retweet":"0","publish_time":"20210719073909","page_action_type":"08","cnt_agree":"0","topic_guid":"54e429f3e6983790ce202c760c4dd1b7","userid":"CJTV2010","cnt_comment":"0","content":"@cherylnatsu 匿名？想什么呢？糊弄不懂的人吧。","url":"https://twitter.com/CJTV2010/status/1416905410833960968","username":"Chair Jack"},{"relevant_topic_guid":"a4a516fa4844a81a30288b3404270fd3","cnt_retweet":"0","publish_time":"20210718191051","page_action_type":"08","cnt_agree":"1","topic_guid":"bdd978ed816b3af022e7d1f6af6ddb07","userid":"sakuramicheal","cnt_comment":"0","content":"@cherylnatsu 薛定谔的匿名","url":"https://twitter.com/sakuramicheal/status/1416717095098748933","username":"michealzh"},{"relevant_topic_guid":"a4a516fa4844a81a30288b3404270fd3","cnt_retweet":"0","publish_time":"20210718164050","page_action_type":"08","cnt_agree":"3","topic_guid":"ffb896dc30c1b15c6112dab9822252e2","userid":"mikespook","cnt_comment":"0","content":"@cherylnatsu 我跟你讲，有不可言特色的1984，也算是伟大的成就呢！ https://t.co/2mI4Pa7zaA","url":"https://twitter.com/mikespook/status/1416679342801702913","username":"X~X"},{"relevant_topic_guid":"aa9558b78b0ca930ff22977487592101","cnt_retweet":"0","publish_time":"20210723133258","page_action_type":"08","cnt_agree":"0","topic_guid":"bb01a38b1bca7f874210c1140fac10b8","userid":"alice14555499","cnt_comment":"0","content":"@HenriArslanian @CNBC RDoge RichestDogeFAIRLAUNCH SOON Your Next Moon DogeContract Audit before launch Rug Proof Liquidity to be Locked Ownership to be Renounced Community Driven Token AMA soon Join usTelegram: https://t.co/DWg2kjxc08","url":"https://twitter.com/alice14555499/status/1418444001670098944","username":"alice"},{"relevant_topic_guid":"a4a516fa4844a81a30288b3404270fd3","cnt_retweet":"1","publish_time":"20210718175211","page_action_type":"08","cnt_agree":"10","topic_guid":"c37c5d55c88cdb78d066b337d99ebb31","userid":"mainroadly","cnt_comment":"0","content":"@cherylnatsu https://t.co/oEQLTxP2eO","url":"https://twitter.com/mainroadly/status/1416697297606307842","username":"正派流氓"},{"relevant_topic_guid":"a4a516fa4844a81a30288b3404270fd3","cnt_retweet":"0","publish_time":"20210718175353","page_action_type":"08","cnt_agree":"5","topic_guid":"8b03151bc61ec97adb51055ab7eac8ea","userid":"huxim","cnt_comment":"0","content":"@cherylnatsu 只不过大额小额是弹性的，就跟中国的底线一样","url":"https://twitter.com/huxim/status/1416697725110743040","username":"海德拉"},{"relevant_topic_guid":"a4a516fa4844a81a30288b3404270fd3","cnt_retweet":"0","publish_time":"20210719002021","page_action_type":"08","cnt_agree":"0","topic_guid":"bf0c7c57e7846a6d4f3a3979ef7bc11c","userid":"ztodust","cnt_comment":"0","content":"@cherylnatsu 反正都存储起来，看不看谁也不清楚，想看的怎么也能知道","url":"https://twitter.com/ztodust/status/1416794984456474624","username":"adust"},{"relevant_topic_guid":"b78ad32cb57738547a040b4dd78f1101","cnt_retweet":"1","publish_time":"20210722213400","page_action_type":"08","cnt_agree":"1","topic_guid":"43aff0cae43877b962ce67ee20822ef7","userid":"ACGeoEcon","cnt_comment":"0","content":"Architecture tells us the legal structure of claims of a CBDC. Of the countries tracked, a majority have chosen a hybrid CBDC. This means it is a direct claim on the central bank but transactions are facilitated by intermediaries. @ECB ** is among those exploring this: https://t.co/NXAaASaMuO","url":"https://twitter.com/ACGeoEcon/status/1418202670242967559","username":"Atlantic Council GeoEconomics Center"},{"relevant_topic_guid":"8891425a09fb265dd630e3246df12988","cnt_retweet":"0","publish_time":"20210718150117","page_action_type":"08","cnt_agree":"0","topic_guid":"aa7f6522950d431b8237decbc46d671b","userid":"yongyfz","cnt_comment":"0","content":"我是有几个投资公司，也做了不少项目，但我不碰比特币【一勺思想·刘扬声】 - YouTubehttps://t.co/rqjJ61osFc","url":"https://twitter.com/yongyfz/status/1416654289104031745","username":"永์愛中華"},{"relevant_topic_guid":"a4a516fa4844a81a30288b3404270fd3","cnt_retweet":"0","publish_time":"20210719154641","page_action_type":"08","cnt_agree":"0","topic_guid":"773bafbcc19692b9fcb93211875e4eee","userid":"tobenature","cnt_comment":"0","content":"@cherylnatsu 都是可溯源的。每一笔交易，每一枚数字货币去向的都可以找到记录。","url":"https://twitter.com/tobenature/status/1417028101117071360","username":"道法自然"},{"relevant_topic_guid":"aa9558b78b0ca930ff22977487592101","cnt_retweet":"0","publish_time":"20210723141404","page_action_type":"08","cnt_agree":"0","topic_guid":"82fa09a6470e38473399b859a466316e","userid":"lovely_scar","cnt_comment":"0","content":"@HenriArslanian @CNBC *$RDoge RichestDoge**FAIRLAUNCH SOON**Contract Audit before launch✅Zero Unlocked Dev Wallet*Active Devs*Big Mktg before/after launch!*Rug Proof*Liquidity to be Locked*Ownership to be Renounced*Community Driven*AMA soonTg: https://t.co/LFn1CWSJv0","url":"https://twitter.com/lovely_scar/status/1418454346174320640","username":"Amie Ann Agosto"},{"relevant_topic_guid":"a4a516fa4844a81a30288b3404270fd3","cnt_retweet":"0","publish_time":"20210718184143","page_action_type":"08","cnt_agree":"1","topic_guid":"3471f279f6aefaf752597cb7dcd851db","userid":"lipeng0820","cnt_comment":"0","content":"@cherylnatsu 匿名又不匿名？薛定谔的钞？","url":"https://twitter.com/lipeng0820/status/1416709764919136262","username":"SimbaLee"},{"relevant_topic_guid":"faa6a4643636b5d5db3617c9976aec34","cnt_retweet":"0","publish_time":"20210718132040","page_action_type":"08","cnt_agree":"0","topic_guid":"3d8011ef883db54608e26af85ff141c2","userid":"zgagtqs","cnt_comment":"0","content":"下周博弈分析：上周A股指数横盘震荡，指数虽较为顽强，个股分化却非常严重，全周以机构资金净流出为主，机构仓位继续下降，从仓位变化来看，还在坚守着“不减仓”的机构似乎也按捺不住，说明机构参与热情仍在不断降低。另外，目前除了存量资金反复折腾，市场已经很难吸引到场外增量资金入场， #shares","url":"https://twitter.com/zgagtqs/status/1416628966929047553","username":"中国A股_天青色"},{"relevant_topic_guid":"f3e0878769c8850ce2d7d19d5c8edcd8","cnt_retweet":"0","publish_time":"20210721124310","page_action_type":"08","cnt_agree":"2","topic_guid":"e0c646f77e0411f6e70df6dacea8cbc8","userid":"UpbitID","cnt_comment":"0","content":"* Square sedang membangun bisnis keuangan terdesentralisasi menggunakan BitcoinSumber: https://t.co/SJpMmqr41x * Visa menyetujui Startup Australia untuk menerbitkan kartu debit BitcoinSumber: https://t.co/vpUucSkEWa","url":"https://twitter.com/UpbitID/status/1417706695308972036","username":"Upbit Indonesia"},{"relevant_topic_guid":"48b7beb2f748ef815930871a71d2446b","cnt_retweet":"3","publish_time":"20210722064533","page_action_type":"08","cnt_agree":"13","topic_guid":"a072464f5a68e6c0c08ce7bc89568929","userid":"suidaila","cnt_comment":"0","content":"The grand master plan is en route ! I\u0027m very confident and hope that CNY will soon account for over 20-30% of the world central banks\u0027 reserves, so as to be shielded from any US sanctions and have a better control over the cash flows.","url":"https://twitter.com/suidaila/status/1417979086371229707","username":"IIINSULA 西遼"},{"relevant_topic_guid":"5dca4c01e1854c30dbc0c14ad58b2927","cnt_retweet":"0","publish_time":"20210718192429","page_action_type":"08","cnt_agree":"0","topic_guid":"a9da17c532c611c367e528ef26253a18","userid":"Ron16888","cnt_comment":"0","content":"周五美国三大股指全线下跌，道指跌0.86%，纳指跌0.80%，标普跌0.75%，大型科技股全线走低，抗疫概念股上涨；上周五A股三大指数再度下挫，午后跳水，收在次低点3539，量能有所放大，本周初有再度考验60天线3533，半年线3515，以及3500关口的可能，不破，还会震荡回升；跌破，则回撤3486-3456；#股市财经","url":"https://twitter.com/Ron16888/status/1416720525133455360","username":"中国股市（A股）爱好者协会"},{"relevant_topic_guid":"3d6de0a7b05c93dc6d49dbc0d88b3ede","cnt_retweet":"0","publish_time":"20210803180353","page_action_type":"08","cnt_agree":"1","topic_guid":"3b1dfe4003e5ef4252a381be1c68bbd7","userid":"88crypt","cnt_comment":"0","content":"d/ What kind of impact will CBDCs have on… the world?e/ Is it * possible * for CBDCs to respect your personal privacy and freedom?f/ CBDCs should not be a foregone conclusion","url":"https://twitter.com/88crypt/status/1422498448767479813","username":"Michelle Lai | ML_sudo"},{"relevant_topic_guid":"c5a0467263ec3aeb9c3422fd563f7214","cnt_retweet":"0","publish_time":"20210726114120","page_action_type":"08","cnt_agree":"0","topic_guid":"f416b21af2a73ef7ccc06cf302d4a1ab","userid":"Overgold2","cnt_comment":"0","content":"@dajiyuan 蚂蚁和腾讯都是数字人民币的参与银行之一，继续挑事","url":"https://twitter.com/Overgold2/status/1419503073555214338","username":"Overgold"},{"relevant_topic_guid":"7a1033de6b83af7188f6775d26afc33e","cnt_retweet":"0","publish_time":"20210728234932","page_action_type":"08","cnt_agree":"5","topic_guid":"264bf17bbb116bdd751c796449f60710","userid":"SuisseCrypto","cnt_comment":"0","content":"@BW @crypto 2/2These efforts have drawn criticism from the Biden administration, which suspects digital yuan could kick off a long-term bid to undermine the dollar as the global reserve currency.If there only would exist a US Tech First mover  that can undermine such Chinese moves…","url":"https://twitter.com/SuisseCrypto/status/1420411105596350471","username":"0҉x҉S҉u҉i҉s҉s҉e҉ - Shadowy Coder***"},{"relevant_topic_guid":"77d3792265513140763c53c894ab564a","cnt_retweet":"0","publish_time":"20210723171802","page_action_type":"08","cnt_agree":"0","topic_guid":"da9c5e71ff9a108e46ac7bcef94e04e3","userid":"gavinchuansong","cnt_comment":"0","content":"@zhengquan1020 @caijingxiang 你手机能坚持一天？","url":"https://twitter.com/gavinchuansong/status/1418500644609028103","username":"gavin song"},{"relevant_topic_guid":"6befdf49f547c9ceb9e25b44c8fdbc75","cnt_retweet":"0","publish_time":"20210825004724","page_action_type":"08","cnt_agree":"0","topic_guid":"5484e499745c3ec4ff5ccc5d5e5469cc","userid":"alonebutnotalo2","cnt_comment":"0","content":"@wuzhenwic ไม่สู้แยกกันไปพยุงชีวิตพยุงตัวใครตัวมันดีกว่า อย่างน้อยโอกาสรอดทั้งคู่ก็มีมากกว่าเอาชีวิตไปฝากกับหลักที่ไม่มั่นคง เสียกำลังใจ เสียความรู้สึกปล่าวๆ น้องแค่บ่นนะ อย่าเก็บไปคิดมาก บางทีน้องก็แค่อึดอัดอยากระบายออกมาบ้าง บางคนอาจมองว่าเป็นการเห็นแก่ตัว แต่ลึกๆใครจะรู้ว่าในใจคิดอะไร","url":"https://twitter.com/alonebutnotalo2/status/1430210141249413120","username":"until we meet again"},{"relevant_topic_guid":"ec88e8dff6f54e03c0d26871b7dc1fce","cnt_retweet":"0","publish_time":"20210723050803","page_action_type":"08","cnt_agree":"0","topic_guid":"dcc93c5379a753047f3abd420586c62b","userid":"SLP8IxSa9vC8nMs","cnt_comment":"0","content":"@chao663 @caijingxiang 数字货币就是粮票","url":"https://twitter.com/SLP8IxSa9vC8nMs/status/1418316937201811457","username":"悉尼宝宝"},{"relevant_topic_guid":"6befdf49f547c9ceb9e25b44c8fdbc75","cnt_retweet":"0","publish_time":"20210801054633","page_action_type":"08","cnt_agree":"0","topic_guid":"e8595e6571ce90d74555c7603292f655","userid":"inter555_cosmos","cnt_comment":"0","content":"@wuzhenwic Can\u0027t wait for 6G. https://t.co/wOnP1UoM2k","url":"https://twitter.com/inter555_cosmos/status/1421588115639046144","username":"Cybernaut13"},{"relevant_topic_guid":"3c9106bfc078d4560b646a889163ebcb","cnt_retweet":"0","publish_time":"20210731014014","page_action_type":"08","cnt_agree":"0","topic_guid":"1d0b5313e3160f61ff1f703dc4df3a40","userid":"_durwin_","cnt_comment":"0","content":"@BTCTN Statism is a scam. #Make1984FictionAgain #DemocratizationViaDecentralization","url":"https://twitter.com/_durwin_/status/1421163741912076296","username":"_durwin_"},{"relevant_topic_guid":"36718740e29d496f752b89ebe50bb1d4","cnt_retweet":"0","publish_time":"20210723134530","page_action_type":"08","cnt_agree":"0","topic_guid":"bdf0da80f0c44c5e97cc0754fee7d13c","userid":"TwoCents","cnt_comment":"0","content":"@Ianxu18 @caijingxiang 昨天有中國人和我說過，雙方必須要有某一方可以聯網才行。如果兩邊都連不上就不行","url":"https://twitter.com/TwoCents/status/1418447158752124928","username":"My Two Cents"},{"relevant_topic_guid":"0980da17b7b29cddf1080ec292a5e3ca","cnt_retweet":"0","publish_time":"20210818100010","page_action_type":"08","cnt_agree":"0","topic_guid":"ec47de471fcd7bbe836a12c62f8b3fa6","userid":"XinjinqV","cnt_comment":"0","content":"@rijingzhongwen 别扯淡了，这又不是在中国，脑子空白个p","url":"https://twitter.com/XinjinqV/status/1427812533495230465","username":"黑猫_v3"},{"relevant_topic_guid":"0980da17b7b29cddf1080ec292a5e3ca","cnt_retweet":"0","publish_time":"20210818080319","page_action_type":"08","cnt_agree":"0","topic_guid":"ebc96ec96c7314970552000d6e6be51d","userid":"alixs24550520","cnt_comment":"0","content":"@rijingzhongwen https://t.co/qgfhvv5Fo7","url":"https://twitter.com/alixs24550520/status/1427783129608212487","username":"alixs"},{"relevant_topic_guid":"977a356c7745afb97f02403f8bd37284","cnt_retweet":"0","publish_time":"20210803121603","page_action_type":"08","cnt_agree":"0","topic_guid":"c0775639ba8ab131bf4069f34ed9aeb9","userid":"Haiyang331","cnt_comment":"0","content":"@Zack0330 以后行贿受贿可不好办了","url":"https://twitter.com/Haiyang331/status/1422410915224371201","username":"小宇宙"},{"relevant_topic_guid":"7562cb873e6c433bb38460a03411e2bf","cnt_retweet":"0","publish_time":"20210804114855","page_action_type":"08","cnt_agree":"0","topic_guid":"2c9350777aef20984a491a668eaae8e4","userid":"ggIzento","cnt_comment":"0","content":"You can read the white paper here, published by the PBOC themselves. Interesting stuff.https://t.co/XfTTnNsuWG","url":"https://twitter.com/ggIzento/status/1422766474096103424","username":"Izento"},{"relevant_topic_guid":"464e4660fd563e85d9917d1bdde238bf","cnt_retweet":"0","publish_time":"20210731181118","page_action_type":"08","cnt_agree":"1","topic_guid":"42541cf610e68f31ed25a7c7a499b11e","userid":"likeilei","cnt_comment":"0","content":"@llchenyang 支持*绑两桶油也得跑**","url":"https://twitter.com/likeilei/status/1421413151736696834","username":"あの"},{"relevant_topic_guid":"402a1afa27ae0a6c82ab6c7ae19b0b60","cnt_retweet":"0","publish_time":"20210804084922","page_action_type":"08","cnt_agree":"0","topic_guid":"a32ce23a0e0bf850d6b154f1c8198bdc","userid":"IAMSHE6","cnt_comment":"0","content":"@alvinfoo @LiuXininBeijing @CGTNOfficial You’re right *","url":"https://twitter.com/IAMSHE6/status/1422721288783675393","username":"Gabbi **"},{"relevant_topic_guid":"402a1afa27ae0a6c82ab6c7ae19b0b60","cnt_retweet":"0","publish_time":"20210804151133","page_action_type":"08","cnt_agree":"0","topic_guid":"9a31ab065e20cab3861d88bb9a648567","userid":"alvinfoo","cnt_comment":"0","content":"You can watch the full length video here : https://t.co/2qILkoNXpZ","url":"https://twitter.com/alvinfoo/status/1422817468481892352","username":"Alvin Foo"},{"relevant_topic_guid":"e2daddae5eb164bda0a9c2a20ea1504e","cnt_retweet":"0","publish_time":"20210801075224","page_action_type":"08","cnt_agree":"0","topic_guid":"830552f2461a2e16701c2e2b0776b75e","userid":"mori9910","cnt_comment":"0","content":"@NHKTWTB @ChineseWSJ 啊这。。。张口就来？","url":"https://twitter.com/mori9910/status/1421619789009723393","username":"mori99"},{"relevant_topic_guid":"6e93bb24ac62fd246a71c222ec477ff8","cnt_retweet":"0","publish_time":"20210729225541","page_action_type":"08","cnt_agree":"2","topic_guid":"95c235ce5b5582116980260dd0766e72","userid":"DeepChaos2021","cnt_comment":"0","content":"@hongxing2016 @williamlong 留个几万块现金吧，太多了也没用，说不定变废钞了","url":"https://twitter.com/DeepChaos2021/status/1420759941988581381","username":"Deep Chaos"},{"relevant_topic_guid":"7e00a8394c551b572fccb23b8797eb44","cnt_retweet":"0","publish_time":"20210731222939","page_action_type":"08","cnt_agree":"2","topic_guid":"381ce0a085de1fddcf03441f0ed08b68","userid":"wjc98854354","cnt_comment":"0","content":"@ApyRDsAECyzDZE7 @USA_s_b @ChineseWSJ 没用过支付宝和微信？","url":"https://twitter.com/wjc98854354/status/1421478168129589251","username":"Game maker"},{"relevant_topic_guid":"41df97f75594613953c4a5e5b7c6024c","cnt_retweet":"0","publish_time":"20210801030930","page_action_type":"08","cnt_agree":"0","topic_guid":"bf8ccf10c413c3ad5a555ccebf133916","userid":"ApyRDsAECyzDZE7","cnt_comment":"0","content":"@USA_s_b @ChineseWSJ 傻逼，我看供销社，货币票证化更进步吧。粉蛆不到断头那一秒都不知道什么是进步，你但凡有脑子举出一点数字货币支付和现在支付宝使用的一点区别，都算你有点脑子，除了吊匪共所谓的金融安全，共产党不挂，能有什么金融安全","url":"https://twitter.com/ApyRDsAECyzDZE7/status/1421548592725217281","username":"包子爺爺"},{"relevant_topic_guid":"4a24e3b168ef24ff6014fe9ebe880c5c","cnt_retweet":"0","publish_time":"20210530205620","page_action_type":"08","cnt_agree":"0","topic_guid":"28a9fa626968d7973cfbdecef8c63a66","userid":"alweisTHF","cnt_comment":"0","content":"@Hoyooyoo 美股大盘不稳啊现在 我在等sp500回3500","url":"https://twitter.com/alweisTHF/status/1398986636181094408","username":"Alweis"},{"relevant_topic_guid":"4a24e3b168ef24ff6014fe9ebe880c5c","cnt_retweet":"0","publish_time":"20210611040235","page_action_type":"08","cnt_agree":"0","topic_guid":"23afb598c12aca3696487427d588d5f8","userid":"mua79318242","cnt_comment":"0","content":"@Hoyooyoo 所以现在拉指数是为了美股射的时候好有空间下蹲呗","url":"https://twitter.com/mua79318242/status/1403080172383858689","username":"给喵哥一个mua"},{"relevant_topic_guid":"4a24e3b168ef24ff6014fe9ebe880c5c","cnt_retweet":"0","publish_time":"20210530010551","page_action_type":"08","cnt_agree":"4","topic_guid":"8641d65fcd175c0324a0389900d8f265","userid":"Hoyooyoo","cnt_comment":"0","content":"气候问题新能源和病毒溯源报告就是一张牌，盟军要的是拿这些牌换好处。中国最不怕的就是给好处。谁都不会真all in，天炉战法就怕你不来。这3个月人民币慢慢的升值进6以内。商品和中国股市会涨，美国会继续放水印钱买中国货。节奏上，公检法的整风运动还需要加速。中国阶级斗争群众运动是2022起的看点","url":"https://twitter.com/Hoyooyoo/status/1398687040896606211","username":"秋生"},{"relevant_topic_guid":"29d0fa36ba254ba72fd9ff5ad05d17f1","cnt_retweet":"2","publish_time":"20210624211849","page_action_type":"08","cnt_agree":"8","topic_guid":"30f31e83dedf22a5e297caaf2a2f63f0","userid":"maximus_bertus","cnt_comment":"0","content":"@FeuerGary @FlexaHQ And this is my first ohhhhh fuck! Moment of the day! That alone could make us millions!","url":"https://twitter.com/maximus_bertus/status/1408051988705722374","username":"BertusMaximus"},{"relevant_topic_guid":"29d0fa36ba254ba72fd9ff5ad05d17f1","cnt_retweet":"0","publish_time":"20210624220906","page_action_type":"08","cnt_agree":"1","topic_guid":"a97c89279f5e0bd31d912ea54379c994","userid":"TyrionLannAmp","cnt_comment":"0","content":"@CryptosR_Us ☝️","url":"https://twitter.com/TyrionLannAmp/status/1408064644346912783","username":"* Tyrion L₳nnister"},{"relevant_topic_guid":"c659c817108184fc000d0a33cecce474","cnt_retweet":"0","publish_time":"20210625190049","page_action_type":"08","cnt_agree":"1","topic_guid":"611b0c0e5fa5fdabd5aeab7b8d62445b","userid":"coincocos","cnt_comment":"0","content":"@stratrade_ Bu uygulama cok distopik geliyor bana","url":"https://twitter.com/coincocos/status/1408379648497664009","username":"Crypto Wolf"},{"relevant_topic_guid":"29d0fa36ba254ba72fd9ff5ad05d17f1","cnt_retweet":"0","publish_time":"20210624205433","page_action_type":"08","cnt_agree":"5","topic_guid":"28cf5b4e6852125633975409a239beac","userid":"TheBullRun2021","cnt_comment":"0","content":"@FeuerGary @FlexaHQ Flexas also seems like they are about to go international with Tesco","url":"https://twitter.com/TheBullRun2021/status/1408045882487062531","username":"N₳th₳n Not ₳n ₳MP wh₳le"},{"relevant_topic_guid":"29d0fa36ba254ba72fd9ff5ad05d17f1","cnt_retweet":"1","publish_time":"20210624215827","page_action_type":"08","cnt_agree":"2","topic_guid":"6246a901b027828a29c98352aedde63c","userid":"Cambodius","cnt_comment":"0","content":"@FeuerGary @FlexaHQ Never thought it was over.","url":"https://twitter.com/Cambodius/status/1408061966397050889","username":"Cambodius"},{"relevant_topic_guid":"cd4264179429b956c2a1de053ea786a6","cnt_retweet":"0","publish_time":"20210529174919","page_action_type":"08","cnt_agree":"0","topic_guid":"8117e68a6a71d6c920bcaf714ccd196e","userid":"myhant2","cnt_comment":"0","content":"基本上，中国的数字金融服务、金融科技以及数字货币领域已有长足发展。中国政府和经济界已意识到，可以利用上述领域赚到大笔钱，同时促进创新。美国彼得森国际经济研究所研究员马永哲（Martin Chorzempa）表示，中国在金融领域“已从一个非常落后的地方发展成全球领导者”。","url":"https://twitter.com/myhant2/status/1398577181391917060","username":"myhant"},{"relevant_topic_guid":"e6f7628877bd6158e66231f3eb8fd67e","cnt_retweet":"0","publish_time":"20210530042729","page_action_type":"08","cnt_agree":"0","topic_guid":"1dd886b3e174bf74ebed25494e72a6a1","userid":"lynn_wen_jp","cnt_comment":"0","content":"@Hoyooyoo 精辟","url":"https://twitter.com/lynn_wen_jp/status/1398737784261672961","username":"Lynn"},{"relevant_topic_guid":"11a06578313fca52ccf344d858e19a75","cnt_retweet":"0","publish_time":"20210528160852","page_action_type":"08","cnt_agree":"8","topic_guid":"ea7d6d73d402ae97c2efc9b572322688","userid":"CN_2045","cnt_comment":"0","content":"以后消费就刷卡qwq好耶","url":"https://twitter.com/CN_2045/status/1398189516305801216","username":"⚜水月"},{"relevant_topic_guid":"df3c7a23f0da2b318cd4ab302554f027","cnt_retweet":"0","publish_time":"20210529165507","page_action_type":"08","cnt_agree":"0","topic_guid":"aafbc8bb622a4d6149d608235144110c","userid":"hermesstrategy","cnt_comment":"0","content":"刘世锦：中国如何在低碳背景下保持经济较高增长_爱思想 https://t.co/4kilBe0wZQ","url":"https://twitter.com/hermesstrategy/status/1398563544568901634","username":"Hermes strategygroup"},{"relevant_topic_guid":"75bda30cb26999bfe8793f72044795bc","cnt_retweet":"0","publish_time":"20210528202109","page_action_type":"08","cnt_agree":"1","topic_guid":"88ae65b9687b0018000b578d3d21f8a8","userid":"China_USA_Talk","cnt_comment":"0","content":"@l_karkot Chrome开无痕浏览也不能截图","url":"https://twitter.com/China_USA_Talk/status/1398253007163166724","username":"No.7 花子君 (互fo)"},{"relevant_topic_guid":"94cbc66a2aff68e8a37f08049e4cae08","cnt_retweet":"0","publish_time":"20210624124312","page_action_type":"08","cnt_agree":"3","topic_guid":"af272b6c6410bd09af7ba68547a34a4e","userid":"SilentStackz","cnt_comment":"0","content":"@FeuerGary @TheBullRun2021 I know they are pushing the digital yuan and that’s why they shit out bitcoin Miners but is this saying that Flexa is pending being accepted by China to process the digital yuan for merchants??","url":"https://twitter.com/SilentStackz/status/1407922232546844673","username":"Prince $aul"},{"relevant_topic_guid":"9360167804dc392e1710cb834319925b","cnt_retweet":"0","publish_time":"20210601122342","page_action_type":"08","cnt_agree":"1","topic_guid":"8f80e07927fe519dd876f1a7d8458f8e","userid":"baby1472583","cnt_comment":"0","content":"@1X1G3Lr7pBe1AJR 黨:數字人民幣變成歷史文件****","url":"https://twitter.com/baby1472583/status/1399582403190870019","username":"葛格"},{"relevant_topic_guid":"11a06578313fca52ccf344d858e19a75","cnt_retweet":"0","publish_time":"20210528155934","page_action_type":"08","cnt_agree":"3","topic_guid":"46268f6dd739a1ff9a0be86698505114","userid":"46Ai5rk15yjRwti","cnt_comment":"0","content":"@CN_2045 想办法拍一个带水月的照片*","url":"https://twitter.com/46Ai5rk15yjRwti/status/1398187174881906689","username":"lijto"},{"relevant_topic_guid":"9360167804dc392e1710cb834319925b","cnt_retweet":"0","publish_time":"20210601123333","page_action_type":"08","cnt_agree":"0","topic_guid":"c82e43527f03ab8877693f85340a58bd","userid":"JamesTaylorbab1","cnt_comment":"0","content":"@1X1G3Lr7pBe1AJR 你还知道金元劵啊，国民党山河日下的时候真狼狈呐","url":"https://twitter.com/JamesTaylorbab1/status/1399584881890316292","username":"James Taylor baba"},{"relevant_topic_guid":"75bda30cb26999bfe8793f72044795bc","cnt_retweet":"0","publish_time":"20210527231540","page_action_type":"08","cnt_agree":"2","topic_guid":"6d446c2a06cf020206225967471e13b9","userid":"AZIndustry","cnt_comment":"0","content":"@l_karkot 你睿叔叔的比利比利漫画也截不了图这波是五五开（x）","url":"https://twitter.com/AZIndustry/status/1397934535279476740","username":"約書亞奧布萊恩"},{"relevant_topic_guid":"9552f850df195ada122c8db796cf6e73","cnt_retweet":"0","publish_time":"20210623161413","page_action_type":"08","cnt_agree":"0","topic_guid":"7af74c8eae8fc98793ebe64f6646a6db","userid":"sakiop225","cnt_comment":"0","content":"막바지　大詰め　이르다　達する　가운데　なか","url":"https://twitter.com/sakiop225/status/1407612946042089477","username":"有 you"},{"relevant_topic_guid":"4c010f46ed913c2d0564cdee95eab148","cnt_retweet":"0","publish_time":"20210623152324","page_action_type":"08","cnt_agree":"1","topic_guid":"e7b777ca120236d5c3f7bb2821ee1f18","userid":"DRMoltke","cnt_comment":"0","content":"@taisph De siger det er for miljøets skyld, men ja - mon ikke det i bedste fald hænger sammen? Det er et smart move hvis man ser på det rent magtmæssigt. Og Kina har jo rent faktisk forpligtet sig https://t.co/ArffWDZDPa","url":"https://twitter.com/DRMoltke/status/1407600158762835968","username":"Henrik Moltke"},{"relevant_topic_guid":"4a24e3b168ef24ff6014fe9ebe880c5c","cnt_retweet":"0","publish_time":"20210611040132","page_action_type":"08","cnt_agree":"0","topic_guid":"2d698d2e867535c2b8c683a5b14f8cc6","userid":"mua79318242","cnt_comment":"0","content":"@Hoyooyoo 美联储射的时候 大A股难道不会萎？","url":"https://twitter.com/mua79318242/status/1403079905257000961","username":"给喵哥一个mua"},{"relevant_topic_guid":"b6d6c51e8ff75d144bf2934433e26616","cnt_retweet":"0","publish_time":"20210621100156","page_action_type":"08","cnt_agree":"0","topic_guid":"3362cf50db8827587fb6632f4ac3ccf8","userid":"parkerjayp","cnt_comment":"0","content":"Meanwhile in the US... https://t.co/3vUAHnHgtE \"... Despite agreeing on broad talking points, concrete plans for the architecture of a U.S. CBDC remain inscrutable\"","url":"https://twitter.com/parkerjayp/status/1406794483874910213","username":"Parker Jay-Pachirat"},{"relevant_topic_guid":"9dda8b79536b87d4d21107f6d3ade838","cnt_retweet":"0","publish_time":"20210527234200","page_action_type":"08","cnt_agree":"0","topic_guid":"fcc140be26e558bbb8c31ccbfeee5874","userid":"sam22021579","cnt_comment":"0","content":"@crazyGtim @shelly9909 https://t.co/Nv9hd2k5IO","url":"https://twitter.com/sam22021579/status/1397941162753740803","username":"真相就是正能量"},{"relevant_topic_guid":"323df606e17ee6a055bdada0423cc2a7","cnt_retweet":"0","publish_time":"20210621104250","page_action_type":"08","cnt_agree":"0","topic_guid":"04146862d1a73918ccc5c59a6763001f","userid":"ClevelandChar13","cnt_comment":"0","content":"@BTCTN Bình thường","url":"https://twitter.com/ClevelandChar13/status/1406804774691827712","username":"Cleveland Charlotte"},{"relevant_topic_guid":"61bf8ca52cf7313b499eca835d56d2b3","cnt_retweet":"1","publish_time":"20210523132127","page_action_type":"08","cnt_agree":"35","topic_guid":"2cfee234b4f2ba9e572a131c73559204","userid":"GuanGuanvideo","cnt_comment":"0","content":"@ChineseWSJ 华尔街日报小编：这位分析人士当然就是小编我自己啦 https://t.co/BG3UPawK1v","url":"https://twitter.com/GuanGuanvideo/status/1396335445798162432","username":"Guan Video"},{"relevant_topic_guid":"323df606e17ee6a055bdada0423cc2a7","cnt_retweet":"0","publish_time":"20210620005400","page_action_type":"08","cnt_agree":"0","topic_guid":"763de79d262183db46133d9820bcc692","userid":"CoeyKendis","cnt_comment":"0","content":"@BTCTN vui vẻ hòa đồng thân thiện","url":"https://twitter.com/CoeyKendis/status/1406294205580775425","username":"Kendis Coey"},{"relevant_topic_guid":"323df606e17ee6a055bdada0423cc2a7","cnt_retweet":"0","publish_time":"20210622123337","page_action_type":"08","cnt_agree":"0","topic_guid":"27de51e893143846546f139e8eb5f91b","userid":"LilawalaAlpesh","cnt_comment":"0","content":"@BTCTN @pushpendrakum If china build digital currency ATM while said ban on digital currency\u0027s father (Bitcoin) , isn\u0027t it possible ?","url":"https://twitter.com/LilawalaAlpesh/status/1407195042347814919","username":"Alpesh Lilawala"},{"relevant_topic_guid":"323df606e17ee6a055bdada0423cc2a7","cnt_retweet":"0","publish_time":"20210620065648","page_action_type":"08","cnt_agree":"0","topic_guid":"bcc9cab883d87324c24853e5ba27bce2","userid":"ForemanNataly","cnt_comment":"0","content":"@BTCTN Thành đạt hoặc có nghề nghiệp ổn định","url":"https://twitter.com/ForemanNataly/status/1406385503444733954","username":"Foreman Nataly"},{"relevant_topic_guid":"0117b8f815ff3a096d77aef70240e62c","cnt_retweet":"0","publish_time":"20210524223615","page_action_type":"08","cnt_agree":"1","topic_guid":"02bb24da4d6cc5ca16cb79ea3565db37","userid":"qct1977","cnt_comment":"0","content":"@top_space 唉，老王一直想推欧元上，可惜这策略没人理会。","url":"https://twitter.com/qct1977/status/1396837452405428229","username":"Qct1977"},{"relevant_topic_guid":"ca978def3a4abf310ad7fd6b5f981695","cnt_retweet":"0","publish_time":"20210621094352","page_action_type":"08","cnt_agree":"0","topic_guid":"e5772d9866596659b83dc93173485578","userid":"digitalcitizen_","cnt_comment":"0","content":"@Forkast_News a \"lucky winner\"","url":"https://twitter.com/digitalcitizen_/status/1406789935567458307","username":"Next-Gen Nation States"},{"relevant_topic_guid":"306b8b64ea657c9512a61f524decbdc9","cnt_retweet":"0","publish_time":"20210527224012","page_action_type":"08","cnt_agree":"1","topic_guid":"8e56d46b5adbddbc846f74ff4f92cebf","userid":"qq4454466962","cnt_comment":"0","content":"@l_karkot 感觉这个东西日常生活没什么具体用处，以现在微信支付宝来看的话想普及还得很长时间","url":"https://twitter.com/qq4454466962/status/1397925609498578944","username":"カメラマンたけし"},{"relevant_topic_guid":"75bda30cb26999bfe8793f72044795bc","cnt_retweet":"0","publish_time":"20210527232702","page_action_type":"08","cnt_agree":"2","topic_guid":"5ae2d96bbde14a5f0304e2e0824e6acd","userid":"Cocosuki15","cnt_comment":"0","content":"@l_karkot 我以前用安卓的时候用的看ehentai的app开了私密模式（后台切任务的时候读取不到应用界面）之后也不能截屏 #ココここ #桐生ココ 桐生ココニマ #from1st前夜祭","url":"https://twitter.com/Cocosuki15/status/1397937397082456069","username":"真不敢乱说话了*"},{"relevant_topic_guid":"ff6307ddc4ffb7e9fe8ca6f2a9727988","cnt_retweet":"0","publish_time":"20210622014547","page_action_type":"08","cnt_agree":"0","topic_guid":"905b8ef31ca377f9894c70e160d3cc07","userid":"CurrencyWar1","cnt_comment":"0","content":"fears a resumption of outflows driven by Trade friction, Covid Post Mortem and now rising US rates. Any one of the three could de-rail China\u0027s ambition to challenge Dollar hegemony, while at the same time China\u0027s project itself presents clear and present risks to western currency","url":"https://twitter.com/CurrencyWar1/status/1407032010871291908","username":"Louis Curran"},{"relevant_topic_guid":"7bd619dfe152da5453a9e998daa1c219","cnt_retweet":"0","publish_time":"20210624112811","page_action_type":"08","cnt_agree":"0","topic_guid":"9c3ed82c96449ed665d493cb1b3501b4","userid":"Oasis_Meta_BSC","cnt_comment":"0","content":"@CryptofactsON How about GRT? Can it go up? Is it rubbish...Follow me get ETK airdrop,it will list on some exchanges next month! @real_etherkitty","url":"https://twitter.com/Oasis_Meta_BSC/status/1407903350964686852","username":"OasisMetaverse"},{"relevant_topic_guid":"61bf8ca52cf7313b499eca835d56d2b3","cnt_retweet":"0","publish_time":"20210523120924","page_action_type":"08","cnt_agree":"0","topic_guid":"ac786887754a0e36227204576a589e89","userid":"Key17131300","cnt_comment":"0","content":"@ChineseWSJ 走着瞧，美国早晚也得禁用bitcoin","url":"https://twitter.com/Key17131300/status/1396317311389376513","username":"Key key"},{"relevant_topic_guid":"ab0733df3f683d228c84391683d46591","cnt_retweet":"0","publish_time":"20210524120441","page_action_type":"08","cnt_agree":"0","topic_guid":"3d5a606a2eb5de50623773405b38eee6","userid":"GeorgeYin20","cnt_comment":"0","content":"@AsiaFinance @Steven48494248 數字人民幣應該改名為現金卡，避免混淆。","url":"https://twitter.com/GeorgeYin20/status/1396678513667674115","username":"George Yin"},{"relevant_topic_guid":"61bf8ca52cf7313b499eca835d56d2b3","cnt_retweet":"0","publish_time":"20210523185531","page_action_type":"08","cnt_agree":"0","topic_guid":"c2c88ab570a5598656695c61719ce669","userid":"cnwonderful","cnt_comment":"0","content":"@ChineseWSJ 我只買黃金","url":"https://twitter.com/cnwonderful/status/1396419517190836235","username":"王德福"},{"relevant_topic_guid":"3afebfbad2996f7d2c37a22ccfc103a6","cnt_retweet":"0","publish_time":"20210524105741","page_action_type":"08","cnt_agree":"1","topic_guid":"e72cf304f3d981517490cab0437e4810","userid":"dujianhua","cnt_comment":"0","content":"@GMPLY2222 中国只有让自己的货币升值才能抑制住美国印钱带来的全球性通货膨胀，有极大的可能引发某些国家经济崩盘！中国加速能源结算本国货币化，就是数字货币结算最大的应用场景。","url":"https://twitter.com/dujianhua/status/1396661651378622464","username":"max.du"},{"relevant_topic_guid":"0c3a89f11152fe85089f4013f223f539","cnt_retweet":"0","publish_time":"20210523100950","page_action_type":"08","cnt_agree":"0","topic_guid":"f6414c05efc1cdfe1bb86509adb184d8","userid":"ForrestDay11","cnt_comment":"0","content":"@G2_1988 擒賊先擒王 https://t.co/3KDa3RP01v","url":"https://twitter.com/ForrestDay11/status/1396287224505937921","username":"ForrestDAY11"},{"relevant_topic_guid":"4525d9b79dee48e1430074474ae587bf","cnt_retweet":"0","publish_time":"20210521113513","page_action_type":"08","cnt_agree":"0","topic_guid":"886a5c1e4bb96643ca08735812b9e816","userid":"mulanwa","cnt_comment":"0","content":"@ChainNewscom 把这些钱投入教育和医疗不是更好吗？","url":"https://twitter.com/mulanwa/status/1395583933555875846","username":"Grace"},{"relevant_topic_guid":"3afebfbad2996f7d2c37a22ccfc103a6","cnt_retweet":"0","publish_time":"20210523104651","page_action_type":"08","cnt_agree":"2","topic_guid":"dd311dba151412109a607ad356979cf2","userid":"VOVOAChinese","cnt_comment":"0","content":"@GMPLY2222 **❣️","url":"https://twitter.com/VOVOAChinese/status/1396296539962675205","username":"VOVOA™**中文"},{"relevant_topic_guid":"61bf8ca52cf7313b499eca835d56d2b3","cnt_retweet":"0","publish_time":"20210523183758","page_action_type":"08","cnt_agree":"0","topic_guid":"ff86b83470e0de97b1314fcfc95b8a4b","userid":"peek_luo","cnt_comment":"0","content":"@ChineseWSJ @london78552933 任何金融产品都是剥削工具","url":"https://twitter.com/peek_luo/status/1396415100286869506","username":"Peek luo"},{"relevant_topic_guid":"6e38840f3df4562640f9931865a2642f","cnt_retweet":"0","publish_time":"20210527121425","page_action_type":"08","cnt_agree":"0","topic_guid":"71c8641ccdd7675f51eda015a5fea4ee","userid":"sam22021579","cnt_comment":"0","content":"@SoundofHopeSOH https://t.co/WvRAlvpEfH","url":"https://twitter.com/sam22021579/status/1397768127568486400","username":"真相就是正能量"},{"relevant_topic_guid":"61bf8ca52cf7313b499eca835d56d2b3","cnt_retweet":"0","publish_time":"20210524160306","page_action_type":"08","cnt_agree":"0","topic_guid":"300a5668150c6e0140e05dcc6c040342","userid":"YSterce","cnt_comment":"0","content":"@ChineseWSJ 本来以为买点币跑赢通胀，顺便捞点钱，。。没想到扯后腿了","url":"https://twitter.com/YSterce/status/1396738512834097153","username":"Sterce. Y"},{"relevant_topic_guid":"c629e5c5a3c2277f09f39204a5d44fe9","cnt_retweet":"0","publish_time":"20210527121115","page_action_type":"08","cnt_agree":"0","topic_guid":"3894a4ec55758882a288decf12defa97","userid":"sam22021579","cnt_comment":"0","content":"@dajiyuan https://t.co/WvRAlvpEfH","url":"https://twitter.com/sam22021579/status/1397767331695128578","username":"真相就是正能量"},{"relevant_topic_guid":"c629e5c5a3c2277f09f39204a5d44fe9","cnt_retweet":"0","publish_time":"20210916153949","page_action_type":"08","cnt_agree":"0","topic_guid":"2c8a6710503096b270f1b9e4403f0a8c","userid":"Mrwang48050516","cnt_comment":"0","content":"@dajiyuan 【还在因为没客户而发愁吗？】海外精准被动引流，日进流量100-150，客户询盘聊到手软，海外主流热门平台，Facebook，ins，推特自动化多账号全面布局推广，WhatsApp，line多账号自动群发客户主动联系，足不出户，稳定进客，一对一指导，专业服务，售后无忧！！！心动地址：微信 17754414025","url":"https://twitter.com/Mrwang48050516/status/1438407260456194049","username":"海外推广系统-汪经理"},{"relevant_topic_guid":"c629e5c5a3c2277f09f39204a5d44fe9","cnt_retweet":"0","publish_time":"20210526071947","page_action_type":"08","cnt_agree":"0","topic_guid":"5e66ca1ec4d183d3e14deb4680c7d3ed","userid":"royalfanta2","cnt_comment":"0","content":"@dajiyuan 中共习包子推行数字货币成功不了、坐在中共塔尖上的罪魁祸首、包括前常委和现常委及中共权贵们、把国库盗空了、全部装进这帮孙子口袋里藏匿海外，国库空虚要推行数字货币、继续偷老百姓的血汗钱，中共老百姓真是无奈啊、中共这帮杂种趁千亿万亿还闲少、中国人民和全世界人民深深被中共玩惨了，中共必死","url":"https://twitter.com/royalfanta2/status/1397331593891622916","username":"royalfanta"},{"relevant_topic_guid":"2bbd2b812d8c04e3aa62cde85b1effed","cnt_retweet":"0","publish_time":"20210527121729","page_action_type":"08","cnt_agree":"0","topic_guid":"6f40fd38e9e77cbacc29ae09011d8cd1","userid":"sam22021579","cnt_comment":"0","content":"@dajiyuan https://t.co/WvRAlvpEfH","url":"https://twitter.com/sam22021579/status/1397768899068710914","username":"真相就是正能量"},{"relevant_topic_guid":"2bbd2b812d8c04e3aa62cde85b1effed","cnt_retweet":"0","publish_time":"20210527122036","page_action_type":"08","cnt_agree":"0","topic_guid":"34872f130165238b069dd96c3e025c16","userid":"sam22021579","cnt_comment":"0","content":"@dajiyuan https://t.co/0mw9iqXRYg","url":"https://twitter.com/sam22021579/status/1397769685236543490","username":"真相就是正能量"},{"relevant_topic_guid":"2bbd2b812d8c04e3aa62cde85b1effed","cnt_retweet":"0","publish_time":"20210525214209","page_action_type":"08","cnt_agree":"0","topic_guid":"1ad364230fe438b7c7928adad28fc06f","userid":"Janeeyre2020925","cnt_comment":"0","content":"@dajiyuan 狗链","url":"https://twitter.com/Janeeyre2020925/status/1397186226449489920","username":"Janeeyre"},{"relevant_topic_guid":"323df606e17ee6a055bdada0423cc2a7","cnt_retweet":"0","publish_time":"20210619093624","page_action_type":"08","cnt_agree":"0","topic_guid":"cfd898a00050e3790db267030f634dfb","userid":"BeckRuth2","cnt_comment":"0","content":"@BTCTN tim bạn cùng hoàn cảnh đã có gia đình khoảng 30 tuổi trở lên.","url":"https://twitter.com/BeckRuth2/status/1406063283493212162","username":"Beck Ruth"},{"relevant_topic_guid":"323df606e17ee6a055bdada0423cc2a7","cnt_retweet":"0","publish_time":"20210619121807","page_action_type":"08","cnt_agree":"0","topic_guid":"34785fff4e18d43a390eece3624e8062","userid":"McphersonMeila1","cnt_comment":"0","content":"@BTCTN Một người sống tình cảm, vui vẻ, hòa đồng, trọng chữ tín, ghét dả dối.","url":"https://twitter.com/McphersonMeila1/status/1406103978065108992","username":"Mcpherson Meilani"},{"relevant_topic_guid":"323df606e17ee6a055bdada0423cc2a7","cnt_retweet":"0","publish_time":"20210619090110","page_action_type":"08","cnt_agree":"0","topic_guid":"ee7dc580545546f3feec8f3e919ec6f9","userid":"Danyakotov","cnt_comment":"0","content":"@BTCTN https://t.co/EEsIn2ZY1d","url":"https://twitter.com/Danyakotov/status/1406054416784916482","username":"Danila"},{"relevant_topic_guid":"323df606e17ee6a055bdada0423cc2a7","cnt_retweet":"0","publish_time":"20210619103943","page_action_type":"08","cnt_agree":"0","topic_guid":"f5b8e7cc602e03592283b24e6d36f693","userid":"ClevelandChar13","cnt_comment":"0","content":"@BTCTN Chúc cả nhà ngày mới vui vẻ","url":"https://twitter.com/ClevelandChar13/status/1406079217092030471","username":"Cleveland Charlotte"},{"relevant_topic_guid":"323df606e17ee6a055bdada0423cc2a7","cnt_retweet":"0","publish_time":"20210619114539","page_action_type":"08","cnt_agree":"0","topic_guid":"dd9b8eb8c53e5546602af3d7e2057066","userid":"TARUNKU91705118","cnt_comment":"0","content":"@BTCTN The world is going towards digital currencies. Soon #bitcoin too.","url":"https://twitter.com/TARUNKU91705118/status/1406095809087606787","username":"TARUN KUMAR"},{"relevant_topic_guid":"323df606e17ee6a055bdada0423cc2a7","cnt_retweet":"0","publish_time":"20210619090010","page_action_type":"08","cnt_agree":"1","topic_guid":"95ce20942b3c331afd57add91d36ea67","userid":"Danyakotov","cnt_comment":"0","content":"@BTCTN https://t.co/EEsIn2In9F","url":"https://twitter.com/Danyakotov/status/1406054164782792711","username":"Danila"},{"relevant_topic_guid":"323df606e17ee6a055bdada0423cc2a7","cnt_retweet":"0","publish_time":"20210619124226","page_action_type":"08","cnt_agree":"3","topic_guid":"e6245630003124be5a24dcb6aa218d9e","userid":"minnymousegirl","cnt_comment":"0","content":"@BTCTN Hopefully this solves their counterfeit paper money problems. Yes, even Chinese ATMs dispense fake money sometimes* Source: me, used to live in China","url":"https://twitter.com/minnymousegirl/status/1406110098783555587","username":"hello kitty"},{"relevant_topic_guid":"ced46776c1146a902fa1dcb7e2fce8a8","cnt_retweet":"0","publish_time":"20210521102633","page_action_type":"08","cnt_agree":"2","topic_guid":"37f64ee06b27861832e8399a8c0296fa","userid":"lv_tianxiang","cnt_comment":"0","content":"@n6dnb 【15】可能有人会觉得这和支付宝微信没啥区别啊……但是别忘了，这个是钱，为其信用背书的是整个国家，而不是某个公司。哪怕银行存的活期，也是有银行倒闭风险的（尽管在中国可能性非常低）。支付宝/微信里的钱，不是主权货币，而是阿里/腾讯的金融产品，是商品。银行里存的钱也是其服务产品，不是钱","url":"https://twitter.com/lv_tianxiang/status/1395566653312696322","username":"Newhand LV"},{"relevant_topic_guid":"43a8db98b2825b00a0e39435cc5d2a10","cnt_retweet":"0","publish_time":"20210527111615","page_action_type":"08","cnt_agree":"0","topic_guid":"f3dbd266a65437247ca524a27aea4e1c","userid":"Jacob43817149","cnt_comment":"0","content":"@sam22021579 中共还有信誉啊？你太幼稚了……*","url":"https://twitter.com/Jacob43817149/status/1397753489003106305","username":"Jacob"}]