[{"relevant_topic_guid":"ba5a327cdede3d1a1ed05b12aed45552","cnt_retweet":"7","publish_time":"20210903173357","page_action_type":"11","cnt_agree":"4","topic_guid":"ba5a327cdede3d1a1ed05b12aed45552","userid":"1495357574","cnt_comment":"3","content":"//@尼克安闲:太少了吧！ RT:@美国创业者 【美国的宇航员工资高不高？】问：美国的宇航员工资高不高？答：不高！起薪：$66,167/年，最高 $161,141/年 (43万 - 104.7万）元人民币。来源：美国政府的官方数字。宇航员是联邦政府的职员。宇航员的年薪是根据政府薪酬标准确定的，一开始通常分为两个等级：GS-12 和 GS-13。根据美国政府 2020 年 ...全文","url":"https://m.weibo.cn/status/4677396282212707","username":"大数云海君"},{"relevant_topic_guid":"8726994f1211acd6e817c1c4f07355b5","cnt_retweet":"0","publish_time":"20210903173150","page_action_type":"11","cnt_agree":"0","topic_guid":"8726994f1211acd6e817c1c4f07355b5","userid":"6456772530","cnt_comment":"0","content":"转发微博 RT:@6501104759_432 $紫光国微 sz002049$ 紫光同芯数字人民币解决方案首亮服贸会 助推中国金融数字化转型，点击链接查看更多-\u003e紫光同芯数字人民币解决方案首亮服贸会 助推中国金融数字化转型","url":"https://m.weibo.cn/status/4677395749798140","username":"个股资讯"},{"relevant_topic_guid":"26a1200b5de429eb52414dfed143b3b3","cnt_retweet":"0","publish_time":"20210903151113","page_action_type":"11","cnt_agree":"0","topic_guid":"26a1200b5de429eb52414dfed143b3b3","userid":"6456772530","cnt_comment":"0","content":"转发微博 RT:@6501104759_432 $紫光国微 sz002049$ 紫光国微数字人民币解决方案首度亮相服贸会，点击链接查看更多-\u003e紫光国微数字人民币解决方案首度亮相服贸会","url":"https://m.weibo.cn/status/4677360357476924","username":"个股资讯"},{"relevant_topic_guid":"524e3641f9c7e3547fc73df508d7959e","cnt_retweet":"1","publish_time":"20210907211729","page_action_type":"07","cnt_agree":"0","topic_guid":"524e3641f9c7e3547fc73df508d7959e","userid":"2293197831","cnt_comment":"0","content":"【警惕打着“数字人民币”口号的新型诈骗】当前，国家数字人民币试点工作正在稳步推进，少数不法分子利用部分群众对数字人民币还不太了解的情况，打着“数字人民币”的旗号进行诈骗活动，造成民众信息泄露和财产损失。警方提醒：谨防诈骗。 南通","url":"https://m.weibo.cn/status/4678902084275451","username":"萤火虫fg"},{"relevant_topic_guid":"af238fee8c42cdf966ee693abd63cb09","cnt_retweet":"0","publish_time":"20210907201032","page_action_type":"07","cnt_agree":"0","topic_guid":"af238fee8c42cdf966ee693abd63cb09","userid":"6456772530","cnt_comment":"0","content":"$交通银行 BCMXY$ 服贸会闭幕！数字人民币成“最靓的仔”，点击链接查看更多-\u003e服贸会闭幕！数字人民币成“最靓的仔”","url":"https://m.weibo.cn/status/4678885239160988","username":"个股资讯"},{"relevant_topic_guid":"f6be5fda570bb35a1c444e9c9815e8a9","cnt_retweet":"1","publish_time":"20210907204838","page_action_type":"07","cnt_agree":"3","topic_guid":"f6be5fda570bb35a1c444e9c9815e8a9","userid":"2086426211","cnt_comment":"0","content":"【“高霈”探服贸：支付进化3.0时代 #数字人民币究竟怎么改变我们的支付方式# 】在服贸会首钢园区的，11号数字金融馆，数字人民币在展示中。数字人民币怎么使用呢？它又会给我们带来哪些便利？戳*视频了解吧 #2021服贸会等你来##微博放映厅# 北京广播的微博视频","url":"https://m.weibo.cn/status/4678894823150334","username":"北京故事广播FM954AM603"},{"relevant_topic_guid":"90965f94f4abd333a69564ca95be845d","cnt_retweet":"0","publish_time":"20210906165656","page_action_type":"07","cnt_agree":"0","topic_guid":"90965f94f4abd333a69564ca95be845d","userid":"6350001753","cnt_comment":"0","content":"本届#服贸会# 对即将开幕的2022#北京冬奥会# 上的#数字人民币# 应用场景和功能进行了预演。相信不久的将来，数字人民币将更多出现在普通百姓的日常消费场景中，参展的中国银行工作人员表示，这台数字人民币兑换机将会亮相冬奥会，外国运动员无需开立银行账户就能轻松使用数字人民币进行消费。 此次服贸会的另一举办场地首钢园将成为冬奥会部分项目的比赛场地。目前，以首钢园区为核心，重点商圈、旅游景点为辐射的数字人民币冬奥支持场景正在加快拓展。在设于首钢园的金融服务专题展中，数字人民币成为一大亮点。（羊城晚报）网页链接","url":"https://m.weibo.cn/status/4678474126329765","username":"星球日报Odaily"},{"relevant_topic_guid":"ab477493abde4cc32c0644fd0b89aade","cnt_retweet":"0","publish_time":"20210907134132","page_action_type":"07","cnt_agree":"0","topic_guid":"ab477493abde4cc32c0644fd0b89aade","userid":"1770240090","cnt_comment":"0","content":"9月7日，中国电信翼支付与中国银行合作的数字人民币钱包应用正式上线。用户可在翼支付APP中(我的-基础服务)一键开启数字人民币钱包，在通过实名认证、绑定银行卡后，即可通过数字人民币进行存银行、换数币、转账等操作。此外，翼支付还将推出数字人民币商城，用户可以获取通用立减券，同时电信本网用户还可以在商城中进行话费充值。除了服务普通消费者，中国电信还联合中国银行研发了数字人民币超级受理终端，并已经在部分中小微商家完成部署使用。","url":"https://m.weibo.cn/status/4678787340437527","username":"猪肚鸡"},{"relevant_topic_guid":"efb84c7a9060c15276a985045dd38002","cnt_retweet":"11","publish_time":"20210907134444","page_action_type":"07","cnt_agree":"7","topic_guid":"efb84c7a9060c15276a985045dd38002","userid":"7490952883","cnt_comment":"1","content":"【我们快速推出数字人民币，真是为了挑战美元吗？】市场有观点认为，央行数字人民币会挑战美元的主导地位。对此，北大国发院副院长、北大数字金融研究中心主任黄益平近日在接受巨浪视线及《巴伦周刊》中文版联合采访时表示，数字人民币是中国人民币国际化万里长征中，很小的一步，现在去讲数字人民币将来能不能成为国际货币，能不能成为批发货币，能不能到在国际上被接受，还为时过早。#巨浪视线# 巨浪视线的微博视频","url":"https://m.weibo.cn/status/4678788145219103","username":"巨浪视线"},{"relevant_topic_guid":"ae7f75ed2fd16d1af89b51f72181b01c","cnt_retweet":"0","publish_time":"20210907103524","page_action_type":"07","cnt_agree":"0","topic_guid":"ae7f75ed2fd16d1af89b51f72181b01c","userid":"6599784057","cnt_comment":"0","content":"上面那么多的英文，这是给外国人用的？这是英国，美国还是在中国？什么时代还在普及英文！别拿成本说事，数字人民币可是变相的货币！！@财经网 @财新网 @环球网 @澎湃新闻 @21世纪经济报道 @紫光阁","url":"https://m.weibo.cn/status/4678740502381075","username":"黑夜里的喧嚣365"},{"relevant_topic_guid":"955a66a6986fdf2e202cb188330cd875","cnt_retweet":"0","publish_time":"20210907101320","page_action_type":"07","cnt_agree":"0","topic_guid":"955a66a6986fdf2e202cb188330cd875","userid":"5264458470","cnt_comment":"0","content":"用数字人民币消费、看“黑科技”护航北京冬奥会……这届服贸会有哪些“科技感”？用数字人民币消费、看“黑科技”护航北京冬奥会……这届服贸会有哪些“科技感”？","url":"https://m.weibo.cn/status/4678734945455548","username":"酒泉广播电视台官微"},{"relevant_topic_guid":"1e9c307e1f23fe9c794ade5859404aea","cnt_retweet":"0","publish_time":"20210907101315","page_action_type":"07","cnt_agree":"0","topic_guid":"1e9c307e1f23fe9c794ade5859404aea","userid":"5264458470","cnt_comment":"0","content":"服贸“新”发现：第一次用数字人民币抽盲盒，我居然抽到了……全球连线丨服贸“新”发现：第一次用数字人民币抽盲盒，我居然抽到了……","url":"https://m.weibo.cn/status/4678734923435049","username":"酒泉广播电视台官微"},{"relevant_topic_guid":"01ad7e9e1a4cc5ee7b33751171eb5e94","cnt_retweet":"0","publish_time":"20210907100341","page_action_type":"07","cnt_agree":"0","topic_guid":"01ad7e9e1a4cc5ee7b33751171eb5e94","userid":"7122634086","cnt_comment":"0","content":"用数字人民币消费、看“黑科技”护航北京冬奥会……这届服贸会有哪些“科技感”？用数字人民币消费、看“黑科技”护航北京冬奥会……这届服贸会有哪些“科技感”？","url":"https://m.weibo.cn/status/4678732515641084","username":"景泰融媒"},{"relevant_topic_guid":"d19aa5946f76f71d0986bff97122c675","cnt_retweet":"0","publish_time":"20210907125746","page_action_type":"07","cnt_agree":"0","topic_guid":"d19aa5946f76f71d0986bff97122c675","userid":"6573108811","cnt_comment":"0","content":"【中国电信翼支付正式上线数字人民币钱包】 9月7日消息，中国电信翼支付与中国银行合作的数字人民币钱包应用正式上线。用户可在翼支付APP中（我的-基础服务）一键开启数字人民币钱包，在通过实名认证、绑定银行卡后，即可通过数字人民币进行存银行、换数币、转账等操作。 此外，翼支付还将推出数字人民币商城，用户可以获取通用立减券，同时电信本网用户还可以在商城中进行话费充值。除了服务普通消费者，中国电信还联合中国银行研发了数字人民币超级受理终端，并已经在部分中小微商家完成部署使用。（第一财经） #比特币# #区块链# #以太坊# #加密货币# #数字货币# #金融#","url":"https://m.weibo.cn/status/4678776325146790","username":"欧科链讯"},{"relevant_topic_guid":"8d46af484b66ddd9f9cbecdf07359877","cnt_retweet":"0","publish_time":"20210907104010","page_action_type":"07","cnt_agree":"0","topic_guid":"8d46af484b66ddd9f9cbecdf07359877","userid":"2109032275","cnt_comment":"0","content":"#新闻看点# 数字人民币业务应用服务场景将再增加，用于北京市高速公路与停车支付上，为市民出行提供便利。9月5日，在2021中国国际服务贸易交易会首钢园园区，北京市首都公路发展集团有限公司与中国工商银行北京分行... 北京高速公路缴费将用上数字人民币","url":"https://m.weibo.cn/status/4678741702215298","username":"支付圈频道"},{"relevant_topic_guid":"9642a8b091256991c85bc568ea8a1157","cnt_retweet":"0","publish_time":"20210907103326","page_action_type":"07","cnt_agree":"0","topic_guid":"9642a8b091256991c85bc568ea8a1157","userid":"2024538663","cnt_comment":"0","content":"【金融科技融入市民日常生活】无感支付、“云”上办贷款、VR学金融知识……如今，科技在金融领域的广泛应用，金融服务越来越多出现在市民生活中，让金融服务变得触手可及。9月3日至7日，在北京举行的中国国际服务贸易交易会上，“数字”，是关键词。数字人民币更是成为了亮点，引入了文创、无人超市、移动便利店、工艺美术品、畅销书籍、老字号等消费场景。近年来，新疆金融机构积极应用大数据、区块链、云计算、人工智能等新兴前沿技术，有效提升了金融服务质量。网页链接","url":"https://m.weibo.cn/status/4678740003783518","username":"乌鲁木齐晚报"},{"relevant_topic_guid":"c34d185e6925a33401144e4a98cfbdd2","cnt_retweet":"0","publish_time":"20210907112627","page_action_type":"07","cnt_agree":"0","topic_guid":"c34d185e6925a33401144e4a98cfbdd2","userid":"6350001753","cnt_comment":"0","content":"在昨日长沙市推进“三高四新”战略暨投资环境（上海）推介会上，#交通银行# 与长沙市政府签订“十四五”合作框架协议，根据协议，交通银行下阶段将以数字人民币为切入点，积极推进长沙市现代文化产业体系发展。（湖南日报）长沙市推进“三高四新”战略暨投资环境上海推介会举行","url":"https://m.weibo.cn/status/4678753345603757","username":"星球日报Odaily"},{"relevant_topic_guid":"509c7a3677f9697bece23eb592d7dcc1","cnt_retweet":"0","publish_time":"20210907103954","page_action_type":"07","cnt_agree":"0","topic_guid":"509c7a3677f9697bece23eb592d7dcc1","userid":"6573108811","cnt_comment":"0","content":"【人民银行营业管理部：顺利落地34.5万个数字人民币冬奥场景】 9月7日消息，9月6日上午，人民银行营业管理部发布《金融支持北京绿色低碳高质量发展的意见》，人民银行营业管理部党委书记、主任杨伟中透露，人行营业管理部认真贯彻北京市委市政府工作部署，稳妥推进数字人民币试点，顺利落地34.5万个数字人民币冬奥场景，实现交通出行等七大类场景全覆盖。深入推进金融科技创新监管试点，已发布3批22个金融科技创新应用。 #比特币# #区块链# #以太坊# #加密货币# #数字货币# #金融#","url":"https://m.weibo.cn/status/4678741630652362","username":"欧科链讯"},{"relevant_topic_guid":"19fd89293d5f0af2cf79b80ff52d756a","cnt_retweet":"0","publish_time":"20210907114806","page_action_type":"07","cnt_agree":"0","topic_guid":"19fd89293d5f0af2cf79b80ff52d756a","userid":"5697583656","cnt_comment":"0","content":"#新闻看点# 消防无人机、5G远程超声诊疗设备、数字人民币消费......如今,数字经济和数字贸易发展已经成为当下科技贸易领域的热点话题。9月2日,2021年中国国际服务贸易交易会(下称服贸会)在北京火热,本... 网页链接","url":"https://m.weibo.cn/status/4678758794266292","username":"京客网快报"},{"relevant_topic_guid":"25e6528f56a64da7b82ab2d2246296b8","cnt_retweet":"0","publish_time":"20210907105301","page_action_type":"07","cnt_agree":"0","topic_guid":"25e6528f56a64da7b82ab2d2246296b8","userid":"6316344897","cnt_comment":"0","content":"北京高速公路缴费将用上数字人民币网页链接","url":"https://m.weibo.cn/status/4678744931305046","username":"独行骑士·Lwf"},{"relevant_topic_guid":"96e81495ffff4f713d2ffd5f47fc3f1c","cnt_retweet":"0","publish_time":"20210907173508","page_action_type":"11","cnt_agree":"0","topic_guid":"96e81495ffff4f713d2ffd5f47fc3f1c","userid":"1913377142","cnt_comment":"0","content":"#2021年中国国际服贸会# #数字人民币# #碳达峰 碳中和# #数据隐私安全# #数字孪生# RT:@边界智能 9月2日至7日，以“数字开启未来，服务促进发展”为主题的2021年中国国际服务贸易会在北京国家会议中心和首钢园举办。在金融服务主题展中，数字人民币成为最大亮点，六大行、网商银行、微众银行等在各自展区设置了丰富多元的数字人民币体验场景；此外，以碳达峰、碳中和为目标的绿色金融无疑成为发展趋 ...全文","url":"https://m.weibo.cn/status/4678846126754487","username":"Morning薇薇安"},{"relevant_topic_guid":"c443adbf395558a0675f8fce2e9ae261","cnt_retweet":"1","publish_time":"20210908152412","page_action_type":"11","cnt_agree":"2","topic_guid":"c443adbf395558a0675f8fce2e9ae261","userid":"5921256891","cnt_comment":"2","content":"@朱烨crystal 问的都是干货，智能卡怎么用，丢失了又怎么办//@凯雷:北京，数字人民币来了！————我也想体验下，看看，和中国联通合作的商家李莎莎小姐的全套示范！ RT:@朱烨crystal @凯雷 来体验一下数字人民币呀！2021服貿會丨數字人民幣開啟消費新體驗【大文網】网页链接【點新聞】网页链接【文匯網】2021服貿會|數字人民幣開啟消費新體驗 朱烨crystal的微博视频","url":"https://m.weibo.cn/status/4679175565217493","username":"南無法帝的微笑"},{"relevant_topic_guid":"e9fc06d668da4da180911f37e2803681","cnt_retweet":"0","publish_time":"20210908151933","page_action_type":"11","cnt_agree":"0","topic_guid":"e9fc06d668da4da180911f37e2803681","userid":"6150906493","cnt_comment":"0","content":"我们快速推出数字人民币，真是为了挑战美元吗？ RT:@巨浪视线 【我们快速推出数字人民币，真是为了挑战美元吗？】市场有观点认为，央行数字人民币会挑战美元的主导地位。对此，北大国发院副院长、北大数字金融研究中心主任黄益平近日在接受巨浪视线及《巴伦周刊》中文版联合采访时表示，数字人民币是中国人民币国际化万里长征中，很小的一步，现在去讲数字人民币将 ...全文","url":"https://m.weibo.cn/status/4679174394741988","username":"微博财经"},{"relevant_topic_guid":"5f71c56eae4aa4520ca99d2b910fd6fd","cnt_retweet":"0","publish_time":"20210908151931","page_action_type":"11","cnt_agree":"0","topic_guid":"5f71c56eae4aa4520ca99d2b910fd6fd","userid":"1782914491","cnt_comment":"0","content":"黄益平：数字人民币能挑战美元吗 RT:@巨浪视线 【我们快速推出数字人民币，真是为了挑战美元吗？】市场有观点认为，央行数字人民币会挑战美元的主导地位。对此，北大国发院副院长、北大数字金融研究中心主任黄益平近日在接受巨浪视线及《巴伦周刊》中文版联合采访时表示，数字人民币是中国人民币国际化万里长征中，很小的一步，现在去讲数字人民币将 ...全文","url":"https://m.weibo.cn/status/4679174386094071","username":"信封儿skyscraper"},{"relevant_topic_guid":"ee76933b4a0ef7035a52716168c4d18f","cnt_retweet":"0","publish_time":"20210906221003","page_action_type":"07","cnt_agree":"9","topic_guid":"ee76933b4a0ef7035a52716168c4d18f","userid":"6167824365","cnt_comment":"0","content":"据正元智慧（300645）+3.62%官微消息，日前，西南财经大学发布通知，正式启动数字人民币校园支付场景应用，标志着正元智慧与中国银行携手打造的数字人民币场景应用正式落地。西南财经大学在正元智慧校园服务应用APP“易校园”上发布通知，宣布启用数字人民币在校园中的应用，并明确了数字人民币钱包在校园使用的相关流程。高校因为天然具备相对封闭、高频、可控的应用场景和快速接受新事物的应用人群，成为六大商业银行抢先推行数字人民币试点的第一选择。 正元智慧作为智慧校园服务新生态的引领者，长期致力于智慧校园金融创新新生态建设，在数字人民币应用方面的研究也走在前列。早在今年3月，公司就与中国人民银行数字货币研究所签署合作协议，开始了对数字人民币在校园及企事业单位园区等场景中智能支付的创新应用研究，以促进数字人民币应用生态体系建设。","url":"https://m.weibo.cn/status/4678552924718432","username":"操奇制胜"},{"relevant_topic_guid":"6283be5e616f816d51b19c952fb6081d","cnt_retweet":"0","publish_time":"20210906220551","page_action_type":"07","cnt_agree":"5","topic_guid":"6283be5e616f816d51b19c952fb6081d","userid":"3926910490","cnt_comment":"5","content":"今晚一些比较重要的信息， 1.可降解塑料板块值得关注，上周有人问瑞丰高材什么时候介入，21日均线支撑，今天就很明显的踩到这个介入位置再弹起，明天继续关注。 2.横琴粤澳之后今晚继续推出深圳前海改革政策，今天横琴粤澳高开低走，明天是否能借前海东风反包呢？ 3.数字人民币黑科技消息，引发对数字货币的关注，叠加近期比特币连续反弹重回52000美元+，短线值得适当留意。 4.工业母机龙头华辰装备复牌，工业母机能否重回巅峰呢？从停牌后板块表现看，板块跌了不少，个人感觉要先补跌，补跌后才有机会走出新行情。 目前总体思路还是围绕注册制新股+专精特新的政策支持方向积极做多（政策说了大力支持专精特新中小企业发展），北交所题材还是不断的扩散中，专精特新也许是除了精选层外北交所题材里面最大的赢家。赛道现在是死而不僵，因为锂价还在涨，但是敢出手捞的一定是核心中的核心，所以其实并不好做，哪天价格不涨了，就没人捞了。 所以赛道，你可以往特高压，风电方向去低吸更稳健一些。 芯片今晚南大光电又有减持，跌了一个月，股东还觉得贵，没办法，芯片现在是底也得继续磨，还算不上真正企稳。 个股:先进数通说一下，互动坐实了北交所概念，目前北交所题材还是没走完，明天大概率要反包上去。 四方精创:深圳粤港澳+数字货币+ NFT，明天挺有机会借机炒作。 其他基本都是专精特新和环保，就不多说了，行情未走完低多为主，持股待涨。 特高压板块非常值得关注。","url":"https://m.weibo.cn/status/4678551866969016","username":"洲济捣蛋"},{"relevant_topic_guid":"034da68781eebabba4eefac9fde42846","cnt_retweet":"1","publish_time":"20210906211630","page_action_type":"07","cnt_agree":"2","topic_guid":"034da68781eebabba4eefac9fde42846","userid":"2138877405","cnt_comment":"0","content":"【#服贸会#数字金融体验区】#2021年服贸会# 双离线支付、自助贩卖机、无人超市……2021年中国国际服务贸易交易会上，首次设立数字人民币展区，呈现数字人民币的最新进展。北京市丰台区及人民银行数字货币研究所，联合六大行及多家机构联手打造“数字金融示范区”，观众可现场开通数字人民币钱包。（摄影 陈建/人民画报）","url":"https://m.weibo.cn/status/4678539448420414","username":"人民画报"},{"relevant_topic_guid":"b87ffe5af0c25a2946dc6c119431c1bc","cnt_retweet":"0","publish_time":"20210906194029","page_action_type":"07","cnt_agree":"0","topic_guid":"b87ffe5af0c25a2946dc6c119431c1bc","userid":"6456772530","cnt_comment":"0","content":"$中国银行 BACHF$ 钥匙扣、手表也能是“钱包”，骑单车“碰一碰”便可支付！数字人民币亮相服贸会，还有哪些“花式玩法”？，点击链接查看更多-\u003e钥匙扣、手表也能是“钱包”，骑单车“碰一碰”便可支付！数字人民币亮相服贸会，还有哪些“花式玩法”？","url":"https://m.weibo.cn/status/4678515289227567","username":"个股资讯"},{"relevant_topic_guid":"370830b355af55c2dc3314ad97e9d3e9","cnt_retweet":"2","publish_time":"20210906202100","page_action_type":"07","cnt_agree":"0","topic_guid":"370830b355af55c2dc3314ad97e9d3e9","userid":"1911348005","cnt_comment":"1","content":"服贸会揭秘：快捷又安全的#数字人民币跟支付宝有啥区别#“数字开启未来，服务促进发展”是本届服贸会的主题。在中国银行展台，融数字与服务于一体的数字人民币大受欢迎，许多人到展台争相体验。（李若一 王林 宋潞）科技前线 中国青年报的微博视频","url":"https://m.weibo.cn/status/4678525480865017","username":"创业新青年"},{"relevant_topic_guid":"545ea13f70e8ffd0a6abf0063097dcec","cnt_retweet":"0","publish_time":"20210907150203","page_action_type":"07","cnt_agree":"0","topic_guid":"545ea13f70e8ffd0a6abf0063097dcec","userid":"1686551944","cnt_comment":"0","content":"#买房指导#【地铁、单车都可以用数字人民币啦！】 21世纪经济报道记者 边万莉 北京报道 还在发愁找不到可以使用数字人民币的场景吗？9月3日-9月7日，在2021年服贸会金融服务专题展（以下简称“服贸会”）——金融展数字人民币体验区上，开通了一条数字人民币大道，打造文创、无人超市、移动便利店、工艺美术品、畅销书籍等消费场景，观众可以现场使用数字人民... 网页链接","url":"https://m.weibo.cn/status/4678807611507268","username":"沈阳新浪房产"},{"relevant_topic_guid":"9a7e36a21984976d577e574ad2c456e0","cnt_retweet":"0","publish_time":"20210907130021","page_action_type":"07","cnt_agree":"1","topic_guid":"9a7e36a21984976d577e574ad2c456e0","userid":"2174978162","cnt_comment":"0","content":"中国电信翼支付与中国银行合作的数字人民币钱包应用正式上线。用户可在翼支付APP中(我的-基础服务)一键开启数字人民币钱包，在通过实名认证、绑定银行卡后，即可通过数字人民币进行存银行、换数币、转账等操作。此外，翼支付还将推出数字人民币商城，用户可以获取通用立减券，同时电信本网用户还可以在商城中进行话费充值。除了服务普通消费者，中国电信还联合中国银行研发了数字人民币超级受理终端，并已经在部分中小微商家完成部署使用。","url":"https://m.weibo.cn/status/4678776979980782","username":"魔贝"},{"relevant_topic_guid":"fb33c3b6cb0e49efcdfea469637bbd69","cnt_retweet":"0","publish_time":"20210907133020","page_action_type":"07","cnt_agree":"0","topic_guid":"fb33c3b6cb0e49efcdfea469637bbd69","userid":"1878726905","cnt_comment":"0","content":"【锦江酒店 App 上线数字人民币支付功能，升级支付体验】#动点快讯# 近日，锦江国际全球互联网共享平台 “锦江 WeHotel” 携手工商银行共同开展的数字人民币支付业务，在旗下锦江酒店 App 顺利上线，并率先完成境外酒店在线支付场景的落地，实现数字人民币在酒店行业应用突破。已开通工行数字人民币支付服务用户，在锦江酒店 App 支付列表中选择 “数字人民币”，即可完成酒店预订支付。","url":"https://m.weibo.cn/status/4678784525795341","username":"动点科技"},{"relevant_topic_guid":"17a28d0036384a634b110066c304358f","cnt_retweet":"23","publish_time":"20210907125918","page_action_type":"07","cnt_agree":"118","topic_guid":"17a28d0036384a634b110066c304358f","userid":"1632060204","cnt_comment":"28","content":"那是第一次去欧洲，刚工作没几年，钱还得掰开花。当时一欧元兑8块多人民币，还没建立“在当地花钱就按当地货币数字思考，不要兑换”的思路，没建立思路，更没建立这样的财力。上个厕所要1欧元，死憋回住处再说。又或者干脆不要喝水，如是之矿泉水省一欧元，上厕所省一欧元，合计就是两欧元了。去面包店买两欧元法棍，都能抵一顿饭吃。或者买图7，一个切开，两个人分着吃。 当然就只能去朋友家投宿。“索邦前座”。T生就是这样称呼自己那个地下室的地下室。我俩清晨站在那栋颇为美丽的旧楼前喊： Tristan！有记住要点：记得用法语的读法，以及使用巴黎口音，莫要丢他的脸。 彼时T生在巴黎上学，住索邦大学旁边的一栋楼……的地下室……的角落房间……的底下……的客厅……的阁楼上。也就是说，他住在一个地下室的地下室的阁楼里，和另外四个伙伴合租。图四那个叫疯猫，在巴黎的IBM工作，他住在那个坑里。而国内在IBM工作的同学，都开始供楼了。 我俩被分配住在客厅的沙发上。就是图五那张。是他们一伙人新捡回来的。可以打开成为一张沙发床。因为有了它，才有了接待我俩的能力。 沙发床很破旧，打开以后往中间凹陷，每天晚上我和KIKI各睡沙发床的一条边，早上醒来就双双滚到中间的坑里，嘴对嘴睡在一起。 但有时候还是要去穷奢极侈一下。譬如说买3欧元的红酒回住处开派对。买半磅杏子，超市晚上打折再去买点食物，到公园里野餐。 兜里有钱的时候甚至还去爵士酒吧喝一杯，选哪种可以续杯的爵士吧。穿粉红丝绸裙子小高跟凉鞋，坐肮脏的巴黎地铁，夜风里瑟瑟发抖。 下定决心要去花神咖啡馆朝圣。它家的巧克力当年就要6.8欧元一杯，喝完只能走路回住处，没预算坐地铁了。 那是一种古代的旅行，没有智能手机，没有社交媒体，不太交得起昂贵的漫游电话费。朋友如果不在家，就只能坐在街边一边等一边数蚂蚁玩儿。 我怀念古代的旅行。","url":"https://m.weibo.cn/status/4678776711023429","username":"蔻蔻梁"},{"relevant_topic_guid":"5d44e857d70f26a6686d1b65ac8ad70b","cnt_retweet":"8","publish_time":"20210907114158","page_action_type":"07","cnt_agree":"111","topic_guid":"5d44e857d70f26a6686d1b65ac8ad70b","userid":"5226077622","cnt_comment":"22","content":"某耀真的是啥都能删… 我没记错的话这条微博应该是说：魅族18才是首款支持数字人民币的骁龙处理器手机 没想到某耀这都能够删我的微博 承认友商优先有这么难吗？明明不是第一个还硬要蹭第一，有意思吗？魅族即使是一个小企业，但也比某些企业坐的直坐的正！ 踏踏实实做产品，这才是一个公司良好发展的必经之路…净搞些营销来混淆视听，做不长远的","url":"https://m.weibo.cn/status/4678757249977543","username":"地球上的Alex"},{"relevant_topic_guid":"8f54f815c9a730617f774586e522d91f","cnt_retweet":"6","publish_time":"20210907110443","page_action_type":"07","cnt_agree":"24","topic_guid":"8f54f815c9a730617f774586e522d91f","userid":"1726918143","cnt_comment":"2","content":"#一起去看服贸会# 【#数字人民币怎么用#】数字人民币的应用场景越来越多了。在2021年中国服贸会金融服务专题展区，有很多前来参观的市民准备开通数字人民币钱包，想赶紧体验一番，旁边的展台展示了数字人民币的多种用途：可以缴电费、高速公路费，或者一卡通重置，还可以直接购买茶叶等商品。 其实，数字人民币的使用方法不难，下载安装数字人民币钱包App后，开通权限即可使用，用户可以选择扫码付款，也可以拿手机往相应的机器一贴付款，再也不用像以前一样问“是你扫我，还是我扫你”了。说不定什么时候，等我们再去超市购物就会发现，收银台会多了一个数字人民币收款码呢。#氧气视频#（李若一 王林 宋潞）@青蜂侠Bee 中国青年报的微博视频","url":"https://m.weibo.cn/status/4678747875969600","username":"中国青年报"},{"relevant_topic_guid":"499ff16106b854788d5941716e6efbab","cnt_retweet":"0","publish_time":"20210907093756","page_action_type":"07","cnt_agree":"0","topic_guid":"499ff16106b854788d5941716e6efbab","userid":"7368206943","cnt_comment":"0","content":"用数字人民币消费、看“黑科技”护航北京冬奥会……这届服贸会有哪些“科技感”？\u003c 网页链接","url":"https://m.weibo.cn/status/4678726035964870","username":"漳县融媒"},{"relevant_topic_guid":"881de87c1d3303b9fab73c8e3dcfb214","cnt_retweet":"0","publish_time":"20210907093731","page_action_type":"07","cnt_agree":"0","topic_guid":"881de87c1d3303b9fab73c8e3dcfb214","userid":"7368206943","cnt_comment":"0","content":"服贸“新”发现：第一次用数字人民币抽盲盒，我居然抽到了……\u003c 网页链接","url":"https://m.weibo.cn/status/4678725931370552","username":"漳县融媒"},{"relevant_topic_guid":"b8155f4073217f2771a540b6af731baf","cnt_retweet":"1","publish_time":"20210907105014","page_action_type":"07","cnt_agree":"1","topic_guid":"b8155f4073217f2771a540b6af731baf","userid":"2590506042","cnt_comment":"0","content":"【#数字人民币# 硬钱包技术进化：缩小数字鸿沟，安全芯片国产化自主可控】9月3日-9月7日，在“2021年服贸会金融服务专题展（以下简称“服贸会”）——金融展数字人民币体验区”上，工、农、中、建、交、邮储六家国有银行，网商银行、微众银行两家民营银行展示了数字人民币硬件钱包的各种形态。同时可以实现离线支付，为弥合“数字鸿沟”提供可能。网页链接","url":"https://m.weibo.cn/status/4678744230857793","username":"首都金融"},{"relevant_topic_guid":"ee3aa07f8e23023a1bab8b82d9250f0e","cnt_retweet":"0","publish_time":"20210907094038","page_action_type":"07","cnt_agree":"0","topic_guid":"ee3aa07f8e23023a1bab8b82d9250f0e","userid":"6456772530","cnt_comment":"0","content":"$中国银行 BACHY$ 地铁、单车、饮料机，都可以用数字人民币啦！B端更在拓宽中，点击链接查看更多-\u003e地铁、单车、饮料机，都可以用数字人民币啦！B端更在拓宽中","url":"https://m.weibo.cn/status/4678726715704895","username":"个股资讯"},{"relevant_topic_guid":"2d24e52f196db65214867bebe2b14b49","cnt_retweet":"0","publish_time":"20210907094037","page_action_type":"07","cnt_agree":"0","topic_guid":"2d24e52f196db65214867bebe2b14b49","userid":"6456772530","cnt_comment":"0","content":"$交通银行 sh601328$ 地铁、单车、饮料机，都可以用数字人民币啦！B端更在拓宽中，点击链接查看更多-\u003e地铁、单车、饮料机，都可以用数字人民币啦！B端更在拓宽中","url":"https://m.weibo.cn/status/4678726711773824","username":"个股资讯"},{"relevant_topic_guid":"b7d8e7484790e1b9dfa6d3df9c7c3c08","cnt_retweet":"0","publish_time":"20210907092144","page_action_type":"07","cnt_agree":"0","topic_guid":"b7d8e7484790e1b9dfa6d3df9c7c3c08","userid":"1742906203","cnt_comment":"0","content":"发布了头条文章：《300645正元智慧：与中国银行携手打造的数字人民币场景应用正式落地》 300645正元智慧：与中国银行携手打造的数字人民币场景应用正式落地","url":"https://m.weibo.cn/status/4678721958841254","username":"百家财富网"},{"relevant_topic_guid":"7b2ba00f51b8997b29170f1e2db28bee","cnt_retweet":"0","publish_time":"20210907091548","page_action_type":"07","cnt_agree":"0","topic_guid":"7b2ba00f51b8997b29170f1e2db28bee","userid":"7049157766","cnt_comment":"0","content":"用数字人民币消费、看“黑科技”护航北京冬奥会……这届服贸会有哪些“科技感”？用数字人民币消费、看“黑科技”护航北京冬奥会……这届服贸会有哪些“科技感”？","url":"https://m.weibo.cn/status/4678720469598298","username":"陇西融媒"},{"relevant_topic_guid":"5f273b16436f8b72f507f6caa1458e28","cnt_retweet":"0","publish_time":"20210907091733","page_action_type":"07","cnt_agree":"1","topic_guid":"5f273b16436f8b72f507f6caa1458e28","userid":"6522911909","cnt_comment":"0","content":"【北京高速公路缴费将用上数字人民币】数字人民币业务应用服务场景将再增加，用于北京市高速公路与停车支付上，为市民出行提供便利。北京高速公路缴费将用上数字人民币","url":"https://m.weibo.cn/status/4678720911311362","username":"新浪区块链"},{"relevant_topic_guid":"9ecc0244d4908a17c42c5d4dd4d6ea0e","cnt_retweet":"0","publish_time":"20210907014118","page_action_type":"07","cnt_agree":"12","topic_guid":"9ecc0244d4908a17c42c5d4dd4d6ea0e","userid":"1986377223","cnt_comment":"0","content":"正元转债：西南财经大学发布通知，正式启动数字人民币校园支付场景应用，标志着正元智慧与中国银行携手打造的数字人民币场景应用正式落地。","url":"https://m.weibo.cn/status/4678606088045368","username":"花月痕AI-可转债小王子"},{"relevant_topic_guid":"71a34131779636b25fdfb682757ee008","cnt_retweet":"10","publish_time":"20210907082855","page_action_type":"07","cnt_agree":"18","topic_guid":"71a34131779636b25fdfb682757ee008","userid":"2405635012","cnt_comment":"12","content":"区块链快讯 | 09月07日 星期二 1、腾讯联合敦煌研究院发布首款公益NFT，携手探索千年遗产数字化保护 2、阿里巴巴公益平台：已实现公益项目与公益捐赠100%上链 3、银联商务：已落地5万余家数字人民币受理商户 4、国网新疆电力、国网电商公司：基于区块链的电子履约保函业务正式上线 5、王家卫推出首个电影NFT作品《花样年华– 一剎那》，将于10月9日登陆苏富比拍卖 —内容源自网络— #区块链新闻# 、#数字人民币#、#元宇宙#","url":"https://m.weibo.cn/status/4678708667091373","username":"辛泓睿"},{"relevant_topic_guid":"8d515806d0699fca77b6f305f7c9ada3","cnt_retweet":"0","publish_time":"20210907110515","page_action_type":"07","cnt_agree":"0","topic_guid":"8d515806d0699fca77b6f305f7c9ada3","userid":"1990101450","cnt_comment":"0","content":"#一起去看服贸会# 【#数字人民币怎么用#】数字人民币的应用场景越来越多了。在2021年中国服贸会金融服务专题展区，有很多前来参观的市民准备开通数字人民币钱包，想赶紧体验一番，旁边的展台展示了数字人民币的多种用途：可以缴电费、高速公路费，或者一卡通重置，还可以直接购买茶叶等商品。 其实，数字人民币的使用方法不难，下载安装数字人民币钱包App后，开通权限即可使用，用户可以选择扫码付款，也可以拿手机往相应的机器一贴付款，再也不用像以前一样问“是你扫我，还是我扫你”了。说不定什么时候，等我们再去超市购物就会发现，收银台会多了一个数字人民币收款码呢。#氧气视频#（李若一 王林 宋潞）@青蜂侠Bee L中国青年报的微博视频中国青年报的微博视频","url":"https://m.weibo.cn/status/4678748010186826","username":"百姓一时间"},{"relevant_topic_guid":"7ec6151892b28a2266254b26478ab9ea","cnt_retweet":"0","publish_time":"20210907073836","page_action_type":"07","cnt_agree":"1","topic_guid":"7ec6151892b28a2266254b26478ab9ea","userid":"2590739307","cnt_comment":"0","content":"#冯远征梁丹妮打卡服贸会# 酷炫科技一站式打卡！今天，@冯远征 @妮妮细雨--梁丹妮 带你去逛逛#服贸会# 还不知道数字人民币怎么用？快来一起尝尝鲜~在这里，除了有趣好玩的新科技，还有“新青年”雪糕、觉醒年代周边等各类文创产品，连AR广播体操也能体验哦#今天的服贸会 明天的新生活# 北京卫视的微博视频","url":"https://m.weibo.cn/status/4678696004487903","username":"创业者商道"},{"relevant_topic_guid":"e9065a4fc7dded0a314557fc220b7147","cnt_retweet":"0","publish_time":"20210905212131","page_action_type":"07","cnt_agree":"0","topic_guid":"e9065a4fc7dded0a314557fc220b7147","userid":"1274460913","cnt_comment":"0","content":"【#服贸会对公众免费开放#，打卡走起！】今天起，服贸会开始对普通消费者免费开放。此次服贸会上，文旅专题展面积超大，不容错过；在首次设立的“数字金融示范区”，数字人民币“尝鲜”体验颇受欢迎！无论交通出行，还是消费购物、购买乡村土特产，都可以 “一站式”体验。除此之外，服贸会上还有哪些潮流产品？戳视频↓（央视财经；阿法）央视财经的微博视频","url":"https://m.weibo.cn/status/4678178322518071","username":"吉林交通广播"},{"relevant_topic_guid":"a315af547a26679b54930481e02e9ee1","cnt_retweet":"0","publish_time":"20210907182907","page_action_type":"07","cnt_agree":"2","topic_guid":"a315af547a26679b54930481e02e9ee1","userid":"6350001753","cnt_comment":"0","content":"近日，锦江国际全球互联网共享平台“锦江WeHotel”与工商银行共同开展#数字人民币# 支付业务，在旗下锦江酒店App顺利上线，首批有效覆盖锦江国际旗下锦江、昆仑、丽笙、凯里亚德、锦江之星等二十多个品牌，同时还完成了境外酒店在线支付场景的落地，实现数字人民币在酒店行业应用突破。（动点科技）网页链接","url":"https://m.weibo.cn/status/4678859712628088","username":"星球日报Odaily"},{"relevant_topic_guid":"15e1cb22880443431455bf561eb571f4","cnt_retweet":"0","publish_time":"20210907184853","page_action_type":"07","cnt_agree":"1","topic_guid":"15e1cb22880443431455bf561eb571f4","userid":"5217493010","cnt_comment":"4","content":"最近某高校开学，作为他们的对口网点，从早到晚给新生开卡弄手机银行数字人民币，加上最近搬家天天晚上一点才能睡，上班坐在那里绑银行卡，我简直能就地睡着。 但工作遇到了一群可爱的姐姐，每次都让我先休息先吃饭。今天给一位同学绑卡的过程中我直接睡过去了，一睁眼同学已经做到了旁边的姐姐那里。姐姐和我说就看着我的头一点一点低了下去，就没叫我直接把同学叫了过去。呜呜呜，真是太感动了！ 基层银行员工真是太辛苦了，一站站一天，还没有午休，哎，心疼心疼，","url":"https://m.weibo.cn/status/4678864686812956","username":"紫薯的自述"},{"relevant_topic_guid":"2a8f2b3de4f8af1c3a9b651d1be2d54a","cnt_retweet":"0","publish_time":"20210907161144","page_action_type":"11","cnt_agree":"42","topic_guid":"2a8f2b3de4f8af1c3a9b651d1be2d54a","userid":"1402253371","cnt_comment":"16","content":"【章节更新】第五章，数字人民币。 RT:@戴斌 【2021年9月经济素养班章节更新】第一章，目前的最新信息汇总，第一时间了解的信息，有6个信息，比较重要。【报名链接：网页链接】","url":"https://m.weibo.cn/status/4678825142648844","username":"戴斌"},{"relevant_topic_guid":"2ba92d25d57d53b0582579cc68bd8c41","cnt_retweet":"0","publish_time":"20210907151631","page_action_type":"11","cnt_agree":"0","topic_guid":"2ba92d25d57d53b0582579cc68bd8c41","userid":"1752634797","cnt_comment":"0","content":"我记得新加坡规定博士月薪不得少于5000新元左右（具体数字忘了），换成人民币最多也就2.5万…… RT:@数码君 2021应届生期望薪资排行榜，他们是不是以为公司有印钞机？","url":"https://m.weibo.cn/status/4678811243512758","username":"arr10"},{"relevant_topic_guid":"1be72e58e9d4427f8ac9af31234f7103","cnt_retweet":"7","publish_time":"20210907145659","page_action_type":"11","cnt_agree":"14","topic_guid":"1be72e58e9d4427f8ac9af31234f7103","userid":"1632060204","cnt_comment":"1","content":"怀念吧//@殘酷一丁:哭~*那时还没有手机摄影，不用边走边发圈，背很重的单反到处“搞创作”，相机储存卡还小，照片画质普通，天气不好会一系列灰蒙蒙，没有滤镜也懒得修图。钱不多，满世界睡青旅，去市场或超市里找吃的，会自己做饭，认真过日子，被现代“生活方式”淘汰的日子 RT:@蔻蔻梁 那是第一次去欧洲，刚工作没几年，钱还得掰开花。当时一欧元兑8块多人民币，还没建立“在当地花钱就按当地货币数字思考，不要兑换”的思路，没建立思路，更没建立这样的财力。上个厕所要1欧元，死憋回住处再说。又或者干脆不要喝水，如是之矿泉水省一欧元，上厕所省一欧元，合计就是两欧元了。去面包店 ...全文","url":"https://m.weibo.cn/status/4678806328051735","username":"蔻蔻梁"},{"relevant_topic_guid":"cdb544ce43a8b8fce6a320c9d13c5638","cnt_retweet":"0","publish_time":"20210906122233","page_action_type":"07","cnt_agree":"3","topic_guid":"cdb544ce43a8b8fce6a320c9d13c5638","userid":"1642566441","cnt_comment":"0","content":"数字人民币与电子支付工具既互补也有差异。“数字人民币将提高支付工具的多样性，有助于提升支付体系效率与安全。”人民银行数字货币研究所所长穆长春表示，虽然支付功能相似，但是数字人民币具有自己的特定优势：一是作为国家法定货币，是安全等级最高的资产；二是具有价值特征，可在不依赖银行账户的前提下进行价值转移，并支持离线交易，具有“支付即结算”特性；三是支持可控匿名，有利于保护个人隐私及用户信息安全。“数字人民币也将和传统电子支付工具长期并存。”穆长春说。 不仅如此，数字人民币在满足公众对数字形态法定货币需求的同时，将进一步助力普惠金融服务。数字人民币有利于进一步降低公众获得金融服务的门槛，未开立银行账户的公众可通过数字人民币钱包享受基础金融服务。“支付即结算”、低成本特性也有利于企业及有关方面在享受支付便利的同时，提高资金周转效率，进一步降低支付成本。","url":"https://m.weibo.cn/status/4678405074979189","username":"币圈亿达社区"},{"relevant_topic_guid":"4e6b825c0c327b5590b6bffa7c0e6bcf","cnt_retweet":"0","publish_time":"20210906094339","page_action_type":"07","cnt_agree":"0","topic_guid":"4e6b825c0c327b5590b6bffa7c0e6bcf","userid":"7287426572","cnt_comment":"0","content":"服贸会“奇”遇记：数字人民币人气旺 多应用场景亮相 2021年09月05日09:01 | 来源：人民网小字号 9月4日，在服贸会的金融服务专题展区，参观者开通数字钱包，通过扫码支付的方式使用数字人民币购买咖啡。人民网记者 翁奇羽摄9月4日，在服贸会的金融服务专题展区，参观者开通数字钱包，通过扫码支付的方式使用数字人民币购买咖啡。人民网记者 翁奇羽摄 12345下一页 人民网北京9月5日电 （记者翁奇羽、夏晓伦）双离线支付技术、造型各异的数字人民币硬钱包、虚实交互的云上互动……在2021年中国国际服务贸易交易会的金融服务专题展上，数字人民币的标识格外醒目，吸引了众多参观者。 在独特新颖的数字人民币大道上，圆明园、北京一卡通、冬奥特许商店等各银行合作的特色商户也开起了分店，让用户体验数字人民币钱包开通、支付一体化流程。","url":"https://m.weibo.cn/status/4678365086483576","username":"卓尼融媒"},{"relevant_topic_guid":"0ade5643bc83635afee36f252dee61f4","cnt_retweet":"0","publish_time":"20210907093533","page_action_type":"07","cnt_agree":"1","topic_guid":"0ade5643bc83635afee36f252dee61f4","userid":"2174978162","cnt_comment":"0","content":"人民银行营业管理部发布《金融支持北京绿色低碳高质量发展的意见》，人民银行营业管理部党委书记、主任杨伟中透露，人行营业管理部认真贯彻北京市委市政府工作部署，稳妥推进数字人民币试点，顺利落地34.5万个数字人民币冬奥场景，实现交通出行等七大类场景全覆盖。深入推进金融科技创新监管试点，已发布3批22个金融科技创新应用。","url":"https://m.weibo.cn/status/4678725436180112","username":"魔贝"},{"relevant_topic_guid":"9c943f5ebf90e918cf98b819f69f0af7","cnt_retweet":"0","publish_time":"20210907091041","page_action_type":"07","cnt_agree":"0","topic_guid":"9c943f5ebf90e918cf98b819f69f0af7","userid":"1659256790","cnt_comment":"0","content":"服贸“新”发现：第一次用数字人民币抽盲盒，我居然抽到了……\u003c 网页链接","url":"https://m.weibo.cn/status/4678719178278156","username":"天水在线官方微博"},{"relevant_topic_guid":"76fcf0f83964aff9f8d316eaebc1a0dd","cnt_retweet":"0","publish_time":"20210907091537","page_action_type":"07","cnt_agree":"0","topic_guid":"76fcf0f83964aff9f8d316eaebc1a0dd","userid":"7049157766","cnt_comment":"0","content":"服贸“新”发现：第一次用数字人民币抽盲盒，我居然抽到了……全球连线丨服贸“新”发现：第一次用数字人民币抽盲盒，我居然抽到了……","url":"https://m.weibo.cn/status/4678720419530933","username":"陇西融媒"},{"relevant_topic_guid":"9329255547f22f7c516a0458745abffa","cnt_retweet":"0","publish_time":"20210907091058","page_action_type":"07","cnt_agree":"0","topic_guid":"9329255547f22f7c516a0458745abffa","userid":"1659256790","cnt_comment":"0","content":"用数字人民币消费、看“黑科技”护航北京冬奥会……这届服贸会有哪些“科技感”？\u003c 网页链接","url":"https://m.weibo.cn/status/4678719253774526","username":"天水在线官方微博"},{"relevant_topic_guid":"283a58b9c3adf22c173da8bae0740831","cnt_retweet":"0","publish_time":"20210907091412","page_action_type":"07","cnt_agree":"0","topic_guid":"283a58b9c3adf22c173da8bae0740831","userid":"7337509043","cnt_comment":"0","content":"用数字人民币消费、看“黑科技”护航北京冬奥会……这届服贸会有哪些“科技感”？ 网页链接","url":"https://m.weibo.cn/status/4678720064065074","username":"民勤县融媒体中心"},{"relevant_topic_guid":"4fae2057356595f0efa0212dee6dd661","cnt_retweet":"0","publish_time":"20210907091419","page_action_type":"07","cnt_agree":"0","topic_guid":"4fae2057356595f0efa0212dee6dd661","userid":"7337509043","cnt_comment":"0","content":"全球连线丨服贸“新”发现：第一次用数字人民币抽盲盒，我居然抽到了…… 全球连线丨服贸“新”发现：第一次用数字人民币抽盲盒，我居然抽到了……","url":"https://m.weibo.cn/status/4678720097091863","username":"民勤县融媒体中心"},{"relevant_topic_guid":"a526628b5ffd01367c884d6b99f946bd","cnt_retweet":"0","publish_time":"20210907090550","page_action_type":"07","cnt_agree":"2","topic_guid":"a526628b5ffd01367c884d6b99f946bd","userid":"5281187541","cnt_comment":"1","content":"用数字人民币消费、看“黑科技”护航北京冬奥会……这届服贸会有哪些“科技感”？用数字人民币消费、看“黑科技”护航北京冬奥会……这届服贸会有哪些“科技感”？","url":"https://m.weibo.cn/status/4678717957475526","username":"玉门市融媒体中心"},{"relevant_topic_guid":"1287b3519ecfe3e2efe58c3d67ce27f8","cnt_retweet":"0","publish_time":"20210907090543","page_action_type":"07","cnt_agree":"2","topic_guid":"1287b3519ecfe3e2efe58c3d67ce27f8","userid":"5281187541","cnt_comment":"1","content":"服贸“新”发现：第一次用数字人民币抽盲盒，我居然抽到了……全球连线丨服贸“新”发现：第一次用数字人民币抽盲盒，我居然抽到了……","url":"https://m.weibo.cn/status/4678717928115025","username":"玉门市融媒体中心"},{"relevant_topic_guid":"aeebb31d66c60fe5b269e917513b5470","cnt_retweet":"0","publish_time":"20210907085930","page_action_type":"07","cnt_agree":"1","topic_guid":"aeebb31d66c60fe5b269e917513b5470","userid":"5328770029","cnt_comment":"0","content":"服贸“新”发现：第一次用数字人民币抽盲盒，我居然抽到了……全球连线丨服贸“新”发现：第一次用数字人民币抽盲盒，我居然抽到了……","url":"https://m.weibo.cn/status/4678716364686843","username":"金塔县融媒体中心"},{"relevant_topic_guid":"7a4be0f6a454af62a64db9c9560ec4d1","cnt_retweet":"0","publish_time":"20210907090020","page_action_type":"07","cnt_agree":"1","topic_guid":"7a4be0f6a454af62a64db9c9560ec4d1","userid":"5328770029","cnt_comment":"0","content":"用数字人民币消费、看“黑科技”护航北京冬奥会……这届服贸会有哪些“科技感”？用数字人民币消费、看“黑科技”护航北京冬奥会……这届服贸会有哪些“科技感”？","url":"https://m.weibo.cn/status/4678716573617397","username":"金塔县融媒体中心"},{"relevant_topic_guid":"c9da276ed25172d390d2755d998e5327","cnt_retweet":"0","publish_time":"20210907090113","page_action_type":"07","cnt_agree":"0","topic_guid":"c9da276ed25172d390d2755d998e5327","userid":"6092162496","cnt_comment":"0","content":"用数字人民币消费、看“黑科技”护航北京冬奥会……这届服贸会有哪些“科技感”？\u003c用数字人民币消费、看“黑科技”护航北京冬奥会……这届服贸会有哪些“科技感”？","url":"https://m.weibo.cn/status/4678716800106893","username":"定西日报"},{"relevant_topic_guid":"2ae8e96f09ac992fb8ce93a42b6bcd09","cnt_retweet":"0","publish_time":"20210907085104","page_action_type":"07","cnt_agree":"0","topic_guid":"2ae8e96f09ac992fb8ce93a42b6bcd09","userid":"6456772530","cnt_comment":"0","content":"$奇安信 sh688561$ 用数字人民币消费、看“黑科技”护航北京冬奥会……这届服贸会有哪些“科技感”？，点击链接查看更多-\u003e用数字人民币消费、看“黑科技”护航北京冬奥会……这届服贸会有哪些“科技感”？","url":"https://m.weibo.cn/status/4678714241583298","username":"个股资讯"},{"relevant_topic_guid":"f8fdfef114867d1cd760246078587232","cnt_retweet":"0","publish_time":"20210907080846","page_action_type":"07","cnt_agree":"1","topic_guid":"f8fdfef114867d1cd760246078587232","userid":"5879410367","cnt_comment":"0","content":"数字人民币来了，不带纸币走向全国，洗黑钱的会暴露在光天化日之下。地下钱桩无处可逃了吧。《数字人民币将要来临，这些行业将逐步没落，从业者转行要趁早》此视频已有2.5万次播放网页链接","url":"https://m.weibo.cn/status/4678703601156479","username":"真实的涛声yti"},{"relevant_topic_guid":"24e73d6bac7e6829210fabbf0be56940","cnt_retweet":"1","publish_time":"20210907091319","page_action_type":"07","cnt_agree":"6","topic_guid":"24e73d6bac7e6829210fabbf0be56940","userid":"2520106745","cnt_comment":"14","content":"#买房##房产##房价# 过去日本房价对我们有何启示？ ①据网传，日本东京的房价达到的峰值有多高呢？当年六万美元，如果按当时人民币汇率数字7计算，也就是核心区的价格在42万人民币。按当时东京的人均可支配收入算，差不多一年收入买一平方，当然，我们知道，后来因汇率等问题导致日本有了失去的十年20年。 ②他山之石，如果一切不加限制，最终的结果会非常恐怖，也会最终达到一个非常恐怖的数字。尤其在人均收入达不到或跟不上的情况下，更要多加注意。 #房价#","url":"https://m.weibo.cn/status/4678719840980225","username":"楼市搜索"},{"relevant_topic_guid":"c0479f612c3c8410b2b994693e348276","cnt_retweet":"0","publish_time":"20210907080441","page_action_type":"07","cnt_agree":"0","topic_guid":"c0479f612c3c8410b2b994693e348276","userid":"2167672263","cnt_comment":"0","content":"正元智慧(300645)：携手中行打造的数字人民币场景应用正式落地 —————— 据正元智慧(300645)官微消息，日前，西南财经大学发布通知，正式启动数字人民币校园支付场景应用，标志着正元智慧(300645)与中国银行(601988)携手打造的数字人民币场景应用正式落地。西南财经大学在正元智慧(300645)校园服务应用APP“易校园”上发布通知，宣布启用数字人民币在校园中的应用，并明确了数字人民币钱包在校园使用的相关流程。高校因为天然具备相对封闭、高频、可控的应用场景和快速接受新事物的应用人群，成为六大商业银行抢先推行数字人民币试点的第一选择。 正元智慧(300645)作为智慧校园服务新生态的引领者，长期致力于智慧校园金融创新新生态建设，在数字人民币应用方面的研究也走在前列。早在今年3月，公司就与中国人民银行数字货币研究所签署合作协议，开始了对数字人民币在校园及企事业单位园区等场景中智能支付的创新应用研究，以促进数字人民币应用生态体系建设。$创业板指 sz399006$","url":"https://m.weibo.cn/status/4678702569358261","username":"牛哥有牛股"},{"relevant_topic_guid":"2bab285394a7ada86d516d642835f039","cnt_retweet":"0","publish_time":"20210907085034","page_action_type":"07","cnt_agree":"0","topic_guid":"2bab285394a7ada86d516d642835f039","userid":"3458288384","cnt_comment":"0","content":"【人民银行营业管理部：顺利落地34.5万个数字人民币冬奥场景】金色财经报道，9月6日上午，人民银行营业管理部发布《金融支持北京绿色低碳高质量发展的意见》，人民银行营业管理部党委书记、主任杨伟中透露，人行营业管理部认真贯彻北京市委市政府工作部署，稳妥推进数字人民币试点，顺利落地34.5万个数字人民币冬奥场景，实现交通出行等七大类场景全覆盖。深入推进金融科技创新监管试点，已发布3批22个金融科技创新应用。 全球头部的数字货币交易平台: 【币安网】入口：网页链接 【火币网】入口：网页链接","url":"https://m.weibo.cn/status/4678714115229542","username":"币圈大事件123"},{"relevant_topic_guid":"05edb769cabb45cdd6bc24c6ef9f9fd7","cnt_retweet":"9","publish_time":"20210907062919","page_action_type":"07","cnt_agree":"22","topic_guid":"05edb769cabb45cdd6bc24c6ef9f9fd7","userid":"1649173367","cnt_comment":"5","content":"#数字人民币多应用场景亮相2021服贸会#【钥匙扣、手表也能是“钱包”，骑单车“碰一碰”便可支付！#数字人民币亮相服贸会# ，还能解锁哪些“花式玩法”？】2021年中国国际服务贸易交易会（简称“服贸会”）正在北京首钢园如火如荼地举行。在今年的金融服务专题展中，数字人民币无疑是最亮眼的一抹景色，除了设置数字人民币大道，园区中的便利店、自动咖啡售卖机等也可使用数字人民币进行支付。 《每日经济新闻》记者注意到，在数字人民币展区，六大行、网商银行、微众银行在携带相关产品亮相的同时，也在各自展区设置丰富多元的数字人民币体验场景。例如，邮储银行展示了外币兑换机，交行展区设置自动咖啡售卖机、工行展区“搬来”了地铁闸机通道。 值得一提的是，为数字人民币硬钱包提供卡片、芯片的厂商也在本次服贸会上亮相。这当中，包括北京中电华大电子设计有限责任公司（下称“华大电子”)、恒宝股份有限公司（下称“恒宝股份”）、紫光国芯微电子股份有限公司（下称“紫光国芯”）。 三家厂商展示的硬钱包，除了传统的卡片样式，还包括手环、手表、钥匙扣等异形钱包。为了保障使用钱包支付的安全性，卡式钱包也推出指纹卡、按键卡等种类。（贝塔）钥匙扣、手表也能是“钱包”，骑单车“碰一碰”便可支付！数字人民币亮相服贸会，还能解锁哪些“花式玩法”？","url":"https://m.weibo.cn/status/4678678569812839","username":"每日经济新闻"},{"relevant_topic_guid":"c28a4bc9761698baccf9243eb106d98c","cnt_retweet":"0","publish_time":"20210906225305","page_action_type":"07","cnt_agree":"1","topic_guid":"c28a4bc9761698baccf9243eb106d98c","userid":"1877069493","cnt_comment":"8","content":"前阵子小区东门外面超市门口支了个摊，几位银行工作人员在那儿忙活。我看有人又是领伞，又是领保温杯，挺热闹，本着没沾到便宜就是吃亏的原则就去问了一下这啥活动。 工作人员还挺热情，说，中国银行开通数字人民币，可以领礼品。 我说，啊，那…要是开过了呢，还能领吗？ 工作人员一脸不信，声音都高起来了，我们这新业务，不是别个，您开过？ 哎，这我能服输吗？立马打开手机银行给她看。大姐看了眼，倒是淡定了，说哦，那就不能领了。 那一刻，我握着手机看着忙碌的大姐，仿佛明白了什么叫#好像赢了又好像没赢#","url":"https://m.weibo.cn/status/4678563754675917","username":"littlerices"},{"relevant_topic_guid":"46fcd24311e568a2b5e2fddbef84e270","cnt_retweet":"0","publish_time":"20210908163332","page_action_type":"11","cnt_agree":"0","topic_guid":"46fcd24311e568a2b5e2fddbef84e270","userid":"2705306557","cnt_comment":"0","content":"#第9届东创会#期待数字人民币来得快点…… RT:@新浪广西 【参与互动得好礼！超炫、超酷、超燃的#第9届东创会#倒计时1天！】#2021中国东盟博览会#东创会将于9月9日至13日在南宁国际会展中心B2和D3展厅举行，本次东创会参展单位超100家，参展项目近300项。更有多项硬核科技首亮相，科技迷和感兴趣的小伙伴不要错过哦！带#第9届东创会#话题转发评论 ...全文","url":"https://m.weibo.cn/status/4679193012473976","username":"梁50214590"},{"relevant_topic_guid":"2faa639cefbf341615ab11ed87f1352f","cnt_retweet":"24","publish_time":"20210907205503","page_action_type":"07","cnt_agree":"56","topic_guid":"2faa639cefbf341615ab11ed87f1352f","userid":"3173633817","cnt_comment":"0","content":"#2021中国服贸会# 【CGTN带你在百年工业园体验数字人民币的魅力】今年中国服贸会首钢会场开通了一条“数字人民币大道”。小到一杯咖啡，大到一套黄金摆件，观众都可以在大道上通过数字人民币进行购买。什么是数字人民币？如何用它来购物呢？快跟CGTN记者@_Meiping_ 一起到现场寻找答案吧！A \"Digital RMB Avenue\" was set up at the Shougang Industrial Park in Beijing during the 2021 China International Fair for Trade in Services (CIFTIS), showcasing the many payment scenarios of China\u0027s digital RMB. What is a digital RMB, and how do we make payments with it? Let\u0027s find out the answers at the Digital RMB Avenue with CGTN\u0027s @_Meiping_ . For more: 网页链接 CGTN的微博视频","url":"https://m.weibo.cn/status/4678896438219666","username":"CGTN"},{"relevant_topic_guid":"dcaa65bed954426bb5b6384f3c00b16c","cnt_retweet":"0","publish_time":"20210907204605","page_action_type":"07","cnt_agree":"0","topic_guid":"dcaa65bed954426bb5b6384f3c00b16c","userid":"6573108811","cnt_comment":"0","content":"【锦江酒店App上线数字人民币支付功能，并完成境外酒店在线支付场景落地】 9月7日消息，近日，锦江国际全球互联网共享平台“锦江WeHotel”与工商银行共同开展数字人民币支付业务，在旗下锦江酒店App顺利上线，首批有效覆盖锦江国际旗下锦江、昆仑、丽笙、凯里亚德、锦江之星等二十多个品牌，同时还完成了境外酒店在线支付场景的落地，实现数字人民币在酒店行业应用突破。（动点科技） #区块链##比特币##以太坊##加密货币##数字货币##金融#","url":"https://m.weibo.cn/status/4678894181418282","username":"欧科链讯"},{"relevant_topic_guid":"3a2f4e1cd35caa4e3b908012f3fbf589","cnt_retweet":"1","publish_time":"20210907202958","page_action_type":"07","cnt_agree":"0","topic_guid":"3a2f4e1cd35caa4e3b908012f3fbf589","userid":"1168968415","cnt_comment":"0","content":"#国际锐评# 作为全球服贸领域规模最大的综合性展会，服贸会为全球企业提供了当下难得的发展机遇。 在今年的展会上，观众们动动手指就可以“把玩”文物；戴上眼镜就可以与虚拟对手打乒乓球；用数字人民币给自己寄上一张明信片；在滑雪训练机上就能练习滑雪；在充满工业风格的园区感受无人驾驶……展会现场的精彩纷呈，见证了数字服务、文旅教育、金融科技、健康卫生等服务贸易的魅力与广阔前景，更折射出中国市场的活力和潜力。而对全球企业而言，这就是他们最需要的商机。 同时，服贸会为数字贸易等新型贸易形态提供了展示平台，为全球应对危机找到了一个重要“突破口”。此外，服贸会还是一个开放包容的平台，致力于帮助发展中国家寻找商机，以缓解全球经济复苏的不平衡。更重要的是，服贸会上传递出的中国坚定扩大开放的信号，给遭遇保护主义和单边主义逆流的世界经济注入了更多复苏的信心。 实际上，就如何破解世界经济、国际贸易和投资面临的难题，中国已经给出自己的答案：始终坚持和平、发展、合作、共赢。本届服贸会拿出的高分“成绩单”，充分印证了这是一把管用且好用的“金钥匙”。 发布了头条文章：《国际锐评｜永不落幕的服贸会释放多重利好》 国际锐评｜永不落幕的服贸会释放多重利好","url":"https://m.weibo.cn/status/4678890126049999","username":"国际锐评"},{"relevant_topic_guid":"e158c49c230c34d7450eb1c9c3a73247","cnt_retweet":"0","publish_time":"20210907195715","page_action_type":"07","cnt_agree":"0","topic_guid":"e158c49c230c34d7450eb1c9c3a73247","userid":"1268935345","cnt_comment":"2","content":"我在看：【数字人民币 飞入寻常百姓家】 #跟新浪看热点# 数字人民币 飞入寻常百姓家","url":"https://m.weibo.cn/status/4678881892370226","username":"诗人张峰"},{"relevant_topic_guid":"c0b4000f22f7f82abfeb2154dc8754e3","cnt_retweet":"0","publish_time":"20210907200611","page_action_type":"07","cnt_agree":"0","topic_guid":"c0b4000f22f7f82abfeb2154dc8754e3","userid":"6089349297","cnt_comment":"0","content":"服贸“新”发现：第一次用数字人民币抽盲盒，我居然抽到了……全球连线丨服贸“新”发现：第一次用数字人民币抽盲盒，我居然抽到了……","url":"https://m.weibo.cn/status/4678884140779060","username":"金塔发布"},{"relevant_topic_guid":"4e1391952a757e6203c24831b3ab79e0","cnt_retweet":"0","publish_time":"20210907200618","page_action_type":"07","cnt_agree":"0","topic_guid":"4e1391952a757e6203c24831b3ab79e0","userid":"6089349297","cnt_comment":"0","content":"用数字人民币消费、看“黑科技”护航北京冬奥会……这届服贸会有哪些“科技感”？用数字人民币消费、看“黑科技”护航北京冬奥会……这届服贸会有哪些“科技感”？","url":"https://m.weibo.cn/status/4678884169876623","username":"金塔发布"},{"relevant_topic_guid":"a8be18e9ed2e54ea64525999976abd38","cnt_retweet":"0","publish_time":"20210907183311","page_action_type":"07","cnt_agree":"0","topic_guid":"a8be18e9ed2e54ea64525999976abd38","userid":"1223164765","cnt_comment":"0","content":"体验花式玩法 数字人民币展示多场景应用 体验花式玩法 数字人民币展示多场景应用","url":"https://m.weibo.cn/status/4678860736300226","username":"BRTV首都经济报道"},{"relevant_topic_guid":"e8096a00ffef255b575306806a928cea","cnt_retweet":"0","publish_time":"20210907195508","page_action_type":"07","cnt_agree":"1","topic_guid":"e8096a00ffef255b575306806a928cea","userid":"6075742381","cnt_comment":"0","content":"聚焦2021服贸会 | 数字人民币 飞入寻常百姓家#金融服务新体验##数字人民币#@mopay @浦东新区金融服务局 崭新服务 全新体验 网页链接","url":"https://m.weibo.cn/status/4678881359958788","username":"大红门街道光彩路社区"},{"relevant_topic_guid":"de366071b780ed09840f1eeb73b57247","cnt_retweet":"0","publish_time":"20210907181519","page_action_type":"07","cnt_agree":"2","topic_guid":"de366071b780ed09840f1eeb73b57247","userid":"5317530715","cnt_comment":"0","content":"发布了头条文章：《让数字人民币大道越走越宽敞》 让数字人民币大道越走越宽敞","url":"https://m.weibo.cn/status/4678856239222605","username":"比特币故事妹"},{"relevant_topic_guid":"81cab61c6b07116faca2803069dcae92","cnt_retweet":"2","publish_time":"20210907180436","page_action_type":"07","cnt_agree":"3","topic_guid":"81cab61c6b07116faca2803069dcae92","userid":"1905653985","cnt_comment":"1","content":"【“高霈”探服贸：支付进化3.0时代 #数字人民币究竟怎么改变我们的支付方式# 】在服贸会首钢园区的，11号数字金融馆，数字人民币在展示中。数字人民币怎么使用呢？它又会给我们带来哪些便利？戳*视频了解吧 #2021服贸会等你来##微博放映厅# 北京广播的微博视频","url":"https://m.weibo.cn/status/4678853542546807","username":"北京广播"},{"relevant_topic_guid":"5a1cfae64fd4c42c4ea26892333b2c1e","cnt_retweet":"0","publish_time":"20210907174115","page_action_type":"07","cnt_agree":"0","topic_guid":"5a1cfae64fd4c42c4ea26892333b2c1e","userid":"6456772530","cnt_comment":"0","content":"$京东集团－ＳＷ hk09618$ 数字人民币 飞入寻常百姓家，点击链接查看更多-\u003e数字人民币 飞入寻常百姓家","url":"https://m.weibo.cn/status/4678847666849180","username":"个股资讯"},{"relevant_topic_guid":"8346a9f8f0a4c326f061670bdbb529e0","cnt_retweet":"0","publish_time":"20210907170632","page_action_type":"07","cnt_agree":"0","topic_guid":"8346a9f8f0a4c326f061670bdbb529e0","userid":"1006300794","cnt_comment":"0","content":"网上国网“云终端”昨日顺利上线数字人民币跨省电费缴纳功能，在国网电商公司的大力支持下，数字人民币跨省缴纳电费功能顺利实现。这意味着不仅是苏州市内的用户，长三角青吴嘉三地乃至全国的所有电力用户均可以通过网上国网云终端，使用数字人民币为全国任意地区的账户缴纳电费。（苏州日报）","url":"https://m.weibo.cn/status/4678838930639409","username":"明知财经"},{"relevant_topic_guid":"4517ac950e2e94fb4819e761c9cc011d","cnt_retweet":"0","publish_time":"20210907165805","page_action_type":"07","cnt_agree":"0","topic_guid":"4517ac950e2e94fb4819e761c9cc011d","userid":"6012711797","cnt_comment":"0","content":"#新闻看点# R陀螺9月7日讯，前段时间，国内数字气味技术研发企业“气味王国”完成5000万元人民币A 轮融资，由君上资本与山盛股权投资基金投资。本轮融资过后，未来气味王国将继续探索数字气味领域，并计划于20... 网页链接","url":"https://m.weibo.cn/status/4678836803601335","username":"VR陀螺"},{"relevant_topic_guid":"923b0651d586fe83e15c99a4737f2e8a","cnt_retweet":"0","publish_time":"20210907165959","page_action_type":"07","cnt_agree":"3","topic_guid":"923b0651d586fe83e15c99a4737f2e8a","userid":"5042591932","cnt_comment":"0","content":"服贸会结束啦！带薪玩耍一天( ´▽｀)首钢这边展馆也太酷了头上是废旧的工厂的钢管下面是数字人民币展览街拍蒸汽朋克应该很好出片（","url":"https://m.weibo.cn/status/4678837281230274","username":"金枪鱼大副"},{"relevant_topic_guid":"9025a56728804dcd9a54bd646acc9042","cnt_retweet":"0","publish_time":"20210907160828","page_action_type":"07","cnt_agree":"1","topic_guid":"9025a56728804dcd9a54bd646acc9042","userid":"1642566441","cnt_comment":"0","content":"金融业是全球服务贸易的重要组成部分，是中国服务业开放的重点领域。服贸会上开通的数字人民币大道，预示着数字人民币的应用场景将越来越贴近北京市民的日常生活。目前，北京数字人民币冬奥全场景试点应用正稳步推进，全市白名单用户数量占全国的15%，试点场景数量占全国的20%。今年北京市的目标是把数字人民币应用场景扩展到“100万+”。 老年智能拐杖可用来刷数字人民币，手环、手套变身可穿戴的数字人民币钱包……在北京召开的2021年中国国际服务贸易交易会上，数字人民币展示了很多新玩法。展会期间，丰台区与多家机构联手开通了一条数字人民币大道，展示形态多样的数字人民币钱包，打造文创、无人超市、移动便利店等消费场景，让观众现场沉浸式体验数字货币便捷购物。","url":"https://m.weibo.cn/status/4678824316635358","username":"币圈亿达社区"},{"relevant_topic_guid":"3e591de8e5c71eb36dccea1ab25e3cbd","cnt_retweet":"0","publish_time":"20210907153828","page_action_type":"07","cnt_agree":"0","topic_guid":"3e591de8e5c71eb36dccea1ab25e3cbd","userid":"6350001753","cnt_comment":"0","content":"#人民银行# 营业管理部发布《金融支持北京绿色低碳高质量发展的意见》，人民银行营业管理部党委书记、主任杨伟中透露，人行营业管理部认真贯彻北京市委市政府工作部署，稳妥推进数字人民币试点，顺利落地34.5万个数字人民币冬奥场景，实现交通出行等七大类场景全覆盖。深入推进金融科技创新监管试点，已发布金融科技创新3批22个应用。网页链接","url":"https://m.weibo.cn/status/4678816767152353","username":"星球日报Odaily"},{"relevant_topic_guid":"f46b64ed2706faaf986be4c7a2921cbc","cnt_retweet":"0","publish_time":"20210907162000","page_action_type":"07","cnt_agree":"92","topic_guid":"f46b64ed2706faaf986be4c7a2921cbc","userid":"2199609263","cnt_comment":"47","content":"@荣耀手机 真够不要脸的，有人质疑荣耀手机宣传的首发数字人民币并表示是魅族首发，结果让微博删微博，@来去之间 夹总，荣耀的屁股这么香吗？","url":"https://m.weibo.cn/status/4678827219618275","username":"科技橙米"},{"relevant_topic_guid":"860c313799b415b5a35118b3acf555a5","cnt_retweet":"0","publish_time":"20210907170817","page_action_type":"07","cnt_agree":"1","topic_guid":"860c313799b415b5a35118b3acf555a5","userid":"6573108811","cnt_comment":"0","content":"【数字人民币已支持跨省缴纳电费】 9月7日消息，网上国网“云终端”昨日顺利上线数字人民币跨省电费缴纳功能，在国网电商公司的大力支持下，数字人民币跨省缴纳电费功能顺利实现。这意味着不仅是苏州市内的用户，长三角青吴嘉三地乃至全国的所有电力用户均可以通过网上国网云终端，使用数字人民币为全国任意地区的账户缴纳电费。（苏州日报） #比特币# #区块链# #以太坊# #加密货币# #数字货币# #金融#","url":"https://m.weibo.cn/status/4678839369730137","username":"欧科链讯"},{"relevant_topic_guid":"d5980ed7461dc9d84fc4b69b4301842d","cnt_retweet":"0","publish_time":"20210907153647","page_action_type":"07","cnt_agree":"0","topic_guid":"d5980ed7461dc9d84fc4b69b4301842d","userid":"6350001753","cnt_comment":"0","content":"9月7日，中国#电信# 翼支付与#中国银行# 合作的#数字人民币# 钱包应用正式上线。用户可在翼支付APP中（我的-基础服务）一键开启数字人民币钱包，在通过实名认证、绑定银行卡后，即可通过数字人民币进行存银行、换数币、转账等操作。 此外，翼支付还将推出数字人民币商城，用户可以获取通用立减券，同时电信本网用户还可以在商城中进行话费充值。除了服务普通消费者，中国电信还联合中国银行研发了数字人民币超级受理终端，并已经在部分中小微商家完成部署使用。（第一财经）","url":"https://m.weibo.cn/status/4678816344048511","username":"星球日报Odaily"},{"relevant_topic_guid":"0c15ef74633e95e1de576abe46f43389","cnt_retweet":"0","publish_time":"20210907134455","page_action_type":"07","cnt_agree":"0","topic_guid":"0c15ef74633e95e1de576abe46f43389","userid":"1865874465","cnt_comment":"0","content":"快捷又安全的#数字人民币跟支付宝有啥区别#“数字开启未来，服务促进发展”是本届服贸会的主题。在中国银行展台，融数字与服务于一体的数字人民币大受欢迎，许多人到展台争相体验。中国青年报的微博视频","url":"https://m.weibo.cn/status/4678788195811610","username":"第五媒体专家团"},{"relevant_topic_guid":"f2ffee903cbceecad098d27277d37d0d","cnt_retweet":"0","publish_time":"20210907143243","page_action_type":"07","cnt_agree":"1","topic_guid":"f2ffee903cbceecad098d27277d37d0d","userid":"1988645095","cnt_comment":"0","content":"#2021服贸会# 【#服贸观止#丨机器人也能做咖啡？】 在2021年中国国际服务贸易交易会上，许多银行展出了AI产品。其中，建行的咖啡机器人吸引了众多观众的注意，“只用1块钱，使用数字人民币支付，我们的AI机器人就可以给您做出来一杯拉好花的咖啡”。让我们来一起看看，机器人是怎么做咖啡的！（北京商报记者 董亮 丁宁 实习记者 邹宇源） 北京商报的微博视频","url":"https://m.weibo.cn/status/4678800221406369","username":"北京商报"},{"relevant_topic_guid":"e309e9a561688523a11313bbe47f9cea","cnt_retweet":"0","publish_time":"20210907143003","page_action_type":"07","cnt_agree":"0","topic_guid":"e309e9a561688523a11313bbe47f9cea","userid":"2145650153","cnt_comment":"0","content":"【地铁、单车、饮料机，都可以用数字人民币啦！B端更在拓宽中】截至2021年6月30日，数字人民币试点场景已超132万个，覆盖生活缴费、餐饮服务、交通出行、购物消费、政务服务等领域。在试点城市，数字人民币场景可以称得上是随处可见，比如最方便的北京地铁、美团单车......值得关注的是，数字人民币在零售场景大放异彩的同时，对公业务的探索和落地也在加快。网页链接","url":"https://m.weibo.cn/status/4678799550318578","username":"中国电子银行网"},{"relevant_topic_guid":"04d6059ff4951749dddc486b3d1a0fef","cnt_retweet":"0","publish_time":"20210906204035","page_action_type":"07","cnt_agree":"0","topic_guid":"04d6059ff4951749dddc486b3d1a0fef","userid":"6456772530","cnt_comment":"0","content":"$交通银行 BCMXY$ 数字人民币礼包又来了！交通银行携手京东再发1600万拓展试点场景，点击链接查看更多-\u003e数字人民币礼包又来了！交通银行携手京东再发1600万拓展试点场景","url":"https://m.weibo.cn/status/4678530410220379","username":"个股资讯"},{"relevant_topic_guid":"766e41b3b703eedbc7251840124c7fa0","cnt_retweet":"0","publish_time":"20210906210111","page_action_type":"07","cnt_agree":"0","topic_guid":"766e41b3b703eedbc7251840124c7fa0","userid":"6456772530","cnt_comment":"0","content":"$京东集团－ＳＷ hk09618$ 2021服贸会金融展：京东金融云、京东科技数字人民币试点实践重磅亮相，点击链接查看更多-\u003e2021服贸会金融展：京东金融云、京东科技数字人民币试点实践重磅亮相","url":"https://m.weibo.cn/status/4678535594117676","username":"个股资讯"},{"relevant_topic_guid":"a4e9caed58b5e4d8d0b1484cdaafd75e","cnt_retweet":"0","publish_time":"20210906074637","page_action_type":"11","cnt_agree":"1","topic_guid":"a4e9caed58b5e4d8d0b1484cdaafd75e","userid":"6171623575","cnt_comment":"0","content":"#NFT#紫光国微首推数字人民币解决方案，已在多个城市试点运行 RT:@辛泓睿 区块链快讯 | 09月06日 星期一1、紫光国微首推数字人民币解决方案，已在多个城市试点运行2、支付宝上线“爱心捐赠平台”，捐赠者可获得NFT数字画作3、云象区块链推出全生命周期NFT行业技术解决方案4、工行数字人民币新进展：已开个人钱包近1500万个，对公钱包200万个5、交银银行携手京东再度发放1 ...全文","url":"https://m.weibo.cn/status/4678335634342987","username":"渤海泓媒"},{"relevant_topic_guid":"8a74dbbf8d96ed05610a27e4abe8d0d5","cnt_retweet":"10","publish_time":"20210906092206","page_action_type":"07","cnt_agree":"10","topic_guid":"8a74dbbf8d96ed05610a27e4abe8d0d5","userid":"5652029156","cnt_comment":"10","content":"比特币 【人民日报：数字人民币进一步助力普惠金融服务】9月6日消息，数字人民币在满足公众对数字形态法定货币需求的同时，将进一步助力普惠金融服务。数字人民币有利于进一步降低公众获得金融服务的门槛，未开立银行账户的公众可通过数字人民币钱包享受基础金融服务。“支付即结算”、低成本特性也有利于企业及有关方面在享受支付便利的同时，提高资金周转效率，进一步降低支付成本。#比特币#","url":"https://m.weibo.cn/status/4678359662986611","username":"币圈冰姐-圈指导"},{"relevant_topic_guid":"8a74dbbf8d96ed05610a27e4abe8d0d5","publish_time":"20210906173600","page_action_type":"08","topic_guid":"d15f24962f06b562bda9041a50d2ac6c","userid":"7341380391","content":"[顶] [看涨]","url":"https://m.weibo.cn/status/4678359662986611/###4678484145996970","username":"君君_在啊"},{"relevant_topic_guid":"8a74dbbf8d96ed05610a27e4abe8d0d5","publish_time":"20210906171300","page_action_type":"08","topic_guid":"1f53de0e9fe16ffd0aabd7fbce6e14dc","userid":"2982108722","content":"[吃惊] [看涨]","url":"https://m.weibo.cn/status/4678359662986611/###4678478324829432","username":"宫英乔"},{"relevant_topic_guid":"8a74dbbf8d96ed05610a27e4abe8d0d5","publish_time":"20210906150700","page_action_type":"08","topic_guid":"71d4c8fdc5486ade41a3a2a9e15ef931","userid":"2025065927","content":"[耶]支持，你是主角，必胜！","url":"https://m.weibo.cn/status/4678359662986611/###4678446670676837","username":"爱风照明"},{"relevant_topic_guid":"8a74dbbf8d96ed05610a27e4abe8d0d5","publish_time":"20210906123300","page_action_type":"08","topic_guid":"e21302bd216642cf8ca67aa3371a0eac","userid":"6057508298","content":"[挖鼻]支持朋友 [困] [doge]","url":"https://m.weibo.cn/status/4678359662986611/###4678407823298209","username":"黄金策略侠"},{"relevant_topic_guid":"8a74dbbf8d96ed05610a27e4abe8d0d5","publish_time":"20210906145700","page_action_type":"08","topic_guid":"c0027cf349a309cc8d665b259c022794","userid":"6071414781","content":"[挖鼻]你最可爱，摸了摸良心，良心也这么说","url":"https://m.weibo.cn/status/4678359662986611/###4678444085936959","username":"马金婴"},{"relevant_topic_guid":"8a74dbbf8d96ed05610a27e4abe8d0d5","publish_time":"20210906112200","page_action_type":"08","topic_guid":"73aee4e6945c48b2918140269824ac4f","userid":"5766907486","content":"[二哈]辛苦，爱你呦(\u0026 #3665;′\u0026#7447;‵\u0026 #3665;)Ｉ L\u0026#7506;\u0026 #7515;\u0026#7497;\u0026 #7527;\u0026#8338;\u0026#7524;","url":"https://m.weibo.cn/status/4678359662986611/###4678390034464933","username":"子家谷菱Care"}]