[{"relevant_topic_guid":"47c482016c8f48f3ecb21927eb896263","cnt_retweet":"0","publish_time":"20210520055159","page_action_type":"07","cnt_agree":"0","topic_guid":"47c482016c8f48f3ecb21927eb896263","userid":"gd7BREL7DD8CoOI","cnt_comment":"0","content":"热烈欢迎数字人民币闪亮登场。昨天做合约的赌鬼们醒了吧！*","url":"https://twitter.com/gd7BREL7DD8CoOI/status/1395135170903035906","username":"举起拳头"},{"relevant_topic_guid":"ebd26de2cf3b21142787b4b687a58a0b","cnt_retweet":"0","publish_time":"20210519210938","page_action_type":"07","cnt_agree":"0","topic_guid":"ebd26de2cf3b21142787b4b687a58a0b","userid":"nyau_maomao","cnt_comment":"0","content":"中国数字人民币苏州已经开始使用！ https://t.co/roVr1emteY via @YouTube #china #中国 #中國 #4IR  #DigitalCurrency #數碼貨幣 數碼人民幣 27 Aug 2020","url":"https://twitter.com/nyau_maomao/status/1395003716890071040","username":"Klaus Lochinber"},{"relevant_topic_guid":"cf167257d292e9f181fe371c6b9c5b03","cnt_retweet":"3","publish_time":"20210519223347","page_action_type":"07","cnt_agree":"0","topic_guid":"cf167257d292e9f181fe371c6b9c5b03","userid":"Nobel_Chow","cnt_comment":"1","content":"支付宝离国企又近一步数字人民币接入支付宝_央广网 https://t.co/GWlB1tL5Bu","url":"https://twitter.com/Nobel_Chow/status/1395024894883110914","username":"Nobel Chow"},{"relevant_topic_guid":"ab40a4e643d61f2d4937d204792df431","cnt_retweet":"0","publish_time":"20210519233046","page_action_type":"07","cnt_agree":"2","topic_guid":"ab40a4e643d61f2d4937d204792df431","userid":"suchashinyday","cnt_comment":"1","content":"最近出了这样几波利空消息： 4月16日土耳其央行公告称禁止在支付中使用加密资产； 4月18日印度政府将禁用加密货币，更严格的是将对在印度交易或持有加密货币的人处以罚款，甚至将把相关行为定义为犯罪； 同一天央行副行长李波表示正研究对比特币稳定币监管规则，数字人民币的正式推出没有具体时间表","url":"https://twitter.com/suchashinyday/status/1395039233312641028","username":"Suchashinyday"},{"relevant_topic_guid":"8fffb61e7423700a938a3f11d6b4cb5e","cnt_retweet":"1","publish_time":"20210520055619","page_action_type":"07","cnt_agree":"11","topic_guid":"8fffb61e7423700a938a3f11d6b4cb5e","userid":"olalakl1","cnt_comment":"0","content":"great ??? 数字人民币在海南跨境进口电商平台完成首次支付","url":"https://twitter.com/olalakl1/status/1395136261447294982","username":"Olala ******"},{"relevant_topic_guid":"bfdc6fa4da5e173c4fd2e87523dae41c","cnt_retweet":"0","publish_time":"20210519211521","page_action_type":"07","cnt_agree":"0","topic_guid":"bfdc6fa4da5e173c4fd2e87523dae41c","userid":"nyau_maomao","cnt_comment":"0","content":"上海地铁部分自动贩卖机现“数字人民币”支付方式 https://t.co/nIxqklbEYJ via @YouTube  #china #中国 #中國 #4IR  #DigitalCurrency #數碼貨幣 數碼人民幣 4 Mar 2021","url":"https://twitter.com/nyau_maomao/status/1395005154030538753","username":"Klaus Lochinber"},{"relevant_topic_guid":"0663b2611927a81443c1a1dcc44efc9e","cnt_retweet":"0","publish_time":"20210520001204","page_action_type":"07","cnt_agree":"0","topic_guid":"0663b2611927a81443c1a1dcc44efc9e","userid":"carraro007007","cnt_comment":"0","content":"加密货币暴跌跟中国严查资金有关系 中国是为啦推数字人民币取代美元 以后你持有加密货币违法那也不奇怪 你要是被拘留啦 电子钱包里面加密货币被转走是非常大的概率啊","url":"https://twitter.com/carraro007007/status/1395049627687133184","username":"法比奥奥奥"},{"relevant_topic_guid":"3936700600dd90429f57b1cacbe27234","cnt_retweet":"0","publish_time":"20210519211018","page_action_type":"07","cnt_agree":"0","topic_guid":"3936700600dd90429f57b1cacbe27234","userid":"nyau_maomao","cnt_comment":"0","content":"数字人民币首次面向公众测试 深圳发出1,000万元“数字人民币红包” https://t.co/ZdCoQk59kv #DigitalCurrency #數碼貨幣 數碼人民幣 2020年10月11日","url":"https://twitter.com/nyau_maomao/status/1395003884456710145","username":"Klaus Lochinber"},{"relevant_topic_guid":"0a8d97b93e718a77c6c4d878d0b5e3fb","cnt_retweet":"0","publish_time":"20210517171027","page_action_type":"07","cnt_agree":"0","topic_guid":"0a8d97b93e718a77c6c4d878d0b5e3fb","userid":"XiaoZhen0537","cnt_comment":"0","content":"支付江湖再起波澜 数字人民币又出大动作：伤害不大但威胁极强？ https://t.co/2scM8seRb0","url":"https://twitter.com/XiaoZhen0537/status/1394218749360840706","username":"每日头条 - 时事百科抢先看"},{"relevant_topic_guid":"6ffce86aaef39a5f86e3084b27f60a77","cnt_retweet":"0","publish_time":"20210518170500","page_action_type":"07","cnt_agree":"0","topic_guid":"6ffce86aaef39a5f86e3084b27f60a77","userid":"40958481","cnt_comment":"0","content":"哪里可以用数字人民币啊","url":"https://twitter.com/40958481/status/1394579766179553284","username":"大大大大肥钊"},{"relevant_topic_guid":"ffaf6f28be8d8368b0491b2988145b36","cnt_retweet":"0","publish_time":"20210519041316","page_action_type":"07","cnt_agree":"1","topic_guid":"ffaf6f28be8d8368b0491b2988145b36","userid":"xinnews2020","cnt_comment":"0","content":"支付宝添加数字人民币功能,中国将全国推行驾驶证电子化,几天内又有学生坠楼事件 Xin视角 第32期 https://t.co/9NM1roHEWK 来自 @YouTube","url":"https://twitter.com/xinnews2020/status/1394747940963602433","username":"Xin視角 UK"},{"relevant_topic_guid":"b28e47c3f17de21a0a62719993204311","cnt_retweet":"0","publish_time":"20210529165507","page_action_type":"08","cnt_agree":"0","topic_guid":"df3c7a23f0da2b318cd4ab302554f027","userid":"hermesstrategy","cnt_comment":"1","content":"李礼辉：要将数字人民币打造成全球最佳的央行数字货币_爱思想 https://t.co/vY1p0BL8e6","url":"https://twitter.com/hermesstrategy/status/1398563542371086336","username":"Hermes strategygroup"},{"relevant_topic_guid":"96abe932f75f74e2a51b224f3268b882","cnt_retweet":"0","publish_time":"20210529000336","page_action_type":"08","cnt_agree":"1","topic_guid":"05cf830f9efb290413776ab8c30ddb5b","userid":"aroundstone917","cnt_comment":"0","content":"@entropy_01 国家队下场，打击民间自己挖矿，搞数字人民币打击对手。另外国内矿场大部分在电力资源比较廉价的地方。","url":"https://twitter.com/aroundstone917/status/1398308986294734850","username":"ichgo zhou"},{"relevant_topic_guid":"72498d95dee03f0ef903691885e662e0","cnt_retweet":"0","publish_time":"20210528103245","page_action_type":"08","cnt_agree":"1","topic_guid":"54cd28992e8d66b9adad84dd02658ace","userid":"45ako_kgz","cnt_comment":"0","content":"@ErwinRo114514 美联储是正常国家管制，几乎不管你买什么，你在中国拿数字人民币买比特币试试？","url":"https://twitter.com/45ako_kgz/status/1398104931702243329","username":"神楽坂朝子 Asako Kagurazaka✳️"},{"relevant_topic_guid":"437cbc0f9e3db6a4218fda145f5309d2","cnt_retweet":"0","publish_time":"20210528002427","page_action_type":"08","cnt_agree":"1","topic_guid":"4aa996ad9567393d22a7266d115fde25","userid":"general_temujin","cnt_comment":"0","content":"@bluehotfeed 数字人民币","url":"https://twitter.com/general_temujin/status/1397951847889965056","username":"General Temüǰin, Mongol Navy Force"},{"relevant_topic_guid":"21babff3de2edb39e90fa90e94a893bc","cnt_retweet":"0","publish_time":"20210527232425","page_action_type":"08","cnt_agree":"0","topic_guid":"9dda8b79536b87d4d21107f6d3ade838","userid":"sam22021579","cnt_comment":"1","content":"@crazyGtim @shelly9909 是的。看到周小川的最近发言，数字人民币目前应该只会为着某些便利而非常小规模的使用…若大额支付就会牵涉到外汇等问题，还远未成熟…","url":"https://twitter.com/sam22021579/status/1397936740451504132","username":"真相就是正能量"},{"relevant_topic_guid":"a48011774a43b3deb6b081c66a396323","cnt_retweet":"0","publish_time":"20210528070126","page_action_type":"08","cnt_agree":"0","topic_guid":"c5c3c655fbc4181e6f7aa73cadc06487","userid":"Perry_YE","cnt_comment":"0","content":"@wangzhian8848 都是韭菜，你关心人民币走高那几个点有个毛用，赵家人到时候发行数字人民币了，想贬值就贬值，连换成国外货币避险的功能都没有了？所以说，王局不需要解释，真正的有钱人不会把自己的资产放一个篮子里，老百姓其实根本没必要关心这个","url":"https://twitter.com/Perry_YE/status/1398051751819767811","username":"Perry"},{"relevant_topic_guid":"db639985199fd7c80d32af44d935f83c","cnt_retweet":"0","publish_time":"20210527180342","page_action_type":"08","cnt_agree":"1","topic_guid":"bae5df76332278c61027c89f19a79565","userid":"XD_orz_QAQ","cnt_comment":"0","content":"@Lingmu91952011 数字人民币","url":"https://twitter.com/XD_orz_QAQ/status/1397856029107396611","username":"追空想の天津風⚜我就看看油菜道不道歉"},{"relevant_topic_guid":"1afc7da9104f927fa21d97a2b5ff448e","cnt_retweet":"0","publish_time":"20210527213738","page_action_type":"08","cnt_agree":"0","topic_guid":"21babff3de2edb39e90fa90e94a893bc","userid":"crazyGtim","cnt_comment":"1","content":"@sam22021579 @shelly9909 不可能，国外不认。没人接受。即使接受，数字人民币定义好哪些可以花哪些不能国外花，点几下鼠标的事","url":"https://twitter.com/crazyGtim/status/1397909864391884801","username":"CrazyGTim"},{"relevant_topic_guid":"8e56d46b5adbddbc846f74ff4f92cebf","cnt_retweet":"0","publish_time":"20210527230523","page_action_type":"08","cnt_agree":"1","topic_guid":"8127149bf1321e4b91795604c18538df","userid":"l_karkot","cnt_comment":"0","content":"@qq4454466962 至少对于我来说，腾讯和阿里是我最讨厌的两家中国公司，以后只要能用数字人民币的地方坚决不用微信支付宝","url":"https://twitter.com/l_karkot/status/1397931946638938120","username":"中共认知作战局第一白毛控*"},{"relevant_topic_guid":"352d7fdd303f001b90b74be8944f9e34","cnt_retweet":"0","publish_time":"20210630232026","page_action_type":"07","cnt_agree":"0","topic_guid":"352d7fdd303f001b90b74be8944f9e34","userid":"webnowcompany","cnt_comment":"0","content":"China’s Digital Currency Electronic Payment (DCEP), also called Digital Yuan or e-CNY, will be tested on Beijing’s Subway. The Asian Giant has launched a f...Read more: https://t.co/8b5jXdRA1K","url":"https://twitter.com/webnowcompany/status/1410256925049200642","username":"webnow*"},{"relevant_topic_guid":"28aa33dd7036d239e50292ca31065c3d","cnt_retweet":"0","publish_time":"20210701011230","page_action_type":"07","cnt_agree":"0","topic_guid":"28aa33dd7036d239e50292ca31065c3d","userid":"BitcoinGazete","cnt_comment":"0","content":"Çin\u0027in Dijital Yuan veya e-CNY olarak da adlandırılan Dijital Para Birimi Elektronik Ödemesi (DCEP), Pekin Metrosunda test edilecek. Asya Devi, kripto endüstrisinde yeni bir baskı başlattı ve DCEP projelerinde büyük bir hamleye hazırlanıyor gibihttps://t.co/Zsujzbbj4W https://t.co/wBBI9G9ywO","url":"https://twitter.com/BitcoinGazete/status/1410285125275992069","username":"BitcoinGazete"},{"relevant_topic_guid":"e49ae57c4808ddaf86bd44191a88f22a","cnt_retweet":"0","publish_time":"20210701090011","page_action_type":"07","cnt_agree":"3","topic_guid":"e49ae57c4808ddaf86bd44191a88f22a","userid":"REIMAGINE_2021","cnt_comment":"0","content":"Beijing\u0027s subway has launched a pilot program enabling passengers to access 24 subway lines and four railways stations using the digital yuan, also known as e-CNY. #crypto #news https://t.co/9djgsVc1TW","url":"https://twitter.com/REIMAGINE_2021/status/1410402821418201095","username":"REIMAGINE - The #1 Crypto Media Company"},{"relevant_topic_guid":"cdad1806727fff72d85334f16c1b63f2","cnt_retweet":"0","publish_time":"20210630213933","page_action_type":"07","cnt_agree":"0","topic_guid":"cdad1806727fff72d85334f16c1b63f2","userid":"DevereWealth","cnt_comment":"0","content":"“More Rigid Policies Are Yet To Come,” Says Chinese Media While Beijing Subway Runs e-CNY Test https://t.co/ZlV2dwNLLY #LegalRegulation https://t.co/T0LmbsgWAB","url":"https://twitter.com/DevereWealth/status/1410231535173730307","username":"Tony Anderson"},{"relevant_topic_guid":"c13dc603d68f6e0ba996ecaaf533c837","cnt_retweet":"6","publish_time":"20210630220131","page_action_type":"07","cnt_agree":"36","topic_guid":"c13dc603d68f6e0ba996ecaaf533c837","userid":"mayor_capital","cnt_comment":"1","content":"#MayorCapitalNews #CryptoNews #DigitalYuan China continues to expand the scope of its CBDC program by introducing the new digital yuan payment service for subway. Beijing and Suzhou residents can now pay for their subway rides with e-CNY. https://t.co/EVpZKGtAvi","url":"https://twitter.com/mayor_capital/status/1410237062062624769","username":"Mayor Capital"},{"relevant_topic_guid":"4ceb9fd53fb383b46cef14f3a2741f63","cnt_retweet":"0","publish_time":"20210701081450","page_action_type":"07","cnt_agree":"0","topic_guid":"4ceb9fd53fb383b46cef14f3a2741f63","userid":"crypto_news24","cnt_comment":"0","content":"Beijing subway now accepts digital yuan (#Cryptopys) Beijing has become a major spot for China’s digital yuan trials, housing a wide number of e-CNY integrations and related initiatives.https://t.co/PdsIauZMJv https://t.co/m2Z9p2giok","url":"https://twitter.com/crypto_news24/status/1410391409484574725","username":"CRYPTONEWS.WATCH"},{"relevant_topic_guid":"a86791d4d30a35117057ad6cab349261","cnt_retweet":"0","publish_time":"20210630214924","page_action_type":"07","cnt_agree":"0","topic_guid":"a86791d4d30a35117057ad6cab349261","userid":"Virgile_Heuraux","cnt_comment":"0","content":"**Les services de transport de Pékin acceptent désormais le Yuan numérique*Pékin est devenue l\u0027un des principaux lieux d\u0027expérimentation du yuan numérique chinois, accueillant un grand nombre d\u0027intégrations d\u0027e-CNY et d\u0027initiatives connexes","url":"https://twitter.com/Virgile_Heuraux/status/1410234015609655301","username":"Virgile Heuraux"},{"relevant_topic_guid":"ad32e39cc910b344e5ccb161c6e957be","cnt_retweet":"0","publish_time":"20210701104105","page_action_type":"07","cnt_agree":"0","topic_guid":"ad32e39cc910b344e5ccb161c6e957be","userid":"RareBirdsHQ_","cnt_comment":"0","content":"\"Chinese cities roll out digital yuan to public transport networks: Public transportation operators in three major Chinese cities — Beijing, Chengdu and Suzhou — are now accepting digital yuan payments, expanding e-CNY’s uses. \" https://t.co/qHRw5qNysA via @forkast_news","url":"https://twitter.com/RareBirdsHQ_/status/1410428215840022537","username":"RareBirdsHQ™"},{"relevant_topic_guid":"98fbab0f2e2c0743a98d8045605c2831","cnt_retweet":"0","publish_time":"20210701023006","page_action_type":"07","cnt_agree":"1","topic_guid":"98fbab0f2e2c0743a98d8045605c2831","userid":"2Bitcoins_ru","cnt_comment":"0","content":"В Пекинском метрополитене запустили пилотную программу поддержки цифрового юаня. По данным источников, теперь с помощью так называемого e-CNY местные пассажиры могут получить доступ к 24 линиям метро и 4 станциям пригородных поездов. https://t.co/jhQZRT6PVR","url":"https://twitter.com/2Bitcoins_ru/status/1410304653355540486","username":"Два Биткоина"},{"relevant_topic_guid":"f909e3e3d363affe22fcee6d9289e6e9","cnt_retweet":"0","publish_time":"20210630232027","page_action_type":"07","cnt_agree":"0","topic_guid":"f909e3e3d363affe22fcee6d9289e6e9","userid":"webnowcompany","cnt_comment":"1","content":"China’s Digital Currency Electronic Payment (DCEP), also called Digital Yuan or e-CNY, will be tested on Beijing’s Subway. The Asian Giant has launched a f...Read more: https://t.co/donIIdj4Gz","url":"https://twitter.com/webnowcompany/status/1410256928853344261","username":"webnow*"},{"relevant_topic_guid":"17b71eca1ec7bd02ea6acfb748a8aac4","cnt_retweet":"0","publish_time":"20210701113832","page_action_type":"07","cnt_agree":"0","topic_guid":"17b71eca1ec7bd02ea6acfb748a8aac4","userid":"techcripto","cnt_comment":"0","content":"Nosso Varão em Xangai: El Salvador “no caminho da morte”, salários em e-CNY e muito mais no nosso resumo da #bitcoin #btc https://t.co/g6x39RelI0","url":"https://twitter.com/techcripto/status/1410442674138619907","username":"techcripto"},{"relevant_topic_guid":"b81f4e35ad8f3f521b2ce313f41d9094","cnt_retweet":"0","publish_time":"20210630213932","page_action_type":"07","cnt_agree":"0","topic_guid":"b81f4e35ad8f3f521b2ce313f41d9094","userid":"crypto__mak","cnt_comment":"0","content":"“More Rigid Policies Are Yet To Come,” Says Chinese Media While Beijing Subway Runs e-CNY Test https://t.co/veMkNzP6RW #LegalRegulation","url":"https://twitter.com/crypto__mak/status/1410231530765447170","username":"Crypto Mak *"},{"relevant_topic_guid":"a16a00edabda112fd7e218774e4a609a","cnt_retweet":"0","publish_time":"20210605231619","page_action_type":"07","cnt_agree":"2","topic_guid":"a16a00edabda112fd7e218774e4a609a","userid":"zululiu","cnt_comment":"2","content":"数字人民币APP居然要申请才能下载，商店里直接搜都搜不到 https://t.co/8k0qC7MXr9","url":"https://twitter.com/zululiu/status/1401196192784994305","username":"背心叔"},{"relevant_topic_guid":"45ade0a23c4b87d2addf2b8a6578e37c","cnt_retweet":"1","publish_time":"20210606013419","page_action_type":"07","cnt_agree":"3","topic_guid":"45ade0a23c4b87d2addf2b8a6578e37c","userid":"Andy95425364","cnt_comment":"0","content":"北京准备进行620万美元的数字人民币试验，声称主要竞争对手是比特币","url":"https://twitter.com/Andy95425364/status/1401230919856312326","username":"A.Ａ.A"},{"relevant_topic_guid":"e891c1977c231908d6908f329a5f40a8","cnt_retweet":"1","publish_time":"20210605222136","page_action_type":"07","cnt_agree":"2","topic_guid":"e891c1977c231908d6908f329a5f40a8","userid":"nychinaren","cnt_comment":"0","content":"继深圳、苏州、北京之后，数字人民币红包也来到了上海。上海市政府本周五称，将在“五五购物节”期间开展数字人民币红包活动，将向手机定位在上海的个人通过随机抽签方式发放35万份、每份55元人民币的数字红包，总计1925万元。https://t.co/oWtQRCftxP https://t.co/XvxqR8UY7H","url":"https://twitter.com/nychinaren/status/1401182421513510914","username":"纽约华人资讯网"},{"relevant_topic_guid":"a1fccf52896f4175270369bfebd27144","cnt_retweet":"0","publish_time":"20210605180910","page_action_type":"07","cnt_agree":"0","topic_guid":"a1fccf52896f4175270369bfebd27144","userid":"hermesstrategy","cnt_comment":"0","content":"上海市启动数字人民币试点活动，将发放 35 万份 55 元数字人民币红包 试点 市场 上海 红包 数字人民币 https://t.co/sWomIHeoT5 https://t.co/tdwN3mOhmz","url":"https://twitter.com/hermesstrategy/status/1401118895700840450","username":"Hermes strategygroup"},{"relevant_topic_guid":"eade3ddb5c76fccdc8349fe36ce0cbee","cnt_retweet":"0","publish_time":"20210605143310","page_action_type":"07","cnt_agree":"0","topic_guid":"eade3ddb5c76fccdc8349fe36ce0cbee","userid":"6donews","cnt_comment":"0","content":"6000万数字人民币红包“光临”京沪 合计发放55万份 https://t.co/seswIlUTs4 https://t.co/hRWoPvNwlA","url":"https://twitter.com/6donews/status/1401064537013428227","username":"六度新闻"},{"relevant_topic_guid":"7513954880ce932bdafd885cba1d04cd","cnt_retweet":"0","publish_time":"20210605153204","page_action_type":"07","cnt_agree":"3","topic_guid":"7513954880ce932bdafd885cba1d04cd","userid":"Seniouriou","cnt_comment":"2","content":"要回去毕业啦 正好给数字人民币用了 https://t.co/EA4vs7nnQa","url":"https://twitter.com/Seniouriou/status/1401079359788654596","username":"诺塔"},{"relevant_topic_guid":"e6a260d36be0ca69f039ec3091cb777b","cnt_retweet":"0","publish_time":"20210605143310","page_action_type":"07","cnt_agree":"0","topic_guid":"e6a260d36be0ca69f039ec3091cb777b","userid":"6doworld","cnt_comment":"0","content":"6000万数字人民币红包“光临”京沪 合计发放55万份 https://t.co/nAclrzmzcm https://t.co/MmoeSOvhgf","url":"https://twitter.com/6doworld/status/1401064534576566279","username":"六度世界"},{"relevant_topic_guid":"a78c25e4f6a7ad2f7abfd82a2ef33147","cnt_retweet":"5","publish_time":"20210605065001","page_action_type":"07","cnt_agree":"7","topic_guid":"a78c25e4f6a7ad2f7abfd82a2ef33147","userid":"dajiyuan","cnt_comment":"0","content":"中共推数字货币引担忧 G7财长拟订监管框架 中共在大力推动 #数字人民币，西方国家拉响警报。为期两天的 #七国集团（G7）财长会议周五（6月4日）在伦敦拉开了序幕。会议将讨论中央银行发行数字货币的规则，希望将中国的数字人民币纳入国际监管框架。https://t.co/beWqB1T1Be","url":"https://twitter.com/dajiyuan/status/1400947980996333568","username":"大纪元新闻网"},{"relevant_topic_guid":"a536697e04470ae2d0fdf921c50e8120","cnt_retweet":"0","publish_time":"20210605112828","page_action_type":"07","cnt_agree":"0","topic_guid":"a536697e04470ae2d0fdf921c50e8120","userid":"lvv2com","cnt_comment":"2","content":"【上海将发放35万份数字人民币红包：每份55元，非上海户籍也能抢】上海将于2021年6月5日0时开启“数字人民币 五五欢乐购”红包活动，发放35万份数字人民币红包，每份金额55元，所有手机定位在上海市的公众均可参与报名。 https://t.co/HJqtrMKO5U","url":"https://twitter.com/lvv2com/status/1401018054121820160","username":"Lvv2.com"},{"relevant_topic_guid":"aeb9cd96b411d27ab47e1d749c512452","cnt_retweet":"0","publish_time":"20210603202328","page_action_type":"07","cnt_agree":"0","topic_guid":"aeb9cd96b411d27ab47e1d749c512452","userid":"gedianshh","cnt_comment":"0","content":"狗狗币会飞吗/数字人民币用以太坊合约吗/干细胞回输与储存/#狗狗币#数字人民币#干细胞 https://t.co/zr0B5ESAo5 via @YouTube","url":"https://twitter.com/gedianshh/status/1400427915901341698","username":"格典生活"},{"relevant_topic_guid":"06db8b0c039ce3fd63ef6b401b9f2bfa","cnt_retweet":"0","publish_time":"20210605003227","page_action_type":"07","cnt_agree":"0","topic_guid":"06db8b0c039ce3fd63ef6b401b9f2bfa","userid":"AranLee14","cnt_comment":"0","content":"这是数字人民币的本质。 https://t.co/mk2eg6ccsA","url":"https://twitter.com/AranLee14/status/1400852961660653575","username":"Aran Lee"},{"relevant_topic_guid":"a110366d72fe6399cfd1d51e0834d769","cnt_retweet":"1","publish_time":"20210604201213","page_action_type":"07","cnt_agree":"2","topic_guid":"a110366d72fe6399cfd1d51e0834d769","userid":"ChainNewscom","cnt_comment":"0","content":"【上海市启动数字人民币试点活动，将发放 35 万份 55 元数字人民币红包】链闻消息，上海市开启「数字人民币，五五欢乐购」活动，将发放 35 万份数字人民币红包，每份 55 元，红包活动将于 2021 年 6 月 5 日 0…… https://t.co/vF6Nxh0f07","url":"https://twitter.com/ChainNewscom/status/1400787472871837702","username":"链闻 ChainNews"},{"relevant_topic_guid":"838c14deddfcdcab4a297e265bfe9626","cnt_retweet":"0","publish_time":"20210605020521","page_action_type":"07","cnt_agree":"4","topic_guid":"838c14deddfcdcab4a297e265bfe9626","userid":"CausMoney","cnt_comment":"1","content":"七国财长欲将数字人民币纳入监管，担心破坏美元为基础的货币体系https://t.co/uQ2sd44mtg https://t.co/0mnPa4cJ6S","url":"https://twitter.com/CausMoney/status/1400876341684232193","username":"加美财经"},{"relevant_topic_guid":"01eb8e4c055e1bb644c77ffbf93d35d3","cnt_retweet":"0","publish_time":"20210603225903","page_action_type":"07","cnt_agree":"0","topic_guid":"01eb8e4c055e1bb644c77ffbf93d35d3","userid":"MonicaR60258204","cnt_comment":"0","content":"数字人民币剑指美元、第三方支付？有些误解需要澄清 https://t.co/xCvPOMuXMY","url":"https://twitter.com/MonicaR60258204/status/1400467070345572359","username":"观网人才多"},{"relevant_topic_guid":"93efe3e236dca8cbee0a48773bd85819","cnt_retweet":"0","publish_time":"20210603195318","page_action_type":"07","cnt_agree":"0","topic_guid":"93efe3e236dca8cbee0a48773bd85819","userid":"PorterLocke1","cnt_comment":"0","content":"WSB系列股票AMC暴涨112%，狗狗币行情可期，数字人民币基于以太坊，后市将如何？ https://t.co/RRSo8lT47s 来自 @YouTube","url":"https://twitter.com/PorterLocke1/status/1400420323292585988","username":"Porter Locke"},{"relevant_topic_guid":"23cd3caf3f70c2320ac37bcf685db291","cnt_retweet":"0","publish_time":"20210603131100","page_action_type":"07","cnt_agree":"9","topic_guid":"23cd3caf3f70c2320ac37bcf685db291","userid":"zmt021","cnt_comment":"1","content":"就现在虚拟货币衍生的那些应用，还不如墙国的区块链发票、数字人民币，至于什么dps、什么易用性，和支付宝更是没法比。。。只有洗钱和赌场有真实价值","url":"https://twitter.com/zmt021/status/1400319080335351811","username":"流浪国男"},{"relevant_topic_guid":"e3447f962f9091a9ec5f1570928c79d9","cnt_retweet":"0","publish_time":"20210603095910","page_action_type":"07","cnt_agree":"0","topic_guid":"e3447f962f9091a9ec5f1570928c79d9","userid":"zaihuame","cnt_comment":"0","content":"北京4000万数字人民币红包来了！怎么抢？戳这里https://t.co/grfjCDUYTD","url":"https://twitter.com/zaihuame/status/1400270807742521350","username":"在花"},{"relevant_topic_guid":"d12c2e1a7f4385452aa698dd2796f135","cnt_retweet":"0","publish_time":"20210603150534","page_action_type":"07","cnt_agree":"0","topic_guid":"d12c2e1a7f4385452aa698dd2796f135","userid":"Candace93861174","cnt_comment":"0","content":"5月8日，数字人民币App更新，钱包运营机构中的“网商银行（支付宝）”已呈现可用状态。央行数字货币研究所所长穆长春曾表示，微信、支付宝和数字人民币不是一个维度上的，微信和支付宝是钱包，数字人民币是钱包里面装的钱 https://t.co/HebE0Xn67V","url":"https://twitter.com/Candace93861174/status/1400347912568143872","username":"狗狗币大赢家"},{"relevant_topic_guid":"0b6a7dfa17676436d6b055dc4cd33bdd","cnt_retweet":"0","publish_time":"20210602213610","page_action_type":"07","cnt_agree":"0","topic_guid":"0b6a7dfa17676436d6b055dc4cd33bdd","userid":"0xzxcom","cnt_comment":"0","content":"中国将在北京提供 620 万美元的新数字人民币试验 https://t.co/6EqvMQ2moE","url":"https://twitter.com/0xzxcom/status/1400083823455445005","username":"0x资讯"},{"relevant_topic_guid":"abc82d839a0ddfd11e9aa5140a439d1b","cnt_retweet":"2","publish_time":"20210602173914","page_action_type":"07","cnt_agree":"2","topic_guid":"abc82d839a0ddfd11e9aa5140a439d1b","userid":"MingJingNews","cnt_comment":"1","content":"北京市启动数字人民币试点活动 https://t.co/9qPIvr5fs3 https://t.co/x8kBIaJXxb","url":"https://twitter.com/MingJingNews/status/1400024199100436481","username":"明鏡新聞網"},{"relevant_topic_guid":"81deeccafa48310e7e6e7e2bc1e9c5ff","cnt_retweet":"0","publish_time":"20210602101118","page_action_type":"07","cnt_agree":"1","topic_guid":"81deeccafa48310e7e6e7e2bc1e9c5ff","userid":"0xzxcom","cnt_comment":"0","content":"亿万富翁 Ray Dalio：“数字人民币可能成为全球储备货币” - 0x资讯 https://t.co/pehwPrviMx","url":"https://twitter.com/0xzxcom/status/1399911469907468292","username":"0x资讯"},{"relevant_topic_guid":"1aedaabc868ea705b12b5f33ea2135be","cnt_retweet":"0","publish_time":"20210602211818","page_action_type":"07","cnt_agree":"0","topic_guid":"1aedaabc868ea705b12b5f33ea2135be","userid":"hubaermi","cnt_comment":"0","content":"In the long run...  数字人民币。Chinese Digital Currency Set To Dethrone Dollar? (Shocking Intel Revealed) https://t.co/YnKKRe0ZhQ via @YouTube","url":"https://twitter.com/hubaermi/status/1400079326377254912","username":"hubaermi"},{"relevant_topic_guid":"5deecf2c37edb8bbc4530e61b11720ae","cnt_retweet":"1","publish_time":"20210603012655","page_action_type":"07","cnt_agree":"2","topic_guid":"5deecf2c37edb8bbc4530e61b11720ae","userid":"lvv2com","cnt_comment":"0","content":"【20万份数字人民币“京彩”红包来了！】6月5日0时起，在中国银行手机银行APP、中国工商银行手机银行APP中预约报名。 https://t.co/cucqbu8Fh6","url":"https://twitter.com/lvv2com/status/1400141893909069830","username":"Lvv2.com"},{"relevant_topic_guid":"1662156f10f266285522fbe980d98935","cnt_retweet":"0","publish_time":"20210602003407","page_action_type":"07","cnt_agree":"0","topic_guid":"1662156f10f266285522fbe980d98935","userid":"JcakMu","cnt_comment":"0","content":"数字人民币可能运行在树图区块上，上车 https://t.co/MAVSxUfYWB","url":"https://twitter.com/JcakMu/status/1399766218165264386","username":"jcak"},{"relevant_topic_guid":"674e73df6f3b8a32b5f95d740ecb8ad0","cnt_retweet":"0","publish_time":"20210602124115","page_action_type":"07","cnt_agree":"0","topic_guid":"674e73df6f3b8a32b5f95d740ecb8ad0","userid":"ChainNewscom","cnt_comment":"0","content":"【北京数字人民币试点活动启动，将发放 20 万份 200 元红包】链闻消息，北京市金融监管局公告称，为加快推进北京冬奥会数字人民币受理环境建设，结合 2021 北京消费季安排，北京市启动「京彩奋斗者数字嘉年华」数字人民币试点…… https://t.co/5kvaa0hjcD","url":"https://twitter.com/ChainNewscom/status/1399949205892960258","username":"链闻 ChainNews"},{"relevant_topic_guid":"698cf3a4cc4e649c11b4c3609ecece58","cnt_retweet":"0","publish_time":"20210601033010","page_action_type":"07","cnt_agree":"2","topic_guid":"698cf3a4cc4e649c11b4c3609ecece58","userid":"wi_double","cnt_comment":"0","content":"@jinroh_9001 @TaineChen 我更正问题：中国的数字人民币与楼主所述存在问题的比特币是否为同一回事？这个就不要咬文嚼字了吧，谢谢所有给我细心解释的人","url":"https://twitter.com/wi_double/status/1399448135068422149","username":"Western media\u003dliars"},{"relevant_topic_guid":"3b36b48710f2656a0fe6f110bd0bc7be","cnt_retweet":"0","publish_time":"20210531175052","page_action_type":"07","cnt_agree":"1","topic_guid":"3b36b48710f2656a0fe6f110bd0bc7be","userid":"TaineChen","cnt_comment":"0","content":"@jinroh_9001 @wi_double 说啥呢，这链接里不有把数字人民币和比特币都列出来了*","url":"https://twitter.com/TaineChen/status/1399302348233580548","username":"Taine Chan"},{"relevant_topic_guid":"b06f537e26656b7dfd36b74e41b62235","cnt_retweet":"1","publish_time":"20210601113059","page_action_type":"07","cnt_agree":"0","topic_guid":"b06f537e26656b7dfd36b74e41b62235","userid":"Option_Empty","cnt_comment":"0","content":"所以还没有修改宪法的三孩政策，就没有想过对计划生育的清算。马上政策就是党员必须生三孩，送50块数字人民币","url":"https://twitter.com/Option_Empty/status/1399569136980791297","username":"None"},{"relevant_topic_guid":"2c5e64407134301848260a27684ab51d","cnt_retweet":"0","publish_time":"20210531224355","page_action_type":"07","cnt_agree":"1","topic_guid":"2c5e64407134301848260a27684ab51d","userid":"yhr577","cnt_comment":"0","content":"@jinroh_9001 @TaineChen @wi_double 看怎么解释了，数字货币是相对实体货币来说的，所以是一回事，也不是一回事，数字人民币就是人民币的数字化，本质就是人民币，比特币之类的只能算是符合某种算法的产物，一文不值","url":"https://twitter.com/yhr577/status/1399376099017052160","username":"Johnny Yang"},{"relevant_topic_guid":"9360167804dc392e1710cb834319925b","cnt_retweet":"8","publish_time":"20210601084214","page_action_type":"07","cnt_agree":"12","topic_guid":"9360167804dc392e1710cb834319925b","userid":"1X1G3Lr7pBe1AJR","cnt_comment":"2","content":"以后的人民币也是这样，当然可能比这还惨，金元劵至少还可以当草纸，数字人民币什么都没有！ https://t.co/VbExlpEHMS","url":"https://twitter.com/1X1G3Lr7pBe1AJR/status/1399526669518458883","username":"婉清"},{"relevant_topic_guid":"95aaea11801293670023594a9d61a5cf","cnt_retweet":"0","publish_time":"20210531202145","page_action_type":"07","cnt_agree":"1","topic_guid":"95aaea11801293670023594a9d61a5cf","userid":"man_talks","cnt_comment":"0","content":"@ToRemember8964 @435Hz 数字人民币怎么做外贸是个大问题吧，感觉没几家公司敢用数字人民币结算而非美元。","url":"https://twitter.com/man_talks/status/1399340320412737540","username":"Amaranthgaze"},{"relevant_topic_guid":"af39e015b979ea9d36e24118b61becfa","cnt_retweet":"0","publish_time":"20210531092500","page_action_type":"07","cnt_agree":"8","topic_guid":"af39e015b979ea9d36e24118b61becfa","userid":"Seniouriou","cnt_comment":"1","content":"数字人民币中奖了 然后我下载数字人民币App区注册 说我的手机号不在邀请范围内…………","url":"https://twitter.com/Seniouriou/status/1399175043892998146","username":"诺塔"},{"relevant_topic_guid":"90c6705a2cbda55361850a9424e119f5","cnt_retweet":"0","publish_time":"20210531111817","page_action_type":"07","cnt_agree":"1","topic_guid":"90c6705a2cbda55361850a9424e119f5","userid":"V2KeHvXmcxwxNyM","cnt_comment":"1","content":"国际金融报：数字人民币 有望为全球贸易结算开辟新视窗 人民网《国际金融报》今日刊文：数字人民币有望为全球贸易结算开辟新视窗。文章指出，虽然数字人民币不会构成替代美元的风险，但对稀释与削弱美元的霸权地位的确有着明显的积极意义，至少在看似牢不可破的国际银行体系中打开了一扇全球贸易结算.","url":"https://twitter.com/V2KeHvXmcxwxNyM/status/1399203550400442374","username":"商业共识"},{"relevant_topic_guid":"4a24e3b168ef24ff6014fe9ebe880c5c","cnt_retweet":"0","publish_time":"20210530004722","page_action_type":"07","cnt_agree":"5","topic_guid":"4a24e3b168ef24ff6014fe9ebe880c5c","userid":"Hoyooyoo","cnt_comment":"5","content":"从现在开始，全球消息面都会开启抽插模式，迎接6月16日美联储会议和美俄峰会联合声明。6月16日后的全球金融市场将开启高潮迭起模式，美联储射的时间预计在9月22日。天炉战法的看点是，中国债市10000亿美金年内到期。数字人民币年底启动，外贸民企今年会不会消失。中国股市和大宗商品，值得all in！","url":"https://twitter.com/Hoyooyoo/status/1398682390474620928","username":"秋生"},{"relevant_topic_guid":"74674ee45411eb290fce2c050de4d26c","cnt_retweet":"0","publish_time":"20210531103851","page_action_type":"07","cnt_agree":"0","topic_guid":"74674ee45411eb290fce2c050de4d26c","userid":"V2KeHvXmcxwxNyM","cnt_comment":"0","content":"姚谦：数字人民币不是监控工具5 月 30 日消息，中国人民银行数字货币研究所前所长姚谦在北京国际金融论坛的一个小组讨论中表示，中国开始发展数字人民币，以应对日益流行的私人支付平台的影响，数字人民币不是监控工具，监控公民的支付从来都不是中国开发数字人民币的动机。（彭博社）","url":"https://twitter.com/V2KeHvXmcxwxNyM/status/1399193627608322050","username":"商业共识"},{"relevant_topic_guid":"c4dac7034f17e8771b5832cd8d268c4a","cnt_retweet":"2","publish_time":"20210602221718","page_action_type":"07","cnt_agree":"7","topic_guid":"c4dac7034f17e8771b5832cd8d268c4a","userid":"aeiQ5NP3CdaHpLW","cnt_comment":"0","content":"我们来看看1953-1956发生了什么。我们再来看看2019-2022: 供给侧改革，合村并居，十四五规划，乡村振兴，反垄断，数字人民币，光盘行动...*现在大家明白衡水中学派学生这个时候跳出来，说\"我就是要去大城市拱白菜有什么错\"多弱智了吧？* https://t.co/bDU22U8RNa","url":"https://twitter.com/aeiQ5NP3CdaHpLW/status/1400094173110304768","username":"永远永远支持党|不忘初心我们最幸福|苦难行军消灭美帝|广阔天地大有作为|抵制黑嘴争当红嘴"},{"relevant_topic_guid":"1fc8f2aea39c8538aff166b323117b38","cnt_retweet":"0","publish_time":"20210625133718","page_action_type":"07","cnt_agree":"2","topic_guid":"1fc8f2aea39c8538aff166b323117b38","userid":"BCAHKofficial","cnt_comment":"0","content":"Director Mu Changchun explained the four types of E-CNY walletshttps://t.co/CGecqYSb2J","url":"https://twitter.com/BCAHKofficial/status/1408298232602513410","username":"Blockchain Association of Hong Kong (BCAHK)"},{"relevant_topic_guid":"8ebb84eecabf370f235f57acfe60c7ae","cnt_retweet":"0","publish_time":"20210624114322","page_action_type":"07","cnt_agree":"0","topic_guid":"8ebb84eecabf370f235f57acfe60c7ae","userid":"aajka_samachar","cnt_comment":"0","content":"Paying with e-CNY? First show a digital ID https://t.co/5axKiFHtIl","url":"https://twitter.com/aajka_samachar/status/1407907174110556161","username":"Aaj Ka Samachar"},{"relevant_topic_guid":"0d248115169df05777335e2b200cc759","cnt_retweet":"0","publish_time":"20210624120051","page_action_type":"07","cnt_agree":"0","topic_guid":"0d248115169df05777335e2b200cc759","userid":"VIXC_News","cnt_comment":"0","content":"Paying with e-CNY? First show a digital ID - https://t.co/E87tzFT0ok #VIXC #Commentary #eWeatherNews https://t.co/4gbcVY4iuy","url":"https://twitter.com/VIXC_News/status/1407911572236816385","username":"VIXC News - @VIXC_News"},{"relevant_topic_guid":"85dcdbf577ac145ef3d485db5da17119","cnt_retweet":"0","publish_time":"20210625183530","page_action_type":"07","cnt_agree":"0","topic_guid":"85dcdbf577ac145ef3d485db5da17119","userid":"Forkast_News","cnt_comment":"0","content":"Urged on by the Chinese authorities, banks have wasted little time in putting e-CNY infrastructure in place, but now comes the hard part — getting people to use it https://t.co/Tye3LxB9OX","url":"https://twitter.com/Forkast_News/status/1408373276691345411","username":"Forkast News"},{"relevant_topic_guid":"00624ff809a5ef840db71cafe5a49638","cnt_retweet":"0","publish_time":"20210624144708","page_action_type":"07","cnt_agree":"0","topic_guid":"00624ff809a5ef840db71cafe5a49638","userid":"hypeterix","cnt_comment":"0","content":"λ-SPAC *.Δ [ e-CNY ] \u0026lt;HyperReaL\u0026gt; [ AMOLED 0 ]","url":"https://twitter.com/hypeterix/status/1407953418652581891","username":"hypeterix"},{"relevant_topic_guid":"006e85c9cff54e8544893a84ab33f557","cnt_retweet":"0","publish_time":"20210624143135","page_action_type":"07","cnt_agree":"0","topic_guid":"006e85c9cff54e8544893a84ab33f557","userid":"faraz_m_gw","cnt_comment":"0","content":"Paying With e-CNY? First Show a Digital ID ⁦@tnatw⁩ ⁦@KalPatel⁩ ⁦@steepdecline⁩  https://t.co/evdO1F4pKZ","url":"https://twitter.com/faraz_m_gw/status/1407949506096861184","username":"Faraz M."},{"relevant_topic_guid":"78a2f5dc67dcb6fa7899897eee2da10f","cnt_retweet":"2","publish_time":"20210624135500","page_action_type":"07","cnt_agree":"8","topic_guid":"78a2f5dc67dcb6fa7899897eee2da10f","userid":"bsindia","cnt_comment":"0","content":"Without coordination between companies and regulators, e-CNY, #FedCoin, #Britcoin will all remain trapped in silo#DigitalCurrency #Cryptocurrency #Bankshttps://t.co/mOSdUzfBz6","url":"https://twitter.com/bsindia/status/1407940299083575298","username":"Business Standard"},{"relevant_topic_guid":"2deb527049e241218c5a441f6d231c09","cnt_retweet":"0","publish_time":"20210625020916","page_action_type":"07","cnt_agree":"0","topic_guid":"2deb527049e241218c5a441f6d231c09","userid":"Bart_Broertjes","cnt_comment":"0","content":"Hilarious: payments with China’s state crypto currency, the Digital Yuan (E-CNY / $DCEP), also the only legitimate token in China will soon be dependent on payments through the Flexa network, which partners with $AMP for speed, security and assurance of payment.To the moon! https://t.co/FlrQkId6Jq","url":"https://twitter.com/Bart_Broertjes/status/1408125085525946374","username":"Bart Broertjes"},{"relevant_topic_guid":"35229b1861f9cf22760f9a5cca8e57ef","cnt_retweet":"0","publish_time":"20210624114922","page_action_type":"07","cnt_agree":"0","topic_guid":"35229b1861f9cf22760f9a5cca8e57ef","userid":"dhraju","cnt_comment":"0","content":"Paying with e-CNY? First show a digital ID https://t.co/jrBymnANCW","url":"https://twitter.com/dhraju/status/1407908683820974083","username":"H Raju Datla"},{"relevant_topic_guid":"b758e362fc6ebfba9dd8dfffcc64a1e3","cnt_retweet":"0","publish_time":"20210624150445","page_action_type":"07","cnt_agree":"0","topic_guid":"b758e362fc6ebfba9dd8dfffcc64a1e3","userid":"shehzadyounis","cnt_comment":"0","content":"Paying With e-CNY? First Show a Digital ID  https://t.co/LRmaZeRroZ","url":"https://twitter.com/shehzadyounis/status/1407957852866625537","username":"Shehzad Younis"},{"relevant_topic_guid":"968a92dc1e7c1b48e6cb6a0738961b01","cnt_retweet":"0","publish_time":"20210626104935","page_action_type":"07","cnt_agree":"0","topic_guid":"968a92dc1e7c1b48e6cb6a0738961b01","userid":"CrypGel","cnt_comment":"0","content":"$BTC and other cryptocurrencies are going to be banned in China, E-CNY/DECP will be the only blockchain currency to be forcedly used. #IMO","url":"https://twitter.com/CrypGel/status/1408618413803683842","username":"Signals"},{"relevant_topic_guid":"29d0fa36ba254ba72fd9ff5ad05d17f1","cnt_retweet":"5","publish_time":"20210624122152","page_action_type":"07","cnt_agree":"24","topic_guid":"29d0fa36ba254ba72fd9ff5ad05d17f1","userid":"TyrionLannAmp","cnt_comment":"4","content":"*The digital yuan, also called e-CNY, digital RMB, or Digital Currency Electronic Payment (DCEP) is the virtual form of Chinese renminbi issued by the People\u0027s Bank of China.Right when you thought the hits were over...@FlexaHQ $AMP*","url":"https://twitter.com/TyrionLannAmp/status/1407916861887553537","username":"* Tyrion L₳nnister"},{"relevant_topic_guid":"e03ca1e9bd30ba0ba3dd2c5c4ce646a8","cnt_retweet":"0","publish_time":"20210624113831","page_action_type":"07","cnt_agree":"0","topic_guid":"e03ca1e9bd30ba0ba3dd2c5c4ce646a8","userid":"webnowcompany","cnt_comment":"0","content":"Without coordination between companies and regulators, e-CNY, FedCoin, Britcoin will all remain trapped in silo. Digital currencies are almost here, with C...Read more: https://t.co/7wqZapIvtL","url":"https://twitter.com/webnowcompany/status/1407905951827611649","username":"webnow*"},{"relevant_topic_guid":"c659c817108184fc000d0a33cecce474","cnt_retweet":"0","publish_time":"20210625185730","page_action_type":"07","cnt_agree":"20","topic_guid":"c659c817108184fc000d0a33cecce474","userid":"stratrade_","cnt_comment":"1","content":"Sıra geldi e-CNY’yi halka kullandırmaya Beijing’de 3000 ATM’de Dijital Yuan teansferleri başlatılacak. Daha önce airdrop tarzı uygulamalarla testleri yaptılar şimdi de sahaya çıkıyor.Bu dönüşümün blokchain ile bağlantısı direkt bulunmayabilir ama Bitcoin bu işin hızlandırıcısı. https://t.co/xFdqNHtLpc","url":"https://twitter.com/stratrade_/status/1408378815206858754","username":"Strat"},{"relevant_topic_guid":"db620ac38ac9cf7fbe6c8268476db08b","cnt_retweet":"0","publish_time":"20210625020147","page_action_type":"07","cnt_agree":"0","topic_guid":"db620ac38ac9cf7fbe6c8268476db08b","userid":"webnowcompany","cnt_comment":"0","content":"An ID verification system for vax passports could offer a template Digital currencies are almost here, with Chinas e-CNY possibly off the block as early as...Read more: https://t.co/zaCA1UKiXK","url":"https://twitter.com/webnowcompany/status/1408123203084505093","username":"webnow*"},{"relevant_topic_guid":"4f794581ca249d78d7ed26b45ee95629","cnt_retweet":"0","publish_time":"20210624111609","page_action_type":"07","cnt_agree":"0","topic_guid":"4f794581ca249d78d7ed26b45ee95629","userid":"sameepshastri","cnt_comment":"0","content":"Paying with e-CNY? First show a digital ID https://t.co/8bSbtEHL9H","url":"https://twitter.com/sameepshastri/status/1407900324136841219","username":"Sameep Shastri **"},{"relevant_topic_guid":"6845d600c7fd1eb567a87a6078ee5ed4","cnt_retweet":"0","publish_time":"20210624111811","page_action_type":"07","cnt_agree":"0","topic_guid":"6845d600c7fd1eb567a87a6078ee5ed4","userid":"NaijaNewsWire","cnt_comment":"0","content":"Paying with e-CNY? First show a digital ID https://t.co/oBQtqXymgI","url":"https://twitter.com/NaijaNewsWire/status/1407900835762343939","username":"Naija News Agency"},{"relevant_topic_guid":"5226e8e4336de5cbde565177e23bf674","cnt_retweet":"0","publish_time":"20210623204859","page_action_type":"07","cnt_agree":"0","topic_guid":"5226e8e4336de5cbde565177e23bf674","userid":"weijgenberger","cnt_comment":"0","content":"2022 may be e-CNY\u0027s breakout https://t.co/3mnWgQObsK","url":"https://twitter.com/weijgenberger/status/1407682095728766976","username":"bill eijgenberger"},{"relevant_topic_guid":"ef66a0322fb7f0a450080d009a17fe5c","cnt_retweet":"0","publish_time":"20210624111332","page_action_type":"07","cnt_agree":"0","topic_guid":"ef66a0322fb7f0a450080d009a17fe5c","userid":"tron_age","cnt_comment":"0","content":"Paying with e-CNY? First show a digital ID#blockchain #dlike #cryptocurrencyhttps://t.co/zQ06xRSc0f","url":"https://twitter.com/tron_age/status/1407899665425633281","username":"TRON AGE"},{"relevant_topic_guid":"fad2826a85df28bd50d0cb85defd1462","cnt_retweet":"0","publish_time":"20210623221007","page_action_type":"07","cnt_agree":"0","topic_guid":"fad2826a85df28bd50d0cb85defd1462","userid":"cryptocoinboom","cnt_comment":"0","content":"CRYPTO NEWS:  Shanghai Man: Economist says El Salvador ‘on road to death’, salaries paid in e-CNY … https://t.co/ST5RHuOD91 #altcoin #altcoinnews #bitmain #blockchain #crypto #cryptocoin #cryptocurrency #ecny #peoplesbankofchina #singapore https://t.co/kGEyVfbQV2","url":"https://twitter.com/cryptocoinboom/status/1407702511549571072","username":"cryptocoinboom"},{"relevant_topic_guid":"7bd619dfe152da5453a9e998daa1c219","cnt_retweet":"1","publish_time":"20210624112611","page_action_type":"07","cnt_agree":"3","topic_guid":"7bd619dfe152da5453a9e998daa1c219","userid":"CryptofactsON","cnt_comment":"2","content":"Paying with e-CNY first show digital ID...#Crypto #Bitcoin #Cardano #chz #TRON #Compound #CryptoNews #altcoins #blockchain #Ethereum #ADA #TRX #BSC #Hodler #Trade #BNB #BTC #LINK #Polkadot #nftart #ETH #Uniswap #COTI #Polygon  #HODL #DeFi #definews #NFTshttps://t.co/JdZbAZ9Yx0","url":"https://twitter.com/CryptofactsON/status/1407902849519001601","username":"Cryptofactsofficial *"},{"relevant_topic_guid":"5c4b4913e394d059838fda57a542b1d8","cnt_retweet":"0","publish_time":"20210623180128","page_action_type":"07","cnt_agree":"1","topic_guid":"5c4b4913e394d059838fda57a542b1d8","userid":"AlbertMylesAM","cnt_comment":"0","content":"2022 May Be E-CNY\u0027s Breakout | Business | China Daily https://t.co/wb92LsPaAJ","url":"https://twitter.com/AlbertMylesAM/status/1407639937151815680","username":"Team Albert"},{"relevant_topic_guid":"4d0cc54bbc521b47c2aff2bf205da36b","cnt_retweet":"0","publish_time":"20210623113121","page_action_type":"07","cnt_agree":"4","topic_guid":"4d0cc54bbc521b47c2aff2bf205da36b","userid":"sfc_talk","cnt_comment":"0","content":"The upcoming 2022 Winter Olympic Games in Beijing will be likely prove to be a breakout phase for China\u0027s #digital renminbi, or e-CNY, one of the most important tools of the country\u0027s central bank to maintain #monetary sovereignty in the digital era. https://t.co/8t3x2SQf3f https://t.co/kvSNgHiZuQ","url":"https://twitter.com/sfc_talk/status/1407541760708943872","username":"SFC TALK"},{"relevant_topic_guid":"e30da125bbc42a9b0b9d52459c584d55","cnt_retweet":"0","publish_time":"20210622141100","page_action_type":"07","cnt_agree":"3","topic_guid":"e30da125bbc42a9b0b9d52459c584d55","userid":"Forkast_News","cnt_comment":"0","content":"Two of China’s largest state-owned banks are now offering two-way exchange between fiat cash yuan and e-CNY digital currency through more than 3,000 ATMs in Beijing https://t.co/BLSHNoFbhk https://t.co/pOxAWpQ2gu","url":"https://twitter.com/Forkast_News/status/1407219551150936070","username":"Forkast News"},{"relevant_topic_guid":"9552f850df195ada122c8db796cf6e73","cnt_retweet":"0","publish_time":"20210623161352","page_action_type":"07","cnt_agree":"0","topic_guid":"9552f850df195ada122c8db796cf6e73","userid":"sakiop225","cnt_comment":"1","content":"중국의 디지털 위안화(e-CNY) 도입 준비 작업이 막바지에 이른 가운데 \u0027비트코인 죽이기\u0027 행보가 본격화했다는 ...中国のデジタル元貨（e-CNY）導入準備作業が大詰めに達した中で「ビットコイン殺す（潰す）」の行步（歩み）が本格化した","url":"https://twitter.com/sakiop225/status/1407612859069075458","username":"有 you"},{"relevant_topic_guid":"c1eef96244daa4d32db0e7a68b61518f","cnt_retweet":"0","publish_time":"20210623010026","page_action_type":"07","cnt_agree":"0","topic_guid":"c1eef96244daa4d32db0e7a68b61518f","userid":"BitcoinNewsPost","cnt_comment":"0","content":"Economist says El Salvador ‘on road to death’, salaries paid in e-CNY … #Bitcoin #News https://t.co/kGaV3b5iDx #bitcoinnews","url":"https://twitter.com/BitcoinNewsPost/status/1407382984370573314","username":"Bitcoin News Post"},{"relevant_topic_guid":"972a61f380e6ba382ee3c6a81b6fd096","cnt_retweet":"0","publish_time":"20210622020033","page_action_type":"07","cnt_agree":"0","topic_guid":"972a61f380e6ba382ee3c6a81b6fd096","userid":"CryptoHippoNews","cnt_comment":"0","content":"Shanghai Man: Economist says El Salvador \u0027on road to death\u0027, salaries paid in e-CNY ... https://t.co/cfU8IQAIwo","url":"https://twitter.com/CryptoHippoNews/status/1407035729184628745","username":"Crypto Hippo"},{"relevant_topic_guid":"a08d6853b4d3e314b0918f16aa49fcb0","cnt_retweet":"0","publish_time":"20210622224725","page_action_type":"07","cnt_agree":"0","topic_guid":"a08d6853b4d3e314b0918f16aa49fcb0","userid":"Cryptoclannl","cnt_comment":"0","content":"Econoom zegt dat El Salvador ‘op weg is naar de dood’, salarissen betaald in e-CNY, volgens Shanghai Manhttps://t.co/wAQD8KRQQM","url":"https://twitter.com/Cryptoclannl/status/1407349510469193747","username":"CryptoClan"},{"relevant_topic_guid":"81475096d4cbd5b663ebcb77cb2f5f36","cnt_retweet":"1","publish_time":"20210623200520","page_action_type":"07","cnt_agree":"7","topic_guid":"81475096d4cbd5b663ebcb77cb2f5f36","userid":"brucestweet","cnt_comment":"1","content":"#DECP or e-CNY is coming. My 1st transaction on Shenzhen street (at an interesting time.)For users and merchants, the UX is exactly like WeChat/Alipay QR payment. The major differences are in backend, b/w the commercial banks and the central bank.  #centralbankdigitalcurrency https://t.co/A1v1baIsuL","url":"https://twitter.com/brucestweet/status/1407671110821322752","username":"Bruce huang"},{"relevant_topic_guid":"4a075b5e38185cf8fe014feffc4d0def","cnt_retweet":"0","publish_time":"20210629143730","page_action_type":"08","cnt_agree":"1","topic_guid":"576087fcc30fe99d8736ef70d7ba3248","userid":"richardturrin","cnt_comment":"0","content":"@dandolfa @JeffRWLawyer Hi David, no one from PBOC ever said that the e-CNY would replace the dollar.   No way.  About reducing dollar dependence.   I even have a picture for that! : ) https://t.co/DrtxHOlyCM","url":"https://twitter.com/richardturrin/status/1409762934356652037","username":"Richard Turrin"},{"relevant_topic_guid":"da00c1e05e37ad9032edd8696c5c7b18","cnt_retweet":"0","publish_time":"20210629143306","page_action_type":"08","cnt_agree":"0","topic_guid":"be69dbbefe948145a5cad3c00d444e8f","userid":"richardturrin","cnt_comment":"0","content":"@Telephoneface @dandolfa Fair point, if you\u0027re buying containers of goods from China and you can pick SWIFT-based USD or e-CNY your privacy is about the same. No one is promoting e-CNY for personal use buying coffee in a foreign country. In China, it provides greater privacy than existing systems.","url":"https://twitter.com/richardturrin/status/1409761827286884356","username":"Richard Turrin"},{"relevant_topic_guid":"3e8b42c03af266dfbb5dbc311b88cd6f","cnt_retweet":"0","publish_time":"20210630162752","page_action_type":"08","cnt_agree":"7","topic_guid":"de1b20d4eacf4d3df101538205b9d094","userid":"SinoGlobalCap","cnt_comment":"1","content":"3/ For users who have opened ICBC’s DCEP / e-CNY, they can click on “Yitongxing/亿通行 APP” under the ICBC Wallet in the “Sub-wallet” section of the digital renminbi APP, and then navigate to the “Digital RMB Zone” of the Yitongxing APP to open the service.","url":"https://twitter.com/SinoGlobalCap/status/1410153096072679429","username":"Sino Global Capital"},{"relevant_topic_guid":"81475096d4cbd5b663ebcb77cb2f5f36","cnt_retweet":"0","publish_time":"20210716221707","page_action_type":"08","cnt_agree":"0","topic_guid":"40fd736d41aa451bffaf9a50e85dd6c7","userid":"brucestweet","cnt_comment":"0","content":"The central bank of China has released the e-CNY (DCEP) whitepaper.As of 30 Jun, 20m personal/3.5m business wallets, 1.3m merchants,  70m tx with 34b CNY transacted. And smart contract programmability confirmed. The full paper (English version) -\u0026gt; https://t.co/rFBtM0Vy0n","url":"https://twitter.com/brucestweet/status/1416039195173298179","username":"Bruce huang"}]