[{"relevant_topic_guid":"2bbd2b812d8c04e3aa62cde85b1effed","cnt_retweet":"0","publish_time":"20210525171919","page_action_type":"08","cnt_agree":"0","topic_guid":"2920de71648947b4dd3d6894e3730fd8","userid":"280683909Baiwu","cnt_comment":"0","content":"@dajiyuan 中共灭绝你全家了？你不信李洪志那你还信大纪元？说得这么杀气腾腾咬牙切齿，精神分裂了还是怎么滴？","url":"https://twitter.com/280683909Baiwu/status/1397120081235038211","username":"白雾"},{"relevant_topic_guid":"bd013981b1666ed099f4c57010a5227f","cnt_retweet":"0","publish_time":"20210524080209","page_action_type":"08","cnt_agree":"0","topic_guid":"6eb5817f9f2528a3f64bb78a8928183d","userid":"deangdj","cnt_comment":"0","content":"@MingJingNews 是108km，不是180","url":"https://twitter.com/deangdj/status/1396617479124787203","username":"dean"},{"relevant_topic_guid":"2bbd2b812d8c04e3aa62cde85b1effed","cnt_retweet":"0","publish_time":"20210525162648","page_action_type":"08","cnt_agree":"0","topic_guid":"37a3ddac3ddadc1171c5578f0f6dd3a3","userid":"280683909Baiwu","cnt_comment":"0","content":"@dajiyuan 大纪元隶属于神秘而相对不知名的“法轮功”，它是独立的、无党派的，并否认它与美国政治正式有关联的说法。但事实是互相维系，法轮功绑架政治活动一直在上演，也是靠此生存！#法轮功","url":"https://twitter.com/280683909Baiwu/status/1397106865943638019","username":"白雾"},{"relevant_topic_guid":"2eff982b605c0827034358db7972a0b5","cnt_retweet":"0","publish_time":"20210525100418","page_action_type":"08","cnt_agree":"1","topic_guid":"99f5f6a2ad0a64a5f00f5d4e9709b155","userid":"tony01_wei","cnt_comment":"0","content":"@Dp7230 @LQ0068 @lmujian8964 微信里别人给你发的人民币红包有过期一说吗？","url":"https://twitter.com/tony01_wei/status/1397010604699754496","username":"瓜瓜不近女色"},{"relevant_topic_guid":"17e123b8e68cfa99de1bfbda3718eaca","cnt_retweet":"0","publish_time":"20210524003625","page_action_type":"08","cnt_agree":"0","topic_guid":"1619b78c77d7d922483a53b8a75ea46b","userid":"V2KeHvXmcxwxNyM","cnt_comment":"0","content":"..对非法参与虚拟货币交易、炒作或为之提供支持服务的机构、平台，应联合司法部门及时处置，提高违法违规成本，增加整治活动威慑力。对比特币挖矿项目，各地应全面清理、及时关停。","url":"https://twitter.com/V2KeHvXmcxwxNyM/status/1396505307715493892","username":"商业共识"},{"relevant_topic_guid":"ec7f339281e038fc13e822006b829a1d","cnt_retweet":"0","publish_time":"20210406111129","page_action_type":"08","cnt_agree":"1","topic_guid":"8cbe1dcd7e0a0df4f555f53ac4d76b76","userid":"fedupoffed","cnt_comment":"0","content":"@mattysino Zero knowledge protocols ftw?","url":"https://twitter.com/fedupoffed/status/1379270509448290306","username":"Nich◎la* ₿iddlΞ"},{"relevant_topic_guid":"2074515783307465f497b9f56084be49","cnt_retweet":"0","publish_time":"20210423161307","page_action_type":"08","cnt_agree":"1","topic_guid":"b2b21d2f7457f235fda7cd1c7e94f736","userid":"liwen48694240","cnt_comment":"0","content":"@Ly963664553 我已经用上了，可惜没有理财功能，放国家口袋里比放支付宝好","url":"https://twitter.com/liwen48694240/status/1385507012214026241","username":"艾米丽克里斯"},{"relevant_topic_guid":"6ec2c81490509c18b609b424ac635d4d","cnt_retweet":"0","publish_time":"20210313164508","page_action_type":"08","cnt_agree":"2","topic_guid":"3cc4090761737f7b4102ef7b6b410612","userid":"Madsenb","cnt_comment":"0","content":"@jonteviggo https://t.co/WVKe4Aq8gs","url":"https://twitter.com/Madsenb/status/1370657166877659140","username":"Podium"},{"relevant_topic_guid":"ff73383ffdbdfdf0a0a970726e4d44d6","cnt_retweet":"0","publish_time":"20210415230833","page_action_type":"08","cnt_agree":"2","topic_guid":"3c63f4ec94940abc0f960ff27f45379f","userid":"Nwwolf2","cnt_comment":"0","content":"@XijinLi 美元霸权的丧钟敲响了","url":"https://twitter.com/Nwwolf2/status/1382712454954643456","username":"曹建平_Jianping Cao"},{"relevant_topic_guid":"ff73383ffdbdfdf0a0a970726e4d44d6","cnt_retweet":"0","publish_time":"20210416122316","page_action_type":"08","cnt_agree":"0","topic_guid":"ac3c2afc7530556d25912ea6f6f5c6df","userid":"MisterHSensei","cnt_comment":"0","content":"@XijinLi 就不说是区块链*‍♀️","url":"https://twitter.com/MisterHSensei/status/1382912450022895617","username":"Mister H **"},{"relevant_topic_guid":"ff73383ffdbdfdf0a0a970726e4d44d6","cnt_retweet":"0","publish_time":"20210416111724","page_action_type":"08","cnt_agree":"0","topic_guid":"01f22f01d6c601009adcb522d7e70a1a","userid":"Cathy9Fly","cnt_comment":"0","content":"@XijinLi 加油*","url":"https://twitter.com/Cathy9Fly/status/1382895877287772163","username":"Cathy*"},{"relevant_topic_guid":"cc154a83269d6b81b9066d8b3a5a3c1c","cnt_retweet":"0","publish_time":"20210416113012","page_action_type":"08","cnt_agree":"0","topic_guid":"fb5583e237c9a11ab7bcd3aa9ef3a70e","userid":"jike_collection","cnt_comment":"0","content":"…https://t.co/X8ao1nBirx  #科技圈大小事","url":"https://twitter.com/jike_collection/status/1382899098362138625","username":"即刻精选"},{"relevant_topic_guid":"ec7f339281e038fc13e822006b829a1d","cnt_retweet":"0","publish_time":"20210406112154","page_action_type":"08","cnt_agree":"1","topic_guid":"5563ca81147d52678b538b640ff918fc","userid":"frxresearch","cnt_comment":"0","content":"@mattysino i stopped reading at financial surveillance","url":"https://twitter.com/frxresearch/status/1379273131651555330","username":"frxresearch"},{"relevant_topic_guid":"4f4d89ff5827e5d34dc3c1453b32423d","cnt_retweet":"0","publish_time":"20210406105930","page_action_type":"08","cnt_agree":"3","topic_guid":"9c0b25a187032e10a76d48ed3a3d285e","userid":"SandorReport","cnt_comment":"0","content":"@mattysino @nic__carter How is it pseudonymous when wallets are KYCd? (I mean FinTech like Alipay and WeChat are, too, so really not much of a change.) I agree that 2) is wrong, would be different if the accounts were held by PBOC itself.","url":"https://twitter.com/SandorReport/status/1379267491680153603","username":"TSS"},{"relevant_topic_guid":"ec7f339281e038fc13e822006b829a1d","cnt_retweet":"0","publish_time":"20210406121733","page_action_type":"08","cnt_agree":"1","topic_guid":"51ae26bfd1f9bb75f58c8368286a4d69","userid":"CryptFyn","cnt_comment":"0","content":"@mattysino In a country like China where fintechs have already created ubiquitous digital footprints, what additional role do you see CBDCs playing, in domestic payments or banking?","url":"https://twitter.com/CryptFyn/status/1379287136206196736","username":"Ashish Anand"},{"relevant_topic_guid":"ff73383ffdbdfdf0a0a970726e4d44d6","cnt_retweet":"0","publish_time":"20210416072113","page_action_type":"08","cnt_agree":"4","topic_guid":"84de3dd6123c49d9f6b8d7df8c207f22","userid":"Doraemon_CHN","cnt_comment":"0","content":"@XijinLi 这个如果在东盟落地，那威力不亚于经济核武器。","url":"https://twitter.com/Doraemon_CHN/status/1382836436899037190","username":"Doraemon"},{"relevant_topic_guid":"08747357cd2c62580e479c36ebe78690","cnt_retweet":"0","publish_time":"20210324173112","page_action_type":"08","cnt_agree":"0","topic_guid":"c6b147f837f6d9f0999aa0f6b0525b1b","userid":"bitcoinspotGR","cnt_comment":"0","content":"@Dimitris @iang_fc Soo... another stablecoin ?","url":"https://twitter.com/bitcoinspotGR/status/1374655026426155008","username":"₿itcoin Spot GR ☂️*⚡️"},{"relevant_topic_guid":"ff73383ffdbdfdf0a0a970726e4d44d6","cnt_retweet":"0","publish_time":"20210416010357","page_action_type":"08","cnt_agree":"2","topic_guid":"429474f22c6dcb27c444a2fda780d81b","userid":"McabPx","cnt_comment":"0","content":"@XijinLi 有人又要失心疯了*","url":"https://twitter.com/McabPx/status/1382741497615769604","username":"车厢☭ ** ☭"},{"relevant_topic_guid":"3cd8440d928a9e3571c46dcd5b26bb5b","cnt_retweet":"0","publish_time":"20210321224902","page_action_type":"08","cnt_agree":"0","topic_guid":"2fa9ca6e0c541b8c5c84b26b10508ed4","userid":"_neveredit_","cnt_comment":"0","content":"You can sign up for the Never Edit newsletter via the following link:https://t.co/VYO4ZrBw6y","url":"https://twitter.com/_neveredit_/status/1373647848902918147","username":"Never Edit"},{"relevant_topic_guid":"653cda5a836a013eefe2ee031d22359b","cnt_retweet":"0","publish_time":"20210415231507","page_action_type":"08","cnt_agree":"0","topic_guid":"4b5a4780d5859da6a960ab69d6888843","userid":"chuxi2050","cnt_comment":"0","content":"这个视频是去年拍摄的，那时候在特定的几个城市进行试点运行这两天再次看见关于数字货币的消息，也许接下来几年会全面普及✨✨","url":"https://twitter.com/chuxi2050/status/1382714105962762241","username":"除夕***"},{"relevant_topic_guid":"ff73383ffdbdfdf0a0a970726e4d44d6","cnt_retweet":"0","publish_time":"20210416132813","page_action_type":"08","cnt_agree":"0","topic_guid":"6615fe0aea2021723dcc654446166719","userid":"donaldwang","cnt_comment":"0","content":"@XijinLi 拜大爷的态度是, 谁敢玩就干谁.","url":"https://twitter.com/donaldwang/status/1382928799038283784","username":"DonaldWang01"},{"relevant_topic_guid":"04b305c89ead4fc7d4a077cd1be9120d","cnt_retweet":"0","publish_time":"20210329154805","page_action_type":"08","cnt_agree":"1","topic_guid":"3e66af7762a8d1f87b60477fa4fb3a00","userid":"MrAdde","cnt_comment":"0","content":"@jonteviggo Detta är verkligen bra för hela branschen!","url":"https://twitter.com/MrAdde/status/1376441012806156289","username":"E-Adde******"},{"relevant_topic_guid":"2c6f39e013408c0e04e4951f930ddd50","cnt_retweet":"1","publish_time":"20210415195224","page_action_type":"08","cnt_agree":"1","topic_guid":"292584013b0728ad677ad70b419e1cda","userid":"wub197011537","cnt_comment":"0","content":"@Neil_8977 看来你是看透国人了，哎，怪谁呢？","url":"https://twitter.com/wub197011537/status/1382663091578490884","username":"反者道之动"},{"relevant_topic_guid":"cf6e21969c2adebab875cce263872d61","cnt_retweet":"0","publish_time":"20210327162849","page_action_type":"08","cnt_agree":"0","topic_guid":"1f2d3d567d0c2b3dba82371531abf093","userid":"aksh1609","cnt_comment":"0","content":"Nobody is asking New Delhi to make Bitcoin legal tender or accept tax payments in it. Just a little tolerance of cryptocurrencies will be enough.https://t.co/SeCbB6paxs","url":"https://twitter.com/aksh1609/status/1375726488880750596","username":"Akshat Sanghvi"},{"relevant_topic_guid":"f9286aec5ee1adf74a3fefb932495954","cnt_retweet":"0","publish_time":"20210311234830","page_action_type":"08","cnt_agree":"2","topic_guid":"6c496677f46246b725947cfcedfa51b4","userid":"FintechBalerina","cnt_comment":"0","content":"@charlesdhaussy @FSDCHK @helene_wpli @Consensys @psb_dc @MSaintolive Well deserved!","url":"https://twitter.com/FintechBalerina/status/1370038935586410496","username":"Musheer"},{"relevant_topic_guid":"9d0626ab4884c01ba1222031a5bf18e6","cnt_retweet":"0","publish_time":"20210414194155","page_action_type":"08","cnt_agree":"1","topic_guid":"fb24382c5d2c928bce68a10c0e158de9","userid":"bSM1ha7fJgurUK5","cnt_comment":"0","content":"如果G-TV从建立到现在如果是越走越好的局面，地基打的很扎实或许我觉得G-tv搞出自己的G交易平台或许是条路子，可以避免在流通上被政治冷处理，所以我真的在想一个问题，那就是G系列把路铺开到底是共产党灭之前能完成，还是共产党灭了后才能完成。而且G币是中心币还是去中心币？矿工对此币的热情如何？","url":"https://twitter.com/bSM1ha7fJgurUK5/status/1382298064409526272","username":"无尽寒冬灭新生"},{"relevant_topic_guid":"679fe74959108d2ee6c8446777719881","cnt_retweet":"0","publish_time":"20210414012343","page_action_type":"08","cnt_agree":"0","topic_guid":"40afa7277ce18205db9cd21aa63f7e30","userid":"HWkohDNsynIjCl3","cnt_comment":"0","content":"@xyz_3721 奴役人民的工具罢了","url":"https://twitter.com/HWkohDNsynIjCl3/status/1382021696584962048","username":"菲德尔"},{"relevant_topic_guid":"4f4d89ff5827e5d34dc3c1453b32423d","cnt_retweet":"0","publish_time":"20210406110015","page_action_type":"08","cnt_agree":"17","topic_guid":"f226f4866fd407a6e69c3b6d83dfc23d","userid":"gladstein","cnt_comment":"0","content":"@mattysino @nic__carter Pseudonymous, except for the government backdoor, is not pseudonymous.","url":"https://twitter.com/gladstein/status/1379267682160189441","username":"Alex Gladstein * ⚡"},{"relevant_topic_guid":"3ac7742f044df0be4208d3d9255bd69b","cnt_retweet":"0","publish_time":"20210417123729","page_action_type":"08","cnt_agree":"9","topic_guid":"376b2ed0629ea5d8b4f97aa8c291bcf9","userid":"chinasmpb","cnt_comment":"0","content":"7〉https://t.co/uScteMjkFc经济仍然会为世界经济的恢复和增长提供主要引擎。由于世界其他经济体大多仍受困于疫情，而总体上中国经济的快速复苏得益于正常的生产活动和消费活动的恢复与增长，而并不依赖于大规模的货币或财政激励政策，所以这类增长更为健康，也更为持续。","url":"https://twitter.com/chinasmpb/status/1383278418712690688","username":"司马平邦"},{"relevant_topic_guid":"6ec2c81490509c18b609b424ac635d4d","cnt_retweet":"0","publish_time":"20210313064935","page_action_type":"08","cnt_agree":"4","topic_guid":"01e41f6e52e82fcfd0fff1228517d2de","userid":"jonteviggo","cnt_comment":"0","content":"https://t.co/WRRBTS72E2","url":"https://twitter.com/jonteviggo/status/1370507288407109632","username":"Sommarviggo******"},{"relevant_topic_guid":"70a2b15bc4f367e15ce0bdd361635c08","cnt_retweet":"0","publish_time":"20210404213850","page_action_type":"08","cnt_agree":"1","topic_guid":"b5e629807abd63dfe85998f33d4a857b","userid":"MartinAntkowiak","cnt_comment":"0","content":"@nfergus It\u0027s not money. It\u0027s a currency.","url":"https://twitter.com/MartinAntkowiak/status/1378703611643977732","username":"Martin Antkowiak"},{"relevant_topic_guid":"70a2b15bc4f367e15ce0bdd361635c08","cnt_retweet":"0","publish_time":"20210404212334","page_action_type":"08","cnt_agree":"12","topic_guid":"1fa4c35ff7f5edf7bdf60b9a13fd2447","userid":"RomanFeola","cnt_comment":"0","content":"@nfergus @nfergus we gotta get you some laser eyes!","url":"https://twitter.com/RomanFeola/status/1378699769355321344","username":"Roman Feola"},{"relevant_topic_guid":"70a2b15bc4f367e15ce0bdd361635c08","cnt_retweet":"8","publish_time":"20210404211832","page_action_type":"08","cnt_agree":"45","topic_guid":"57b7adb4f92ba7b9a8cd8125697f87ee","userid":"nfergus","cnt_comment":"0","content":"Writers of science fiction got many things right about the future, from pandemics to flying cars to artificial intelligence. None got the future of money exactly right. https://t.co/ejADy2vIzl","url":"https://twitter.com/nfergus/status/1378698501937197056","username":"Niall Ferguson"},{"relevant_topic_guid":"70a2b15bc4f367e15ce0bdd361635c08","cnt_retweet":"0","publish_time":"20210404213005","page_action_type":"08","cnt_agree":"4","topic_guid":"a10659dbd64b98d8314f4679c9735817","userid":"joe_baldwin","cnt_comment":"0","content":"@nfergus @BeerdHead The Future Is Asian. Deal with it. $sos *** #bitcoin","url":"https://twitter.com/joe_baldwin/status/1378701410045362178","username":"Joe Baldwin (Joseph J. Baldwin)"},{"relevant_topic_guid":"5524d63188e01640090a4a55e15bdc86","cnt_retweet":"0","publish_time":"20210223132748","page_action_type":"08","cnt_agree":"0","topic_guid":"13a9cdc73059b1d9942f4c0fb62273d9","userid":"MrdotGuan","cnt_comment":"0","content":"@yaojufang 电子优惠券。","url":"https://twitter.com/MrdotGuan/status/1364084523739324417","username":"基地台射击师"},{"relevant_topic_guid":"646f0ca071169be29ead8ac776fc2632","cnt_retweet":"0","publish_time":"20210224011906","page_action_type":"08","cnt_agree":"2","topic_guid":"6b588129913a643439e8435716836b16","userid":"tonymeadows100","cnt_comment":"0","content":"@LYCandZZ I want a non-neutered (non 净身?) version of WeChat first - then I can join the debate *","url":"https://twitter.com/tonymeadows100/status/1364263528975237126","username":"Tony Meadows *********"},{"relevant_topic_guid":"efb1154d2e04b9281076e5f19106bc9a","cnt_retweet":"0","publish_time":"20210223110433","page_action_type":"08","cnt_agree":"0","topic_guid":"6e3696d667f20126105a27273fa02879","userid":"briankuo","cnt_comment":"0","content":"中国连续第五年成为德国最重要贸易伙伴https://t.co/Dx4X9wNlYx德国联邦统计局22日公布的数据显示，尽管受到新冠疫情影响，但2020年中国和德国双边贸易总额同比增长3%，约为2121亿欧元，中国连续第五年成为德国最重要贸易伙伴。#中欧 科工联合体 #四下无人#CAI+ #闭环管理 #货币互挨 #锚定本币","url":"https://twitter.com/briankuo/status/1364048471439777796","username":"无定创客 Brian"},{"relevant_topic_guid":"646f0ca071169be29ead8ac776fc2632","cnt_retweet":"0","publish_time":"20210224033935","page_action_type":"08","cnt_agree":"2","topic_guid":"e9744376c8eda1c49b8cc06914598d98","userid":"leowang00l","cnt_comment":"0","content":"@LYCandZZ 软刀子。对手毫无还手之力","url":"https://twitter.com/leowang00l/status/1364298881857650694","username":"GT*德国自干五-嘻嘻哈哈传媒〖KTV麦霸团〗**EX团长**"},{"relevant_topic_guid":"646f0ca071169be29ead8ac776fc2632","cnt_retweet":"0","publish_time":"20210224065802","page_action_type":"08","cnt_agree":"0","topic_guid":"57712a66bae20b23952affc6ad255fe9","userid":"zhe678","cnt_comment":"0","content":"@LYCandZZ 啥组合拳都打不过女拳…","url":"https://twitter.com/zhe678/status/1364348823363936264","username":"Brown"},{"relevant_topic_guid":"646f0ca071169be29ead8ac776fc2632","cnt_retweet":"0","publish_time":"20210224132912","page_action_type":"08","cnt_agree":"1","topic_guid":"18ff64053e963fa4eb09055ce936ae81","userid":"miKatoshka","cnt_comment":"0","content":"@LYCandZZ 需要欧洲帮一把 欧元加快推进自己的结算系统","url":"https://twitter.com/miKatoshka/status/1364447264492634112","username":"miKatoshka"},{"relevant_topic_guid":"3cd4b6ffdd53fa4a6714840bb364f512","cnt_retweet":"0","publish_time":"20210223032000","page_action_type":"08","cnt_agree":"1","topic_guid":"647131792a861230ee9449ef8c3944fb","userid":"May28109428","cnt_comment":"0","content":"@SoundOfHope_SOH 强奸犯","url":"https://twitter.com/May28109428/status/1363931566380998656","username":"May"},{"relevant_topic_guid":"646f0ca071169be29ead8ac776fc2632","cnt_retweet":"0","publish_time":"20210224162513","page_action_type":"08","cnt_agree":"1","topic_guid":"b6e005c263b99a4597cffa48cfd9e2af","userid":"nMonster_Inc","cnt_comment":"0","content":"@LYCandZZ 重点打击国内的非法交易与黑钱，和国外走不到一起","url":"https://twitter.com/nMonster_Inc/status/1364491559090069504","username":"Monster Inc."},{"relevant_topic_guid":"3cd4b6ffdd53fa4a6714840bb364f512","cnt_retweet":"0","publish_time":"20210223114509","page_action_type":"08","cnt_agree":"0","topic_guid":"d1282ef6344cf74e2acde14d5cb43e92","userid":"tyi978","cnt_comment":"0","content":"@SoundOfHope_SOH 論站隊的重要性","url":"https://twitter.com/tyi978/status/1364058690110717955","username":"tianyi, wu"},{"relevant_topic_guid":"efb1154d2e04b9281076e5f19106bc9a","cnt_retweet":"0","publish_time":"20210223110551","page_action_type":"08","cnt_agree":"0","topic_guid":"6a395944d707e745b64ae97a25dad0ae","userid":"briankuo","cnt_comment":"0","content":"中国连续第五年成为德国最重要贸易伙伴https://t.co/Dx4X9wNlYx德国联邦统计局22日公布的数据显示，尽管受到新冠疫情影响，但2020年中国和德国双边贸易总额同比增长3%，约为2121亿欧元，中国连续第五年成为德国最重要贸易伙伴。#中欧 科工联合体 #四下无人#CAI+ #闭环管理 #货币互换 #锚定本币","url":"https://twitter.com/briankuo/status/1364048801380491271","username":"无定创客 Brian"},{"relevant_topic_guid":"20696bef2eee8a8e03e308ca4ad12d8c","cnt_retweet":"0","publish_time":"20210223094414","page_action_type":"08","cnt_agree":"0","topic_guid":"d524dfe42760ed767389ec3f3f626cbf","userid":"Dan63174340","cnt_comment":"0","content":"@dajiyuan https://t.co/b1gaYoSt0d","url":"https://twitter.com/Dan63174340/status/1364028261898969089","username":"mediachk.com"},{"relevant_topic_guid":"3cd4b6ffdd53fa4a6714840bb364f512","cnt_retweet":"0","publish_time":"20210223015425","page_action_type":"08","cnt_agree":"1","topic_guid":"7824bdfbd6bd83eab54eb36f23dc28e6","userid":"LiyaShen","cnt_comment":"0","content":"@SoundOfHope_SOH 无知无能无耻无赖无法无天？","url":"https://twitter.com/LiyaShen/status/1363910028676235266","username":"Liya Shen"},{"relevant_topic_guid":"a99900e080c3b45168baa54bda59e445","cnt_retweet":"0","publish_time":"20210226104953","page_action_type":"08","cnt_agree":"0","topic_guid":"a481041b2976d755d769aecbe82b0439","userid":"C6NMyrt","cnt_comment":"0","content":"我自己担心在交易记录。现金不会被记，电子的支付宝微信还是电子货币都会记，看存给谁了。不放心电子的就用现金，法律不许拒收现金(现在加了电子货币)。(交易记录这个，反洗钱法里有大额存款，转账监控等监管措施，就是为了尽量在系统内做到可疑交易追踪。","url":"https://twitter.com/C6NMyrt/status/1365131946754506753","username":"Myrt"},{"relevant_topic_guid":"d2d1cb1e57222faa1b5f4eae6dc334c2","cnt_retweet":"0","publish_time":"20210309185644","page_action_type":"08","cnt_agree":"0","topic_guid":"705c2bcc8a72aa0a0ebbee5348f4cb6b","userid":"NrUN4f9YbDt8FtH","cnt_comment":"0","content":"@renfanzi 历史专业 。币制改革不是王莽改革的核心。但可以说是 最重要措施之一。王莽改革的核心近来学者多认为是土地和人口，北京大学阎步克认为重点是 礼教和制度。不管怎么样，王莽改革的币制改革最后彻底失败了，钱币倒成为了后世的收藏品。","url":"https://twitter.com/NrUN4f9YbDt8FtH/status/1369240732741955585","username":"小王子吧"},{"relevant_topic_guid":"0588a08f9ea429659e3180113e416c66","cnt_retweet":"0","publish_time":"20210302220151","page_action_type":"08","cnt_agree":"0","topic_guid":"2932cf9dbdb4147c2b898a9f54f9a268","userid":"LenWang6","cnt_comment":"0","content":"@nytchinese 用数字化货币这个模糊的词语不能准确描述中共所推行的这个通货。应该说是注册货币。这是它的实质含有。","url":"https://twitter.com/LenWang6/status/1366750603888713733","username":"Len Wang"},{"relevant_topic_guid":"6b9deecb551f1b7e381843a7ca18ac21","cnt_retweet":"1","publish_time":"20210226102517","page_action_type":"08","cnt_agree":"3","topic_guid":"6f9ae1354f8ea92c249a3ed608dbb54c","userid":"Money520750","cnt_comment":"0","content":"@RFA_Chinese 新版 #電子糧票","url":"https://twitter.com/Money520750/status/1365125753633992706","username":"Mr.sam痴人說夢"},{"relevant_topic_guid":"0588a08f9ea429659e3180113e416c66","cnt_retweet":"0","publish_time":"20210304092311","page_action_type":"08","cnt_agree":"0","topic_guid":"ee80e135e4dc594638320cecee946311","userid":"Ieayzv1qRedRviP","cnt_comment":"0","content":"@nytchinese 有点担心引起通货膨胀，还有这种数字货币被破解怎么办？","url":"https://twitter.com/Ieayzv1qRedRviP/status/1367284454020902914","username":"Dylan Panda"},{"relevant_topic_guid":"6b9deecb551f1b7e381843a7ca18ac21","cnt_retweet":"0","publish_time":"20210226103533","page_action_type":"08","cnt_agree":"1","topic_guid":"103f10c91db7f65997ec0452e33c41d5","userid":"quitkina01","cnt_comment":"0","content":"@RFA_Chinese 我猜，數字人民幣會不會像P2P金融那樣，先把桂枝那些喜歡哄搶新鮮熱屎的韭菜又坑掉一大批，然後5年10年以後才是真正的強制推行？*☺️","url":"https://twitter.com/quitkina01/status/1365128338545594371","username":"Enlightened Sheeple -我已去了GAB: @quitkina01"},{"relevant_topic_guid":"6b9deecb551f1b7e381843a7ca18ac21","cnt_retweet":"0","publish_time":"20210226103029","page_action_type":"08","cnt_agree":"0","topic_guid":"eb02fdaaa0187e61f13b248421dc9f5e","userid":"LGqtaAkGRckpmZK","cnt_comment":"0","content":"@RFA_Chinese 科技的发展也能吹到这上面，好家伙，下一个","url":"https://twitter.com/LGqtaAkGRckpmZK/status/1365127063137443841","username":"袁宇荣"},{"relevant_topic_guid":"6b9deecb551f1b7e381843a7ca18ac21","cnt_retweet":"0","publish_time":"20210226094508","page_action_type":"08","cnt_agree":"1","topic_guid":"779dd395ebb7edf3e8d9ab5c6d602054","userid":"DN8Dy2j0hEkgdQX","cnt_comment":"0","content":"@RFA_Chinese 一delete server什麼都沒有了，割韭菜神器。","url":"https://twitter.com/DN8Dy2j0hEkgdQX/status/1365115652319547393","username":"鬼面蕉人"},{"relevant_topic_guid":"6b9deecb551f1b7e381843a7ca18ac21","cnt_retweet":"0","publish_time":"20210226142945","page_action_type":"08","cnt_agree":"0","topic_guid":"24fc538120c2b1351ecfa1309f3902a0","userid":"gogogolden1","cnt_comment":"0","content":"@RFA_Chinese 以後管理豬圈就容易多了","url":"https://twitter.com/gogogolden1/status/1365187277459132420","username":"gogogolden"},{"relevant_topic_guid":"0588a08f9ea429659e3180113e416c66","cnt_retweet":"0","publish_time":"20210302210448","page_action_type":"08","cnt_agree":"0","topic_guid":"8638472561cbf353333883e2c553a4f3","userid":"Wilson39875605","cnt_comment":"0","content":"@nytchinese Shameless New York Times, the Fake/Misleading media. God will punish you liars from New York Times!!! New York Times LIES Exposed-1: https://t.co/1qneHpRGVc New York Times LIES Exposed-2: https://t.co/k4Noty2uYHNew York Times LIES Exposed-3: https://t.co/pxSnZ2myQO","url":"https://twitter.com/Wilson39875605/status/1366736246257512448","username":"Wilson (❤️）"},{"relevant_topic_guid":"0588a08f9ea429659e3180113e416c66","cnt_retweet":"1","publish_time":"20210303002247","page_action_type":"08","cnt_agree":"2","topic_guid":"db964204d1f2093163a9d7566aea7ffa","userid":"CX0J5dftYExob2E","cnt_comment":"0","content":"@nytchinese 你们的swift是如何进行精准制裁的，传授下经验，已经有几十年了，这不算高科技吧。起码目前中国没有这样做，你可不能简单以小人之心度君子之腹。","url":"https://twitter.com/CX0J5dftYExob2E/status/1366786072122949643","username":"kevin shen"},{"relevant_topic_guid":"0588a08f9ea429659e3180113e416c66","cnt_retweet":"0","publish_time":"20210302212240","page_action_type":"08","cnt_agree":"0","topic_guid":"4f0144cd7cb29bc9333639b2f9e848f2","userid":"usFreewill","cnt_comment":"0","content":"@nytchinese 实际上就是为了更好的监控大型集中营的韭菜任意行为！他们应该感谢共产社会主义意识形态给中国人民带来的这一巨大福利。","url":"https://twitter.com/usFreewill/status/1366740741846827012","username":"Wings of Liberty"},{"relevant_topic_guid":"0588a08f9ea429659e3180113e416c66","cnt_retweet":"0","publish_time":"20210302213650","page_action_type":"08","cnt_agree":"0","topic_guid":"330e34e8c216d982e67db270b6da720e","userid":"jester16888","cnt_comment":"0","content":"@nytchinese 我们辛苦了一辈子的血汗钱被刘长乐的凤凰卫视集团诈骗光。海南地方金融局拦着公安不立案，任由凤凰金融平台无底线的收割出借人血汗资产，让国家法律成为摆设，中共政府权利可以大过一切?要把老百姓往死里整。https://t.co/2egDrPV7DC","url":"https://twitter.com/jester16888/status/1366744306451578880","username":"jester Lee"},{"relevant_topic_guid":"6b9deecb551f1b7e381843a7ca18ac21","cnt_retweet":"1","publish_time":"20210226102704","page_action_type":"08","cnt_agree":"2","topic_guid":"ea07ce5b2440a9b28c9b59e0c0ac7508","userid":"Alice2020May","cnt_comment":"0","content":"@RFA_Chinese 继复旦反美教授陈平被揭在美国生活之后，北京大学教授于鸿君近日被曝其子女在美国和澳洲上学，该教授曾号召中国大学生为政府解压“上山下乡”而倍受舆论诟病。      https://t.co/euXo7hBCUn","url":"https://twitter.com/Alice2020May/status/1365126205662519299","username":"爱丽丝"},{"relevant_topic_guid":"268755d0906de27f992a2bbdee482ebb","cnt_retweet":"0","publish_time":"20210311092627","page_action_type":"08","cnt_agree":"0","topic_guid":"a11ac44aeba529da2686c05a039f0445","userid":"fabedv1","cnt_comment":"0","content":"@stormwa03970181 @jessica20492 上一个在大陆大量印钞的政权已经虎踞仙岛。","url":"https://twitter.com/fabedv1/status/1369821989624410115","username":"fabedv"},{"relevant_topic_guid":"7533aefaa25a2ba3604e151694ba1836","cnt_retweet":"0","publish_time":"20210307110645","page_action_type":"08","cnt_agree":"1","topic_guid":"afff4f8612a251b22345d19f0f443871","userid":"EricJua96883455","cnt_comment":"0","content":"@nytchinese 只是想取代微信和支付寶！","url":"https://twitter.com/EricJua96883455/status/1368397683182895104","username":"Eric Juanita"},{"relevant_topic_guid":"7533aefaa25a2ba3604e151694ba1836","cnt_retweet":"0","publish_time":"20210307113034","page_action_type":"08","cnt_agree":"1","topic_guid":"79b38aee34dca4f34dee07b986a50d93","userid":"K0XsCJCUhVwfCe2","cnt_comment":"0","content":"@nytchinese 中國是數字人民幣大國。並且有望在一帶一路國家，全面推行數字人民幣。用數字人民幣來替代美元進行交易，更加便於中共政府掌控。 https://t.co/bKl6Z3u5d4","url":"https://twitter.com/K0XsCJCUhVwfCe2/status/1368403676323225604","username":"時機已成熟"},{"relevant_topic_guid":"7533aefaa25a2ba3604e151694ba1836","cnt_retweet":"0","publish_time":"20210307111043","page_action_type":"08","cnt_agree":"6","topic_guid":"313e2c89e730da5eb69d3929fb423243","userid":"SAKI2001001","cnt_comment":"0","content":"@nytchinese 你比我们自己都关注中国。","url":"https://twitter.com/SAKI2001001/status/1368398678340243456","username":"栗山槿"},{"relevant_topic_guid":"9e42bfb3a38fdbd2ab553c85d458db9a","cnt_retweet":"0","publish_time":"20210306165857","page_action_type":"08","cnt_agree":"2","topic_guid":"5f3bbb36127605a66cae7cc89734d6ab","userid":"daniel_zhu","cnt_comment":"0","content":"@Bruce87021389 @williamlong No, 说明官方挖矿公司要加入了。","url":"https://twitter.com/daniel_zhu/status/1368123927105474562","username":"daniel_zhu"},{"relevant_topic_guid":"2449686846227ba7f549665deca123ca","cnt_retweet":"0","publish_time":"20210307061722","page_action_type":"08","cnt_agree":"0","topic_guid":"0cddfda49dfae4180a05b55a219533aa","userid":"Dan63174340","cnt_comment":"0","content":"@MingJingNews https://t.co/insZUJiMLA","url":"https://twitter.com/Dan63174340/status/1368324855787970560","username":"mediachk.com"},{"relevant_topic_guid":"7533aefaa25a2ba3604e151694ba1836","cnt_retweet":"0","publish_time":"20210307131510","page_action_type":"08","cnt_agree":"1","topic_guid":"f88ef88853d7a0a924eeb55977368c52","userid":"89tam64","cnt_comment":"0","content":"@nytchinese 这个比比特币靠谱","url":"https://twitter.com/89tam64/status/1368430000588820483","username":"Deleted Account"},{"relevant_topic_guid":"9bbc07382aebdc2bb9c7b1bdc3cb7b6e","cnt_retweet":"0","publish_time":"20210305161505","page_action_type":"08","cnt_agree":"3","topic_guid":"8ed72ee512010300e0e3b39f65a526ca","userid":"quitkina01","cnt_comment":"0","content":"@jessica20492 @stormwa03970181 外賣是很明顯的新潮養殖。外賣員被外賣APP直接管理、全面跟踪、外賣員向APP主動匯報，人被計算機管理，這一點十分科幻。","url":"https://twitter.com/quitkina01/status/1367750499412320259","username":"Enlightened Sheeple -我已去了GAB: @quitkina01"},{"relevant_topic_guid":"90a962a2bebe8e6d54c986f4847e2025","cnt_retweet":"0","publish_time":"20210310131017","page_action_type":"08","cnt_agree":"1","topic_guid":"446a2f4cde5a17a4836b6daf1de92d59","userid":"Yanchina700114","cnt_comment":"0","content":"@lh9983 哦,我忘记了第四点应该补充4.大量的外国闲余人民币,有一个投资去处(这个目前中国正在构建世界上最大的股市,期货交易市场,人民币债券中心)","url":"https://twitter.com/Yanchina700114/status/1369515933157363713","username":"彦china"},{"relevant_topic_guid":"7533aefaa25a2ba3604e151694ba1836","cnt_retweet":"0","publish_time":"20210307120724","page_action_type":"08","cnt_agree":"1","topic_guid":"5acabe076704456e5665dd9c74693fae","userid":"Yj5J89HDKQFPNmd","cnt_comment":"0","content":"@nytchinese 七十多年了，哪一件試驗成功過？","url":"https://twitter.com/Yj5J89HDKQFPNmd/status/1368412944866938886","username":"千葉"},{"relevant_topic_guid":"2fda144fd8d56641839c0e42277e7d07","cnt_retweet":"0","publish_time":"20210304232520","page_action_type":"08","cnt_agree":"0","topic_guid":"af8197fdcd7f15c0dad61622e21a9930","userid":"kayandtt","cnt_comment":"0","content":"@Simon16841257 @AOC29408186 @IceK58352321 @bbcchinese 用上大號的時間來回复你們這些中共腦殘粉紅是最適合的了，而且只要逐個粘貼就行，你們中文不好雖然你們說自己是中國人但壓根就只是蘇共的孫子中共圈養的奴隸，真的難為你們了，只懂謾罵和轉移話題的你們，小心你們的後代背地裡革你們的命哦～～連黨徒都算不上的腦殘粉紅們！","url":"https://twitter.com/kayandtt/status/1367496389459075080","username":"簌簌流沙涓"},{"relevant_topic_guid":"9c01fb1cb41e83fb41e9fd29d4cea651","cnt_retweet":"0","publish_time":"20210306144435","page_action_type":"08","cnt_agree":"1","topic_guid":"74f63d49658f49a3a8c337d94573c94b","userid":"zhengyichou","cnt_comment":"0","content":"@readtw271 @asyourdays @WoodenHarp 中南半岛五国都在学中国体制，越南一党专政无限期连任，柬埔寨禁止反对党，泰国军人推翻民选政府执政至今，缅甸正在发生类似的事但目前胜负未定，老挝是学中国最像的闷声发财。说价值观无法输出是自己活在茧房里。","url":"https://twitter.com/zhengyichou/status/1368090115113844737","username":"zhengyichou"},{"relevant_topic_guid":"7533aefaa25a2ba3604e151694ba1836","cnt_retweet":"0","publish_time":"20210307125234","page_action_type":"08","cnt_agree":"0","topic_guid":"4db0cd119b945ad0cf154c9e0a176090","userid":"yourjuy","cnt_comment":"0","content":"@nytchinese 只有让它脱离网络也能正常使用，并且能绝对保证账户资产安全才行（没有网络，正常进行收付款，相关数据安全准确，不被第三方篡改），要不然，跟微信、支付宝这类网络支付工具没什么区别。","url":"https://twitter.com/yourjuy/status/1368424310340132865","username":"juy"},{"relevant_topic_guid":"f1ed1fbdebb3a1ac40e46add510268a4","cnt_retweet":"0","publish_time":"20210224093917","page_action_type":"08","cnt_agree":"0","topic_guid":"c0e7db8c4c2f1ced78a41281ae3c4f61","userid":"yuanyuanbuduan3","cnt_comment":"0","content":"@WallStTV 还人民江山选举权https://t.co/nzaDvhyrI2","url":"https://twitter.com/yuanyuanbuduan3/status/1364389402533916673","username":"大同"},{"relevant_topic_guid":"34ca9a648ef5cae6e7a4623bc9bbd9dc","cnt_retweet":"0","publish_time":"20210223231831","page_action_type":"08","cnt_agree":"0","topic_guid":"c974b18069fd6be4f81102e6f617614f","userid":"MGM35319240","cnt_comment":"0","content":"@wstv_lizzi @milesyu10 ，餘茂春就是自以為是，相關的策略有可執行度？一連串的打擊奏效了？ 還把台灣帶入了台海關係緊張！不仔細研究美國，歐洲， 一味地仮塨只能是 @SecPompeo 的反智爪牙作用。","url":"https://twitter.com/MGM35319240/status/1364233182493638657","username":"*Everest"},{"relevant_topic_guid":"f4331b7d9b605d6e5d97410f5cf42924","cnt_retweet":"0","publish_time":"20210309132508","page_action_type":"08","cnt_agree":"0","topic_guid":"6215680de4c8ef37690235a0690ce991","userid":"anita4mui","cnt_comment":"0","content":"@jessica20492 美元有升值趋势，而且大肆放水的不止美国政府","url":"https://twitter.com/anita4mui/status/1369157283146469376","username":"Sesame"},{"relevant_topic_guid":"0b21f9682b16f3424c33bcfd73618509","cnt_retweet":"0","publish_time":"20210312210545","page_action_type":"08","cnt_agree":"2","topic_guid":"6b981774c34afd6d4a45203c1eb63a36","userid":"bluebird0605","cnt_comment":"0","content":"最后关注自动驾驶，这个领域有太多可以讨论的角度，以文章的篇幅并不足以覆盖，所以本周我推荐两本这个领域的代表图书，可以相对完整地展现出自动化与汽车之间的过去、现在与可能的未来。","url":"https://twitter.com/bluebird0605/status/1370360364370587650","username":"未完成"},{"relevant_topic_guid":"79d8c43c63a2ed710da71deaac19d482","cnt_retweet":"0","publish_time":"20210301000736","page_action_type":"08","cnt_agree":"0","topic_guid":"2c3fbcb06b12c202d58898275dd73fac","userid":"lidaobing","cnt_comment":"0","content":"@Lilililieeeee @catmamgo 收税的时候允许用数字货币，且与普通货币等价即可。不过问题就是国家的数字货币可能会回笼得太快。","url":"https://twitter.com/lidaobing/status/1366057473291919363","username":"LI Daobing"},{"relevant_topic_guid":"8630368a23048839c6c6b42dc0196fe3","cnt_retweet":"0","publish_time":"20210225164923","page_action_type":"08","cnt_agree":"0","topic_guid":"beb3483dcf0de96f96b5d309bd467a5a","userid":"jcsn666","cnt_comment":"0","content":"@zoezhang22 中间绝缘体表示北京试点没抽中","url":"https://twitter.com/jcsn666/status/1364860027845050370","username":"机车骚年*"},{"relevant_topic_guid":"b6662cedbc88387b58a542e6481da50c","cnt_retweet":"4","publish_time":"20210302130000","page_action_type":"08","cnt_agree":"3","topic_guid":"c4574c22b40b74a2e87b458eefdfa86f","userid":"nytchinese","cnt_comment":"0","content":"• 法国前总统萨科齐获刑：萨科齐因涉嫌腐败和滥权获刑三年，其中包括一年实刑。这是法国现代历史上第二次有前总统被定罪。萨科齐律师已表示其将上诉。更多简报内容： https://t.co/IKW2ntDyTP","url":"https://twitter.com/nytchinese/status/1366614241948614658","username":"纽约时报中文网"},{"relevant_topic_guid":"b6662cedbc88387b58a542e6481da50c","cnt_retweet":"0","publish_time":"20210302122432","page_action_type":"08","cnt_agree":"2","topic_guid":"6c5c6f2acabbb7a30fe3718ef2ec85b1","userid":"Ok3S2","cnt_comment":"0","content":"@nytchinese 几个香港人就把一个700多万人口的香港给代表了？我们还要求中央政府立即处死这些人呢，请问你们报道了吗？","url":"https://twitter.com/Ok3S2/status/1366605318814371840","username":"Z7"},{"relevant_topic_guid":"df3110ba2c6786127744ec908f5e33de","cnt_retweet":"0","publish_time":"20210224141605","page_action_type":"08","cnt_agree":"11","topic_guid":"daa581f731a6b8d555802944675e9ca2","userid":"higarret","cnt_comment":"0","content":"@renfanzi 数字货币就是以前的粮票，油票，和肉票的数字版","url":"https://twitter.com/higarret/status/1364459063346556931","username":"garret zh"},{"relevant_topic_guid":"f990fd9091d1d0aebcc6f3c22fbce45b","cnt_retweet":"0","publish_time":"20210302154356","page_action_type":"08","cnt_agree":"0","topic_guid":"03e43d1c975bbb7ddbfe0c4cf612ccfa","userid":"HKCitizen2021","cnt_comment":"0","content":"@nytchinese 請問那些沒有犯罪但是想離開的人，怎樣才能安全走資離開？","url":"https://twitter.com/HKCitizen2021/status/1366655496971710464","username":"HongKongPeople"},{"relevant_topic_guid":"f990fd9091d1d0aebcc6f3c22fbce45b","cnt_retweet":"0","publish_time":"20210302153200","page_action_type":"08","cnt_agree":"2","topic_guid":"ed658246feeafb72d450d412b4ca91d1","userid":"libaibai_","cnt_comment":"0","content":"@nytchinese 這是要把韭菜從根控制到梢。","url":"https://twitter.com/libaibai_/status/1366652492906332163","username":"李白白Angelina.M（三藏）"},{"relevant_topic_guid":"b6662cedbc88387b58a542e6481da50c","cnt_retweet":"0","publish_time":"20210302113201","page_action_type":"08","cnt_agree":"0","topic_guid":"fb7c92f38e0b25501e541cc6136084fa","userid":"OuMmpm8jQskPpa6","cnt_comment":"0","content":"@nytchinese 缅甸香港https://t.co/iAALc4DXaD","url":"https://twitter.com/OuMmpm8jQskPpa6/status/1366592098707918849","username":"jersey"},{"relevant_topic_guid":"f990fd9091d1d0aebcc6f3c22fbce45b","cnt_retweet":"0","publish_time":"20210302153124","page_action_type":"08","cnt_agree":"3","topic_guid":"0dd02aff74cf5a0ddf46cce7fbb10b50","userid":"xinnews2020","cnt_comment":"0","content":"@nytchinese 數字貨幣就是用來收割韭菜的,韭菜國更加熱衷於韭菜收割而已,其他國家也想這麼乾,只是難度相對於韭菜國而言更大而已","url":"https://twitter.com/xinnews2020/status/1366652342758748161","username":"Xin視角 UK"},{"relevant_topic_guid":"f990fd9091d1d0aebcc6f3c22fbce45b","cnt_retweet":"0","publish_time":"20210302220602","page_action_type":"08","cnt_agree":"0","topic_guid":"bcd555a9db1567f528ebc3a36f47cee4","userid":"redGFYnnr8bqVgR","cnt_comment":"0","content":"@nytchinese 虽然……但是……","url":"https://twitter.com/redGFYnnr8bqVgR/status/1366751655316709379","username":"Ace**"},{"relevant_topic_guid":"6ee58811adb14b9382d0fc83ed6ca3d7","cnt_retweet":"0","publish_time":"20210302231855","page_action_type":"08","cnt_agree":"0","topic_guid":"a4730574eb714622001a5f2dea554438","userid":"sdcat2","cnt_comment":"0","content":"@LuciaBridgerton @RFA_Chinese 就是彻底数字化了的意思","url":"https://twitter.com/sdcat2/status/1366769996739665927","username":"鳴かない猫****"},{"relevant_topic_guid":"f990fd9091d1d0aebcc6f3c22fbce45b","cnt_retweet":"0","publish_time":"20210401195457","page_action_type":"08","cnt_agree":"0","topic_guid":"c734aaa8fa839aebf06e0ffb7662dacb","userid":"lufeng19840205","cnt_comment":"0","content":"@nytchinese 想玩数字货币的关注我啊  我可以带他","url":"https://twitter.com/lufeng19840205/status/1377590301959745544","username":"陆峰"},{"relevant_topic_guid":"245a79a7b97dc3effceacae94a73efd3","cnt_retweet":"0","publish_time":"20210301024454","page_action_type":"08","cnt_agree":"0","topic_guid":"1a7f27e01383e6bc42b7400ae5ba97b2","userid":"daryl68987908","cnt_comment":"0","content":"@wongkim728 这期有点像85春晚，形式想创新，但开头属实有点乱，尽管王先生也及早发现并往回纠正，但还是让人有点容易走神。。。","url":"https://twitter.com/daryl68987908/status/1366097061532233728","username":"daryl"},{"relevant_topic_guid":"245a79a7b97dc3effceacae94a73efd3","cnt_retweet":"0","publish_time":"20210301230814","page_action_type":"08","cnt_agree":"0","topic_guid":"359d79a9bab4014df15f10fdec33e8d1","userid":"WaveUnderMoon","cnt_comment":"0","content":"@wongkim728 嘉宾和提问者的声音不清","url":"https://twitter.com/WaveUnderMoon/status/1366404923311620097","username":"Anti-Left"},{"relevant_topic_guid":"f990fd9091d1d0aebcc6f3c22fbce45b","cnt_retweet":"0","publish_time":"20210302164232","page_action_type":"08","cnt_agree":"0","topic_guid":"6fca50a571448284511d60735776bf1a","userid":"SlamDun47313735","cnt_comment":"0","content":"@nytchinese 今天在上海地铁站看到了能用数字货币的购物机，可惜没有数字货币。*","url":"https://twitter.com/SlamDun47313735/status/1366670246493388800","username":"Shanghai Snapshots"},{"relevant_topic_guid":"e589eb335d5caec07ca6b14c851d3d84","cnt_retweet":"0","publish_time":"20210301073443","page_action_type":"08","cnt_agree":"0","topic_guid":"f083440ec5c7d88722e469d314782253","userid":"lonexin","cnt_comment":"0","content":"@catmamgo 设限额不行吗？","url":"https://twitter.com/lonexin/status/1366169996066385920","username":"Lonecide"},{"relevant_topic_guid":"f990fd9091d1d0aebcc6f3c22fbce45b","cnt_retweet":"0","publish_time":"20210302163612","page_action_type":"08","cnt_agree":"0","topic_guid":"229ed25e8387cc54d833b84665413524","userid":"colorpat","cnt_comment":"0","content":"@nytchinese 中心化的人民币与去中心的比特币重要区别之一在于前者没有耗电量竞争区块定界权的设定。竞争能量设定很关键，旧世界以战争定界朝代就是通过耗能竞争胜者才有信用给政权背书。没有这个竞争规则人民币信用度不足以跨出本朝时间与国界空间。依旧是依附于49年战争余温的信用衰减币种。","url":"https://twitter.com/colorpat/status/1366668652343300098","username":"Donjon"},{"relevant_topic_guid":"e589eb335d5caec07ca6b14c851d3d84","cnt_retweet":"1","publish_time":"20210228235218","page_action_type":"08","cnt_agree":"11","topic_guid":"edbca2999fb713dc273b690bac26395c","userid":"catmamgo","cnt_comment":"0","content":"所以，数字货币要推广真的还早。至少在20年内，传统金融账户和现金仍然必须存在。","url":"https://twitter.com/catmamgo/status/1366053621347934208","username":"猫总"},{"relevant_topic_guid":"e589eb335d5caec07ca6b14c851d3d84","cnt_retweet":"0","publish_time":"20210228235339","page_action_type":"08","cnt_agree":"3","topic_guid":"96053e9079ba3af4b7bd9c699ad65e1d","userid":"6uBfsu2ZOLqGTAA","cnt_comment":"0","content":"@catmamgo 人肉攜帶人民幣出境限每人2W，數字人民幣就不好限了，等於抹殺了CNY和CNH的差別，瞬間崩盤不是夢。不過CNH本身已經岌岌可危了。","url":"https://twitter.com/6uBfsu2ZOLqGTAA/status/1366053961581481985","username":"其精甚真"},{"relevant_topic_guid":"e589eb335d5caec07ca6b14c851d3d84","cnt_retweet":"0","publish_time":"20210228234734","page_action_type":"08","cnt_agree":"0","topic_guid":"0a0e7532c85dc1e23f43c0cd05c3967d","userid":"leehows","cnt_comment":"0","content":"@catmamgo 两个不应该是一样的待遇么？","url":"https://twitter.com/leehows/status/1366052434020237313","username":"理不抻, Esq."},{"relevant_topic_guid":"e589eb335d5caec07ca6b14c851d3d84","cnt_retweet":"0","publish_time":"20210228235442","page_action_type":"08","cnt_agree":"3","topic_guid":"de22569c9691f8345ea822de6e3684fb","userid":"recardo_horn","cnt_comment":"0","content":"@catmamgo Too simple...lol 还记得外汇券吗？","url":"https://twitter.com/recardo_horn/status/1366054226867142658","username":"Ricardo H **"},{"relevant_topic_guid":"e589eb335d5caec07ca6b14c851d3d84","cnt_retweet":"0","publish_time":"20210301003530","page_action_type":"08","cnt_agree":"0","topic_guid":"fdba8b864127ad55a58b632601e2f8b8","userid":"nbysy","cnt_comment":"0","content":"@catmamgo 数字货币不能兑换外汇，纸币可以，哪里听来的？ 就算是，又怎么样？ 我在微信里的钱，存定存的钱，买理财的钱，也都不能兑换外汇啊。","url":"https://twitter.com/nbysy/status/1366064493676134403","username":"nbysy"},{"relevant_topic_guid":"881024073c7d67ac63e43452be4bb0dc","cnt_retweet":"0","publish_time":"20210227143019","page_action_type":"08","cnt_agree":"0","topic_guid":"5195884eb3266ee2a46a89132203f102","userid":"tony52611","cnt_comment":"0","content":"@wongkim728 @joinClubhouse 实名制货币","url":"https://twitter.com/tony52611/status/1365549805779496962","username":"tony5261"}]