[{"relevant_topic_guid":"ab483b58d3dd7d608904a9961f380210","cnt_retweet":"0","publish_time":"20210410211212","page_action_type":"08","cnt_agree":"1","topic_guid":"6a50e7c777597410f4e44d26c59ce164","userid":"andrewz47369134","cnt_comment":"0","content":"@ChineseWSJ 洋鬼子胡说八道还乐此不彼，靠嘴炮攻击能阻挡你们米粒尖被超越的步伐？","url":"https://twitter.com/andrewz47369134/status/1380871236281008129","username":"川建国→拜振华"},{"relevant_topic_guid":"ab483b58d3dd7d608904a9961f380210","cnt_retweet":"0","publish_time":"20210410211644","page_action_type":"08","cnt_agree":"12","topic_guid":"392df1504435b4160e2a025afbdba55b","userid":"andrewz47369134","cnt_comment":"0","content":"@ChineseWSJ 洋鬼子们还是想想办法做点实事提高下自己，别整天靠给别人泼污水以为就能伤害到别人了，那只能麻痹你们这些鬼子自己，我们前进的步伐一点没停顿。","url":"https://twitter.com/andrewz47369134/status/1380872375453974529","username":"川建国→拜振华"},{"relevant_topic_guid":"1bf2e0079c56f2a687a840cc85af38db","cnt_retweet":"0","publish_time":"20210412214126","page_action_type":"08","cnt_agree":"0","topic_guid":"9a1f585605da226f71e73dee5804c90c","userid":"USAUSA95348691","cnt_comment":"0","content":"@WallStTV @MJTVHoPin .中共孔子學院 是 中共滲透歐美的前哨基地.中共在孔子學院課程內, 向歐美天真無邪的孩童及年青人, 灌輸錯誤 中國歷史 價值觀 及 世界觀, 毒害歐美 青少年.這些課程會灌輸他們, 並無六四屠城 及種族滅絕維吾爾族, 更會向他們灌輸 共產主義的「 優點 」.關閉所有 歐美孔子學院, 保護我們 下一代！","url":"https://twitter.com/USAUSA95348691/status/1381603369068859394","username":"USA USA"},{"relevant_topic_guid":"ab483b58d3dd7d608904a9961f380210","cnt_retweet":"0","publish_time":"20210412015731","page_action_type":"08","cnt_agree":"0","topic_guid":"ed69a42fb5c62b9f9ee4ecf9a1fc3576","userid":"BluesYak","cnt_comment":"0","content":"@ChineseWSJ 政府轻而易举地剥夺一个人消费的权利，点一下键盘，就可以让一个人寸步难行。","url":"https://twitter.com/BluesYak/status/1381305426386518022","username":"ChiAT"},{"relevant_topic_guid":"84cb4cbbde8e043539fd4dc879f8f131","cnt_retweet":"0","publish_time":"20210407155936","page_action_type":"08","cnt_agree":"1","topic_guid":"987bcbfa5d54d5dd33a16c3ce6688b0f","userid":"ChincayJang","cnt_comment":"0","content":"@ChineseWSJ 莓果：做不到了或者迟到了的，那就先诋毁他~","url":"https://twitter.com/ChincayJang/status/1379705403261378560","username":"Chincay Jang"},{"relevant_topic_guid":"84cb4cbbde8e043539fd4dc879f8f131","cnt_retweet":"0","publish_time":"20210406213303","page_action_type":"08","cnt_agree":"3","topic_guid":"05989f203ffb9370be5cece35f9210f5","userid":"m9716888","cnt_comment":"0","content":"@ChineseWSJ 白痴，数子货币恰恰有更好的保密性","url":"https://twitter.com/m9716888/status/1379426928927498240","username":"Mskier"},{"relevant_topic_guid":"a7ad0d6d03710a6ae920b5f7921cbb49","cnt_retweet":"0","publish_time":"20210410091851","page_action_type":"08","cnt_agree":"0","topic_guid":"d7b92d22a2194a3d48e282ed78bbda1e","userid":"hallnametw","cnt_comment":"0","content":"@VOAChinese usdt就是现成的数字美元，与美联储无缝接轨是迟早的事","url":"https://twitter.com/hallnametw/status/1380691713476370433","username":"qiang"},{"relevant_topic_guid":"a7ad0d6d03710a6ae920b5f7921cbb49","cnt_retweet":"0","publish_time":"20210410090749","page_action_type":"08","cnt_agree":"0","topic_guid":"4e7ffcd715fcfe789bf35bab7881af24","userid":"snowfox14323194","cnt_comment":"0","content":"@VOAChinese 美国继续蛋定吧，最后没蛋就不定了","url":"https://twitter.com/snowfox14323194/status/1380688939950956551","username":"snowfox"},{"relevant_topic_guid":"b488f95caa715ff5a33e4737cceb968a","cnt_retweet":"0","publish_time":"20210223091415","page_action_type":"08","cnt_agree":"0","topic_guid":"0a2744926e0cc8496ae71e37ff1fc4ba","userid":"GonzoFinance","cnt_comment":"0","content":"@ethereumJoseph @CNBC @NancyCNBC @tanvirgill2 So I’m not allowed to watch the segment? #sad","url":"https://twitter.com/GonzoFinance/status/1364020717252206593","username":"Raoul Duke"},{"relevant_topic_guid":"b488f95caa715ff5a33e4737cceb968a","cnt_retweet":"0","publish_time":"20210223172452","page_action_type":"08","cnt_agree":"1","topic_guid":"63276c40dee478d307ab7e8131c7a240","userid":"OSMSZR","cnt_comment":"0","content":"@ethereumJoseph @CNBC @NancyCNBC @tanvirgill2 Vous souhaitez rencontrer une infrastructure qui effectue 1 million de transactions en 1 seconde? Mydexchain #dexchain #speedoflightmydexchain","url":"https://twitter.com/OSMSZR/status/1364144181900410880","username":"Osman SEZER"},{"relevant_topic_guid":"63c134f35b4e38d30ca08153a83f00fb","cnt_retweet":"0","publish_time":"20210303110513","page_action_type":"08","cnt_agree":"1","topic_guid":"581c72f1231532f6cd7d1e5a1205767c","userid":"ShenzhenCity","cnt_comment":"0","content":"The spread of the system is getting some momentum, I’ve seen this notice on my hairdresser cashier desk.","url":"https://twitter.com/ShenzhenCity/status/1366947743973789696","username":"Shenzhen"},{"relevant_topic_guid":"b488f95caa715ff5a33e4737cceb968a","cnt_retweet":"0","publish_time":"20210225214722","page_action_type":"08","cnt_agree":"0","topic_guid":"c283d0d7bf3a401552e40f00a386754f","userid":"nathandodd18","cnt_comment":"0","content":"@ethereumJoseph @CNBC @NancyCNBC @tanvirgill2 I\u0027ll help 50 people earn $7000 daily  but you will pay me 10% of your profit when you receive your profit. https://t.co/rVh0kDk3RP","url":"https://twitter.com/nathandodd18/status/1364935019828023308","username":"nathan dodd"},{"relevant_topic_guid":"b488f95caa715ff5a33e4737cceb968a","cnt_retweet":"0","publish_time":"20210223085708","page_action_type":"08","cnt_agree":"0","topic_guid":"d3d1ead00783a2c113400b0dccbe7381","userid":"ivtvn6198","cnt_comment":"0","content":"@ethereumJoseph @CNBC @NancyCNBC @tanvirgill2 ETH is priced lower than its real value. Upcoming solutions are expected to solve this problem*","url":"https://twitter.com/ivtvn6198/status/1364016406321270784","username":"Son ROku"},{"relevant_topic_guid":"70a2b15bc4f367e15ce0bdd361635c08","cnt_retweet":"0","publish_time":"20210405103902","page_action_type":"08","cnt_agree":"0","topic_guid":"f9aa1bd1ae14a8e96f2e146991316e74","userid":"novicus","cnt_comment":"0","content":"@nfergus https://t.co/XBEnPtgqST","url":"https://twitter.com/novicus/status/1378899955796996104","username":"@novicus"},{"relevant_topic_guid":"70a2b15bc4f367e15ce0bdd361635c08","cnt_retweet":"0","publish_time":"20210405035245","page_action_type":"08","cnt_agree":"0","topic_guid":"70a7947c4afdf3a8f8cfa183db3c3bb7","userid":"MyKeysMyBTC","cnt_comment":"0","content":"@nfergus @AMERICANHODL3 https://t.co/JUCSEohHt0","url":"https://twitter.com/MyKeysMyBTC/status/1378797708727697413","username":"₿HOLR [*|⚡]"},{"relevant_topic_guid":"70a2b15bc4f367e15ce0bdd361635c08","cnt_retweet":"0","publish_time":"20210405121518","page_action_type":"08","cnt_agree":"1","topic_guid":"1a37227738fcdc0fdf978046008a68e8","userid":"galt_the","cnt_comment":"0","content":"@nfergus And what? Let you drive the world into bankruptcy?","url":"https://twitter.com/galt_the/status/1378924181216104448","username":"Alex Pryazhnikov"},{"relevant_topic_guid":"70a2b15bc4f367e15ce0bdd361635c08","cnt_retweet":"0","publish_time":"20210404222613","page_action_type":"08","cnt_agree":"0","topic_guid":"ea34a10b7e7706b2ab578c1754455314","userid":"jarrodf_","cnt_comment":"0","content":"@nfergus Those pesky Dems. Everyone knows the only good fiscal stimulus is rich tax cuts. Those are the good deficits. Those are good government programs. Gini coefficients are for Marxists and people obsessed with facts and quality of life for for the majority of the population.","url":"https://twitter.com/jarrodf_/status/1378715533952966663","username":"Jarrod"},{"relevant_topic_guid":"70a2b15bc4f367e15ce0bdd361635c08","cnt_retweet":"0","publish_time":"20210405011057","page_action_type":"08","cnt_agree":"0","topic_guid":"fe04a5259c306b8207986de3dd9192a0","userid":"Z_from_Poland","cnt_comment":"0","content":"@nfergus Side remark: if you pay your son with money (no matter if paper or digital) for the doing the dishes, you spoil the child.","url":"https://twitter.com/Z_from_Poland/status/1378756991972225025","username":"Zbigniew J"},{"relevant_topic_guid":"4be3b6fbc983a575e7d315b3fb8615e1","cnt_retweet":"0","publish_time":"20201227074900","page_action_type":"08","cnt_agree":"0","topic_guid":"09014b4edf91c1f83fd497c53f16eea3","userid":"graylanj","cnt_comment":"0","content":"@APompliano @jack I think every american needs to watch CGTN for a change. They will wake up quickly to what is happening here. https://t.co/uVh6X5HB0n","url":"https://twitter.com/graylanj/status/1342980765425029122","username":"Graylan"},{"relevant_topic_guid":"70a2b15bc4f367e15ce0bdd361635c08","cnt_retweet":"0","publish_time":"20210406232755","page_action_type":"08","cnt_agree":"1","topic_guid":"5d06b15d8183497a02b1d3637f579346","userid":"incryptonyte","cnt_comment":"0","content":"@nfergus #xrpthestandard @Ripple","url":"https://twitter.com/incryptonyte/status/1379455839757537287","username":"Crypto Taylor"},{"relevant_topic_guid":"70a2b15bc4f367e15ce0bdd361635c08","cnt_retweet":"0","publish_time":"20210405150338","page_action_type":"08","cnt_agree":"0","topic_guid":"eca014ffa2b073954e34313614468a12","userid":"SimonJohnBowden","cnt_comment":"0","content":"@nfergus You can\u0027t tax Bitcoin or Ethereum. Governments exist to extract tax. Governments will eventually ban it.","url":"https://twitter.com/SimonJohnBowden/status/1378966545074896897","username":"Simon Bowden"},{"relevant_topic_guid":"70a2b15bc4f367e15ce0bdd361635c08","cnt_retweet":"0","publish_time":"20210405050902","page_action_type":"08","cnt_agree":"1","topic_guid":"22db6d80e463b16278cf05ee0e00cd7c","userid":"cmross1976","cnt_comment":"0","content":"@nfergus @AMERICANHODL3 I\u0027m not worried about China, they\u0027ll do something so nefarious with their cbdc, that will result in the world losing all trust in it as a currency.","url":"https://twitter.com/cmross1976/status/1378816905331507209","username":"Craig M. Ross"},{"relevant_topic_guid":"70a2b15bc4f367e15ce0bdd361635c08","cnt_retweet":"0","publish_time":"20210405162718","page_action_type":"08","cnt_agree":"0","topic_guid":"feb632b4a9db5eb73c647b1643f8ef80","userid":"luba6a2016","cnt_comment":"0","content":"@nfergus if it is not too late...","url":"https://twitter.com/luba6a2016/status/1378987600585879555","username":"Lubi4"},{"relevant_topic_guid":"70a2b15bc4f367e15ce0bdd361635c08","cnt_retweet":"0","publish_time":"20210406235121","page_action_type":"08","cnt_agree":"0","topic_guid":"2d8c1bb99ee1843a896da608fd2acda9","userid":"RichardJL7","cnt_comment":"0","content":"@nfergus To me, the future of money: $XRP, $XLM and $YFLR. Any country I want to live in would be happy to accept those. The USA could go behind, it doesn\u0027t matter anymore after the 2020 election.","url":"https://twitter.com/RichardJL7/status/1379461733849329666","username":"Dr. Trump ❤ ALGO IOTX QNT XRP XDC XLM"},{"relevant_topic_guid":"70a2b15bc4f367e15ce0bdd361635c08","cnt_retweet":"0","publish_time":"20210406025012","page_action_type":"08","cnt_agree":"0","topic_guid":"a953c2f98ebb51d73d9fe5caf62b79ad","userid":"nanjing87","cnt_comment":"0","content":"@nfergus Fantastic article. Unfortunately, I made the mistake of also reading most of the comments which undid all useful neural connectivity I had momentarily achieved. We are so early folks – people are cognitively fighting the inevitable and unstoppable paradigm shift under way.","url":"https://twitter.com/nanjing87/status/1379144356255371268","username":"Hodl McHodlface"},{"relevant_topic_guid":"70a2b15bc4f367e15ce0bdd361635c08","cnt_retweet":"0","publish_time":"20210406022922","page_action_type":"08","cnt_agree":"3","topic_guid":"972d32265a9bcdfedf69153f3a61e926","userid":"CryptoLawRev","cnt_comment":"0","content":"@nfergus “IOW, Bitcoin and Ethereum, as well as a great many other digital coins and tokens, are stateless money.”... umm, @nfergus ... “Ethereum” is a blockchain. Are you talking about $ETH or $DAI or $RAI or ... ?Would love to onboard you into “Ethereum” if ur serious, tho.","url":"https://twitter.com/CryptoLawRev/status/1379139115573252097","username":"Crypto Law Review"},{"relevant_topic_guid":"b488f95caa715ff5a33e4737cceb968a","cnt_retweet":"0","publish_time":"20210223091431","page_action_type":"08","cnt_agree":"0","topic_guid":"8497ff1e036fb511494c380ac48f975d","userid":"Seb1at","cnt_comment":"0","content":"@ethereumJoseph @CNBC @NancyCNBC @tanvirgill2 Have fun! Looking forward","url":"https://twitter.com/Seb1at/status/1364020781559275524","username":"KoSolutions"},{"relevant_topic_guid":"b488f95caa715ff5a33e4737cceb968a","cnt_retweet":"0","publish_time":"20210223085041","page_action_type":"08","cnt_agree":"0","topic_guid":"8520f27a20314887a89c61c9c8344dc3","userid":"SachaCohen2","cnt_comment":"0","content":"@ethereumJoseph @CNBC @NancyCNBC @tanvirgill2 Nice *","url":"https://twitter.com/SachaCohen2/status/1364014785935802369","username":"Sacha Cohen"},{"relevant_topic_guid":"d881e4d7262514f23816e7055c97e342","cnt_retweet":"0","publish_time":"20210223134832","page_action_type":"08","cnt_agree":"3","topic_guid":"fc328d323fef90f76ee47381ac6f54a9","userid":"rasheedguo","cnt_comment":"0","content":"Instead of thinking of DC/EP as a CBDC you should think of it as.... (unironically) an electronic payment system designed by the PBoC. More like Alipay less like cash. https://t.co/mxKlIsqw4E","url":"https://twitter.com/rasheedguo/status/1364089739511533569","username":"Rasheed Griffith"},{"relevant_topic_guid":"892bed97d7c4cf4260e1eaa07498e5fa","cnt_retweet":"0","publish_time":"20210413123710","page_action_type":"08","cnt_agree":"1","topic_guid":"81bbfdaaf3cda8e59cad72b80445a586","userid":"28161613Y","cnt_comment":"0","content":"@KUI__YANG 冚唪唥换成区块链……反正都是归零","url":"https://twitter.com/28161613Y/status/1381828787055128578","username":"迦南封境"},{"relevant_topic_guid":"fe72514ca1ea5b102ff23f5e5d622a46","cnt_retweet":"0","publish_time":"20210223175939","page_action_type":"08","cnt_agree":"0","topic_guid":"9585e7e0f92596790ef64cde1edbc974","userid":"Francesc_Forex","cnt_comment":"0","content":"HSBC 2/2: The digital EUR appears to be part of the ECB’s strategy of strengthening the EUR’s internationalisation, in our view","url":"https://twitter.com/Francesc_Forex/status/1364152936541126659","username":"Francesc Riverola - FXStreet.com *"},{"relevant_topic_guid":"a7ad0d6d03710a6ae920b5f7921cbb49","cnt_retweet":"0","publish_time":"20210410075638","page_action_type":"08","cnt_agree":"1","topic_guid":"ae698844a686738de9dc5907492056fd","userid":"NancySa56108086","cnt_comment":"0","content":"@VOAChinese 假装淡定","url":"https://twitter.com/NancySa56108086/status/1380671023213780993","username":"Kliminho"},{"relevant_topic_guid":"a7ad0d6d03710a6ae920b5f7921cbb49","cnt_retweet":"2","publish_time":"20210410074951","page_action_type":"08","cnt_agree":"19","topic_guid":"c6737b9bcef194ae9fed83d98fb4fca8","userid":"AAXMM","cnt_comment":"0","content":"@VOAChinese 这就叫美国淡定吗？ https://t.co/bLSM2o43p6","url":"https://twitter.com/AAXMM/status/1380669315666518017","username":"迷视界"},{"relevant_topic_guid":"a7ad0d6d03710a6ae920b5f7921cbb49","cnt_retweet":"0","publish_time":"20210410075041","page_action_type":"08","cnt_agree":"7","topic_guid":"dbe8b94b657631c77cd109aadbeb06fe","userid":"OfRockley","cnt_comment":"0","content":"@VOAChinese 不是金融专业的小编，果然对这一领域缺乏了解，央行和穆长春的话全被误解。再说了，中国央行推出数字货币，都是和美联储欧央行英央行充分交流沟通的。以为像你们美国之音一样闭门造车那，笑死人了。","url":"https://twitter.com/OfRockley/status/1380669527738961922","username":"King of Rock"},{"relevant_topic_guid":"a7ad0d6d03710a6ae920b5f7921cbb49","cnt_retweet":"0","publish_time":"20210410080836","page_action_type":"08","cnt_agree":"1","topic_guid":"f2ec7535df8731a908288bf5c2fcb37a","userid":"huzhigang988","cnt_comment":"0","content":"@VOAChinese 下面攥着蛋蛋，上面装淡定！","url":"https://twitter.com/huzhigang988/status/1380674036695494656","username":"推不好使劲推"},{"relevant_topic_guid":"a7ad0d6d03710a6ae920b5f7921cbb49","cnt_retweet":"0","publish_time":"20210410075116","page_action_type":"08","cnt_agree":"4","topic_guid":"3cdefbb08c983c48b0a07a9b961f5563","userid":"xfji_bill","cnt_comment":"0","content":"@VOAChinese 我们的目标从来都不是超过或撼动你们，我们的目标是建设一个更好的中国","url":"https://twitter.com/xfji_bill/status/1380669672299712512","username":"Ji"},{"relevant_topic_guid":"a7ad0d6d03710a6ae920b5f7921cbb49","cnt_retweet":"0","publish_time":"20210410080811","page_action_type":"08","cnt_agree":"0","topic_guid":"5927872659cce06abd936561151b3994","userid":"Andy6Dai","cnt_comment":"0","content":"@VOAChinese 人民币是唯一的大币 没有自由兑换！","url":"https://twitter.com/Andy6Dai/status/1380673930084683781","username":"Anqi Dai 戴安琪"},{"relevant_topic_guid":"a7ad0d6d03710a6ae920b5f7921cbb49","cnt_retweet":"0","publish_time":"20210410074844","page_action_type":"08","cnt_agree":"1","topic_guid":"3fbb7b85195494b39cd33c7fe1aab50c","userid":"WBZlV12SvYgIVX6","cnt_comment":"0","content":"@VOAChinese 中共纳粹政权要瓦解美国等民主制度的决心是坚定不移的","url":"https://twitter.com/WBZlV12SvYgIVX6/status/1380669035407409152","username":"爱中国恐中共"},{"relevant_topic_guid":"952220e85e7db4f2da4a3481acb76452","cnt_retweet":"0","publish_time":"20201221101422","page_action_type":"08","cnt_agree":"0","topic_guid":"f01f380d0c555609f6dcc035c04397a9","userid":"sadiwahyuhwhats","cnt_comment":"0","content":"If the digital currency is to be traded across borders, it should be based on retail. Under such circumstances, we should also respect policies and legal provisions in different jurisdictions,","url":"https://twitter.com/sadiwahyuhwhats/status/1340843019868758020","username":"sadi richards"},{"relevant_topic_guid":"57d77d2b25e5c95fab93daad80b448f1","cnt_retweet":"0","publish_time":"20210105172516","page_action_type":"08","cnt_agree":"1","topic_guid":"1f28988eb98d7ad761e89100993e3366","userid":"GreenWalker92","cnt_comment":"0","content":"@Thomas_Husson @fr_schaeffer C\u0027est surtout une reprise en main par le PCC du système de paiement. Il ne faudra pas s\u0027étonner des conséquences..","url":"https://twitter.com/GreenWalker92/status/1346387280123097088","username":"Artemis☂️**"},{"relevant_topic_guid":"a7ad0d6d03710a6ae920b5f7921cbb49","cnt_retweet":"0","publish_time":"20210410080947","page_action_type":"08","cnt_agree":"2","topic_guid":"a69f068ae6e95de74298fa98a518cec1","userid":"Yipki8","cnt_comment":"0","content":"@VOAChinese 中国有自己的计划，","url":"https://twitter.com/Yipki8/status/1380674333358497794","username":"Yipki"},{"relevant_topic_guid":"a7ad0d6d03710a6ae920b5f7921cbb49","cnt_retweet":"0","publish_time":"20210410082350","page_action_type":"08","cnt_agree":"0","topic_guid":"9d0e0600a4cb063cc26f0c319b34cc8d","userid":"gluttony0512","cnt_comment":"0","content":"@VOAChinese 美国之阴的小编最好当了，只要会打字就行","url":"https://twitter.com/gluttony0512/status/1380677867478999043","username":"饕餮"},{"relevant_topic_guid":"64ba221a4a782a300113f6964f5a275b","cnt_retweet":"0","publish_time":"20210825170154","page_action_type":"08","cnt_agree":"0","topic_guid":"11e1d3d929c7358cd021e4b00b5f38fd","userid":"DemonicMegazord","cnt_comment":"0","content":"@cnLedger Today I would like to share something NEW *@CryptoFactory_ is finally here !They will share with us their new safe FairLaunch before their releases ! *Go follow them, there will be big announcements soon!https://t.co/Qg66cwbed9#cryptofactory #GEM","url":"https://twitter.com/DemonicMegazord/status/1430455383366176770","username":"Demonic Megazord"},{"relevant_topic_guid":"9a5c409def7cfd46eea67aafb8009e1b","cnt_retweet":"0","publish_time":"20201221095915","page_action_type":"08","cnt_agree":"0","topic_guid":"25c94a1834c4d7940f19ba7a65c0ecac","userid":"sadiwahyuhwhats","cnt_comment":"0","content":"All these potential problems are worthy of study. The driving force of DC/EP research and development, pilots and possible promotion in the future will be mainly from the demand side,","url":"https://twitter.com/sadiwahyuhwhats/status/1340839217950240768","username":"sadi richards"},{"relevant_topic_guid":"a7ad0d6d03710a6ae920b5f7921cbb49","cnt_retweet":"0","publish_time":"20210410084125","page_action_type":"08","cnt_agree":"0","topic_guid":"c6a5ecd24cb2af1646e9e927e34f7e95","userid":"Fong70457121","cnt_comment":"0","content":"@VOAChinese 因为美国不断印钞受苦的是用美元储备的国家","url":"https://twitter.com/Fong70457121/status/1380682293681868800","username":"2035年统一台湾"},{"relevant_topic_guid":"a7ad0d6d03710a6ae920b5f7921cbb49","cnt_retweet":"0","publish_time":"20210410081135","page_action_type":"08","cnt_agree":"0","topic_guid":"d7534a0c7cf901b01f7c88b2dfaf58ab","userid":"wendu22352939","cnt_comment":"0","content":"@VOAChinese 是无能为力、无可奈何了","url":"https://twitter.com/wendu22352939/status/1380674787706556424","username":"wendu"},{"relevant_topic_guid":"a7ad0d6d03710a6ae920b5f7921cbb49","cnt_retweet":"0","publish_time":"20210410082631","page_action_type":"08","cnt_agree":"1","topic_guid":"78cd547a7a70cc58d24dd2f20f0c2085","userid":"7Q6vgn3Mf9bLdBb","cnt_comment":"0","content":"@VOAChinese 货币依赖的是军队，而不是什么竞争。这就是美国人在军队上投入那么多的原因。","url":"https://twitter.com/7Q6vgn3Mf9bLdBb/status/1380678544938831873","username":"雄风山"},{"relevant_topic_guid":"94644ac340b0d20bdbe3ae0676c0637b","cnt_retweet":"0","publish_time":"20201215031150","page_action_type":"08","cnt_agree":"0","topic_guid":"c65fb593a7abec4b6001868de47936ea","userid":"VeriDelisi","cnt_comment":"0","content":"@BCoeure Dear benoit, do you understand this article? I dont understand.The idea behind DC/EP is not completely the same with that underlying CBDC (central bank digital currency) that has been popular internationally.","url":"https://twitter.com/VeriDelisi/status/1338562359598731264","username":"Veridelisi | Shadowy Supereconomist"},{"relevant_topic_guid":"a7ad0d6d03710a6ae920b5f7921cbb49","cnt_retweet":"0","publish_time":"20210410075829","page_action_type":"08","cnt_agree":"17","topic_guid":"dd52b9060c510a3825f55e7a6de0bab7","userid":"Callmedeath8964","cnt_comment":"0","content":"@VOAChinese 货币国际化的大前提就是可以自由兑换，否则一切都是扯蛋。","url":"https://twitter.com/Callmedeath8964/status/1380671488521510912","username":"希澤林"},{"relevant_topic_guid":"a7ad0d6d03710a6ae920b5f7921cbb49","cnt_retweet":"0","publish_time":"20210412203717","page_action_type":"08","cnt_agree":"1","topic_guid":"5ad65b5647dc66fd52d48c868f77651e","userid":"wRPjiXiyCUIhdr9","cnt_comment":"0","content":"@VOAChinese 有本事不要求中国买美债","url":"https://twitter.com/wRPjiXiyCUIhdr9/status/1381587222990745600","username":"各色雪糕批零兼营"},{"relevant_topic_guid":"a7ad0d6d03710a6ae920b5f7921cbb49","cnt_retweet":"0","publish_time":"20210410145023","page_action_type":"08","cnt_agree":"1","topic_guid":"a3202384dfbb7cdf1e4cd1dbd0294636","userid":"ZGWWS","cnt_comment":"0","content":"@VOAChinese 不能自由兌換的人民屁，撼動美金！？洗腳盆死前是不可能了。","url":"https://twitter.com/ZGWWS/status/1380775149847252993","username":"祖国万万岁"},{"relevant_topic_guid":"a7ad0d6d03710a6ae920b5f7921cbb49","cnt_retweet":"0","publish_time":"20210413064140","page_action_type":"08","cnt_agree":"0","topic_guid":"dfd05997a71643e122d69dea174868b4","userid":"dkyphilharmonie","cnt_comment":"0","content":"@VOAChinese 随便印钱噶韭菜能不淡定吗","url":"https://twitter.com/dkyphilharmonie/status/1381739323880468483","username":"韩秀颀"},{"relevant_topic_guid":"a7ad0d6d03710a6ae920b5f7921cbb49","cnt_retweet":"0","publish_time":"20210410101114","page_action_type":"08","cnt_agree":"2","topic_guid":"a1a8e325f904c87fa2a5801985ead612","userid":"AlanNG68534039","cnt_comment":"0","content":"@VOAChinese @PDChinese 仅供内循环","url":"https://twitter.com/AlanNG68534039/status/1380704897197203458","username":"Alan Ng"},{"relevant_topic_guid":"64ba221a4a782a300113f6964f5a275b","cnt_retweet":"0","publish_time":"20210108044757","page_action_type":"08","cnt_agree":"0","topic_guid":"3b51bf318c494b9ccb4e6dd35e6abb65","userid":"Giorgi47244878","cnt_comment":"0","content":"@cnLedger @cnLegdger @cnLegdger","url":"https://twitter.com/Giorgi47244878/status/1347283855426904064","username":"Giorgi"},{"relevant_topic_guid":"2de6cb533aac6788953744b8a2fcb348","cnt_retweet":"0","publish_time":"20210107123535","page_action_type":"08","cnt_agree":"0","topic_guid":"c2572e1606df6498ba97bebdea7419d8","userid":"xds2000","cnt_comment":"0","content":"@drawpie 这和支付宝没区别么","url":"https://twitter.com/xds2000/status/1347039154681618433","username":"Tommy Xiao"},{"relevant_topic_guid":"ab483b58d3dd7d608904a9961f380210","cnt_retweet":"0","publish_time":"20210410222303","page_action_type":"08","cnt_agree":"0","topic_guid":"e7a3c0bd9c0cb0cfb68570560d7f1137","userid":"Tom00561419","cnt_comment":"0","content":"@ChineseWSJ 以小人之心度君子之腹****","url":"https://twitter.com/Tom00561419/status/1380889065885638657","username":"天地在我心"},{"relevant_topic_guid":"2de6cb533aac6788953744b8a2fcb348","cnt_retweet":"0","publish_time":"20210106194023","page_action_type":"08","cnt_agree":"5","topic_guid":"50895564218f3750d2cdfbdb016dfa31","userid":"drawpie","cnt_comment":"0","content":"$ETC is a totally decentralized coin, So I think China Reserve will consider it in 10 years.","url":"https://twitter.com/drawpie/status/1346783667968901120","username":"Kimi Sian-Yu Chen"},{"relevant_topic_guid":"ab483b58d3dd7d608904a9961f380210","cnt_retweet":"0","publish_time":"20210410215603","page_action_type":"08","cnt_agree":"0","topic_guid":"b82ae6e19148c32872e1729f773c1ff2","userid":"peterfather6","cnt_comment":"0","content":"@ChineseWSJ 数字化货币以后是趋势","url":"https://twitter.com/peterfather6/status/1380882270479847428","username":"peterfather"},{"relevant_topic_guid":"ab483b58d3dd7d608904a9961f380210","cnt_retweet":"0","publish_time":"20210410215534","page_action_type":"08","cnt_agree":"2","topic_guid":"61f299ad59a6134aff1a740fb67a5386","userid":"FootprintsFox","cnt_comment":"0","content":"@ChineseWSJ 美国掌控美元霸权，网络霸权，军事霸权，科技霸权，是个什么统治？","url":"https://twitter.com/FootprintsFox/status/1380882150354939910","username":"狐狸的脚印*"},{"relevant_topic_guid":"ab483b58d3dd7d608904a9961f380210","cnt_retweet":"0","publish_time":"20210410223508","page_action_type":"08","cnt_agree":"0","topic_guid":"53747293e95afd2b1874465f6ff80ef1","userid":"peixin_lu","cnt_comment":"0","content":"@ChineseWSJ 我孤陋寡闻，美国人都是用不受监管的现金？人家告诉我在美国不能去银行存一万，最多9999美元。通过银行走的钱不是监管？我是真心不懂。","url":"https://twitter.com/peixin_lu/status/1380892106277806081","username":"Lu Peixin"},{"relevant_topic_guid":"ab483b58d3dd7d608904a9961f380210","cnt_retweet":"0","publish_time":"20210410220137","page_action_type":"08","cnt_agree":"0","topic_guid":"787520bc3c2f204ceae47aa7d969b42a","userid":"word05392336","cnt_comment":"0","content":"@ChineseWSJ 美国骂着中共然后自己也在做同样的事...","url":"https://twitter.com/word05392336/status/1380883671800930317","username":"AtGary"},{"relevant_topic_guid":"ab483b58d3dd7d608904a9961f380210","cnt_retweet":"0","publish_time":"20210411021539","page_action_type":"08","cnt_agree":"0","topic_guid":"9aa2e1217e664a6d44f4d8199ac4e794","userid":"Aymeen48038079","cnt_comment":"0","content":"@ChineseWSJ 格局小了，数字化货币是盯着美元结算系统的。","url":"https://twitter.com/Aymeen48038079/status/1380947601772568578","username":"Aymeen"},{"relevant_topic_guid":"ab483b58d3dd7d608904a9961f380210","cnt_retweet":"0","publish_time":"20210410225840","page_action_type":"08","cnt_agree":"0","topic_guid":"a055d8803303f5afce91540012563661","userid":"puyaer","cnt_comment":"0","content":"@ChineseWSJ 川普可太羡慕老习了。哈哈","url":"https://twitter.com/puyaer/status/1380898029125857283","username":"關中噴子王"},{"relevant_topic_guid":"ab483b58d3dd7d608904a9961f380210","cnt_retweet":"0","publish_time":"20210411094414","page_action_type":"08","cnt_agree":"0","topic_guid":"2cb0ff0be84a41d60ec5546756a2d818","userid":"LaPU4L5guSQwqiP","cnt_comment":"0","content":"@ChineseWSJ 一派胡言，数字化货币只会冲击美元霸权！","url":"https://twitter.com/LaPU4L5guSQwqiP/status/1381060489950547969","username":"honghai"},{"relevant_topic_guid":"ab483b58d3dd7d608904a9961f380210","cnt_retweet":"0","publish_time":"20210411104920","page_action_type":"08","cnt_agree":"0","topic_guid":"b7455f33ea847ae2faccf347481af978","userid":"wubaowei","cnt_comment":"0","content":"@ChineseWSJ 还是像美国那样用纸币好，可以大量印让全世界为美国这个流氓买单，关键是纸币更方便病毒传播，这样有利于美国人口优化。","url":"https://twitter.com/wubaowei/status/1381076874672082947","username":"wbcw"},{"relevant_topic_guid":"ab483b58d3dd7d608904a9961f380210","cnt_retweet":"0","publish_time":"20210411003509","page_action_type":"08","cnt_agree":"0","topic_guid":"63027629e1ce184456f78bed1f8674a1","userid":"andy37056440","cnt_comment":"0","content":"@ChineseWSJ 呵呵，你们就扯吧，别把自己裤子扯下来哈。","url":"https://twitter.com/andy37056440/status/1380922308894748675","username":"andy"},{"relevant_topic_guid":"ab483b58d3dd7d608904a9961f380210","cnt_retweet":"0","publish_time":"20210410231936","page_action_type":"08","cnt_agree":"0","topic_guid":"ae6df0680d4277cdc47faf387c19fac9","userid":"kTXoo6pIZXKsJp4","cnt_comment":"0","content":"@ChineseWSJ 美元霸权受到挑战，你们慌了！哈哈哈哈","url":"https://twitter.com/kTXoo6pIZXKsJp4/status/1380903294944563204","username":"打你哟"},{"relevant_topic_guid":"ab483b58d3dd7d608904a9961f380210","cnt_retweet":"0","publish_time":"20210411031447","page_action_type":"08","cnt_agree":"0","topic_guid":"f3f4d7f5e72feb7b2d48fd9e92d23b4f","userid":"wwwyq9919894172","cnt_comment":"0","content":"@ChineseWSJ 好了，美式双标又来了，","url":"https://twitter.com/wwwyq9919894172/status/1380962481309319169","username":"期待"},{"relevant_topic_guid":"ab483b58d3dd7d608904a9961f380210","cnt_retweet":"0","publish_time":"20210411122010","page_action_type":"08","cnt_agree":"0","topic_guid":"a2dd2222ddb1ca08863e49d4f57dde6c","userid":"ozhulswzMm1ayCj","cnt_comment":"0","content":"@ChineseWSJ 石油结算非美元化，看你美帝还天天发债不","url":"https://twitter.com/ozhulswzMm1ayCj/status/1381099731095449601","username":"高山深海"},{"relevant_topic_guid":"ab483b58d3dd7d608904a9961f380210","cnt_retweet":"0","publish_time":"20210410235056","page_action_type":"08","cnt_agree":"3","topic_guid":"2113c246b711d3a2851ddd83587706ca","userid":"YHM74531288","cnt_comment":"0","content":"@ChineseWSJ https://t.co/d4yzszPRri","url":"https://twitter.com/YHM74531288/status/1380911181787918336","username":"也好名"},{"relevant_topic_guid":"ab483b58d3dd7d608904a9961f380210","cnt_retweet":"0","publish_time":"20210411104640","page_action_type":"08","cnt_agree":"0","topic_guid":"3686c0638c845b4881e83fd7c088f08d","userid":"wubaowei","cnt_comment":"0","content":"@ChineseWSJ Why do western countries make rumors about China\u0027s Xinjiang? Let\u0027s have a look https://t.co/Mu1tAAuAEI","url":"https://twitter.com/wubaowei/status/1381076201515667461","username":"wbcw"},{"relevant_topic_guid":"ab483b58d3dd7d608904a9961f380210","cnt_retweet":"0","publish_time":"20210411152348","page_action_type":"08","cnt_agree":"1","topic_guid":"5e479ba92cff37fc72f9e4a19fcabb7c","userid":"ItalyChinaTECH","cnt_comment":"0","content":"@ChineseWSJ 货币数字化意味着美元为中心的世界结算体系的瓦解。因为如果数字美元出现，那样会使美国政府得以实时追踪全世界人民的消费!  任何以美元为工具的交易都被将美国政府监控。所以 数字美元不能出现","url":"https://twitter.com/ItalyChinaTECH/status/1381145944444395523","username":"Panda熊猫居士 互fo"},{"relevant_topic_guid":"ab483b58d3dd7d608904a9961f380210","cnt_retweet":"0","publish_time":"20210411220816","page_action_type":"08","cnt_agree":"0","topic_guid":"7d7114f41cd1ccdb9784369a828413db","userid":"robertl41744775","cnt_comment":"0","content":"@ChineseWSJ 脑残吧，小编读过书吗，搞清楚什么是数字货币了吗。","url":"https://twitter.com/robertl41744775/status/1381247734481616901","username":"robertliu"},{"relevant_topic_guid":"ab483b58d3dd7d608904a9961f380210","cnt_retweet":"0","publish_time":"20210411105903","page_action_type":"08","cnt_agree":"0","topic_guid":"4d937cca5a84f1c7f48576472f6e7621","userid":"jsjhpzw","cnt_comment":"0","content":"@ChineseWSJ 最根本原因是数字货币动摇了美元全球收割机功能，一但普及，米国再也不能把通货膨胀输出全世界了","url":"https://twitter.com/jsjhpzw/status/1381079320718757891","username":"Martin"},{"relevant_topic_guid":"ddd1df2f429b31a7422d3feb52dc37ec","cnt_retweet":"0","publish_time":"20201221095733","page_action_type":"08","cnt_agree":"0","topic_guid":"dc5347bf72fcd37a8b3559264f710259","userid":"sadiwahyuhwhats","cnt_comment":"0","content":"The second-tier entities can cooperate with each other, depending on their understanding of payment products and technical framework.","url":"https://twitter.com/sadiwahyuhwhats/status/1340838789791543297","username":"sadi richards"},{"relevant_topic_guid":"ab483b58d3dd7d608904a9961f380210","cnt_retweet":"0","publish_time":"20210412080459","page_action_type":"08","cnt_agree":"0","topic_guid":"154aeaf975aac9b5b6263c089c66e11b","userid":"JackyHu78760318","cnt_comment":"0","content":"@ChineseWSJ 其实美元主导的金融体系本身没什么的；只是美国靠美元对全世界进行吸血，而且是无耻的那种----这就让人不爽了。","url":"https://twitter.com/JackyHu78760318/status/1381397902145191936","username":"Jack Hoo"},{"relevant_topic_guid":"ab483b58d3dd7d608904a9961f380210","cnt_retweet":"0","publish_time":"20210411180957","page_action_type":"08","cnt_agree":"0","topic_guid":"065868dfd5df86fcc6dd1b6be2ba238c","userid":"voicefromxc","cnt_comment":"0","content":"@ChineseWSJ Ridiculous! except cash, any payment including credit card could be traced and analyzed. Do you want to use cash only and forever?","url":"https://twitter.com/voicefromxc/status/1381187758719262721","username":"voicefromxc"},{"relevant_topic_guid":"8b3bb1a6990924e83565b048126d0c38","cnt_retweet":"0","publish_time":"20210107225602","page_action_type":"08","cnt_agree":"1","topic_guid":"bb26bb093d70da6513e1f588860b89ee","userid":"rasheedguo","cnt_comment":"0","content":"@cnLedger is there a limit on the number of offline payments that can be made?","url":"https://twitter.com/rasheedguo/status/1347195295642374146","username":"Rasheed Griffith"},{"relevant_topic_guid":"a7ad0d6d03710a6ae920b5f7921cbb49","cnt_retweet":"0","publish_time":"20210410074251","page_action_type":"08","cnt_agree":"6","topic_guid":"f7ae410b956212066c3c5cd262d518a6","userid":"Michae1_MOHAMED","cnt_comment":"0","content":"@VOAChinese Q币撼树","url":"https://twitter.com/Michae1_MOHAMED/status/1380667556399181833","username":"Michael Mohammed"},{"relevant_topic_guid":"a7ad0d6d03710a6ae920b5f7921cbb49","cnt_retweet":"0","publish_time":"20210410080035","page_action_type":"08","cnt_agree":"0","topic_guid":"1b39949686c7f6b638c263e483056a98","userid":"sunlemond007","cnt_comment":"0","content":"@VOAChinese 蛋定一次用的好","url":"https://twitter.com/sunlemond007/status/1380672018618585088","username":"sunlemond007"},{"relevant_topic_guid":"ad6c9e91f9e175025aa82605da211d32","cnt_retweet":"0","publish_time":"20210410080157","page_action_type":"08","cnt_agree":"0","topic_guid":"b6b042aec41fac1d3a242cde946bb922","userid":"goat0x","cnt_comment":"0","content":"@luogl 人家都刷脸了好伐.. 整个国家做成一个amazon go才是好文明","url":"https://twitter.com/goat0x/status/1380672362425688066","username":"مسخن"},{"relevant_topic_guid":"a7ad0d6d03710a6ae920b5f7921cbb49","cnt_retweet":"0","publish_time":"20210410081934","page_action_type":"08","cnt_agree":"28","topic_guid":"ecf72befacdcfc353257c25589ebc7fd","userid":"Ianxu18","cnt_comment":"0","content":"@VOAChinese 什么时候贪官喜欢RMB，在海外账户只存RMB了，什么时候就可以撼动美元了。","url":"https://twitter.com/Ianxu18/status/1380676796438474754","username":"ian易云天"},{"relevant_topic_guid":"ca2b5d03f4d33ffc0e7410458901cb2b","cnt_retweet":"0","publish_time":"20210409215004","page_action_type":"08","cnt_agree":"1","topic_guid":"2dbf02305ed8b1427230ceab70115036","userid":"sakiop225","cnt_comment":"0","content":"google translationジャパンタイムズエピデミック後の時代では、中国がより信頼を得る限り、デジタル人民元は米ドルベースの国際金融メカニズムに真に挑戦することができます。","url":"https://twitter.com/sakiop225/status/1380518377022648325","username":"有 you"},{"relevant_topic_guid":"a7ad0d6d03710a6ae920b5f7921cbb49","cnt_retweet":"0","publish_time":"20210410081952","page_action_type":"08","cnt_agree":"0","topic_guid":"9adf5e78acafc56ba9cac1b7395df1d1","userid":"SmileRichard01","cnt_comment":"0","content":"@VOAChinese 美国会不会封锁人民币？","url":"https://twitter.com/SmileRichard01/status/1380676871449243648","username":"Richard"},{"relevant_topic_guid":"a7ad0d6d03710a6ae920b5f7921cbb49","cnt_retweet":"0","publish_time":"20210410094350","page_action_type":"08","cnt_agree":"8","topic_guid":"3d280ef4907d44485b23b199f62c167e","userid":"MiniFunKevin","cnt_comment":"0","content":"@VOAChinese 这可不依你美国同意不同意*","url":"https://twitter.com/MiniFunKevin/status/1380698003061702657","username":"Kevin Dare*"},{"relevant_topic_guid":"a7ad0d6d03710a6ae920b5f7921cbb49","cnt_retweet":"0","publish_time":"20210410084718","page_action_type":"08","cnt_agree":"3","topic_guid":"269e6181bf3ebe86b8a8f021deaeef1d","userid":"VhkZY49Gv5JVz2X","cnt_comment":"0","content":"@VOAChinese 避免数字货币“美元化”。这句话已经表明了中共的狼子野心了。","url":"https://twitter.com/VhkZY49Gv5JVz2X/status/1380683776129294336","username":"欲静9+"},{"relevant_topic_guid":"a7ad0d6d03710a6ae920b5f7921cbb49","cnt_retweet":"0","publish_time":"20210410090228","page_action_type":"08","cnt_agree":"6","topic_guid":"b2b63d4e57bed32f0caf36adaa9419bb","userid":"MayraHe31588116","cnt_comment":"0","content":"@VOAChinese 随着印钞机的不断印刷，美联储欲哭无泪*","url":"https://twitter.com/MayraHe31588116/status/1380687589867319301","username":"阿窄"},{"relevant_topic_guid":"70a2b15bc4f367e15ce0bdd361635c08","cnt_retweet":"0","publish_time":"20210528215136","page_action_type":"08","cnt_agree":"0","topic_guid":"51c8b9175da2d58cada07c8b6a251f3c","userid":"mrp","cnt_comment":"0","content":"@nfergus “money is trust inscribed, and it does not seem to matter much whether it is inscribed… on a liquid crystal display.Bitcoin is not an ideal medium of exchange [because its supply is fixed] but that’s not a fatal limitation. In many ways, it is Bitcoin’s unique advantage.” https://t.co/4nXa1CCk5y","url":"https://twitter.com/mrp/status/1398275768921120770","username":"Ron Pragides"},{"relevant_topic_guid":"70a2b15bc4f367e15ce0bdd361635c08","cnt_retweet":"0","publish_time":"20210404221623","page_action_type":"08","cnt_agree":"1","topic_guid":"50f61328f414dedf2cb9e4de686d7719","userid":"v4biha","cnt_comment":"0","content":"@nfergus as if countries give up control of their currency..get a grip NF..","url":"https://twitter.com/v4biha/status/1378713059804385281","username":"v4biha"},{"relevant_topic_guid":"70a2b15bc4f367e15ce0bdd361635c08","cnt_retweet":"0","publish_time":"20210404234255","page_action_type":"08","cnt_agree":"6","topic_guid":"072c1f0bc9b843f37a01ea1ac5c2a212","userid":"noorg420","cnt_comment":"0","content":"@nfergus Whoever doesn’t believe in crypto is a living advertisement that they enjoy living in the past","url":"https://twitter.com/noorg420/status/1378734836379045894","username":"Noor Gupta"},{"relevant_topic_guid":"70a2b15bc4f367e15ce0bdd361635c08","cnt_retweet":"0","publish_time":"20210404230627","page_action_type":"08","cnt_agree":"0","topic_guid":"59275f50a49b3cb2e5990400308062bc","userid":"fookingods","cnt_comment":"0","content":"@nfergus @nsitharaman","url":"https://twitter.com/fookingods/status/1378725660907085827","username":"Nobody"},{"relevant_topic_guid":"70a2b15bc4f367e15ce0bdd361635c08","cnt_retweet":"0","publish_time":"20210405010623","page_action_type":"08","cnt_agree":"0","topic_guid":"b79e29b6d5172f665d8873c814344c25","userid":"2x109O","cnt_comment":"0","content":"@nfergus BLEGH calling fiat currency garbage \"money\" just makes my skin crawl","url":"https://twitter.com/2x109O/status/1378755842736934912","username":"2X109"},{"relevant_topic_guid":"70a2b15bc4f367e15ce0bdd361635c08","cnt_retweet":"0","publish_time":"20210405002454","page_action_type":"08","cnt_agree":"0","topic_guid":"792c9a571e9795be4c39fad0c06414b4","userid":"getserious1234","cnt_comment":"0","content":"@nfergus that “no one” foresaw???clearly “somebody” saw it coming...","url":"https://twitter.com/getserious1234/status/1378745403802222592","username":"getserious1234"},{"relevant_topic_guid":"70a2b15bc4f367e15ce0bdd361635c08","cnt_retweet":"1","publish_time":"20210404231545","page_action_type":"08","cnt_agree":"24","topic_guid":"68b635cbda2a2328ae451472feb67bda","userid":"Zach09658270","cnt_comment":"0","content":"@nfergus If America still stood for individual freedom the integration of bitcoin would be obvious.  Regulators and officials can’t stand the idea because it means they’d have to give up the power of controlling the money supply. The current monetary system is straight up anti-American.","url":"https://twitter.com/Zach09658270/status/1378728000422875140","username":"A Good Hill to Die On"},{"relevant_topic_guid":"70a2b15bc4f367e15ce0bdd361635c08","cnt_retweet":"0","publish_time":"20210405004641","page_action_type":"08","cnt_agree":"1","topic_guid":"9163d4fa018e4bd7643a381d00c47185","userid":"BoredCZ","cnt_comment":"0","content":"@nfergus In retrospect, it was inevitable","url":"https://twitter.com/BoredCZ/status/1378750884105097218","username":"BoredCZ"},{"relevant_topic_guid":"22b4e35452b3b5979a002638a35d289b","cnt_retweet":"0","publish_time":"20210317160830","page_action_type":"08","cnt_agree":"0","topic_guid":"8aca928753eb57585bb120de58672903","userid":"LIKEqiangCHN","cnt_comment":"0","content":"@PDChina 中南海发粮票啦！","url":"https://twitter.com/LIKEqiangCHN/status/1372097498337185799","username":"北大经济学博士、法学学士木子刻墙"},{"relevant_topic_guid":"70a2b15bc4f367e15ce0bdd361635c08","cnt_retweet":"0","publish_time":"20210405032356","page_action_type":"08","cnt_agree":"1","topic_guid":"ee349336276c83de47bff9cfbab257c4","userid":"JamesMcpickle77","cnt_comment":"0","content":"@nfergus @AMERICANHODL3 $25 for the dishes???? WTF bro youre fucking up child labor markets chill","url":"https://twitter.com/JamesMcpickle77/status/1378790456583147522","username":"ImtheMoneySkeleton"},{"relevant_topic_guid":"70a2b15bc4f367e15ce0bdd361635c08","cnt_retweet":"2","publish_time":"20210405012407","page_action_type":"08","cnt_agree":"2","topic_guid":"0b9e5b6bf8ddb259c9c8dcbb6d161f65","userid":"WinfieldSmart","cnt_comment":"0","content":"@nfergus https://t.co/KaiyMFxW4s","url":"https://twitter.com/WinfieldSmart/status/1378760304897691655","username":"Win Smart, CFA"},{"relevant_topic_guid":"70a2b15bc4f367e15ce0bdd361635c08","cnt_retweet":"0","publish_time":"20210405040603","page_action_type":"08","cnt_agree":"0","topic_guid":"0e1ff551087922cead1dae48a48a474d","userid":"dsalz_","cnt_comment":"0","content":"@nfergus Happy Ξthter **","url":"https://twitter.com/dsalz_/status/1378801057069989890","username":"Dimitri"},{"relevant_topic_guid":"70a2b15bc4f367e15ce0bdd361635c08","cnt_retweet":"0","publish_time":"20210405052001","page_action_type":"08","cnt_agree":"0","topic_guid":"03b033561b142a0fa00ba0db7ea964cb","userid":"mtlavo","cnt_comment":"0","content":"@nfergus Great piece. The US needs really needs to get with the program. Time is not on our side. And don’t sleep on the Metaverse. I believe Roblox and Fortnite are telling us something of the future","url":"https://twitter.com/mtlavo/status/1378819670988443649","username":"Mike Thomas_RUN A NODE"}]