[{"relevant_topic_guid":"d643f5429e0cc62e20b84bd3ede6a046","cnt_retweet":"0","publish_time":"20210915101003","page_action_type":"07","cnt_agree":"0","topic_guid":"d643f5429e0cc62e20b84bd3ede6a046","userid":"2474262417","cnt_comment":"0","content":"#猎犬快讯# 【#华为超7亿成立超聚变公司##华为超7亿在郑州成立新公司#】天眼查App显示，近日，超聚变数字技术有限公司成立，法定代表人为郑丽英，注册资本7.27亿人民币，注册地址在河南自贸试验区郑州片区（郑东），经营范围包括计算机信息系统安全专用产品销售；信息系统集成服务；人工智能双创服务平台；大数据服务等。股东信息显示，该公司由华为技术有限公司全资控股。（老板联播）","url":"https://m.weibo.cn/status/4681633221837904","username":"小猎犬商业资讯"},{"relevant_topic_guid":"0503844cc1843e5ba46d62b61301a2c8","cnt_retweet":"0","publish_time":"20210915101615","page_action_type":"07","cnt_agree":"0","topic_guid":"0503844cc1843e5ba46d62b61301a2c8","userid":"6460409821","cnt_comment":"0","content":"广东省：支持以区块链技术共建粤港澳征信链   世链财经消息，日前，广东省人民政府发布《广东省深入推进资本要素市场化配置改革行动方案》指出，支持深圳深化央行数字人民币应用创新试点，适时申请扩大试点城市范围，以区块链技术为基础，粤港澳共建征信链，促进粤港澳大湾区征信合作。   方案提出，以建设粤港澳大湾区国际金融枢纽与构建“一核一带一区”区域发展格局为根本，大力建设现代金融体系，深化资本市场、跨境金融、科创金融、普惠金融、绿色金融改革，拓展融资渠道，打造功能互补、内外联通的多层次资本市场，搭建境内外资金跨境流通桥梁。","url":"https://m.weibo.cn/status/4681634781596597","username":"世链财经"},{"relevant_topic_guid":"0f9a37ef2155b938afc8b6ff075e183c","cnt_retweet":"0","publish_time":"20210915101725","page_action_type":"07","cnt_agree":"0","topic_guid":"0f9a37ef2155b938afc8b6ff075e183c","userid":"7155665655","cnt_comment":"0","content":"比特币 区块链 ■ 香港中资银行业协会副总裁：让数字人民币在大湾区内自由流动 香港中资银行业协会副总裁陈永德表示，希望让资金及资讯在粤港澳三地自由流动，未来可以善用数字人民币，以及设立大湾区金融监管联席会议。 ■ 北大汇丰商学院金融硕士项目引入区块链与数字货币课程 北京大学汇丰商学院公布2022年硕士研究生招生信息，其中金融硕士项目（金融科技方向）引入区块链与数字货币课程。 ■ 欧洲央行管委：央行数字货币的成功取决于央行的信誉 欧洲央行管委魏德曼表示，央行数字货币的的成功取决于（央行的）信誉，而不是速度。 ■ 尼日利亚央行副行长：CBDC是比私人发行的加密货币更安全的选择 尼日利亚中央银行的副行长Folashodun Shonubi表示，该国即将推出的央行数字货币 e-naira将是“比私人发行的加密货币更安全的选择”。 #比特币# #BSV# #数字货币# #区块链#","url":"https://m.weibo.cn/status/4681635075722936","username":"CoinGeek_Official"},{"relevant_topic_guid":"b6bcb8fe7358488645bd5a6a7152d39e","cnt_retweet":"0","publish_time":"20210915081139","page_action_type":"07","cnt_agree":"0","topic_guid":"b6bcb8fe7358488645bd5a6a7152d39e","userid":"2606608101","cnt_comment":"0","content":"北京市推进数字人民币全场景试点 丽泽金融商务区成为“北京法定数字货币试验区” 网页链接","url":"https://m.weibo.cn/status/4681603425503113","username":"哈妮_nana"},{"relevant_topic_guid":"91e04996d612658c8e9eeb24f53ac84c","cnt_retweet":"0","publish_time":"20210915081134","page_action_type":"07","cnt_agree":"0","topic_guid":"91e04996d612658c8e9eeb24f53ac84c","userid":"2606608101","cnt_comment":"0","content":"聚焦2021服贸会 | 数字人民币真方便 衣食住行全覆盖 网页链接","url":"https://m.weibo.cn/status/4681603404792708","username":"哈妮_nana"},{"relevant_topic_guid":"d362e8a22c2f4341cbe691fb030bed6a","cnt_retweet":"0","publish_time":"20210915080003","page_action_type":"07","cnt_agree":"0","topic_guid":"d362e8a22c2f4341cbe691fb030bed6a","userid":"7189205571","cnt_comment":"0","content":"前美国商品期货交易委员会主席Chris Giancarlo表示数字人民币促进中国经济发展。 CoinDesk中文版的微博视频","url":"https://m.weibo.cn/status/4681600509936184","username":"CoinDesk中文版"},{"relevant_topic_guid":"e08b89b7b84e5f2fc9c59498601d51e5","cnt_retweet":"4","publish_time":"20210915075551","page_action_type":"07","cnt_agree":"11","topic_guid":"e08b89b7b84e5f2fc9c59498601d51e5","userid":"2405635012","cnt_comment":"4","content":"区块链快讯 | 09月15日 星期三 1、杭州2022亚运会发布3D版数字火炬，通过蚂蚁链实现链上发行与收藏 2、赛博数字实验室与秘宝达成深度合作，共同打造西游系列元宇宙 3、北大汇丰商学院金融硕士项目引入区块链与数字货币课程 4、河北省网信办联合有关部门开展虚拟货币挖矿和交易行为整治 5、安永集成Polygon协议与框架，以在以太坊上部署安永区块链解决方案 —内容源自网络— #区块链新闻# 、#数字人民币#、#元宇宙# 北京·上京新航线","url":"https://m.weibo.cn/status/4681599448515147","username":"辛泓睿"},{"relevant_topic_guid":"bc4218ad0bd9d6e1caa62cef2c2a7c70","cnt_retweet":"0","publish_time":"20210915084919","page_action_type":"07","cnt_agree":"0","topic_guid":"bc4218ad0bd9d6e1caa62cef2c2a7c70","userid":"5484769330","cnt_comment":"0","content":"【《广东省深入推进资本要素市场化配置改革行动方案》：粤港澳以区块链技术为基础共建征信链】金色财经报道，广东省人民政府昨日印发关于深入推进资本要素市场化配置改革行动方案的通知，方案提出，支持深圳深化央行数字人民币应用创新试点，适时申请扩大试点城市范围，以区块链技术为基础，粤港澳共建征信链，促进粤港澳大湾区征信合作。发展数字绿色金融，利用金融科技推动环境信息披露与共享，探索以区块链为基础的绿色资产交易。此外，方案还提出加快推进外资金融机构落地落户及推进人民币可自由使用和资本项目可兑换先行先试。 全球头部的数字货币交易平台: 【币安网】入口：网页链接 【火币网】入口：网页链接","url":"https://m.weibo.cn/status/4681612909084920","username":"7X24区块链"},{"relevant_topic_guid":"78639c69629d7e35ad460800fc83262f","cnt_retweet":"0","publish_time":"20210915083742","page_action_type":"07","cnt_agree":"0","topic_guid":"78639c69629d7e35ad460800fc83262f","userid":"2174978162","cnt_comment":"0","content":"在十四运金融服务专属团队全力推动下，全运村内数字人民币场景实现“多点覆盖”，第十四届全运会是数字人民币试点工作的重要支付场景，为推动数字人民币场景建设提供了条件，截止目前十四运数字人民币试点场景已覆盖运动员村、媒体记者村、技术官员村的多家重点商户。","url":"https://m.weibo.cn/status/4681609980151247","username":"魔贝"},{"relevant_topic_guid":"632e882633c113801cdbb75623c634e0","cnt_retweet":"0","publish_time":"20210915190354","page_action_type":"07","cnt_agree":"0","topic_guid":"632e882633c113801cdbb75623c634e0","userid":"2947651152","cnt_comment":"0","content":"跨越“数字鸿沟”|保障老年人金融消费安全 数字人民币也“适老”跨越“数字鸿沟”|保障老年人金融消费安全 数字人民币也“适老”","url":"https://m.weibo.cn/status/4681767568804624","username":"北京孝为先信息技术有限公司"},{"relevant_topic_guid":"07e4078773e07e141b87448363043b70","cnt_retweet":"0","publish_time":"20210915144924","page_action_type":"07","cnt_agree":"0","topic_guid":"07e4078773e07e141b87448363043b70","userid":"5085586067","cnt_comment":"0","content":"【红包】农行携手美团，领数字人民币红包，享低碳出行！【红包】农行携手美团，领数字人民币红包，享低碳出行！","url":"https://m.weibo.cn/status/4681703526760831","username":"中国农业银行湖北省分行"},{"relevant_topic_guid":"5286577d4a9470e6170bb9a99e8b3451","cnt_retweet":"0","publish_time":"20210915150319","page_action_type":"07","cnt_agree":"1","topic_guid":"5286577d4a9470e6170bb9a99e8b3451","userid":"2823776192","cnt_comment":"1","content":"【#华为在郑州成立超聚变公司# 注册资本超7亿】天眼查App显示，近日，超聚变数字技术有限公司成立，法定代表人为郑丽英，注册资本7.27亿人民币，注册地址在河南自贸试验区郑州片区（郑东）。CLF财视频的微博视频","url":"https://m.weibo.cn/status/4681707023763030","username":"王故里"},{"relevant_topic_guid":"1992a06f9dad84010ec917440bca679c","cnt_retweet":"0","publish_time":"20210915141005","page_action_type":"07","cnt_agree":"0","topic_guid":"1992a06f9dad84010ec917440bca679c","userid":"1056256050","cnt_comment":"0","content":"频频亮相的数字人民币好在哪儿？怎么用？多图读懂 频频亮相的数字人民币好在哪儿？怎么用？多图读懂","url":"https://m.weibo.cn/status/4681693632660045","username":"摆渡辽河"},{"relevant_topic_guid":"06cf7de82be1a52a6a86f1dd6591578c","cnt_retweet":"0","publish_time":"20210915142955","page_action_type":"07","cnt_agree":"1","topic_guid":"06cf7de82be1a52a6a86f1dd6591578c","userid":"5449334139","cnt_comment":"0","content":"【#华为在郑州成立超聚变公司# 注册资本超7亿】天眼查App显示，近日，超聚变数字技术有限公司成立，法定代表人为郑丽英，注册资本7.27亿人民币，注册地址在河南自贸试验区郑州片区（郑东）。CLF财视频的微博视频","url":"https://m.weibo.cn/status/4681698619164587","username":"麦穗视频"},{"relevant_topic_guid":"a58a69db33d3349ba4b7f823adc89caa","cnt_retweet":"0","publish_time":"20210915141321","page_action_type":"07","cnt_agree":"0","topic_guid":"a58a69db33d3349ba4b7f823adc89caa","userid":"5185572214","cnt_comment":"1","content":"【注册资本7.27亿元，华为在郑州成立超聚变公司】天眼查App显示，近日，超聚变数字技术有限公司成立，法定代表人为郑丽英，注册资本7.27亿人民币，注册地址在河南自贸试验区郑州片区（郑东），经营范围包括计算机信息系统安全专用产品销售；信息系统集成服务；人工智能双创服务平台；大数据服务等。股东信息显示，该公司由华为技术有限公司全资控股。 详情可戳：华为在郑州成立超聚变公司 注册资本7.27亿元","url":"https://m.weibo.cn/status/4681694449501254","username":"魅丽郑州"},{"relevant_topic_guid":"d2bdbeafb7df0b29f1436370655773b2","cnt_retweet":"0","publish_time":"20210915150002","page_action_type":"07","cnt_agree":"1","topic_guid":"d2bdbeafb7df0b29f1436370655773b2","userid":"6523505713","cnt_comment":"0","content":"大行数币钱包增速显著，功能趋丰富 数字人民币钱包是数字人民币的载体。从大行披露的数据来看，不论是个人钱包，还是对公钱包，数字人民币钱包开立都取得了明显成效，钱包功能也在不断丰富。 截至6月末，建银开立钱包723万余个、对公钱包119万余个，累计交易笔数达到2845万余笔、交易金额约189亿元。交行的个人钱包数量也突破了100万个，累计交易金额达25亿元，交易笔数近630万笔。 个人钱包已实现钱包余额根据约定自动归集至绑定银行账户、钱包支付余额不足时自动从协议账户兑出数字人民币补足差额完成交易、使用钱包进行一对多转账汇款等功能。实现了对公钱包通过企业手机银行、企业网银、柜面等渠道绑定本、他行账户，支持客户按约定自动实现母子钱包资金归集及分发，钱包余额智能转存银行账户等功能，满足用户资金分户管理、分账核算、资金增值等需求。 数字人民币钱包，尤其是数字人民币硬钱包形态也日渐丰富。为弥合“数字鸿沟”给老人、小孩、短期来华的境外居民等特定人群在支付时带来的不便性，开发了一系列无源可视钱包、便捷贴贴钱包、可穿戴钱包等产品，以满足大众的差异化需求，目前已获得良好的用户体验反馈。","url":"https://m.weibo.cn/status/4681706197749472","username":"币牛牛官方"},{"relevant_topic_guid":"cda27f0afe40fd3d0993a69709a051f4","cnt_retweet":"0","publish_time":"20210915142338","page_action_type":"07","cnt_agree":"0","topic_guid":"cda27f0afe40fd3d0993a69709a051f4","userid":"6070123123","cnt_comment":"0","content":"【中国银行与大连体育局发放数字币体育消费券】近日消息，由大连市体育局、大连新闻、中国银行大连市分行主办的2021大连体育产业嘉年华活动盛大启幕。本次活动将面向广大滨城市民推出总额高达180万元的数字人民币体育消费券，助力释放体育消费潜力，提振体育经济，为我市体育产业发展注入“体育+金融”的新动能。#体育产业新鲜事# 全文戳：网页链接","url":"https://m.weibo.cn/status/4681697037912813","username":"财旅运动家"},{"relevant_topic_guid":"1b4c9a47742906ae27032a9bb6b4078a","cnt_retweet":"1","publish_time":"20210915173700","page_action_type":"07","cnt_agree":"0","topic_guid":"1b4c9a47742906ae27032a9bb6b4078a","userid":"1678221494","cnt_comment":"0","content":"【工行探索智能兑换和组合支付 数字人民币可与存款互转】数字人民币是中国人民银行发行的数字形式的法定货币，定位为现金类支付凭证（M0），无利息无收益。随着数字人民币使用频率增多，数字人民币钱包中如果余额过多，用户不免会损失一些收益，如何应对？ 近日，据财新记者了解，工行手机银行App数字人民币钱包新增“智能兑换”和“组合支付”两项功能，目前尚处探索测试中。其中，“智能兑换”是指数字人民币可以自动转为活期存款，客户设置该功能即可享受自动转换、多样理财、自由定制活期计划等。“组合支付”是应对数字人民币钱包余额不足的情况，通过绑定银行账户，可自动充入数字人民币完成支付交易。工行探索智能兑换和组合支付 数字人民币可与存款互转","url":"https://m.weibo.cn/status/4681745700750537","username":"财新周刊"},{"relevant_topic_guid":"53ab71df34a710f8c74147591de013b0","cnt_retweet":"0","publish_time":"20210915143403","page_action_type":"07","cnt_agree":"0","topic_guid":"53ab71df34a710f8c74147591de013b0","userid":"5562580164","cnt_comment":"0","content":"【数字人民币试点推进加速】数字人民币试点持续推进且呈现加速之势。一方面，数字人民币试点场景“全面开花”，覆盖生活缴费、餐饮服务、交通出行、购物消费、政务服务等领域；另一方面，国有大行开立的数字人民币钱包增速显著，且钱包功能不断丰富。 业内人士表示，多地开展了真实用户试点验证和分批次大规模集中测试，充分检验数字人民币业务系统稳定性、产品易用性和场景适用性，取得了阶段性成果。不过，数字人民币规则制度仍有待完善、受理环境有待优化、支付体系有待健全。网页链接","url":"https://m.weibo.cn/status/4681699658827548","username":"数博会"},{"relevant_topic_guid":"1866edf5d2e670ea69f6d870eac89ebd","cnt_retweet":"0","publish_time":"20210915144407","page_action_type":"07","cnt_agree":"0","topic_guid":"1866edf5d2e670ea69f6d870eac89ebd","userid":"3191106110","cnt_comment":"0","content":"三亚将推出1000万元数字人民币红包活动 三亚市将于昨日正式开展“数字人民币 天涯任我游”活动，面向符合条件的三亚居民、非居民、游客，通过抽签发放数字人民币红包。红包共约2.8万个，红包金额分为200元、500元、800元三档，总计发放金额为1000万元。中签用户可以使用数字人民币红包在三亚指定线下商户进行消费。 广州将开通6条自动驾驶公交车运营线路 近日，15届154次市政府常务会议审议通过《广州公交集团自动驾驶便民线路项目运营方案》。《方案》提出，开通6条自动驾驶公交便民示范运营线路，配备自动驾驶车辆50台，这6条线路分别位于珠江新城、琶洲人工智能与数字经济试验区、广州塔、鱼珠软件CBD总部、国际生物医药价值创新园、天河软件园等区域。","url":"https://m.weibo.cn/status/4681702192449692","username":"车报导"},{"relevant_topic_guid":"b9df62ee0e7e5cdec8aee756ea97f065","cnt_retweet":"0","publish_time":"20210913092630","page_action_type":"07","cnt_agree":"0","topic_guid":"b9df62ee0e7e5cdec8aee756ea97f065","userid":"6599282968","cnt_comment":"0","content":"【北京法定数字货币试验区揭牌，将推进数字人民币全场景试点】 9月10日，在2021中国(北京)数字金融论坛获悉，中国人民银行数字货币研究所与北京丰台丽泽金融商务区共同设立的国家数字金融技术检测中心正式揭牌。在论坛现场，北京市金融监管局向丽泽金融商务区授牌“北京法定数字货币试验区”，助力丰台丽泽拓展特色金融科技应用场景，打造数字人民币技术与应用生态。（经济观察报）","url":"https://m.weibo.cn/status/4680897490845741","username":"金恪望潮科技"},{"relevant_topic_guid":"340b42e059150677314aafe08d812ce3","cnt_retweet":"0","publish_time":"20210913090217","page_action_type":"07","cnt_agree":"0","topic_guid":"340b42e059150677314aafe08d812ce3","userid":"1056256050","cnt_comment":"0","content":"华为鸿蒙OS推数字人民币服务：更安全便捷 华为鸿蒙OS推数字人民币服务：更安全便捷","url":"https://m.weibo.cn/status/4680891391280055","username":"摆渡辽河"},{"relevant_topic_guid":"7204baa52428da4ecc5a2858de5b8ccf","cnt_retweet":"1","publish_time":"20210913093450","page_action_type":"07","cnt_agree":"2","topic_guid":"7204baa52428da4ecc5a2858de5b8ccf","userid":"2405635012","cnt_comment":"0","content":"区块链快讯 | 09月13日 星期一 1、北京法定数字货币试验区揭牌，将推进数字人民币全场景试点 2、广西汽车集团区块链公司揭牌成立，持续推动区块链与汽车行业深度融合 3、支付宝发布《我不是胖虎》系列NFT，并将于9月16日推出亚运会数字火炬 4、Visa和中国银行将共同为北京2022年冬奥会量身定制适合的数字人民币产品 5、西门子：启动区块链工业产品碳足迹安全可信追溯项目 —内容源自网络— #区块链新闻# 、#数字人民币#、#元宇宙#","url":"https://m.weibo.cn/status/4680899586688321","username":"辛泓睿"},{"relevant_topic_guid":"c3507de444b99225c1a6467547292ff1","cnt_retweet":"0","publish_time":"20210913192008","page_action_type":"07","cnt_agree":"0","topic_guid":"c3507de444b99225c1a6467547292ff1","userid":"1810708204","cnt_comment":"0","content":"数字人民币，明天就去用掉它，","url":"https://m.weibo.cn/status/4681046878589745","username":"孔小爱"},{"relevant_topic_guid":"4b7340f354b556b1bb024cc0673b0208","cnt_retweet":"0","publish_time":"20210913202307","page_action_type":"07","cnt_agree":"0","topic_guid":"4b7340f354b556b1bb024cc0673b0208","userid":"2109032275","cnt_comment":"0","content":"#新闻看点# 2021年中国数字人民币场景化应用及趋势分析 2021年中国数字人民币场景化应用及趋势分析","url":"https://m.weibo.cn/status/4681062728600920","username":"支付圈频道"},{"relevant_topic_guid":"5432277d9a58715b480c244e99a831eb","cnt_retweet":"1","publish_time":"20210913200005","page_action_type":"07","cnt_agree":"0","topic_guid":"5432277d9a58715b480c244e99a831eb","userid":"1697486122","cnt_comment":"0","content":"三亚#数字人民币#红包消费活动即将到来，拉卡拉为三亚商户改造升级数币受理环境，并推出惠民推广活动。目前拉卡拉深度参与全部#数字人民币#试点城市的试点工作，并将继续通过技术创新，满足用户和商家更多数币使用需求。 拉卡拉的微博视频","url":"https://m.weibo.cn/status/4681056932334387","username":"拉卡拉"},{"relevant_topic_guid":"9b592d218f0d4f59b68d66b2d9815817","cnt_retweet":"0","publish_time":"20210913200149","page_action_type":"07","cnt_agree":"1","topic_guid":"9b592d218f0d4f59b68d66b2d9815817","userid":"6396634787","cnt_comment":"0","content":"#美好辽宁欢迎您##百年风华连心向党#【大连发放数字人民币体育消费券】9月13日上午10时，由大连市体育局、大连新闻传媒集团、中国银行大连市分行主办的大连体育产业嘉年华在线上正式启幕。本届体育产业嘉年华首次引入“数字人民币消费券”活动，活动期间，将面向市民推出总额高达180万元的数字人民币体育消费券，分四期推出。开幕式当天，首批9000张数字人民币消费券正式推出。9月13日至10月8日，市民可通过大连体育微信公众号、中国银行手机银行APP、“中银运动+”小程序、中国银行大连市分行微信公众号任意渠道，以自愿报名的形式申领体育消费券。详情点击→大连发放数字人民币体育消费券！（文字：毛雪梅）","url":"https://m.weibo.cn/status/4681057368017200","username":"大连发布"},{"relevant_topic_guid":"d32fb51b75b1cf57b6adf9ddc8915d2e","cnt_retweet":"0","publish_time":"20210912233107","page_action_type":"07","cnt_agree":"0","topic_guid":"d32fb51b75b1cf57b6adf9ddc8915d2e","userid":"1201123261","cnt_comment":"0","content":"【报道热点】中国在人民币国际化的道路上已经展开了布局，除了正在大力推广的数字人民币，还将目光转向了大宗 石油交易将用人民币结算！美元霸权走向崩溃，中国被世界认可 网页链接","url":"https://m.weibo.cn/status/4680747653531398","username":"求知斋"},{"relevant_topic_guid":"549f1a43f4da7e688ad9314769f0f796","cnt_retweet":"0","publish_time":"20210912232539","page_action_type":"07","cnt_agree":"0","topic_guid":"549f1a43f4da7e688ad9314769f0f796","userid":"2808041290","cnt_comment":"0","content":"推广数字人民币，就是为了不让美国突然断了Swift。","url":"https://m.weibo.cn/status/4680746276489121","username":"一份奶茶不要钱"},{"relevant_topic_guid":"acbe4e99b03825cdd7b83e870e186473","cnt_retweet":"0","publish_time":"20210912230318","page_action_type":"07","cnt_agree":"0","topic_guid":"acbe4e99b03825cdd7b83e870e186473","userid":"1973050407","cnt_comment":"0","content":"【大湾区、大未来】“十四五”期间广州谋划争取数字人民币试点 网页链接","url":"https://m.weibo.cn/status/4680740652976005","username":"Henron丨Chan"},{"relevant_topic_guid":"9e4beb149c2612e78a266040633899c8","cnt_retweet":"0","publish_time":"20210912230313","page_action_type":"07","cnt_agree":"0","topic_guid":"9e4beb149c2612e78a266040633899c8","userid":"1973050407","cnt_comment":"0","content":"【大湾区、大未来】“十四五”期间广州谋划争取数字人民币试点 网页链接","url":"https://m.weibo.cn/status/4680740630958511","username":"Henron丨Chan"},{"relevant_topic_guid":"89e401fb477e84dc03773f480a03b9f6","cnt_retweet":"0","publish_time":"20210913220600","page_action_type":"07","cnt_agree":"0","topic_guid":"89e401fb477e84dc03773f480a03b9f6","userid":"2622056220","cnt_comment":"0","content":"【大连发放数字人民币体育消费券】9月13日上午10时，由大连市体育局、大连新闻传媒集团、中国银行大连市分行主办的大连体育产业嘉年华在线上正式启幕。本届体育产业嘉年华首次引入“数字人民币消费券”活动，活动期间，将面向市民推出总额高达180万元的数字人民币体育消费券，分四期推出。开幕式当天，首批9000张数字人民币消费券正式推出。9月13日至10月8日，市民可通过大连体育微信公众号、中国银行手机银行APP、“中银运动+”小程序、中国银行大连市分行微信公众号任意渠道，以自愿报名的形式申领体育消费券。#美好辽宁欢迎您##百年风华连心向党# 详见↓（@大连发布 文字：毛雪梅）","url":"https://m.weibo.cn/status/4681088624757150","username":"新闻大连"},{"relevant_topic_guid":"c965dd8a52a40759f463ff22eb78a27d","cnt_retweet":"0","publish_time":"20210913230158","page_action_type":"07","cnt_agree":"0","topic_guid":"c965dd8a52a40759f463ff22eb78a27d","userid":"2752375765","cnt_comment":"0","content":"【#文和友成立零售公司# 经营范围含生活美容服务等】天眼查显示，近日，文特友（深圳）零售有限公司成立，注册资本100万人民币，法定代表人为凌钰清，经营范围包括玩具、动漫及游艺用品销售；数字文化创意技术装备销售；食品互联网销售；生活美容服务等。股东信息显示，该公司由文和友投资管理（深圳）有限公司全资持股。 大河财立方的微博视频 郑州·中科院计算技术研究所大数据研究院院士办公室","url":"https://m.weibo.cn/status/4681102708703274","username":"财智孙国英"},{"relevant_topic_guid":"16beebd76eb7bde7b8e565d367016fae","cnt_retweet":"1","publish_time":"20210913222551","page_action_type":"07","cnt_agree":"0","topic_guid":"16beebd76eb7bde7b8e565d367016fae","userid":"1905628462","cnt_comment":"0","content":"【又发红包了，最高800元！就在三亚！】9月13日，海南三亚市在官方微信号“三亚发布”上宣布，将发放1000万元数字人民币红包。值得关注的是，单个红包金额创出了数字人民币测试以来的新高，达到了800元。而在此前多轮测试中，单个数字人民币红包多为200元，有的仅有40元。上海证券报微信公众号(ID：shzqbwx)，未经授权，不得转载，否则追究法律责任！又发红包了，最高800元！就在三亚！","url":"https://m.weibo.cn/status/4681093615193607","username":"上海证券报"},{"relevant_topic_guid":"8f746d5b5153ce7e7d45557c19d2af70","cnt_retweet":"0","publish_time":"20210913222621","page_action_type":"11","cnt_agree":"0","topic_guid":"8f746d5b5153ce7e7d45557c19d2af70","userid":"1076684233","cnt_comment":"0","content":"转发微博 RT:@上海证券报 【又发红包了，最高800元！就在三亚！】9月13日，海南三亚市在官方微信号“三亚发布”上宣布，将发放1000万元数字人民币红包。值得关注的是，单个红包金额创出了数字人民币测试以来的新高，达到了800元。而在此前多轮测试中，单个数字人民币红包多为200元，有的仅有40元。上海证券报微信公众号(ID：shz ...全文","url":"https://m.weibo.cn/status/4681093741020884","username":"中国证券网"},{"relevant_topic_guid":"34b2fd9b74a9419ba90a54d7bebda5f6","cnt_retweet":"0","publish_time":"20210912193147","page_action_type":"07","cnt_agree":"0","topic_guid":"34b2fd9b74a9419ba90a54d7bebda5f6","userid":"1804344235","cnt_comment":"0","content":"担心分享链接不安全的，把国家反诈APP装上，过几天你不还有数字人民币呢么，正好都保护保护。","url":"https://m.weibo.cn/status/4680687422016010","username":"赤峰哥"},{"relevant_topic_guid":"9de358e0ca07b7d6a2218a679f1bcb79","cnt_retweet":"0","publish_time":"20210911122749","page_action_type":"07","cnt_agree":"0","topic_guid":"9de358e0ca07b7d6a2218a679f1bcb79","userid":"5496098642","cnt_comment":"0","content":"发布了头条文章：《【行业动态】华为鸿蒙OS推数字人民币服务：更安全便捷》 【行业动态】华为鸿蒙OS推数字人民币服务：更安全便捷","url":"https://m.weibo.cn/status/4680218343637511","username":"技卓数码"},{"relevant_topic_guid":"0f85ec01a54d0ccfebed1eaadc458da4","cnt_retweet":"0","publish_time":"20210911155620","page_action_type":"07","cnt_agree":"0","topic_guid":"0f85ec01a54d0ccfebed1eaadc458da4","userid":"2809442583","cnt_comment":"0","content":"北京市推进数字人民币全场景试点 丽泽金融商务区成为“北京法定数字货币试验区” 网页链接","url":"https://m.weibo.cn/status/4680270814380920","username":"魅力王佐"},{"relevant_topic_guid":"db579cfd978006d6c8d90f25a19a2565","cnt_retweet":"0","publish_time":"20210912114535","page_action_type":"07","cnt_agree":"2","topic_guid":"db579cfd978006d6c8d90f25a19a2565","userid":"3014328111","cnt_comment":"0","content":"这几天狗庄又开始出来吓唬人了，各种利空，还什么红头文件……红头文件能让你先知道，所谓的红头文件，我猜估计是数字人民币的落地推行吧","url":"https://m.weibo.cn/status/4680570099994857","username":"春熙路第一甜妹"},{"relevant_topic_guid":"79e8039e5a8ede19057124c6130ee199","cnt_retweet":"0","publish_time":"20210912121257","page_action_type":"07","cnt_agree":"0","topic_guid":"79e8039e5a8ede19057124c6130ee199","userid":"2592097400","cnt_comment":"0","content":"9月10日，在2021中国（北京）数字金融论坛上，中国人民银行数字货币研究所与北京丰台丽泽金融商务区共同设立的国家数字金融技术检测中心正式揭牌。在论坛现场，北京市金融监管局向丽泽金融商务区授牌“北京法定数字货币试验区”，助力丰台丽泽拓展特色金融科技应用场景，打造数字人民币技术与应用生态。 据了解，丽泽金融商务区数字人民币试点将加快推动数字金融科技示范园建设，探索“5G+金融”创新试点，丽泽室外5G基站布局方案编制已完成并启动建设实施，年内将实现在丽泽南区建成区域基站体系规模化部署和信号全覆盖。北京市丰台区推进数字人民币试点工作，已实现餐饮购物、旅游消费、绿色消费、消费扶贫四类线下消费场景覆盖，多个领域首创性应用场景陆续铺开，在全国首创财政非税收入收缴业务数字人民币应用、打造全市首个数字人民币应用场景测试点，落地全市首张数字人民币保单、搭建全市首个政务服务领域数字人民币应用场景，全区数字人民币生态建设初见成效。（经济观察报）","url":"https://m.weibo.cn/status/4680576986518221","username":"区块链达摩院"},{"relevant_topic_guid":"f4f78e4799abf83b70e8137a6ba8fa93","cnt_retweet":"3","publish_time":"20210912090551","page_action_type":"07","cnt_agree":"9","topic_guid":"f4f78e4799abf83b70e8137a6ba8fa93","userid":"2405635012","cnt_comment":"3","content":"区块链快讯 | 09月12日 星期日 1、国家互联网应急中心：区块链企业注册数量多，但仅有1000余家获得备案 2、杭州2022年亚运会火炬原材料通过区块链技术数字上链 3、铜道控股与稳胜签区块链订战略合作协议，共同开发区块链技术的金融服务和数字仓储业务 4、万事达卡宣布收购CipherTrace，重点推进区块链取证技术 5、传奇影业将于9月22日推出电影《沙丘》系列NFT收藏品《沙丘：未来神器》 —内容源自网络— #区块链新闻# 、#数字人民币#、#元宇宙#","url":"https://m.weibo.cn/status/4680529901258697","username":"辛泓睿"},{"relevant_topic_guid":"690542daa45a89a290defcc14786e49d","cnt_retweet":"0","publish_time":"20210911064648","page_action_type":"07","cnt_agree":"0","topic_guid":"690542daa45a89a290defcc14786e49d","userid":"2109071545","cnt_comment":"0","content":"发布了头条文章：《周小川：为数字人民币的发展争取良好的国际环境》 周小川：为数字人民币的发展争取良好的国际环境","url":"https://m.weibo.cn/status/4680132524245177","username":"财会信报"},{"relevant_topic_guid":"57f22588edd5b92a6c80dfb41bd4e2cf","cnt_retweet":"0","publish_time":"20210911090010","page_action_type":"07","cnt_agree":"0","topic_guid":"57f22588edd5b92a6c80dfb41bd4e2cf","userid":"2590506142","cnt_comment":"0","content":"#妙笔生花看丰台#聚焦#数字金融论坛#【央行：将持续优化数字人民币底层业务能力和基础技术平台】中国人民银行副行长范一飞10日表示，人民银行将坚持开放包容原则，从供需两方面发力，组织持续优化数字人民币底层业务能力和基础技术平台，积极对外赋能，共同打造数字人民币生态体系。 央行：将持续优化数字人民币底层业务能力和基础技术平台","url":"https://m.weibo.cn/status/4680166083921338","username":"北京丰台"},{"relevant_topic_guid":"cd3595adfa13f2bb648fe0008ba1c98a","cnt_retweet":"0","publish_time":"20210911085011","page_action_type":"07","cnt_agree":"0","topic_guid":"cd3595adfa13f2bb648fe0008ba1c98a","userid":"1880995140","cnt_comment":"0","content":"【大湾区、大未来】“十四五”期间广州谋划争取数字人民币试点 网页链接","url":"https://m.weibo.cn/status/4680163571534335","username":"勉耕"},{"relevant_topic_guid":"f2f5aa8a27e516ce36a1673255d29e0c","cnt_retweet":"0","publish_time":"20210912014157","page_action_type":"07","cnt_agree":"0","topic_guid":"f2f5aa8a27e516ce36a1673255d29e0c","userid":"5487966871","cnt_comment":"0","content":"数字人民币真的很好看耶#数字货币#","url":"https://m.weibo.cn/status/4680418190426413","username":"不再有快乐了"},{"relevant_topic_guid":"022e6e3d4dab29b97567eefa6a3bf2b3","cnt_retweet":"0","publish_time":"20210912014303","page_action_type":"07","cnt_agree":"0","topic_guid":"022e6e3d4dab29b97567eefa6a3bf2b3","userid":"6361373942","cnt_comment":"0","content":"【央行狄刚：数字货币研究所积极探索数字人民币区块链应用】人民银行数字货币研究所副所长狄刚表示，数字货币研究所积极探索数字人民币区块链应用，在发行层基于区块链构建了统一分布式账本，提升了对账效率；同时在国际清算银行创新中心的支持下，开展多边央行数字货币桥","url":"https://m.weibo.cn/status/4680418471182499","username":"9皇叔"},{"relevant_topic_guid":"c4d06ca7de7656ae9645a04b42e15a18","cnt_retweet":"0","publish_time":"20210911222140","page_action_type":"07","cnt_agree":"0","topic_guid":"c4d06ca7de7656ae9645a04b42e15a18","userid":"1709535063","cnt_comment":"0","content":"在法定数字货币试验区体验“扫一扫”“碰一碰” 北京市海淀区超五千家商户支持数字人民币一键支付 网页链接","url":"https://m.weibo.cn/status/4680367791669581","username":"2012smile_sunshine"},{"relevant_topic_guid":"577b580f7705bcf56f75d30f6db5fa82","cnt_retweet":"0","publish_time":"20210911215411","page_action_type":"07","cnt_agree":"0","topic_guid":"577b580f7705bcf56f75d30f6db5fa82","userid":"2014260075","cnt_comment":"0","content":"北京市推进数字人民币全场景试点 丽泽金融商务区成为“北京法定数字货币试验区” 网页链接","url":"https://m.weibo.cn/status/4680360870548100","username":"丝丝画画"},{"relevant_topic_guid":"bde47f422ecddf61f34cf82734a28c49","cnt_retweet":"0","publish_time":"20210916223244","page_action_type":"07","cnt_agree":"0","topic_guid":"bde47f422ecddf61f34cf82734a28c49","userid":"6488873896","cnt_comment":"0","content":"数字人民币可兑换建党100周年纪念币火讯财经讯，中国共产党成立100周年普通纪念币兑换工作已经正式拉开帷幕，本次兑换在支持纸币兑换的基础上，新增使用数字人民币兑换，让公众充分享受数字经济时代新成果，目前工商银行已经成为全国首家使用数字人民币兑换纪念币的商业银行。","url":"https://m.weibo.cn/status/4682182511560620","username":"火讯财经官方微博"},{"relevant_topic_guid":"5b9bf56ea9cbcd08d95da1e1ae0deaa7","cnt_retweet":"0","publish_time":"20210916223037","page_action_type":"07","cnt_agree":"0","topic_guid":"5b9bf56ea9cbcd08d95da1e1ae0deaa7","userid":"1338667624","cnt_comment":"0","content":"【心理提醒：不要被薪水左右】现在找工作的人，要明白，找的是工作、是起点、是阅历、是好的领导和工作环境，而不是确切的人民币数字。靠现在的薪水，想“发大财”可能有点难度。如果你想升值，未来变舒适，就别让眼前的薪水影响你的判断。目光一定要放长远。","url":"https://m.weibo.cn/status/4682181978885932","username":"思想杂谈"},{"relevant_topic_guid":"d577ab3d6a9c89afd6c00bde04074e7e","cnt_retweet":"0","publish_time":"20210916225604","page_action_type":"07","cnt_agree":"0","topic_guid":"d577ab3d6a9c89afd6c00bde04074e7e","userid":"1006300794","cnt_comment":"0","content":"2021年9月15日至16日，人民银行党委委员、副行长范一飞带队先后到冬奥会张家口赛区和北京赛区调研冬奥会支付服务环境建设和数字人民币试点情况，详细了解赛区内银行卡收单、ATM机具受理、移动支付服务和数字人民币受理环境建设等工作进展，并在北京主持召开冬奥会支付服务环境建设领导小组全体会议暨数字人民币北京冬奥会场景试点工作小组会议。范一飞强调，当前冬奥会支付服务环境建设和数字人民币试点工作已进入冲刺阶段，要进一步提高政治站位，压实各方责任，将各项工作任务落到实处。切实增强使命感和紧迫感，以严谨的态度、过硬的作风、细致的工作，扎实有序推进冬奥会支付服务和数字人民币试点工作，切实服务好冬奥大局。（中国人民银行）","url":"https://m.weibo.cn/status/4682188384111973","username":"明知财经"},{"relevant_topic_guid":"d12f8466e173763920e450538b7169b8","cnt_retweet":"0","publish_time":"20210917024956","page_action_type":"07","cnt_agree":"0","topic_guid":"d12f8466e173763920e450538b7169b8","userid":"7114380154","cnt_comment":"0","content":"《中国唯一合法虚拟货币是什么》央行数字货币就是人民币的一种数字形态，它和纸币具有相同的功能，相比较纸币，数字货币就是看不见摸不着的钱。网页链接","url":"https://m.weibo.cn/status/4682247238582944","username":"DCEP_Pluscoin"},{"relevant_topic_guid":"1341719bb05769abf1eb1e6865e3fa2f","cnt_retweet":"0","publish_time":"20210917010601","page_action_type":"07","cnt_agree":"0","topic_guid":"1341719bb05769abf1eb1e6865e3fa2f","userid":"5281491251","cnt_comment":"0","content":"多种展示形式 全国首个数字人民币体验中心正式对外开放 作为数字人民币试点工作成果的集中展示和产业交流平台，该展示体验中心也为与数字人民币推广应用相关的科研院所、技术平台、设备厂商、应用场景等企业机构提供交流合作的平台。多种展示形式 全国首个数字人民币体验中心正式对外开放","url":"https://m.weibo.cn/status/4682221091553327","username":"信网"},{"relevant_topic_guid":"9b0f9056a5d56687181c1a360308e3e8","cnt_retweet":"0","publish_time":"20210917002358","page_action_type":"07","cnt_agree":"0","topic_guid":"9b0f9056a5d56687181c1a360308e3e8","userid":"6229303899","cnt_comment":"0","content":"【保利将于9月22日拍卖NFT孵化器X Center推出的数字身份元宇宙MetaID及其一对一映射星座头像】据悉，保利国际拍卖行将于9月22日公开拍卖由知名NFT孵化器X Center推出的底层数字身份元宇宙MetaID及其一对一映射的加密星座头像，起拍价预计200万人民币。 元宇宙MetaID是一套基于元宇宙面向开放世界的生态新范式，它本身是一个抽象的身份底层，但由于其具备可组、可进化的特征，在元宇宙MetaID的基础之上，将来可以构建各种各样具有想象力的上层应用，获得各种各样的权益赋能。加密星座头像作为基于元宇宙MetaID的首个上层应用，在元宇宙MetaID八大特征的基础上，融合了星座、BTC、ETH等设计元素，具有鲜明的辩识特点，与MetaID一对一映射。 该套元宇宙MetaID及加密星座头像共发行18888套，每个编号对应唯一元宇宙MetaID及唯一加密星座头像。本次送拍作品为编号#18877—#18888，是整套作品的压轴12连号套系。本套系采用独一无二的红金配色，并且在作品中标记了比特币及以太坊的诞生时间，用于纪念区块链的诞生，极具收藏价值。","url":"https://m.weibo.cn/status/4682210503822806","username":"钻石币神"},{"relevant_topic_guid":"7812f612ea42dc1b34140a4bd6e2cc91","cnt_retweet":"0","publish_time":"20210917000611","page_action_type":"07","cnt_agree":"0","topic_guid":"7812f612ea42dc1b34140a4bd6e2cc91","userid":"2574374407","cnt_comment":"0","content":"我在看：【数字人民币未来发展前景可期】 #跟新浪看热点# 数字人民币未来发展前景可期","url":"https://m.weibo.cn/status/4682206029549335","username":"前进的信使"},{"relevant_topic_guid":"2afa9d2af696ca00932a2a352809cef0","cnt_retweet":"0","publish_time":"20210917000140","page_action_type":"07","cnt_agree":"0","topic_guid":"2afa9d2af696ca00932a2a352809cef0","userid":"1623935817","cnt_comment":"0","content":"#中方正式提出申请加入CPTPP#数字人民币+自由贸易协定，以拥有超越常规经济控制手段为前提，再以现有最高水平的自由贸易标准达成贸易协议，不是我说，如果CPTPP成员国忽视这一点绝对会被吃得连骨头都不剩。 福州","url":"https://m.weibo.cn/status/4682204892107077","username":"划痕海归"},{"relevant_topic_guid":"1310cf677a33ed30bac23414a86c9603","cnt_retweet":"0","publish_time":"20210916213035","page_action_type":"07","cnt_agree":"0","topic_guid":"1310cf677a33ed30bac23414a86c9603","userid":"6456772530","cnt_comment":"0","content":"$工商银行 sh601398$ 范一飞：数字人民币试点工作已进入冲刺阶段，点击链接查看更多-\u003e网页链接","url":"https://m.weibo.cn/status/4682166870476764","username":"个股资讯"},{"relevant_topic_guid":"e6fd481ba80a825dfb6a90bbeaed55fb","cnt_retweet":"0","publish_time":"20210916183052","page_action_type":"07","cnt_agree":"0","topic_guid":"e6fd481ba80a825dfb6a90bbeaed55fb","userid":"7512100232","cnt_comment":"0","content":"中国走在CBDC研发的前列 自2014年以来，中国一直在研究数字货币。2016年，中国人民银行成功构建数字人民币原型。2017年底，中国人民银行启动了数字人民币研发项目，大型商业银行、互联网公司和电信企业参与了该项目。2019年5月，中国成为首个在深圳、苏州、成都、雄安等地开展CBDC大规模试点的大国。根据中国央行在2021年7月发布的白皮书，该试点目前覆盖长江三角洲、珠江三角洲、京津冀地区，以及中国的中部、西部、东北和西北地区。随着中国大规模试点项目接近完成，美国、英国和印度等其他主要国家的央行仍处于CBDC倡议的研究阶段。 经过两年的测试，到2021年6月，#数字人民币# 已经被用于超过120万种场景，如支付公用事业、交通费用、使用政府服务、购物等。累计开通个人钱包2087万个，企业钱包351万个，交易额7075万笔，交易额约345亿元。2021年6月，整个北京地铁网络能够接受数字人民币支付。 与中国相比，其他主要央行的CBDC还处于非常初级的阶段。根据国际清算银行(BIS)对65家主要央行进行的一项调查，全球86%的央行积极参与某种形式的CBDC工作;其中一半已经通过了最初的研究，进入了实验和试运行阶段。","url":"https://m.weibo.cn/status/4682121643558153","username":"头等仓研究院"},{"relevant_topic_guid":"25c0f970c38c4459db0ba3eaecaff21a","cnt_retweet":"0","publish_time":"20210917093939","page_action_type":"07","cnt_agree":"0","topic_guid":"25c0f970c38c4459db0ba3eaecaff21a","userid":"2006918133","cnt_comment":"0","content":"发布了头条文章：《中国电信数字人民币上线，支持线上线下多场景》 中国电信数字人民币上线，支持线上线下多场景","url":"https://m.weibo.cn/status/4682350346372194","username":"中国电信北京客服"},{"relevant_topic_guid":"c85541c025e2301db2121c24b01f9a0f","cnt_retweet":"0","publish_time":"20210917094526","page_action_type":"07","cnt_agree":"0","topic_guid":"c85541c025e2301db2121c24b01f9a0f","userid":"1803278047","cnt_comment":"0","content":"#蓝蓝送福利#有小伙伴问蓝蓝如何报名领取数字人民币红包？打开美团APP，在首页搜索框搜索“数字人民币”进入活动页面，选择接受红包的银行（蓝蓝力荐中国建设银行哦~），填写手机验证码即可完成报名啦！","url":"https://m.weibo.cn/status/4682351802845024","username":"中国建设银行"},{"relevant_topic_guid":"c0be6b1f2cde8eb8a41d575a26c832bd","cnt_retweet":"0","publish_time":"20210917085514","page_action_type":"07","cnt_agree":"0","topic_guid":"c0be6b1f2cde8eb8a41d575a26c832bd","userid":"1891330474","cnt_comment":"0","content":"中国电信上线数字人民币钱包 \u003e\u003e\u003e 一图解密 \u003c\u003c\u003c * 便捷支付 一键开立 * * 抢鲜体验 玩转惊喜 *","url":"https://m.weibo.cn/status/4682339169338574","username":"IT时报"},{"relevant_topic_guid":"117176a4762f348c6cdb0f8182227ba0","cnt_retweet":"0","publish_time":"20210917085227","page_action_type":"07","cnt_agree":"0","topic_guid":"117176a4762f348c6cdb0f8182227ba0","userid":"1962181937","cnt_comment":"0","content":"中国电信上线数字人民币钱包 \u003e\u003e\u003e 一图解密 \u003c\u003c\u003c * 便捷支付 一键开立 * * 抢鲜体验 玩转惊喜 * @中国电信 @翼支付官方微博 @翼支付客服","url":"https://m.weibo.cn/status/4682338468890866","username":"中国电信上海客服"},{"relevant_topic_guid":"26869e93f81abec806cee28471026614","cnt_retweet":"0","publish_time":"20210917091853","page_action_type":"07","cnt_agree":"0","topic_guid":"26869e93f81abec806cee28471026614","userid":"3374171834","cnt_comment":"0","content":"中国电信上线数字人民币钱包 \u003e\u003e\u003e 一图解密 \u003c\u003c\u003c * 便捷支付 一键开立 * * 抢鲜体验 玩转惊喜 *","url":"https://m.weibo.cn/status/4682345120532388","username":"中国电信上海网厅"},{"relevant_topic_guid":"5ac98989b67aab6cf228594ae2a3f01a","cnt_retweet":"0","publish_time":"20210917085951","page_action_type":"07","cnt_agree":"2","topic_guid":"5ac98989b67aab6cf228594ae2a3f01a","userid":"7051979649","cnt_comment":"0","content":"#北京冬奥会成数字人民币重要试点# 冬奥会支付工作进入冲刺阶段数字人民币最大程度便利参会人员数字人民币将会在北京冬奥会上全面覆盖医疗、购物、娱乐以及食、住、行等全方位的重要消费场景的支付服务需求。目前各种工作正在有条不紊地推进中#三亿人上冰雪# #看冰雪上咪咕#","url":"https://m.weibo.cn/status/4682340330899617","username":"咪咕冰雪"},{"relevant_topic_guid":"02a54c332e815d885597508767d98b1c","cnt_retweet":"2","publish_time":"20210917085923","page_action_type":"07","cnt_agree":"9","topic_guid":"02a54c332e815d885597508767d98b1c","userid":"6320391439","cnt_comment":"2","content":"#北京冬奥会成数字人民币重要试点# 冬奥会支付工作进入冲刺阶段数字人民币最大程度便利参会人员数字人民币将会在北京冬奥会上全面覆盖医疗、购物、娱乐以及食、住、行等全方位的重要消费场景的支付服务需求。目前各种工作正在有条不紊地推进中#三亿人上冰雪# #看冰雪上咪咕#","url":"https://m.weibo.cn/status/4682340213461469","username":"咪咕体育"},{"relevant_topic_guid":"7bbc3c9d90af1cbbce975d0ad12ab013","cnt_retweet":"6","publish_time":"20210917084841","page_action_type":"11","cnt_agree":"69","topic_guid":"7bbc3c9d90af1cbbce975d0ad12ab013","userid":"2812319402","cnt_comment":"5","content":"【科蓝软件：中标新加坡绿联国际银行采购项目】科蓝软件9月17日早间公告，公司全资子公司科蓝软体系统（香港）有限公司近日中标新加坡绿联国际银行的数字银行系统采购项目，中标金额200万新加坡元，约人民币960.46万元。//@lesliesay:日经225指数开盘涨0.21%，报30387.54点。 RT:@lesliesay 财经每日必读 【7月以来185家公司被机构调研536次 科创板制造业公司成“香饽饽”】科创板公司近来颇受机构关注。2021年7月以来，科创板185家公司被机构调研了536次；9月以来，31家科创板公司被机构调研了53次。在“工业母机”热潮之下，从事高端五轴联动数控机床及关键零部件业务的科德数控，9 ...全文","url":"https://m.weibo.cn/status/4682337520715264","username":"lesliesay"},{"relevant_topic_guid":"3f87f57ff68cc4c41b170b28708fb125","cnt_retweet":"0","publish_time":"20210917093020","page_action_type":"07","cnt_agree":"0","topic_guid":"3f87f57ff68cc4c41b170b28708fb125","userid":"6599282968","cnt_comment":"0","content":"【央行副行长范一飞：有序推进冬奥会支付服务和数字人民币试点工作】 9月15日至16日，人民银行党委委员、副行长范一飞带队先后到冬奥会张家口赛区和北京赛区调研冬奥会支付服务环境建设和数字人民币试点情况。范一飞强调，当前冬奥会支付服务环境建设和数字人民币试点工作已进入冲刺阶段，要进一步提高政治站位，压实各方责任，将各项工作任务落到实处。切实增强使命感和紧迫感，以严谨的态度、过硬的作风、细致的工作，扎实有序推进冬奥会支付服务和数字人民币试点工作，切实服务好冬奥大局。（北京商报）","url":"https://m.weibo.cn/status/4682348002280534","username":"金恪望潮科技"},{"relevant_topic_guid":"133bbf01c0a1203a898928b6480071f8","cnt_retweet":"0","publish_time":"20210917085618","page_action_type":"07","cnt_agree":"0","topic_guid":"133bbf01c0a1203a898928b6480071f8","userid":"2438921314","cnt_comment":"0","content":"2021年9月15日至16日，人民银行党委委员、副行长范一飞带队先后到冬奥会张家口赛区和北京赛区调研冬奥会支付服务环境建设和数字人民币试点情况，详细了解赛区内银行卡收单、ATM机具受理、移动支付服务和数字人民币受理环境建设等工作进展，并在北京主持召开冬奥会支付服务环境建设领导小组全体会议暨数字人民币北京冬奥会场景试点工作小组会议。范一飞强调，当前冬奥会支付服务环境建设和数字人民币试点工作已进入冲刺阶段，要进一步提高政治站位，压实各方责任，将各项工作任务落到实处。切实增强使命感和紧迫感，以严谨的态度、过硬的作风、细致的工作，扎实有序推进冬奥会支付服务和数字人民币试点工作，切实服务好冬奥大局。#狗狗币##加密货币##以太坊2.0#","url":"https://m.weibo.cn/status/4682339436988691","username":"YIXI区块链联盟"},{"relevant_topic_guid":"797b83709ad0b6fd6086becd78aa6478","cnt_retweet":"0","publish_time":"20210917112006","page_action_type":"11","cnt_agree":"0","topic_guid":"797b83709ad0b6fd6086becd78aa6478","userid":"1974400095","cnt_comment":"0","content":"【中国电信数字人民币上线，支持线上线下多场景】 RT:@中国电信 【中国电信数字人民币上线，支持线上线下多场景】 近日，中国电信与中国银行联合研发的“数字人民币”钱包正式上线，用户可在翼支付APP中(我的-基础服务)一键开启数字人民币钱包，在通过实名认证、绑定银行卡后，即可通过数字人民币进行存银行、换数币、转账等操作。#劳动竞赛作品展播# ...全文","url":"https://m.weibo.cn/status/4682375629374948","username":"中国电信陕西客服"},{"relevant_topic_guid":"f6a2694c7ed2153554baf2487357fb0a","cnt_retweet":"1","publish_time":"20210917111538","page_action_type":"11","cnt_agree":"2","topic_guid":"f6a2694c7ed2153554baf2487357fb0a","userid":"2093316171","cnt_comment":"2","content":"【中国电信数字人民币上线，支持线上线下多场景】 RT:@中国电信 【中国电信数字人民币上线，支持线上线下多场景】 近日，中国电信与中国银行联合研发的“数字人民币”钱包正式上线，用户可在翼支付APP中(我的-基础服务)一键开启数字人民币钱包，在通过实名认证、绑定银行卡后，即可通过数字人民币进行存银行、换数币、转账等操作。#劳动竞赛作品展播# ...全文","url":"https://m.weibo.cn/status/4682374501632185","username":"中国电信四川公司"},{"relevant_topic_guid":"151775b1972b13f5a7139af8f896acb8","cnt_retweet":"0","publish_time":"20210917111513","page_action_type":"07","cnt_agree":"0","topic_guid":"151775b1972b13f5a7139af8f896acb8","userid":"1659643027","cnt_comment":"0","content":"【离线无网络也能支付！中国电信数字人民币正式上线】据中国电信官微消息，近日，中国电信与中国银行联合研发的“数字人民币”钱包正式上线。据介绍，用户可在翼支付App中(我的-基础服务)一键开启数字人民币钱包，在通过实名认证、绑定银行卡后，即可通过数字人民币进行存银行、换数币、转账等操作。","url":"https://m.weibo.cn/status/4682374397039766","username":"快科技官方"},{"relevant_topic_guid":"ef5f827bd28a817386e5f0f231cfc397","cnt_retweet":"1","publish_time":"20210917105147","page_action_type":"07","cnt_agree":"1","topic_guid":"ef5f827bd28a817386e5f0f231cfc397","userid":"1826017320","cnt_comment":"0","content":"【中国电信数字人民币上线，支持线上线下多场景】近日，中国电信与中国银行联合研发的“数字人民币”钱包正式上线，支持线上线下多场景付款……详情点击：中国电信数字人民币上线，支持线上线下多场景","url":"https://m.weibo.cn/status/4682368499584616","username":"IT之家"},{"relevant_topic_guid":"0f8bc28c603f4f4ca1d5484f34aa6e64","cnt_retweet":"0","publish_time":"20210917104951","page_action_type":"07","cnt_agree":"0","topic_guid":"0f8bc28c603f4f4ca1d5484f34aa6e64","userid":"2702731085","cnt_comment":"0","content":"我在看：【频频亮相的数字人民币好在哪儿？怎么用？多图读懂】 #跟新浪看热点# 频频亮相的数字人民币好在哪儿？怎么用？多图读懂","url":"https://m.weibo.cn/status/4682368013307404","username":"在水一方2702731085"},{"relevant_topic_guid":"9267a02a064b39a760d6bc90e5593236","cnt_retweet":"0","publish_time":"20210917100433","page_action_type":"07","cnt_agree":"0","topic_guid":"9267a02a064b39a760d6bc90e5593236","userid":"2145650153","cnt_comment":"0","content":"【范一飞：扎实有序推进冬奥会支付服务和数字人民币试点工作】范一飞强调，当前冬奥会支付服务环境建设和数字人民币试点工作已进入冲刺阶段，要进一步提高政治站位，压实各方责任，将各项工作任务落到实处。切实增强使命感和紧迫感，以严谨的态度、过硬的作风、细致的工作，扎实有序推进冬奥会支付服务和数字人民币试点工作，切实服务好冬奥大局。网页链接","url":"https://m.weibo.cn/status/4682356613451097","username":"中国电子银行网"},{"relevant_topic_guid":"3fae91205948d00577e0a97185eab67c","cnt_retweet":"0","publish_time":"20210917104608","page_action_type":"07","cnt_agree":"0","topic_guid":"3fae91205948d00577e0a97185eab67c","userid":"1095249382","cnt_comment":"0","content":"【中国电信数字人民币上线 支持线上线下多场景】据中国电信官微，近日，中国电信与中国银行联合研发的“数字人民币”钱包正式上线，用户可在翼支付APP中(我的-基础服务)一键开启数字人民币钱包，在通过实名认证、绑定银行卡后，即可通过数字人民币进行存银行、换数币、转账等操作。","url":"https://m.weibo.cn/status/4682367077713334","username":"星移无痕V"},{"relevant_topic_guid":"5937f1ca7d7b8c354e021ce135e5bb11","cnt_retweet":"2","publish_time":"20210917104220","page_action_type":"07","cnt_agree":"1","topic_guid":"5937f1ca7d7b8c354e021ce135e5bb11","userid":"5051077448","cnt_comment":"0","content":"实时播报：【中国电信数字人民币上线 支持线上线下多场景】据中国电信官微，近日，中国电信与中国银行联合研发的“数字人民币”钱包正式上线，用户可在翼支付APP中(我的-基础服务)一键开启数字人民币钱包，在通过实名认证、绑定银行卡后，即可通过数字人民币进行存银行、换数币、转账等操作。","url":"https://m.weibo.cn/status/4682366121150012","username":"快兰斯24小时财经直播"},{"relevant_topic_guid":"b20b544c5002450345d587764533ec73","cnt_retweet":"0","publish_time":"20210917104209","page_action_type":"07","cnt_agree":"0","topic_guid":"b20b544c5002450345d587764533ec73","userid":"5607764110","cnt_comment":"0","content":"【中国电信数字人民币上线 支持线上线下多场景】据中国电信官微，近日，中国电信与中国银行联合研发的“数字人民币”钱包正式上线，用户可在翼支付APP中(我的-基础服务)一键开启数字人民币钱包，在通过实名认证、绑定银行卡后，即可通过数字人民币进行存银行、换数币、转账等操作。","url":"https://m.weibo.cn/status/4682366076061731","username":"沃德股市气象站"},{"relevant_topic_guid":"4b7ca9472afcbfb9aed973d4c2bba81c","cnt_retweet":"0","publish_time":"20210917104242","page_action_type":"11","cnt_agree":"0","topic_guid":"4b7ca9472afcbfb9aed973d4c2bba81c","userid":"2006918133","cnt_comment":"0","content":"【中国电信数字人民币上线，支持线上线下多场景】 RT:@中国电信 【中国电信数字人民币上线，支持线上线下多场景】 近日，中国电信与中国银行联合研发的“数字人民币”钱包正式上线，用户可在翼支付APP中(我的-基础服务)一键开启数字人民币钱包，在通过实名认证、绑定银行卡后，即可通过数字人民币进行存银行、换数币、转账等操作。#劳动竞赛作品展播# ...全文","url":"https://m.weibo.cn/status/4682366217880166","username":"中国电信北京客服"},{"relevant_topic_guid":"ea421b36858f2a59b76d219858dbbcd0","cnt_retweet":"0","publish_time":"20210917083931","page_action_type":"07","cnt_agree":"2","topic_guid":"ea421b36858f2a59b76d219858dbbcd0","userid":"5051077448","cnt_comment":"0","content":"实时播报：【科蓝软件：中标新加坡绿联国际银行采购项目】科蓝软件9月17日早间公告，公司全资子公司科蓝软体系统（香港）有限公司近日中标新加坡绿联国际银行的数字银行系统采购项目，中标金额200万新加坡元，约人民币960.46万元。绿地金融投资控股集团有限公司为绿联国际银行绝对控股的单一大股东，占股比例75%。科蓝软件表示，此次中标新加坡绿联数字银行，标志着公司成功开启了数字银行海外战略。","url":"https://m.weibo.cn/status/4682335214372593","username":"快兰斯24小时财经直播"},{"relevant_topic_guid":"59095e28c2199db77839c82990e83f22","cnt_retweet":"0","publish_time":"20210917105738","page_action_type":"07","cnt_agree":"0","topic_guid":"59095e28c2199db77839c82990e83f22","userid":"2590506042","cnt_comment":"0","content":"【#冬奥会# #数字人民币# 央行副行长范一飞：有序推进冬奥会支付服务和数字人民币试点工作】9月16日，据央行官网披露，为做好北京冬奥会支付服务保障相关工作，9月15日至16日，人民银行党委委员、副行长范一飞带队先后到冬奥会张家口赛区和北京赛区调研冬奥会支付服务环境建设和数字人民币试点情况。网页链接","url":"https://m.weibo.cn/status/4682369972307213","username":"首都金融"},{"relevant_topic_guid":"97dc001fca9f4d48ee33ab7b597fcf08","cnt_retweet":"0","publish_time":"20210917122736","page_action_type":"07","cnt_agree":"0","topic_guid":"97dc001fca9f4d48ee33ab7b597fcf08","userid":"1658219265","cnt_comment":"2","content":"保留遗产税，但将起征点从现行549万美元上调至1 098万美元。这个意义上看，我们要是征收遗产税。或许，换成人民币以后，数字减半就可以了，毕竟我们人均GDP才美国1/6","url":"https://m.weibo.cn/status/4682392612900018","username":"理想便宜卖-Matias"},{"relevant_topic_guid":"7bdc28fc4a3c442cb9a68441674c81f6","cnt_retweet":"0","publish_time":"20210917122503","page_action_type":"07","cnt_agree":"0","topic_guid":"7bdc28fc4a3c442cb9a68441674c81f6","userid":"3497244351","cnt_comment":"0","content":"#北京冬奥会成数字人民币重要试点#冬奥会支付工作进入冲刺阶段数字人民币最大程度便利参会人员数字人民币将会在北京冬奥会上全面覆盖医疗、购物、娱乐以及食、住、行等全方位的重要消费场景的支付服务需求。目前各种工作正在有条不紊地推进中","url":"https://m.weibo.cn/status/4682391970383241","username":"山东体育"},{"relevant_topic_guid":"8d2495d1d194dcc690ffa782a6ec903f","cnt_retweet":"0","publish_time":"20210917140844","page_action_type":"11","cnt_agree":"0","topic_guid":"8d2495d1d194dcc690ffa782a6ec903f","userid":"1470741293","cnt_comment":"0","content":"【中国电信数字人民币上线，支持线上线下多场景】 RT:@中国电信 【中国电信数字人民币上线，支持线上线下多场景】 近日，中国电信与中国银行联合研发的“数字人民币”钱包正式上线，用户可在翼支付APP中(我的-基础服务)一键开启数字人民币钱包，在通过实名认证、绑定银行卡后，即可通过数字人民币进行存银行、换数币、转账等操作。#劳动竞赛作品展播# ...全文","url":"https://m.weibo.cn/status/4682418067344045","username":"中国电信江苏公司"},{"relevant_topic_guid":"ab2d0016378d51be5793837a39f09390","cnt_retweet":"0","publish_time":"20210917141349","page_action_type":"11","cnt_agree":"0","topic_guid":"ab2d0016378d51be5793837a39f09390","userid":"1706990813","cnt_comment":"0","content":"【中国电信数字人民币上线，支持线上线下多场景】 RT:@中国电信 【中国电信数字人民币上线，支持线上线下多场景】 近日，中国电信与中国银行联合研发的“数字人民币”钱包正式上线，用户可在翼支付APP中(我的-基础服务)一键开启数字人民币钱包，在通过实名认证、绑定银行卡后，即可通过数字人民币进行存银行、换数币、转账等操作。#劳动竞赛作品展播# ...全文","url":"https://m.weibo.cn/status/4682419346604764","username":"中国电信湖北客服"},{"relevant_topic_guid":"5baafcbd2bb7ccea22fc54c49ffa342e","cnt_retweet":"0","publish_time":"20210917133240","page_action_type":"07","cnt_agree":"0","topic_guid":"5baafcbd2bb7ccea22fc54c49ffa342e","userid":"7506984709","cnt_comment":"0","content":"【上海长宁区政府与中行上海市分行签署战略合作备忘录，深化数字人民币推广应用】9月16日上海市长宁区人民政府与中国银行上海市分行战略合作框架协议签约仪式举行，双方将深化数字人民币的推广应用等领域的探索实践。","url":"https://m.weibo.cn/status/4682408987199211","username":"区块新视点"},{"relevant_topic_guid":"5f51f3aabcb58c996fc1cf07ba89502b","cnt_retweet":"0","publish_time":"20210917133659","page_action_type":"07","cnt_agree":"0","topic_guid":"5f51f3aabcb58c996fc1cf07ba89502b","userid":"6488873896","cnt_comment":"0","content":"义乌自贸试验区：正有力争取数字人民币试点，方案已由浙江省政府上报国务院 火讯财经讯，义乌自贸试验区正有力争取数字人民币试点，围绕国际商贸城、数字综保区、Chinagoods平台（义乌市场官方网站，也是全球小商品货源基地国）三大应用场景形成数字人民币试点申请方案，目前试点方案已由浙江省政府上报国务院。","url":"https://m.weibo.cn/status/4682410073266948","username":"火讯财经官方微博"},{"relevant_topic_guid":"866fdb5fc5181ac02c32804d4797c45b","cnt_retweet":"0","publish_time":"20210917143006","page_action_type":"11","cnt_agree":"0","topic_guid":"866fdb5fc5181ac02c32804d4797c45b","userid":"2155082570","cnt_comment":"0","content":"【中国电信数字人民币上线，支持线上线下多场景】 RT:@中国电信 【中国电信数字人民币上线，支持线上线下多场景】 近日，中国电信与中国银行联合研发的“数字人民币”钱包正式上线，用户可在翼支付APP中(我的-基础服务)一键开启数字人民币钱包，在通过实名认证、绑定银行卡后，即可通过数字人民币进行存银行、换数币、转账等操作。#劳动竞赛作品展播# ...全文","url":"https://m.weibo.cn/status/4682423444702133","username":"辽宁电信-网上营业厅"},{"relevant_topic_guid":"2697a73cd89b79f4dcb40646cd30c118","cnt_retweet":"0","publish_time":"20210914125224","page_action_type":"07","cnt_agree":"0","topic_guid":"2697a73cd89b79f4dcb40646cd30c118","userid":"5123954542","cnt_comment":"0","content":"究竟是什么能让几百年不联系的同学联系你，ou是数字人民币啊","url":"https://m.weibo.cn/status/4681311689903734","username":"沙梨奈奈子"},{"relevant_topic_guid":"a577e660e3eb39f375e7c0297705290a","cnt_retweet":"0","publish_time":"20210914124243","page_action_type":"07","cnt_agree":"0","topic_guid":"a577e660e3eb39f375e7c0297705290a","userid":"7568764901","cnt_comment":"0","content":"【新东方在合肥成立文化艺术公司 #新东方已成立60家文化艺术公司#】#数字观察员# 近日，合肥新东方文化艺术有限公司成立，注册资本100万人民币，法定代表人为周帆，经营范围含艺术考级活动；休闲观光活动；个人互联网直播服务；健身休闲活动；中小学生校外托管服务等。股东信息显示，该公司由新东方教育科技集团有限公司间接全资持股，疑似实际控制人为俞敏洪。 值得一提的是，据不完全统计，天眼查数据显示，今年以来我国已成立60余家企业名称全部包含“新东方”及“文化艺术”的相关企业，地区分布广州、南京、内蒙古等，其中有超7成新东方文化艺术相关企业成立在八月份及以后，仅八月份便有40家相关企业成立。","url":"https://m.weibo.cn/status/4681309253797460","username":"数据杂志"},{"relevant_topic_guid":"455a626cc3c40d1bf722a4f41bb9a9a7","cnt_retweet":"0","publish_time":"20210914172003","page_action_type":"07","cnt_agree":"0","topic_guid":"455a626cc3c40d1bf722a4f41bb9a9a7","userid":"2738232792","cnt_comment":"0","content":"#江苏电力快讯# 【亲身体验“数字人民币”缴费】为加强落实数字人民币与电力行业的深度融合，9月14日上午，国网苏州市吴江区供电公司横扇供电所营业厅班长亲身体验使用“数字人民币”缴纳电费的整个流程，增加前台人员对这一新型付款方式的熟练程度，为更高效服务用户打好基础。@国网江苏电力 @国网苏州市吴江区供电公司","url":"https://m.weibo.cn/status/4681379047016953","username":"国网苏州供电公司"},{"relevant_topic_guid":"0db57c4f3583576c3080148aefdccb1f","cnt_retweet":"1","publish_time":"20210914164640","page_action_type":"07","cnt_agree":"0","topic_guid":"0db57c4f3583576c3080148aefdccb1f","userid":"3928037514","cnt_comment":"0","content":"【收到假币怎么办？】是销毁？是花出去？还是偷偷塞到塑料同事的结婚红包里？正确答案，还是听听小魏警官@李卓阳ZY 的说法吧～#市场上已出现假冒数字人民币钱包# @重庆江津法院 重庆江津法院的微博视频","url":"https://m.weibo.cn/status/4681370645564577","username":"济宁中院"},{"relevant_topic_guid":"ab46b94599ef3539c3f05507cef32bc0","cnt_retweet":"1","publish_time":"20210914173905","page_action_type":"07","cnt_agree":"2","topic_guid":"ab46b94599ef3539c3f05507cef32bc0","userid":"1663937380","cnt_comment":"1","content":"【工行探索智能兑换和组合支付 数字人民币可与存款互转】数字人民币是中国人民银行发行的数字形式的法定货币，定位为现金类支付凭证（M0），无利息无收益。随着数字人民币使用频率增多，数字人民币钱包中如果余额过多，用户不免会损失一些收益，如何应对？ 近日，据财新记者了解，工行手机银行App数字人民币钱包新增“智能兑换”和“组合支付”两项功能，目前尚处探索测试中。其中，“智能兑换”是指数字人民币可以自动转为活期存款，客户设置该功能即可享受自动转换、多样理财、自由定制活期计划等。“组合支付”是应对数字人民币钱包余额不足的情况，通过绑定银行账户，可自动充入数字人民币完成支付交易。工行探索智能兑换和组合支付 数字人民币可与存款互转","url":"https://m.weibo.cn/status/4681383840844542","username":"财新网"},{"relevant_topic_guid":"f47bee661c4536fad2446acc7fc9435e","cnt_retweet":"0","publish_time":"20210914172319","page_action_type":"07","cnt_agree":"0","topic_guid":"f47bee661c4536fad2446acc7fc9435e","userid":"5484769330","cnt_comment":"0","content":"【广东省人民政府：推动广州申请数字人民币试点工作】9月14日消息，广东省人民政府发布关于印发广东省深入推进资本要素市场化配置改革行动方案的通知，通知指出，支持有条件的地市创建国家级普惠金融试验区，构建“绿色金融+数字普惠”的新型普惠金融体系。建立政府数据与金融机构的共享互通机制。支持深圳深化央行数字人民币应用创新试点，适时申请扩大试点城市范围，推动广州申请数字人民币试点工作。（金十） 全球头部的数字货币交易平台: 【币安网】入口：网页链接 【火币网】入口：网页链接","url":"https://m.weibo.cn/status/4681379869101954","username":"7X24区块链"},{"relevant_topic_guid":"6e813ca47333ecbed8a909d5ebaec739","cnt_retweet":"0","publish_time":"20210914172218","page_action_type":"07","cnt_agree":"0","topic_guid":"6e813ca47333ecbed8a909d5ebaec739","userid":"5484769330","cnt_comment":"0","content":"【广东省人民政府：推动广州申请数字人民币试点工作】广东省人民政府：支持有条件的地市创建国家级普惠金融试验区，构建“绿色金融+数字普惠”的新型普惠金融体系。建立政府数据与金融机构的共享互通机制。支持深圳深化央行数字人民币应用创新试点，适时申请扩大试点城市范围，推动广州申请数字人民币试点工作。（金十） 全球头部的数字货币交易平台: 【币安网】入口：网页链接 【火币网】入口：网页链接","url":"https://m.weibo.cn/status/4681379617702410","username":"7X24区块链"},{"relevant_topic_guid":"3043b24bf13999a86eb0c49a2099854b","cnt_retweet":"0","publish_time":"20210914170340","page_action_type":"11","cnt_agree":"2","topic_guid":"3043b24bf13999a86eb0c49a2099854b","userid":"1529124462","cnt_comment":"1","content":"欢迎欢迎祝贺祝贺厉害厉害！ RT:@茶链科技 预个热：“第十二届中国西部国际资本论坛暨全球经济发展论坛·中东欧峰会--数字经济发展峰会”将于9.15在成都举办。 [看涨]茶链科技作为战略合作方，将携手全球最具有代表性和影响力的1000名政界、商界、资本界及区块链企业家重磅亮相成都，就区块链技术、政策合规、数字人民币、产业应用、元宇 ...全文","url":"https://m.weibo.cn/status/4681374928208971","username":"向班长"},{"relevant_topic_guid":"d13e13dfda74136e601ddbf4df53632e","cnt_retweet":"0","publish_time":"20210914174103","page_action_type":"07","cnt_agree":"0","topic_guid":"d13e13dfda74136e601ddbf4df53632e","userid":"6456772530","cnt_comment":"0","content":"$美团－Ｗ hk03690$ 王蓬博：贴近场景的应用推广正让数字人民币展现出更多活力，点击链接查看更多-\u003e王蓬博：贴近场景的应用推广正让数字人民币展现出更多活力","url":"https://m.weibo.cn/status/4681384332103228","username":"个股资讯"},{"relevant_topic_guid":"6d391862ad9088cd6f8c93c3e1cce3a6","cnt_retweet":"0","publish_time":"20210914172724","page_action_type":"07","cnt_agree":"0","topic_guid":"6d391862ad9088cd6f8c93c3e1cce3a6","userid":"6450367173","cnt_comment":"0","content":"实时播报：广东省人民政府：支持有条件的地市创建国家级普惠金融试验区，构建“绿色金融+数字普惠”的新型普惠金融体系。建立政府数据与金融机构的共享互通机制。支持深圳深化央行数字人民币应用创新试点，适时申请扩大试点城市范围，推动广州申请数字人民币试点工作。","url":"https://m.weibo.cn/status/4681380896182046","username":"快兰斯24小时财经直播2"},{"relevant_topic_guid":"716e794ee54ca7f6bc11ea59fc211f4b","cnt_retweet":"0","publish_time":"20210914172405","page_action_type":"07","cnt_agree":"0","topic_guid":"716e794ee54ca7f6bc11ea59fc211f4b","userid":"6788499283","cnt_comment":"0","content":"广东省人民政府：支持有条件的地市创建国家级普惠金融试验区，构建“绿色金融+数字普惠”的新型普惠金融体系。建立政府数据与金融机构的共享互通机制。支持深圳深化央行数字人民币应用创新试点，适时申请扩大试点城市范围，推动广州申请数字人民币试点工作。 网页链接","url":"https://m.weibo.cn/status/4681380062300409","username":"微博财经7X24小时"},{"relevant_topic_guid":"e0a96783230e05e60ceb0eaa7ee462bc","cnt_retweet":"0","publish_time":"20210914170639","page_action_type":"07","cnt_agree":"0","topic_guid":"e0a96783230e05e60ceb0eaa7ee462bc","userid":"6171520813","cnt_comment":"0","content":"#区块链周报#第62期*本期热点*⭕成都多项入选国家智能社会治理实验基地名单；⭕央行将出台新阶段金融科技发展规划；⭕范一飞：数字人民币受理环境有待优化；……行业前沿资讯尽在交子区块链研究院公众号！欢迎大家关注！@成都交子金融控股","url":"https://m.weibo.cn/status/4681375674795530","username":"交子金融梦工场"},{"relevant_topic_guid":"f4f2d54e36e4eb3135bcc4bedacaa334","cnt_retweet":"0","publish_time":"20210914170412","page_action_type":"07","cnt_agree":"0","topic_guid":"f4f2d54e36e4eb3135bcc4bedacaa334","userid":"7527666934","cnt_comment":"0","content":"【#快讯#】萨尔瓦多总统：Chivo钱包用户已超50万。 #萨尔瓦多# #区块链# #数字人民币#","url":"https://m.weibo.cn/status/4681375057970708","username":"马路财经"},{"relevant_topic_guid":"ab46b94599ef3539c3f05507cef32bc0","publish_time":"20210914173204","page_action_type":"08","topic_guid":"ccaeb2c8f39a874d46a07c78ddd4fb01","userid":"2165787985","content":"不就是余额宝和薪金宝吗","url":"https://m.weibo.cn/status/4681383840844542/###4681384297499078","username":"玲玲九三"},{"relevant_topic_guid":"ab46b94599ef3539c3f05507cef32bc0","publish_time":"20210914204347","page_action_type":"08","topic_guid":"231e1465bcd7a1f8e8123353fd628e42","userid":"6224498432","content":"共同贫穷到是不少见","url":"https://m.weibo.cn/status/4681383840844542/###4681430515062033","username":"SpaceX精选"},{"relevant_topic_guid":"ab46b94599ef3539c3f05507cef32bc0","publish_time":"20210914194500","page_action_type":"08","topic_guid":"0a3f2fe4eb862beb189cc110da22d5cd","userid":"1735743492","content":"一人民币纸币能换多少数字人民币？","url":"https://m.weibo.cn/status/4681383840844542/###4681415570230429","username":"仨狼私通"},{"relevant_topic_guid":"ab46b94599ef3539c3f05507cef32bc0","publish_time":"20210914175800","page_action_type":"08","topic_guid":"664f68dadc4144156fd9d026973f7f46","userid":"6984112561","content":"直接用存款不就行了？一律活期…除非购买定期产品","url":"https://m.weibo.cn/status/4681383840844542/###4681388647779042","username":"FjupjgWGaYeN"},{"relevant_topic_guid":"ab46b94599ef3539c3f05507cef32bc0","publish_time":"20210914180100","page_action_type":"08","topic_guid":"2303e8193138c0fcc777417793133f10","userid":"7321646558","content":"馬話，你唔改變，我哋就改變你。但最後都係你贏咗","url":"https://m.weibo.cn/status/4681383840844542/###4681389410615796","username":"緯南經西"}]