[{"relevant_topic_guid":"8dff2d42b7f45442acb36f8cd736d2cf","cnt_retweet":"0","publish_time":"20201017135446","page_action_type":"08","cnt_agree":"2","topic_guid":"e2566f2ad87bf0e69744af53c0b26476","userid":"owen123owen1","cnt_comment":"0","content":"@zaobaosg CCP 大外宣媒體","url":"https://twitter.com/owen123owen1/status/1317343275791966209","username":"fccp_123_gogolo"},{"relevant_topic_guid":"8dff2d42b7f45442acb36f8cd736d2cf","cnt_retweet":"0","publish_time":"20201017125015","page_action_type":"08","cnt_agree":"0","topic_guid":"a45029dfebf5c43d27139a3328356547","userid":"ConfuseMoral","cnt_comment":"0","content":"@zaobaosg 新加坡与中共没什么区别，都是独裁政权，所以文章也类似。","url":"https://twitter.com/ConfuseMoral/status/1317327038496133125","username":"MoralConfuse"},{"relevant_topic_guid":"8dff2d42b7f45442acb36f8cd736d2cf","cnt_retweet":"0","publish_time":"20201017142609","page_action_type":"08","cnt_agree":"1","topic_guid":"7943cfd927909bc0f50eb95ebd72686e","userid":"Viewing_angle","cnt_comment":"0","content":"@zaobaosg 数字货币之所以能够兴起，主要由于电子支付业务的广泛推行，而这其中最重要的是没有发生过数字盗窃，或者发生过而用户不知道。人们对数字货币的接纳是基于它不会出错，一旦出现误差，影响是很严重的。中央银行有多大的信息备份能力，能存储海量的交易信息并且有足够的备份？","url":"https://twitter.com/Viewing_angle/status/1317351171745476608","username":"视角"},{"relevant_topic_guid":"88c28a6faf410eed7400f085cc3ec036","cnt_retweet":"0","publish_time":"20201011195355","page_action_type":"08","cnt_agree":"0","topic_guid":"fb136c35ad3894c6589b3da974a6e487","userid":"EavanDepapa","cnt_comment":"0","content":"@menghanfei 即將開始搶打毒疫苗","url":"https://twitter.com/EavanDepapa/status/1315259331995000843","username":"GKPP"},{"relevant_topic_guid":"3e67e54dd9615ef90126521fb442087d","cnt_retweet":"0","publish_time":"20201013204955","page_action_type":"08","cnt_agree":"0","topic_guid":"040442b0438c9aa85f5a8acbee3c491e","userid":"biesuoa","cnt_comment":"0","content":"@lvv2com 狗日的又是发达地区先试","url":"https://twitter.com/biesuoa/status/1315998198893174785","username":"俺的油馍"},{"relevant_topic_guid":"8dff2d42b7f45442acb36f8cd736d2cf","cnt_retweet":"0","publish_time":"20201017230709","page_action_type":"08","cnt_agree":"0","topic_guid":"8777aa25a442436a39a2e61e056b76ee","userid":"slsl61046665","cnt_comment":"0","content":"@zaobaosg 厉害，棒棒哒","url":"https://twitter.com/slsl61046665/status/1317482288888778754","username":"slsl"},{"relevant_topic_guid":"1d79b8e0335a4789c22b8772b1a4a6bc","cnt_retweet":"0","publish_time":"20201014160623","page_action_type":"08","cnt_agree":"0","topic_guid":"3418b8f8e805e34a929bd5b0641a88e2","userid":"CSpe1d8OgwpkUr2","cnt_comment":"0","content":"@huoshao_xixi @MeMeGreatQing https://t.co/PEzMf0GLXf","url":"https://twitter.com/CSpe1d8OgwpkUr2/status/1316289232684478464","username":"FF"},{"relevant_topic_guid":"8dff2d42b7f45442acb36f8cd736d2cf","cnt_retweet":"0","publish_time":"20201017185842","page_action_type":"08","cnt_agree":"0","topic_guid":"b7aaad7bbd4e135da53563c792600331","userid":"Justfuckccp","cnt_comment":"0","content":"@zaobaosg 這些所謂的專家太垃圾了吧，連大陸居民都知道這是把手伸進個人口袋里。只是無可奈何。覺得數字貨幣會振興的人是有多少外匯。要不就是個死窮鬼","url":"https://twitter.com/Justfuckccp/status/1317419762125733888","username":"葉希"},{"relevant_topic_guid":"d69d2c866f4bf0a45d0091379eca9109","cnt_retweet":"0","publish_time":"20201013233446","page_action_type":"08","cnt_agree":"0","topic_guid":"9343e3cd04409840dd9681f2676aae9e","userid":"wasd09144","cnt_comment":"0","content":"996福报论，也不看看万恶的资本主义每周最多工作几个小时？每小时最低工资多少钱？物价多少？","url":"https://twitter.com/wasd09144/status/1316039683961491462","username":"WASD09144"},{"relevant_topic_guid":"be57dd5e654f38eb5e67dd46845c47fc","cnt_retweet":"0","publish_time":"20201009181159","page_action_type":"08","cnt_agree":"0","topic_guid":"a3d1556afb7dd286b12ad73561f8cc4e","userid":"hkopinion","cnt_comment":"0","content":"中簽後根據中簽短信指引下載“數字人民幣APP”，開通“個人數字錢包”後，即可領取“禮享羅湖數字人民幣紅包”。該紅包可于10月12日18時至10月18日24時在羅湖區轄內已完成數字人民幣系統改造的3389家商戶無門檻消費。紅包不能轉給他人或兌回至本人銀行賬戶，超過有效期未使用將被收回。","url":"https://twitter.com/hkopinion/status/1314508904819159045","username":"香江觀察"},{"relevant_topic_guid":"8dff2d42b7f45442acb36f8cd736d2cf","cnt_retweet":"0","publish_time":"20201017123448","page_action_type":"08","cnt_agree":"0","topic_guid":"7b95dff47887d818913512d7c7b9f387","userid":"kerry14648130","cnt_comment":"0","content":"@zaobaosg 把财产转移到国外的贪官不怕数字货币，那些把钱还藏在家里的人可累了，到时候我看他们半夜需得把钱抛上街行善哦。","url":"https://twitter.com/kerry14648130/status/1317323150867091456","username":"kerry"},{"relevant_topic_guid":"36b269574f2569440cbd70742fc5edee","cnt_retweet":"0","publish_time":"20200922202743","page_action_type":"08","cnt_agree":"0","topic_guid":"09a352d3c4e7a7bcea8dd8f02436c61e","userid":"delokkkk","cnt_comment":"0","content":"央行数字货币是由央行发行，与纸币、硬币具备同等效力的法定货币。当下，数字经济成为全球经济增长日益重要的驱动力量，法定数字货币系统也将成为促进“双循环”的重要基础设施。法定数字货币的研发和应用将有利于高效满足个人、企业在数字经济条件下的需求，助推数字经济快速发展。","url":"https://twitter.com/delokkkk/status/1308382468467118080","username":"kk德米安"},{"relevant_topic_guid":"2d860b1220ee80feb3aa71ffed284753","cnt_retweet":"0","publish_time":"20210507144447","page_action_type":"08","cnt_agree":"0","topic_guid":"5e10342e469f702013c79392a8ef3958","userid":"CallihanSr","cnt_comment":"0","content":"@business @nicolesyLIVE @Quicktake No. I disagree.","url":"https://twitter.com/CallihanSr/status/1390558209803395074","username":"Kevin Michael Callihan Sr."},{"relevant_topic_guid":"2d860b1220ee80feb3aa71ffed284753","cnt_retweet":"0","publish_time":"20210507144841","page_action_type":"08","cnt_agree":"0","topic_guid":"b88ee76781b75caddc3ca2f229bcd420","userid":"jonjalb","cnt_comment":"0","content":"@business @nicolesyLIVE @Quicktake That means that facebook as a big, big competitor in data gathering *","url":"https://twitter.com/jonjalb/status/1390559192138887172","username":"Jonathan Roy-jalbert"},{"relevant_topic_guid":"2d860b1220ee80feb3aa71ffed284753","cnt_retweet":"0","publish_time":"20210507144206","page_action_type":"08","cnt_agree":"0","topic_guid":"8c8934e3f7b48b525ac015531167ca02","userid":"azim_azimovv","cnt_comment":"0","content":"@business @nicolesyLIVE @Quicktake my right ear really enjoyed listening to this video","url":"https://twitter.com/azim_azimovv/status/1390557537007771651","username":"Azim Azimov"},{"relevant_topic_guid":"2d860b1220ee80feb3aa71ffed284753","cnt_retweet":"0","publish_time":"20210507170643","page_action_type":"08","cnt_agree":"0","topic_guid":"98fb3092ab0289192d420f385bfb1367","userid":"Phoenix4Flight","cnt_comment":"0","content":"@business @markets @nicolesyLIVE @Quicktake Superb reporting! *✌","url":"https://twitter.com/Phoenix4Flight/status/1390593929507217413","username":"Phoenix 4 Flight"},{"relevant_topic_guid":"bcbdfbcffd57942d8167aebf3e2554a2","cnt_retweet":"0","publish_time":"20210916153604","page_action_type":"08","cnt_agree":"0","topic_guid":"8c091b6e6ef9e5c9b9a7e518d7d010e6","userid":"Mrwang48050516","cnt_comment":"0","content":"@SoundOfHope_SOH 【还在因为没客户而发愁吗？】海外精准被动引流，日进流量100-150，客户询盘聊到手软，海外主流热门平台，Facebook，ins，推特自动化多账号全面布局推广，WhatsApp，line多账号自动群发客户主动联系，足不出户，稳定进客，一对一指导，专业服务，售后无忧！！！心动地址：微信 17754414025","url":"https://twitter.com/Mrwang48050516/status/1438406313776533508","username":"海外推广系统-汪经理"},{"relevant_topic_guid":"70a2b15bc4f367e15ce0bdd361635c08","cnt_retweet":"0","publish_time":"20210404215225","page_action_type":"08","cnt_agree":"1","topic_guid":"3f69e2bf78ee7fa4f5361d889444dc6d","userid":"beefey4","cnt_comment":"0","content":"@nfergus Brilliant observation and foresight. In addition the Iran China deal is quite worrisome offering the Iranians a way out of US sanctions. Our present leaders are asleep at the wheel.","url":"https://twitter.com/beefey4/status/1378707030387666947","username":"beefey"},{"relevant_topic_guid":"b84642a3e37c4e95e30336d64f7748db","cnt_retweet":"0","publish_time":"20210415064006","page_action_type":"08","cnt_agree":"0","topic_guid":"68c8d0a0e285d921f7bed0a6f0585aef","userid":"royalfanta2","cnt_comment":"0","content":"@dajiyuan 中共推行数字化人民币，简单说中共钱的窟窿太大了，估计多少钱都填不满，只有一招拿笔写，（印都解决不了窟窿了）写多少都可以，5万，50万，500万，随便加减体现数字化，真正的美国脱勾中共经济，不出三天中共经济归O,，人民币立刻往废品收购站送，中共楼市崩溃，物价一天三涨，直追委瑞内拉马杜罗","url":"https://twitter.com/royalfanta2/status/1382463704608948224","username":"royalfanta"},{"relevant_topic_guid":"70a2b15bc4f367e15ce0bdd361635c08","cnt_retweet":"0","publish_time":"20210404214349","page_action_type":"08","cnt_agree":"1","topic_guid":"601076637100e6be4bdadb9213fde0bd","userid":"mattmontis","cnt_comment":"0","content":"@nfergus Great job Niall! ** nailed it","url":"https://twitter.com/mattmontis/status/1378704863614369796","username":"Matt Montis"},{"relevant_topic_guid":"d161d835c372e85431c3abac6bccb0cc","cnt_retweet":"0","publish_time":"20210321040547","page_action_type":"08","cnt_agree":"2","topic_guid":"8ddaef5755439a05bcebebab52498439","userid":"Justin_Halford_","cnt_comment":"0","content":"@amritxyz The limited time window will be an effective incentive towards wide adoption and familiarity of usage.","url":"https://twitter.com/Justin_Halford_/status/1373365173008936960","username":"Justin Halford"},{"relevant_topic_guid":"70a2b15bc4f367e15ce0bdd361635c08","cnt_retweet":"0","publish_time":"20210404225633","page_action_type":"08","cnt_agree":"1","topic_guid":"9763e3291d4cff23d7135b7c59cec5a2","userid":"bitcoinpowers","cnt_comment":"0","content":"@nfergus Leading crypto increasingly important for national security. Let’s make sure Americans own the most bitcoin and 99+% of stablecoins continue to be backed by USD.","url":"https://twitter.com/bitcoinpowers/status/1378723167435423746","username":"Kyle Powers"},{"relevant_topic_guid":"70a2b15bc4f367e15ce0bdd361635c08","cnt_retweet":"0","publish_time":"20210404225524","page_action_type":"08","cnt_agree":"1","topic_guid":"9978d3955c653a066ee9657e9a63f3f6","userid":"TheRandomMtrix","cnt_comment":"0","content":"@nfergus When people ask me about Bitcoin I refer them to the greatly written original white paper and to the story of John Law from your\u0027s Ascent of money *","url":"https://twitter.com/TheRandomMtrix/status/1378722881060929540","username":"Itay"},{"relevant_topic_guid":"70a2b15bc4f367e15ce0bdd361635c08","cnt_retweet":"0","publish_time":"20210404225849","page_action_type":"08","cnt_agree":"2","topic_guid":"485bf4051af221f63cdefe0fe9b52454","userid":"jarrodf_","cnt_comment":"0","content":"@nfergus No one foresaw the only goal of Nakamoto\u0027s white paper - peer to peer transactions - would be abandoned altogether and instead be replaced with an anarcho-capitalism fantasy world.","url":"https://twitter.com/jarrodf_/status/1378723741098668033","username":"Jarrod"},{"relevant_topic_guid":"70a2b15bc4f367e15ce0bdd361635c08","cnt_retweet":"0","publish_time":"20210404223045","page_action_type":"08","cnt_agree":"7","topic_guid":"6746c1c55fa0a52d4a15e2fbffe6fe62","userid":"sbmeunier","cnt_comment":"0","content":"@nfergus Ironic as you write your own sci-fi about it - a word salad summary of clever-sounding-yet-idiotic marketing claims made by conflicted snake oil sellers","url":"https://twitter.com/sbmeunier/status/1378716675261014022","username":"Sebastien Meunier"},{"relevant_topic_guid":"70a2b15bc4f367e15ce0bdd361635c08","cnt_retweet":"0","publish_time":"20210405074120","page_action_type":"08","cnt_agree":"0","topic_guid":"2b8fd61233102ceaf615ea711f7ecb3c","userid":"Marksie05","cnt_comment":"0","content":"@nfergus You still haven’t seen the right one either.... @nfergus","url":"https://twitter.com/Marksie05/status/1378855234978652161","username":"Gen - X R P"},{"relevant_topic_guid":"70a2b15bc4f367e15ce0bdd361635c08","cnt_retweet":"1","publish_time":"20210405065516","page_action_type":"08","cnt_agree":"2","topic_guid":"e3afbd7afd60c36f00dad1efff9f74ae","userid":"BTCBrisket","cnt_comment":"0","content":"@nfergus Very well written Niall.It will be immensely interesting to see how this all plays out.It seems money will quietly become the centrepiece of the next global conflict.It’s hard to imagine Bitcoin will not play a major role.Nations are being forced to take a Bitcoin stance.","url":"https://twitter.com/BTCBrisket/status/1378843640810807297","username":"Brisket"},{"relevant_topic_guid":"70a2b15bc4f367e15ce0bdd361635c08","cnt_retweet":"0","publish_time":"20210405135718","page_action_type":"08","cnt_agree":"0","topic_guid":"a84ddd3419111b982fa94940cdee4f4c","userid":"JuanGutiCA714","cnt_comment":"0","content":"@nfergus https://t.co/pzYf2JwBUN","url":"https://twitter.com/JuanGutiCA714/status/1378949848687206400","username":"Juan Hodl"},{"relevant_topic_guid":"70a2b15bc4f367e15ce0bdd361635c08","cnt_retweet":"0","publish_time":"20210405090503","page_action_type":"08","cnt_agree":"2","topic_guid":"4340935148d64c397f88797c5b3ccec0","userid":"VandelayBTC","cnt_comment":"0","content":"@nfergus When I got to \"Bitcoin and Ethereum...\" I understood something was off and a second revision of this article is needed.#Bitcoin is sound money and it is nothing like Ethereum. DeFi without the \"De\" part is just ScamFi like fiat.","url":"https://twitter.com/VandelayBTC/status/1378876302967595010","username":"Vandelay ₿TC Industries"},{"relevant_topic_guid":"70a2b15bc4f367e15ce0bdd361635c08","cnt_retweet":"0","publish_time":"20210405103343","page_action_type":"08","cnt_agree":"0","topic_guid":"383247ce0b2b82af3ee8ee81c40eee15","userid":"jfsalazar07","cnt_comment":"0","content":"@nfergus Amazing article @nfergus","url":"https://twitter.com/jfsalazar07/status/1378898618388733954","username":"Jose Fco."},{"relevant_topic_guid":"0510e596e788017b07f045b976aae4c5","cnt_retweet":"0","publish_time":"20210303172846","page_action_type":"08","cnt_agree":"0","topic_guid":"7e9bb4da79d9ad46b057209015c4de22","userid":"Mavi_Masmavi19","cnt_comment":"0","content":"Şimdi anlaşılıyor mu uçan-kaçan, patlayan-çatlayan \"BITCOIN\"IN esbab-ı mucibesi***#kriptopara #bitcoin #ÇinOyunları #tuzak #Emperyalist #Çin#Çarşamba #Mart #March","url":"https://twitter.com/Mavi_Masmavi19/status/1367044265679929344","username":"Sevgi KARATAŞ"},{"relevant_topic_guid":"4368658c8d6415feaf6c2b0e89e2a8ab","cnt_retweet":"0","publish_time":"20210223154619","page_action_type":"08","cnt_agree":"0","topic_guid":"d49d967376a63fc5176eb8cdf0b65daa","userid":"nhaguma","cnt_comment":"0","content":"@rasheedguo @CarmelleCadet Thank you. Would love to discuss more with you, please follow back or DM.","url":"https://twitter.com/nhaguma/status/1364119384004919296","username":"Norbert Haguma"},{"relevant_topic_guid":"b9d723d20f78f8c62735bbf9461ead10","cnt_retweet":"0","publish_time":"20210307091626","page_action_type":"08","cnt_agree":"1","topic_guid":"9fb6ca02c9ab60e7ef441e01d22c05ce","userid":"cmdoerfler","cnt_comment":"0","content":"@mattysino @TheChicagoVC citing the CCPs strategy is perhaps not the best example","url":"https://twitter.com/cmdoerfler/status/1368369919679750151","username":"Chris Doerfler"},{"relevant_topic_guid":"b84642a3e37c4e95e30336d64f7748db","cnt_retweet":"0","publish_time":"20210415061502","page_action_type":"08","cnt_agree":"0","topic_guid":"c20c1a097b89dfefaf8254a2f64040ef","userid":"mikezhang0","cnt_comment":"0","content":"@dajiyuan 准确的说，所谓建立在任何一个实际币种之上的数字货币，比如人民币数字货币，美元数字货币，都不是真正意义上的数字货币，只是把纸币数字化而已，跟你目前的银行信用卡账单数字化一样。","url":"https://twitter.com/mikezhang0/status/1382457394052145155","username":"Mike Zhang"},{"relevant_topic_guid":"892bed97d7c4cf4260e1eaa07498e5fa","cnt_retweet":"0","publish_time":"20210414004307","page_action_type":"08","cnt_agree":"2","topic_guid":"74337525c0e927c5c60d9ca9754be218","userid":"JukkaKonnunsuo","cnt_comment":"0","content":"@KUI__YANG 中国人从在娘的子宫里坐了胎的时候就被判处了无期徒刑，剥夺政治权利终身了。","url":"https://twitter.com/JukkaKonnunsuo/status/1382011475863212037","username":"Konnunsuo Jukka"},{"relevant_topic_guid":"5929715da32ca28a2f4834747bc9d43b","cnt_retweet":"0","publish_time":"20210223144648","page_action_type":"08","cnt_agree":"0","topic_guid":"7cd864a25dae86d5db18412b1c347154","userid":"rasheedguo","cnt_comment":"0","content":"@nhaguma @CarmelleCadet A link to a summary of the presentation is in the thread if you click through. Also here is a video of the presentation :) https://t.co/O7luDhkEKp","url":"https://twitter.com/rasheedguo/status/1364104404098506752","username":"Rasheed Griffith"},{"relevant_topic_guid":"a7ad0d6d03710a6ae920b5f7921cbb49","cnt_retweet":"0","publish_time":"20210410084031","page_action_type":"08","cnt_agree":"4","topic_guid":"851336adc84b2a0b2ed1cb0624546dae","userid":"Youareook","cnt_comment":"0","content":"@VOAChinese 换成小国家，美国早剪完羊毛又派兵，但面对中国，不淡定也是没办法的事，美国只能故作镇定。","url":"https://twitter.com/Youareook/status/1380682068288503810","username":"Iamoooook"},{"relevant_topic_guid":"94644ac340b0d20bdbe3ae0676c0637b","cnt_retweet":"0","publish_time":"20201215033555","page_action_type":"08","cnt_agree":"0","topic_guid":"20533c33bc9261ade901daba0749f80b","userid":"VeriDelisi","cnt_comment":"0","content":"@BCoeure @t_oncu @Jonas__Gross @philippsandner","url":"https://twitter.com/VeriDelisi/status/1338568418455334914","username":"Veridelisi | Shadowy Supereconomist"},{"relevant_topic_guid":"a7ad0d6d03710a6ae920b5f7921cbb49","cnt_retweet":"0","publish_time":"20210410090218","page_action_type":"08","cnt_agree":"0","topic_guid":"b40152cab62990c7c8acf6a9aaefa826","userid":"MA78701289","cnt_comment":"0","content":"@VOAChinese 美 国人大量投放美国，又一茬割了全世界人民的韭菜！！谁让每个国家都用美元做外汇储备了！！！外汇储备多元化是降低风险的措施！！！中国做为世界第二大经济体，用人民币做外汇储备是顺理成章的事！","url":"https://twitter.com/MA78701289/status/1380687549979533317","username":"MA"},{"relevant_topic_guid":"a7ad0d6d03710a6ae920b5f7921cbb49","cnt_retweet":"0","publish_time":"20210410085602","page_action_type":"08","cnt_agree":"1","topic_guid":"79a3cc0096f75ec22b1edd31c970ed91","userid":"CorvetteBoy5","cnt_comment":"0","content":"@VOAChinese 這個「仍然淡定」真的可圈可點！外面仍然淡定，心裡嚇破膽汁。","url":"https://twitter.com/CorvetteBoy5/status/1380685971461640193","username":"Corvette Boy"},{"relevant_topic_guid":"a7ad0d6d03710a6ae920b5f7921cbb49","cnt_retweet":"0","publish_time":"20210410090336","page_action_type":"08","cnt_agree":"0","topic_guid":"6dda76582d4a59ecfa666b7d0454cbab","userid":"wmywbyt_y","cnt_comment":"0","content":"@VOAChinese 人民币买伊朗石油，欢迎你美联储继续淡定。","url":"https://twitter.com/wmywbyt_y/status/1380687875948298240","username":"dxgtzbs"},{"relevant_topic_guid":"2c2576eb99e7788c8e1280820a2097c1","cnt_retweet":"0","publish_time":"20201208205014","page_action_type":"08","cnt_agree":"0","topic_guid":"c3f52f1f4f188eae1b2f932cbf515449","userid":"MahruzSchead","cnt_comment":"0","content":"@b2bx_exchange @BitBlocks_","url":"https://twitter.com/MahruzSchead/status/1336291999947874304","username":"Mahruz Schead"},{"relevant_topic_guid":"1b43b7fcec2a0ef9c313ec66dc8097e4","cnt_retweet":"0","publish_time":"20201208071935","page_action_type":"08","cnt_agree":"0","topic_guid":"89b345d4b32cbedef14d9f862d288120","userid":"Dingdon18953413","cnt_comment":"0","content":"@boxmining Check out $DEBASE bro, decentralized stablecoin with stabilizer pools and governance $DEGOVhttps://t.co/GKJUcDOnn3","url":"https://twitter.com/Dingdon18953413/status/1336087991123664896","username":"Dingdong"},{"relevant_topic_guid":"5c6bfefd651e5c379f69aa8446a83d71","cnt_retweet":"0","publish_time":"20210409150709","page_action_type":"08","cnt_agree":"0","topic_guid":"6ee0be6373edf49fcc94d137d7b7e864","userid":"NMniJlDnCO3V8Nu","cnt_comment":"0","content":"@ChineseWSJ “虽然中国在推出纯数字版货币方面赶在了美联储前面”，这句话表明美联储有计划推出数字货币。","url":"https://twitter.com/NMniJlDnCO3V8Nu/status/1380416978200842243","username":"噜啦啦"},{"relevant_topic_guid":"1b43b7fcec2a0ef9c313ec66dc8097e4","cnt_retweet":"0","publish_time":"20201208011327","page_action_type":"08","cnt_agree":"0","topic_guid":"b3d4469fb476bf6fb599fd656ef2c989","userid":"K1ng_Hero","cnt_comment":"0","content":"@boxmining WhiteSwap is a new project, there is no high level of liquidity in the pool, great chance to farm and get reward in their governant token WSE.","url":"https://twitter.com/K1ng_Hero/status/1335995853434187777","username":"Liam King"},{"relevant_topic_guid":"f07c366b6c8cf29707dcbce2ce5366e7","cnt_retweet":"0","publish_time":"20210521133327","page_action_type":"08","cnt_agree":"2","topic_guid":"b0f0bf5e45fdb655c87eb01683b7beec","userid":"lanhuacc","cnt_comment":"0","content":"@rijingzhongwen 人民币的国际化就是侵略","url":"https://twitter.com/lanhuacc/status/1395613689319804929","username":"lorin stone  蓝华"},{"relevant_topic_guid":"61bf8ca52cf7313b499eca835d56d2b3","cnt_retweet":"0","publish_time":"20210523120952","page_action_type":"08","cnt_agree":"1","topic_guid":"fce1a1f75f2f720a6bf33ebd4fdd197f","userid":"FreemanInside","cnt_comment":"0","content":"@ChineseWSJ 凡事中国狗政府反对的，就一定是正确的 毒品除外","url":"https://twitter.com/FreemanInside/status/1396317429299437574","username":"境外势力"},{"relevant_topic_guid":"61bf8ca52cf7313b499eca835d56d2b3","cnt_retweet":"0","publish_time":"20210523121546","page_action_type":"08","cnt_agree":"4","topic_guid":"e07e34d54832fed4380d9c9f55407067","userid":"edde2021","cnt_comment":"0","content":"@ChineseWSJ 你们看来中国几十年来每件事情都是错的，为什么你们现在害怕的一逼？","url":"https://twitter.com/edde2021/status/1396318915450466307","username":"edde2021"},{"relevant_topic_guid":"61bf8ca52cf7313b499eca835d56d2b3","cnt_retweet":"0","publish_time":"20210523120413","page_action_type":"08","cnt_agree":"1","topic_guid":"a7227e72c179b11f16bcbf9393157a92","userid":"Eax171074","cnt_comment":"0","content":"@ChineseWSJ 权贵钻石韭菜等你们割啊","url":"https://twitter.com/Eax171074/status/1396316009640849410","username":"汉尼拔火罐（叁度复活）"},{"relevant_topic_guid":"61bf8ca52cf7313b499eca835d56d2b3","cnt_retweet":"0","publish_time":"20210523122225","page_action_type":"08","cnt_agree":"1","topic_guid":"637710cd9637cb1614e2a26cbd5d340c","userid":"NB3288","cnt_comment":"0","content":"@ChineseWSJ 中国人对挖比特币有兴趣，对卖比特币有兴趣。但持有比特币？除非马上出手兑现美元洗钱，谁敢把这玩意当保值货币储存啊？罪犯都不敢啊","url":"https://twitter.com/NB3288/status/1396320590823264258","username":"Newby"},{"relevant_topic_guid":"61bf8ca52cf7313b499eca835d56d2b3","cnt_retweet":"0","publish_time":"20210523123401","page_action_type":"08","cnt_agree":"1","topic_guid":"3f36b91709b5dc55ade400f4623fb219","userid":"sshyang1","cnt_comment":"0","content":"@ChineseWSJ 只有见不得光的收入才会通过比特币等方式。","url":"https://twitter.com/sshyang1/status/1396323506531434497","username":"Roy Yang"},{"relevant_topic_guid":"61bf8ca52cf7313b499eca835d56d2b3","cnt_retweet":"0","publish_time":"20210523120349","page_action_type":"08","cnt_agree":"0","topic_guid":"1ae404cd0bd0e6fa29741b98f4ebe191","userid":"wmywbyt_y","cnt_comment":"0","content":"@ChineseWSJ 这位分析人士还是不了解中国，更不了解比特币。","url":"https://twitter.com/wmywbyt_y/status/1396315906330927107","username":"dxgtzbs"},{"relevant_topic_guid":"61bf8ca52cf7313b499eca835d56d2b3","cnt_retweet":"0","publish_time":"20210523122941","page_action_type":"08","cnt_agree":"1","topic_guid":"a65ef67c5d00be9f278a6424018baf71","userid":"qq1461219343","cnt_comment":"0","content":"@ChineseWSJ 放你妈的拐弯抹角螺旋升天屁","url":"https://twitter.com/qq1461219343/status/1396322416956162051","username":"煮酒待人归"},{"relevant_topic_guid":"61bf8ca52cf7313b499eca835d56d2b3","cnt_retweet":"0","publish_time":"20210523122736","page_action_type":"08","cnt_agree":"3","topic_guid":"eb77b5a17222edc1cc7119f649b7a8fa","userid":"quanquanyyqq","cnt_comment":"0","content":"@ChineseWSJ 比特币是价值储存载体？真是睁着眼说瞎话啊……为了搞反中宣传，连脑子都不要了","url":"https://twitter.com/quanquanyyqq/status/1396321891749490691","username":"**泉泉圆圆泉泉"},{"relevant_topic_guid":"f07c366b6c8cf29707dcbce2ce5366e7","cnt_retweet":"0","publish_time":"20210521111815","page_action_type":"08","cnt_agree":"0","topic_guid":"42cd904cd784674f7ec65e49dee9ccaf","userid":"donaldwang","cnt_comment":"0","content":"@rijingzhongwen 很含蓄, 有利于各国货币的国际化, 也就是去美元化, 一个看上去遥不可及的目标.","url":"https://twitter.com/donaldwang/status/1395579663536197633","username":"DonaldWang01"},{"relevant_topic_guid":"61bf8ca52cf7313b499eca835d56d2b3","cnt_retweet":"0","publish_time":"20210523121138","page_action_type":"08","cnt_agree":"1","topic_guid":"6a3c54e6dbb8d1498c4d7fad1d37a6ac","userid":"truman0000","cnt_comment":"0","content":"@ChineseWSJ 啧啧，割韭菜还让你感恩*https://t.co/aCRm12bFTe","url":"https://twitter.com/truman0000/status/1396317875493871619","username":"Truman"},{"relevant_topic_guid":"61bf8ca52cf7313b499eca835d56d2b3","cnt_retweet":"0","publish_time":"20210523125533","page_action_type":"08","cnt_agree":"6","topic_guid":"f4231dc7d972e05dc54ac3b57f576231","userid":"GhostDancer_17","cnt_comment":"0","content":"@ChineseWSJ 这是哪位分析人士啊？脑子进水了吗？中国人不信自己的银行，反而把钱存到不知谁控制的匿名存储体里等着被资本家割韭菜？","url":"https://twitter.com/GhostDancer_17/status/1396328927551918081","username":"鬼舞拾柒（Eric5277）**~想你的液~"},{"relevant_topic_guid":"61bf8ca52cf7313b499eca835d56d2b3","cnt_retweet":"0","publish_time":"20210523123735","page_action_type":"08","cnt_agree":"1","topic_guid":"1b45d04ea380095ee9e3eebe347be73e","userid":"twCJ7","cnt_comment":"0","content":"@ChineseWSJ china wanna control everything, especially citizen.","url":"https://twitter.com/twCJ7/status/1396324405601394688","username":"CJ"},{"relevant_topic_guid":"61bf8ca52cf7313b499eca835d56d2b3","cnt_retweet":"0","publish_time":"20210523121312","page_action_type":"08","cnt_agree":"1","topic_guid":"347d2c8a61431fb55c40404d1dda8b6c","userid":"Alfred54619822","cnt_comment":"0","content":"@ChineseWSJ 我觉得华尔街日报要换中文小编了，台湾小编的水准每况愈下，找的角度已经脱离正常人的思维了。","url":"https://twitter.com/Alfred54619822/status/1396318269049430027","username":"Alfred"},{"relevant_topic_guid":"61bf8ca52cf7313b499eca835d56d2b3","cnt_retweet":"0","publish_time":"20210523123659","page_action_type":"08","cnt_agree":"1","topic_guid":"5507a083c7979b12b1877cae4fb78f47","userid":"gfsd07201859","cnt_comment":"0","content":"@ChineseWSJ 五毛跟闻到尸臭的苍蝇一般该死","url":"https://twitter.com/gfsd07201859/status/1396324255965454338","username":"gfsd"},{"relevant_topic_guid":"bbbbc183b02b278ee85aa58568565958","cnt_retweet":"0","publish_time":"20210520173124","page_action_type":"08","cnt_agree":"0","topic_guid":"94ffc12717f72652f4e034f1e2552f56","userid":"TaineChen","cnt_comment":"0","content":"@ChineseWSJ 想多了，我们只是想规避金融危机而已。","url":"https://twitter.com/TaineChen/status/1395311183792467968","username":"Taine Chan"},{"relevant_topic_guid":"bbbbc183b02b278ee85aa58568565958","cnt_retweet":"0","publish_time":"20210520173738","page_action_type":"08","cnt_agree":"1","topic_guid":"f220a685378e563f9eb791fde0f3c0d3","userid":"a20100525","cnt_comment":"0","content":"@ChineseWSJ 加密货币这么不稳定，还有谁“渴望把自己资产净值投入到一种匿名的价值存储载体”？傻子吗？买卖数字货币不都是投机的吗？","url":"https://twitter.com/a20100525/status/1395312753439514627","username":"胡不归"},{"relevant_topic_guid":"bbbbc183b02b278ee85aa58568565958","cnt_retweet":"0","publish_time":"20210520174022","page_action_type":"08","cnt_agree":"66","topic_guid":"49a90c0d54fbebc77c5023985c168fa5","userid":"zdvlbwvSuYYqMMJ","cnt_comment":"0","content":"@ChineseWSJ 那么这个分析人士有点傻…","url":"https://twitter.com/zdvlbwvSuYYqMMJ/status/1395313441213239296","username":"体验"},{"relevant_topic_guid":"6bd9d5220998dcd11ecdc6f5609d0104","cnt_retweet":"0","publish_time":"20210521001847","page_action_type":"08","cnt_agree":"0","topic_guid":"19f09c9750f72929d253b4641ab0803d","userid":"ding0616","cnt_comment":"0","content":"@WallStTV @MingJingNews 按這說法，比特幣跌也怪北京？日本人排核水也怪北京？你就告訴我什麼事情可以不怪北京？","url":"https://twitter.com/ding0616/status/1395413703093329925","username":"Dam Z"},{"relevant_topic_guid":"ab40a4e643d61f2d4937d204792df431","cnt_retweet":"0","publish_time":"20210519233206","page_action_type":"08","cnt_agree":"1","topic_guid":"a195a73b7e73a2e933dac3a8fd3c403e","userid":"suchashinyday","cnt_comment":"0","content":"5月13日，马斯克宣布特斯拉暂停使用比特币支付； 5月14日，全球最大的加密货币交易所币安接受美国司法部和美国国税局关于非法活动的调查； 5月18日晚中国互联网金融协会、中国银行业协会与中国支付清算协会联合发文：明确金融机构、支付机构不得开展与虚拟货币相关的业务","url":"https://twitter.com/suchashinyday/status/1395039570593386502","username":"Suchashinyday"},{"relevant_topic_guid":"bbbbc183b02b278ee85aa58568565958","cnt_retweet":"0","publish_time":"20210520181047","page_action_type":"08","cnt_agree":"0","topic_guid":"daea69704832eafe3933cb476978da52","userid":"Dicky26903029","cnt_comment":"0","content":"@ChineseWSJ 他只是分析，离现实其实...刚刚好相反","url":"https://twitter.com/Dicky26903029/status/1395321096472186880","username":"梵蒂冈复活甲"},{"relevant_topic_guid":"2ff53ea2eb9c51849b5a26a593c710a6","cnt_retweet":"0","publish_time":"20210615174432","page_action_type":"08","cnt_agree":"0","topic_guid":"c973a54c32778b0e4fcee17396babd68","userid":"ChinaFinance40","cnt_comment":"0","content":"To meet payment needs, wallets are assigned with different transaction limits based on #KYC  levels. KYC requirements are more stringent as the balance and payment limit go up. This is meant to protect user privacy and guard against the risk of large suspicious transactions. 4/7","url":"https://twitter.com/ChinaFinance40/status/1404736571832602630","username":"China Finance 40 Forum (CF40)"},{"relevant_topic_guid":"cf167257d292e9f181fe371c6b9c5b03","cnt_retweet":"0","publish_time":"20210519223611","page_action_type":"08","cnt_agree":"0","topic_guid":"056fd70da38766192f71201d7e88276d","userid":"tempuradom","cnt_comment":"0","content":"@Nobel_Chow 不是已经收归了吗","url":"https://twitter.com/tempuradom/status/1395025497742987274","username":"um"},{"relevant_topic_guid":"bbbbc183b02b278ee85aa58568565958","cnt_retweet":"0","publish_time":"20210520174305","page_action_type":"08","cnt_agree":"5","topic_guid":"adc4e5ccbbb178ccd1d8dea79b79b682","userid":"SimonMeng16","cnt_comment":"0","content":"@ChineseWSJ 炒币的哪个不是想一日暴富，根本就不是打算长期持有，因为大家都知道这种虚拟货币没有实际价值，只是被人为炒作出来的，风险可想而知。","url":"https://twitter.com/SimonMeng16/status/1395314125404708870","username":"Simon Meng **"},{"relevant_topic_guid":"bbbbc183b02b278ee85aa58568565958","cnt_retweet":"0","publish_time":"20210520190110","page_action_type":"08","cnt_agree":"0","topic_guid":"920f0bdf05f25db731b6a75c033fadb5","userid":"fengshe01797606","cnt_comment":"0","content":"@ChineseWSJ 无中生人士","url":"https://twitter.com/fengshe01797606/status/1395333774179659777","username":"feng_风"},{"relevant_topic_guid":"bbbbc183b02b278ee85aa58568565958","cnt_retweet":"0","publish_time":"20210520183637","page_action_type":"08","cnt_agree":"0","topic_guid":"3573d17f38475908592ba37c2fe627e2","userid":"szmht","cnt_comment":"0","content":"@ChineseWSJ 买虚拟币是为了投机炒作。","url":"https://twitter.com/szmht/status/1395327597932810242","username":"heizi"},{"relevant_topic_guid":"bbbbc183b02b278ee85aa58568565958","cnt_retweet":"0","publish_time":"20210520174353","page_action_type":"08","cnt_agree":"0","topic_guid":"48fe93d858763a8879edd5c3218a0d51","userid":"zoc1ArO0C4D3NuO","cnt_comment":"0","content":"@ChineseWSJ 跟你反着来就对了","url":"https://twitter.com/zoc1ArO0C4D3NuO/status/1395314323921281024","username":"不留行"},{"relevant_topic_guid":"bbbbc183b02b278ee85aa58568565958","cnt_retweet":"0","publish_time":"20210520174646","page_action_type":"08","cnt_agree":"0","topic_guid":"b469c490700d6641a29f9fb4b217c75a","userid":"tootwoto83","cnt_comment":"0","content":"@ChineseWSJ 哈哈哈哈，把自己资产净值投入进去跌90@%？","url":"https://twitter.com/tootwoto83/status/1395315049388920840","username":"too**"},{"relevant_topic_guid":"bbbbc183b02b278ee85aa58568565958","cnt_retweet":"0","publish_time":"20210520175657","page_action_type":"08","cnt_agree":"0","topic_guid":"b08cd77d724719050110cae26a10fd0d","userid":"linxiang18","cnt_comment":"0","content":"@ChineseWSJ 加密货币就是中共的经济病毒，华尔街还想火中取栗。","url":"https://twitter.com/linxiang18/status/1395317614184861699","username":"全聚德"},{"relevant_topic_guid":"cebf83a105736bc1a7a5b64dcb523fab","cnt_retweet":"0","publish_time":"20210514111622","page_action_type":"08","cnt_agree":"0","topic_guid":"7f8a6ee3fd90985ac57c196e761fc1f4","userid":"jike_collection","cnt_comment":"0","content":"…产线第一颗卫星下线7. 三星显示将开发 1000ppi OLED 屏幕技术8. 工信部通报下架 90 款侵害用户权益 App9. 华为新 Mate 平板电脑将预装鸿蒙 OS10. 联发科发布天玑 90011. 安徽六安市两地被调整为疫情中风险地区12. 天美与 X…","url":"https://twitter.com/jike_collection/status/1393042476361928705","username":"即刻精选"},{"relevant_topic_guid":"bbbbc183b02b278ee85aa58568565958","cnt_retweet":"0","publish_time":"20210520175125","page_action_type":"08","cnt_agree":"0","topic_guid":"44264182b2e42b94aeeb0dc630467fe4","userid":"oaHzq6oIRGAsEvg","cnt_comment":"0","content":"@ChineseWSJ ？？？这是怎么分析出来的？中国人民谁这么傻啊","url":"https://twitter.com/oaHzq6oIRGAsEvg/status/1395316221382316034","username":"sindgwuzk"},{"relevant_topic_guid":"bbbbc183b02b278ee85aa58568565958","cnt_retweet":"0","publish_time":"20210520175721","page_action_type":"08","cnt_agree":"6","topic_guid":"fb56e74c00a9565b9f2143c72b063242","userid":"DanielW00321734","cnt_comment":"0","content":"@ChineseWSJ 中國識破美國以美元計價的虛擬貨幣收割各國財富的打算，果斷出手解決問題","url":"https://twitter.com/DanielW00321734/status/1395317714202284035","username":"Daniel Wong"},{"relevant_topic_guid":"bbbbc183b02b278ee85aa58568565958","cnt_retweet":"0","publish_time":"20210520181419","page_action_type":"08","cnt_agree":"0","topic_guid":"3e0b55316c193b1d052d46ab644589f8","userid":"wangerw3","cnt_comment":"0","content":"@ChineseWSJ 真-脑残","url":"https://twitter.com/wangerw3/status/1395321984163061760","username":"wangerw"},{"relevant_topic_guid":"bbbbc183b02b278ee85aa58568565958","cnt_retweet":"0","publish_time":"20210520181507","page_action_type":"08","cnt_agree":"0","topic_guid":"fed19c880d326967bba09b21f7843267","userid":"weiyulin20","cnt_comment":"0","content":"@ChineseWSJ 做空赚更多更快","url":"https://twitter.com/weiyulin20/status/1395322183476387843","username":"weiyulin"},{"relevant_topic_guid":"bbbbc183b02b278ee85aa58568565958","cnt_retweet":"0","publish_time":"20210520180200","page_action_type":"08","cnt_agree":"2","topic_guid":"8c72945e5dc2ece1fbfafb736d0fae4b","userid":"qhiqDEjYKTgkfe1","cnt_comment":"0","content":"@ChineseWSJ 哪个傻B说的，哪个狗蛋分析人士分析的，请站出来","url":"https://twitter.com/qhiqDEjYKTgkfe1/status/1395318885809680387","username":"Jack"},{"relevant_topic_guid":"bbbbc183b02b278ee85aa58568565958","cnt_retweet":"0","publish_time":"20210520181019","page_action_type":"08","cnt_agree":"2","topic_guid":"5b2e347471bb4672ec66c3c8d0a76aed","userid":"jsxRu3cADKOQjNV","cnt_comment":"0","content":"@ChineseWSJ 这样的分析人士，得出这种结论，纯属扯淡。目前除了极少部分参与各类币类的投资炒作外，大多人对它既不了解也不关心，哪来的转移？","url":"https://twitter.com/jsxRu3cADKOQjNV/status/1395320978289225729","username":"程开国"},{"relevant_topic_guid":"49556d14f1d98ee1cd77f4f210f36a17","cnt_retweet":"0","publish_time":"20210522131255","page_action_type":"08","cnt_agree":"0","topic_guid":"7cb367c9b2cf21d6dedeec1af45233e5","userid":"linl_wz","cnt_comment":"0","content":"@caijingxiang 啊","url":"https://twitter.com/linl_wz/status/1395970910998261763","username":"丙寅"},{"relevant_topic_guid":"bbbbc183b02b278ee85aa58568565958","cnt_retweet":"0","publish_time":"20210520182452","page_action_type":"08","cnt_agree":"0","topic_guid":"dc8735bcd0cbe321a58500fe4390f3ca","userid":"GeorgeYin20","cnt_comment":"0","content":"@ChineseWSJ 兩碼事","url":"https://twitter.com/GeorgeYin20/status/1395324640294101005","username":"George Yin"},{"relevant_topic_guid":"bbbbc183b02b278ee85aa58568565958","cnt_retweet":"0","publish_time":"20210520195529","page_action_type":"08","cnt_agree":"12","topic_guid":"142cab3fcfdece8acf43ae82487ad656","userid":"Zank47563599","cnt_comment":"0","content":"@ChineseWSJ 一位分析人士表示，？？？？？？？？？？？？？？？？？","url":"https://twitter.com/Zank47563599/status/1395347444813205506","username":"微博管理和服务太扯淡"},{"relevant_topic_guid":"49556d14f1d98ee1cd77f4f210f36a17","cnt_retweet":"0","publish_time":"20210524053447","page_action_type":"08","cnt_agree":"0","topic_guid":"8bd8dba8476ec1c73ca0e764d432bd99","userid":"CelineZhu4","cnt_comment":"0","content":"@caijingxiang 我就是来看看评论，大V粉里究竟有木有真懂未来体制数字币和外币控制的狠人。说是双系统的都是小白了吧？说是18亿抄底的牛晚餐成功逃出了没？","url":"https://twitter.com/CelineZhu4/status/1396580394259132419","username":"Fermion"},{"relevant_topic_guid":"bbbbc183b02b278ee85aa58568565958","cnt_retweet":"0","publish_time":"20210520174558","page_action_type":"08","cnt_agree":"26","topic_guid":"cae2c0dd7051af7793bdb1e4ad89c3c4","userid":"chen44323479","cnt_comment":"0","content":"@ChineseWSJ 渴望个屁，我也想发行个新加密货币投放到欧美市场*","url":"https://twitter.com/chen44323479/status/1395314850306289664","username":"chen"},{"relevant_topic_guid":"bbbbc183b02b278ee85aa58568565958","cnt_retweet":"0","publish_time":"20210520173242","page_action_type":"08","cnt_agree":"2","topic_guid":"77d5a19b117b8ea0dae391afff4ae2d2","userid":"q6sVIwtha2CaRV4","cnt_comment":"0","content":"@ChineseWSJ 想多了，楼塌只是早晚的事情","url":"https://twitter.com/q6sVIwtha2CaRV4/status/1395311511707475970","username":"小差"},{"relevant_topic_guid":"bbbbc183b02b278ee85aa58568565958","cnt_retweet":"0","publish_time":"20210520193421","page_action_type":"08","cnt_agree":"3","topic_guid":"7161e3dcdbdacb1db780cc905debcb07","userid":"bamgrass","cnt_comment":"0","content":"@ChineseWSJ 赶紧做空中国吧","url":"https://twitter.com/bamgrass/status/1395342127068942340","username":"bamgrass"},{"relevant_topic_guid":"bbbbc183b02b278ee85aa58568565958","cnt_retweet":"0","publish_time":"20210520175558","page_action_type":"08","cnt_agree":"22","topic_guid":"a1d7142cf49c21a24682c97d12b294cf","userid":"lv_tianxiang","cnt_comment":"0","content":"@ChineseWSJ 这个分析人士水平真差，还不如微博大V","url":"https://twitter.com/lv_tianxiang/status/1395317366859341826","username":"Newhand LV"},{"relevant_topic_guid":"bbbbc183b02b278ee85aa58568565958","cnt_retweet":"0","publish_time":"20210521133212","page_action_type":"08","cnt_agree":"0","topic_guid":"64dd7e7c70be433d6c7fd510ec171046","userid":"Vivian26524547","cnt_comment":"0","content":"@ChineseWSJ 好*","url":"https://twitter.com/Vivian26524547/status/1395613375447461889","username":"Vivian123456"},{"relevant_topic_guid":"bbbbc183b02b278ee85aa58568565958","cnt_retweet":"0","publish_time":"20210520225358","page_action_type":"08","cnt_agree":"3","topic_guid":"b987461c9a583486b027c5af1a407d8f","userid":"Anna55019867","cnt_comment":"0","content":"@ChineseWSJ excuseme 一点都不渴望什么匿名的价值储存载体","url":"https://twitter.com/Anna55019867/status/1395392358385078274","username":"Anna"},{"relevant_topic_guid":"bbbbc183b02b278ee85aa58568565958","cnt_retweet":"0","publish_time":"20210520200414","page_action_type":"08","cnt_agree":"1","topic_guid":"64b3c7d1838ff534b1f9eb6ef15661c1","userid":"FYPMEajIplns104","cnt_comment":"0","content":"@ChineseWSJ 能不能告诉我是哪位分析人士，我想扇他","url":"https://twitter.com/FYPMEajIplns104/status/1395349644507422725","username":"小石头"},{"relevant_topic_guid":"bbbbc183b02b278ee85aa58568565958","cnt_retweet":"0","publish_time":"20210520234105","page_action_type":"08","cnt_agree":"3","topic_guid":"a5ef65f1b54104274ae7f0ed0ddc269c","userid":"wufawutianzdm","cnt_comment":"0","content":"@ChineseWSJ 所以我们又被什么狗东西代表了？","url":"https://twitter.com/wufawutianzdm/status/1395404216814891009","username":"无法无天"},{"relevant_topic_guid":"bbbbc183b02b278ee85aa58568565958","cnt_retweet":"0","publish_time":"20210520232118","page_action_type":"08","cnt_agree":"1","topic_guid":"8fc0f9c3ec465b6902db5dfb965d8764","userid":"JamesJBrass","cnt_comment":"0","content":"@ChineseWSJ 作者可能没有在中国遇到拉老年人参与投资币圈的人","url":"https://twitter.com/JamesJBrass/status/1395399237211332615","username":"James"},{"relevant_topic_guid":"bbbbc183b02b278ee85aa58568565958","cnt_retweet":"0","publish_time":"20210521083008","page_action_type":"08","cnt_agree":"0","topic_guid":"7d540ec1a3a6feeca3acbbd22796ea4b","userid":"LuisZach","cnt_comment":"0","content":"@ChineseWSJ 这种分析人士一美分够不够？","url":"https://twitter.com/LuisZach/status/1395537356518686723","username":"吕正业"},{"relevant_topic_guid":"b05c914cd97cbc244fa8d2f98c153f13","cnt_retweet":"0","publish_time":"20210520075511","page_action_type":"08","cnt_agree":"0","topic_guid":"e733839133a5e99adbbb8d9fc9a9d735","userid":"yongyfz","cnt_comment":"0","content":"大家都喜欢无需网络的服务","url":"https://twitter.com/yongyfz/status/1395166172912488453","username":"永์愛中華"},{"relevant_topic_guid":"bbbbc183b02b278ee85aa58568565958","cnt_retweet":"0","publish_time":"20210521080413","page_action_type":"08","cnt_agree":"0","topic_guid":"d273e1cade885c09098d333908de0cc3","userid":"bin_wag","cnt_comment":"0","content":"@ChineseWSJ 啷个那么爱写剧本？","url":"https://twitter.com/bin_wag/status/1395530834015244293","username":"wag bin in"},{"relevant_topic_guid":"bbbbc183b02b278ee85aa58568565958","cnt_retweet":"0","publish_time":"20210521080439","page_action_type":"08","cnt_agree":"0","topic_guid":"744e2aa743cae677c814d374d4d04958","userid":"lozaTab","cnt_comment":"0","content":"@ChineseWSJ 不知道有几个年轻人是这样想的","url":"https://twitter.com/lozaTab/status/1395530945449496582","username":"甲基本"},{"relevant_topic_guid":"bbbbc183b02b278ee85aa58568565958","cnt_retweet":"0","publish_time":"20210521165443","page_action_type":"08","cnt_agree":"0","topic_guid":"9b8a5ce3461c9165a44330461ac83d25","userid":"Fuckusa01674644","cnt_comment":"0","content":"@ChineseWSJ 又要崩潰了！哈哈哈哈","url":"https://twitter.com/Fuckusa01674644/status/1395664341916061696","username":"CNFaiths"},{"relevant_topic_guid":"1a7cb65e11b097e0e291ed3443e8f4f8","cnt_retweet":"0","publish_time":"20210520153645","page_action_type":"08","cnt_agree":"0","topic_guid":"d6b6d30affffe2ea8f338d82a4b19275","userid":"2qi9guypYh3L8Cx","cnt_comment":"0","content":"@frozen00788293 @wangzhian8848 就跟传销必须取缔一样，这种经济邪教取缔纯粹是为了这些韭菜好","url":"https://twitter.com/2qi9guypYh3L8Cx/status/1395282332400160772","username":"王净"}]