[{"relevant_topic_guid":"f44945ef6f24af4ac1124cf7170a859b","cnt_retweet":"0","publish_time":"20210717012316","page_action_type":"08","cnt_agree":"0","topic_guid":"8268c4e514c2af831a11197b64dc284a","userid":"lurenbian","cnt_comment":"0","content":"@timyangnet 复杂与脆弱几乎总成正比，最高目标是稳定可靠的项目本该尽可能朴素。","url":"https://twitter.com/lurenbian/status/1416086040050233349","username":"路人蝙"},{"relevant_topic_guid":"0cd82712c9c4786623c659bd0eaeb6a5","cnt_retweet":"0","publish_time":"20210717092318","page_action_type":"08","cnt_agree":"10","topic_guid":"692b5310aee55ff4da43a9abe0da2159","userid":"CBao1993","cnt_comment":"0","content":"@KUI__YANG 除了闭关锁国之外，习猪头会干别的吗","url":"https://twitter.com/CBao1993/status/1416206846713606144","username":"楚宝儿"},{"relevant_topic_guid":"0cd82712c9c4786623c659bd0eaeb6a5","cnt_retweet":"0","publish_time":"20210717214623","page_action_type":"08","cnt_agree":"3","topic_guid":"6b47bd0d8c9a6e54f75ee6dfc6d01a1d","userid":"jamespan001","cnt_comment":"0","content":"@KUI__YANG 成本太高，全面制裁，芯片缺货，迟早没有人用。收缴菜刀，老百姓就不吃饭？就能万年不倒？还是会有别的替代手段。集权没有出路","url":"https://twitter.com/jamespan001/status/1416393850642333700","username":"jamespan"},{"relevant_topic_guid":"a39c4f2150dffb4862b2bb7fbf7833be","cnt_retweet":"0","publish_time":"20210717014708","page_action_type":"08","cnt_agree":"0","topic_guid":"a29464ce33819fc298df825a8dbed3b1","userid":"jacky88558855","cnt_comment":"0","content":"@ventilator2021 谁敢参与？","url":"https://twitter.com/jacky88558855/status/1416092046557728768","username":"doge man"},{"relevant_topic_guid":"db70d0b4e3f32dd0b0d4089e098f491f","cnt_retweet":"0","publish_time":"20210719135835","page_action_type":"08","cnt_agree":"2","topic_guid":"b2fe8673001f6fcdc2ccbf2e85ec8760","userid":"pankaj","cnt_comment":"0","content":"9) Most perplexing for me is why are they releasing this report at all. The paper reads like a sincere, semi-academic progress report - very un-Chinese-govt like! So far their official papers have been in Chinese and deliberately obscure...Thoughts on why they would do this now?","url":"https://twitter.com/pankaj/status/1417000899545763841","username":"****.***"},{"relevant_topic_guid":"c4cac47196ff0c421edec43cf477b97f","cnt_retweet":"0","publish_time":"20210722235644","page_action_type":"08","cnt_agree":"0","topic_guid":"96e43482c2606994294c00f9a0c279d7","userid":"siddubhai","cnt_comment":"0","content":"@Pritesh7994 Heillo Any idea regarding dent coins ??","url":"https://twitter.com/siddubhai/status/1418238591210188802","username":"SID"},{"relevant_topic_guid":"a39c4f2150dffb4862b2bb7fbf7833be","cnt_retweet":"0","publish_time":"20210717004414","page_action_type":"08","cnt_agree":"0","topic_guid":"3430fff088c35ec2725fc44477acc1ec","userid":"damian78787","cnt_comment":"0","content":"@ventilator2021 嗯，更别说参与“挖矿”的资质","url":"https://twitter.com/damian78787/status/1416076219846733826","username":"The Wayvy"},{"relevant_topic_guid":"e47e2427964a09351009fde4e485d0dc","cnt_retweet":"0","publish_time":"20210717171322","page_action_type":"08","cnt_agree":"0","topic_guid":"634baa40323e3bff2555cc3ef6a83855","userid":"zhonghuaminguo5","cnt_comment":"0","content":"@ranshaodeling @ShinoharaBlair @JoeBiden 你主子为啥弄数字货币出来？有毛病？打美元霸权？你打美元霸权你得全球流通才能打美元霸权啊，你他妈都不能自由流通打你妈的毛啊？所以，唯一的用处就是搞新时代的计划经济。","url":"https://twitter.com/zhonghuaminguo5/status/1416325141630361600","username":"zhonghuaminguo1911"},{"relevant_topic_guid":"67084892ea0e542f7e1f361f722d1303","cnt_retweet":"0","publish_time":"20210719165735","page_action_type":"08","cnt_agree":"0","topic_guid":"027aa6189e8d320d1b51123842660d60","userid":"SatoriResearch","cnt_comment":"0","content":"3: Notable institutional developments in crypto-space:(S\u0026amp;P announced 5 new indices, Square creating open developer platform focusing on BTC-tied financial services, Capital International Group purchasing 12.2% MSTR stock)","url":"https://twitter.com/SatoriResearch/status/1417045946932756484","username":"Satori Research"},{"relevant_topic_guid":"aad20a4c3fbf038150fe657996fae390","cnt_retweet":"0","publish_time":"20210720010631","page_action_type":"08","cnt_agree":"1","topic_guid":"b68b2fd4d00187266ebc25b36773ae8a","userid":"ducphant","cnt_comment":"0","content":"@WuBlockchain this is bullish actually","url":"https://twitter.com/ducphant/status/1417168991152316422","username":"DP"},{"relevant_topic_guid":"1f88fcb23eb3b0aca1b7339e1b263dd8","cnt_retweet":"0","publish_time":"20210717000715","page_action_type":"08","cnt_agree":"5","topic_guid":"3da46495e63efea960ad7e0262d0a4b1","userid":"aMichaelHsu","cnt_comment":"0","content":"@VOAChinese 割韭菜更方便了","url":"https://twitter.com/aMichaelHsu/status/1416066910781857794","username":"Michael Hsu"},{"relevant_topic_guid":"1f88fcb23eb3b0aca1b7339e1b263dd8","cnt_retweet":"0","publish_time":"20210717025016","page_action_type":"08","cnt_agree":"4","topic_guid":"6d78c8d293cb4a133d22245bec10302f","userid":"Ray411930","cnt_comment":"0","content":"@VOAChinese 狗币都比这个强","url":"https://twitter.com/Ray411930/status/1416107936925962242","username":"Ray"},{"relevant_topic_guid":"8411e1330d0ac534606289ab2bfe0daa","cnt_retweet":"0","publish_time":"20210726065325","page_action_type":"08","cnt_agree":"0","topic_guid":"539bb3efbe91895e58ef2f2e49abca8f","userid":"SanposiroBot","cnt_comment":"0","content":"@PayPayNews  散歩はいいぞ...！","url":"https://twitter.com/SanposiroBot/status/1419430618413293569","username":"散歩しろbot☀️"},{"relevant_topic_guid":"8411e1330d0ac534606289ab2bfe0daa","cnt_retweet":"0","publish_time":"20210726065324","page_action_type":"08","cnt_agree":"0","topic_guid":"835f5076d91bb55d94147499bfdf022e","userid":"benkyoubot_","cnt_comment":"0","content":"@PayPayNews  勉強しろこの問題でも解いとけ浄土真宗を開いたのは誰？この問題には答え合わせ機能がついています。リプに答えを書くと答え合わせができます。","url":"https://twitter.com/benkyoubot_/status/1419430612239331330","username":"勉強しろbot@TL返信希望の人は固ツイのリンク参照"},{"relevant_topic_guid":"8411e1330d0ac534606289ab2bfe0daa","cnt_retweet":"0","publish_time":"20210726065327","page_action_type":"08","cnt_agree":"0","topic_guid":"4a9042690854a098575bf67a612b0c57","userid":"SukippushiroBot","cnt_comment":"0","content":"@PayPayNews   スキップー！","url":"https://twitter.com/SukippushiroBot/status/1419430626856480771","username":"スキップしろbot*"},{"relevant_topic_guid":"8411e1330d0ac534606289ab2bfe0daa","cnt_retweet":"0","publish_time":"20210726065328","page_action_type":"08","cnt_agree":"0","topic_guid":"bc83e6fde39dc81d4b7cd23c085c9f5d","userid":"bot13_3","cnt_comment":"0","content":"@PayPayNews 霊符「夢想封印　散」","url":"https://twitter.com/bot13_3/status/1419430629847052298","username":"スペカbot（てんぢく）"},{"relevant_topic_guid":"147db22ca31f4851e469642c8d74ed08","cnt_retweet":"0","publish_time":"20210719234601","page_action_type":"08","cnt_agree":"2","topic_guid":"e7697764ed7cca4138d492e0a3134438","userid":"shhgs","cnt_comment":"0","content":"如果是最好的情况，人民币可以单纯依靠NFC完成交易，可以不依赖网络永久有效，那即使全世界联合起来绞杀也不可能阻止人民币的扩张。甚至进一步说，如果中国的制造业还能再保持三十年的强竞争力，中国可以将很多国家纳入中国的经济循环。这可是比美元的金融霸权稳固得多。6/6","url":"https://twitter.com/shhgs/status/1417148730621538311","username":"雪夜读书"},{"relevant_topic_guid":"17dc3bb73724d53161b64c6b977332aa","cnt_retweet":"0","publish_time":"20210724224151","page_action_type":"08","cnt_agree":"0","topic_guid":"1b8917897eec25a80af4e3db74360e7b","userid":"DongKun00","cnt_comment":"0","content":"@xjixjigugu 大概率又是一个连数字货币是什么都不知道的人","url":"https://twitter.com/DongKun00/status/1418944523179278342","username":"dream it possible*"},{"relevant_topic_guid":"17dc3bb73724d53161b64c6b977332aa","cnt_retweet":"0","publish_time":"20210721065642","page_action_type":"08","cnt_agree":"0","topic_guid":"991d2532c81def9cac6980c046b1ef1f","userid":"Zank47563599","cnt_comment":"0","content":"@xjixjigugu 美国很虚弱，政客弱不经风，不得不靠谎言，怕美国人了解到中国的真相","url":"https://twitter.com/Zank47563599/status/1417619505950470147","username":"微博管理和服务太扯淡"},{"relevant_topic_guid":"f3e0878769c8850ce2d7d19d5c8edcd8","cnt_retweet":"0","publish_time":"20210725181935","page_action_type":"08","cnt_agree":"0","topic_guid":"32723cb69f0e4e5267fc19528c98894e","userid":"wilkyonath","cnt_comment":"0","content":"@UpbitID Baby DogeBaby Doge, doo, doo, doo, doo, doo,Baby Doge, doo, doo, doo, doo, doo,Baby Doge, doo, doo, doo, doo, doo, @BabyDogeCoin #BabyDogeCoin #BabyDoge #BinanceSmartChain","url":"https://twitter.com/wilkyonath/status/1419240909175099396","username":"wilky onath"},{"relevant_topic_guid":"17dc3bb73724d53161b64c6b977332aa","cnt_retweet":"0","publish_time":"20210721103622","page_action_type":"08","cnt_agree":"0","topic_guid":"9c371da2fd41415c8fa1995eb721431d","userid":"CRXyH4XmuHaWhoz","cnt_comment":"0","content":"@xjixjigugu 他们不务正业才嘀咕事儿","url":"https://twitter.com/CRXyH4XmuHaWhoz/status/1417674783806791684","username":"黎豫"},{"relevant_topic_guid":"17dc3bb73724d53161b64c6b977332aa","cnt_retweet":"0","publish_time":"20210721081839","page_action_type":"08","cnt_agree":"0","topic_guid":"8b8d4d7a660d6d86fd6a80734a04249c","userid":"s3r7JXnL238v1qI","cnt_comment":"0","content":"@xjixjigugu 感覺抵制的對象越來越小了？？？","url":"https://twitter.com/s3r7JXnL238v1qI/status/1417640126897815552","username":"歐陽空雲"},{"relevant_topic_guid":"17dc3bb73724d53161b64c6b977332aa","cnt_retweet":"0","publish_time":"20210721075723","page_action_type":"08","cnt_agree":"0","topic_guid":"6c3189f946ba9bc1fa557e9051bfc851","userid":"jamesCHILLL","cnt_comment":"0","content":"@xjixjigugu 美国人的自由呢？","url":"https://twitter.com/jamesCHILLL/status/1417634776048029697","username":"jeammy"},{"relevant_topic_guid":"b20057e2b4ea2673ce62e2a0ba6bfce0","cnt_retweet":"0","publish_time":"20210720072751","page_action_type":"08","cnt_agree":"1","topic_guid":"40d22bd07a115a96365092d47263752c","userid":"HughXyjdut","cnt_comment":"0","content":"@shhgs @daoge2018 问一个问题：数字货币这么好，老美的美元是通用的，他为什么不把数字货币一并考虑并且先行实施？所以，数字货币能够让rmb进入主流逻辑是不充分的，你只论证了数字货币的好处而已。倒是先可着一些一带一路国家先行试点到是可行之策。","url":"https://twitter.com/HughXyjdut/status/1417264957146636305","username":"墨茗棋妙"},{"relevant_topic_guid":"56d1d73ea2f0d95842d1e533086a62dd","cnt_retweet":"0","publish_time":"20210719212635","page_action_type":"08","cnt_agree":"0","topic_guid":"d05b6f092796be964f1c06e11dd05ef6","userid":"CloudMosa_","cnt_comment":"0","content":"@XijinLi 货币类的市场还是应当由国家主导。","url":"https://twitter.com/CloudMosa_/status/1417113643607465989","username":"CloudMosa"},{"relevant_topic_guid":"17dc3bb73724d53161b64c6b977332aa","cnt_retweet":"0","publish_time":"20210720151833","page_action_type":"08","cnt_agree":"0","topic_guid":"6bac5e870e7f8c8285c21f1dce7fb5e6","userid":"wyh_mh","cnt_comment":"0","content":"@xjixjigugu 按他们的逻辑这货名字也涉嫌歧视***Blackburn\u003d燃烧吧 黑人","url":"https://twitter.com/wyh_mh/status/1417383409437970433","username":"wyh_mh"},{"relevant_topic_guid":"17dc3bb73724d53161b64c6b977332aa","cnt_retweet":"0","publish_time":"20210721120133","page_action_type":"08","cnt_agree":"1","topic_guid":"9f8fc9e3e91e30d1d66bbaeb5cee9ad8","userid":"haiboqu1","cnt_comment":"0","content":"@xjixjigugu 抵制、抵制、再抵制，这说明自己的影响力和创新能力已经落后，自信心丧失，只能用下三滥的手法、扯后腿，下脚拌，抹黑等。没有阳招，尽是阴谋。","url":"https://twitter.com/haiboqu1/status/1417696221003542533","username":"HBQ"},{"relevant_topic_guid":"17dc3bb73724d53161b64c6b977332aa","cnt_retweet":"0","publish_time":"20210721065625","page_action_type":"08","cnt_agree":"0","topic_guid":"5b81404af87de23442502cdbe07ad113","userid":"sanglala2","cnt_comment":"0","content":"@xjixjigugu 没事，可以用美元，民间比例1:1","url":"https://twitter.com/sanglala2/status/1417619430960414730","username":"sanglala"},{"relevant_topic_guid":"17dc3bb73724d53161b64c6b977332aa","cnt_retweet":"0","publish_time":"20210802204418","page_action_type":"08","cnt_agree":"0","topic_guid":"a76bab245e46cabd15c727f7727b471a","userid":"xx_ambitions","cnt_comment":"0","content":"@xjixjigugu 人家需要对手，没有敌对、战争、霸权是发展不下去的。这就是次生文明的特点，无法自己发展，只能打压别国才能让自己发展。格局就这么点，没办法。","url":"https://twitter.com/xx_ambitions/status/1422176431937789953","username":"动力很多**"},{"relevant_topic_guid":"fc362d2afb15799047b9e36c62639afa","cnt_retweet":"0","publish_time":"20210718080940","page_action_type":"08","cnt_agree":"1","topic_guid":"eab20de129d8fd6475d5c8d59f6f26b4","userid":"whatswronga","cnt_comment":"0","content":"@alcotex6688 @6259yuan @AicaiH 以后贪腐确实难以掩盖了","url":"https://twitter.com/whatswronga/status/1416550701920964611","username":"九代目轉世没靈童阿修羅"},{"relevant_topic_guid":"c49c60e7e8ee221f42314db6f62b45bb","cnt_retweet":"0","publish_time":"20210718192837","page_action_type":"08","cnt_agree":"0","topic_guid":"aa3891840baeeadd2a444341978f552d","userid":"LionCityGo1","cnt_comment":"0","content":"@XijinLi 优秀的！中国的成功是世界的成功！","url":"https://twitter.com/LionCityGo1/status/1416721567866920960","username":"LionCityGo(互fo)"},{"relevant_topic_guid":"c071996e5b50e5421126da76f4c4aa14","cnt_retweet":"0","publish_time":"20210721063704","page_action_type":"08","cnt_agree":"0","topic_guid":"5d947f53832a64f25c43a46fdbe3a9f2","userid":"MarkPlackett1","cnt_comment":"0","content":"@ausbiztv @AngieTVLau @Forkast_News @CityIndexAus Bitcoin just got demolishedhttps://t.co/QbTC7fmKG4","url":"https://twitter.com/MarkPlackett1/status/1417614564602957825","username":"**Mark Plackett ♻"},{"relevant_topic_guid":"c071996e5b50e5421126da76f4c4aa14","cnt_retweet":"0","publish_time":"20210720083434","page_action_type":"08","cnt_agree":"0","topic_guid":"96bb6a901be320c6e9e45c72f18ec6f6","userid":"BlknWhtKat","cnt_comment":"0","content":"@ausbiztv @AngieTVLau @Forkast_News @CityIndexAus No one trusts China anymore. Blame the leader.","url":"https://twitter.com/BlknWhtKat/status/1417281745997635624","username":"MMKreasionMM"},{"relevant_topic_guid":"c071996e5b50e5421126da76f4c4aa14","cnt_retweet":"0","publish_time":"20210720100059","page_action_type":"08","cnt_agree":"0","topic_guid":"4af7537075aca979dfc13036558a23f7","userid":"Max_Ocean6","cnt_comment":"0","content":"@ausbiztv @AngieTVLau @Forkast_News @CityIndexAus https://t.co/L06FkKWiOj","url":"https://twitter.com/Max_Ocean6/status/1417303494348869636","username":"Max（澳喜特战旅）"},{"relevant_topic_guid":"c49c60e7e8ee221f42314db6f62b45bb","cnt_retweet":"0","publish_time":"20210719073738","page_action_type":"08","cnt_agree":"0","topic_guid":"2a3e37d4d207f9044cb9d22ac3f180b7","userid":"CharlesBBBBBBBB","cnt_comment":"0","content":"@XijinLi 啥时候轮到我们试点呀，好想试一试","url":"https://twitter.com/CharlesBBBBBBBB/status/1416905029328404481","username":"BG6HKW"},{"relevant_topic_guid":"0048b3dc1ee2e32e479968635eb3333d","cnt_retweet":"0","publish_time":"20210723193101","page_action_type":"08","cnt_agree":"0","topic_guid":"659701ed0cc3eea8b7b4d0dbc7415169","userid":"sahil85167238","cnt_comment":"0","content":"@chinalastnight They have there own app, and also enabling commercial banks to create them for their clients. On the merchant side, no fee incurred. Where as wechatpay \u0026amp; alipay does charge. Data being collected on users will dilute also. How does it not effect the moat of alipay \u0026amp; wcpay then?","url":"https://twitter.com/sahil85167238/status/1418534110155337733","username":"sahil"},{"relevant_topic_guid":"c49c60e7e8ee221f42314db6f62b45bb","cnt_retweet":"0","publish_time":"20210718135333","page_action_type":"08","cnt_agree":"0","topic_guid":"8ae5af7419334e6bebf976fe19b83a6c","userid":"271593369","cnt_comment":"0","content":"@XijinLi 楼下红旗超市就可以用，不过红包老是抽不中我","url":"https://twitter.com/271593369/status/1416637245864366082","username":"Magic Stone"},{"relevant_topic_guid":"c071996e5b50e5421126da76f4c4aa14","cnt_retweet":"0","publish_time":"20210720100232","page_action_type":"08","cnt_agree":"1","topic_guid":"520cf8f65ec11ae2a773028713c6495b","userid":"Max_Ocean6","cnt_comment":"0","content":"@ausbiztv @AngieTVLau @Forkast_News @CityIndexAus https://t.co/grLSa3NUWF","url":"https://twitter.com/Max_Ocean6/status/1417303880837206046","username":"Max（澳喜特战旅）"},{"relevant_topic_guid":"9ffd670e4354ead1d69b25fe906233a2","cnt_retweet":"0","publish_time":"20210720105236","page_action_type":"08","cnt_agree":"1","topic_guid":"7fb1029c3df3d31e3168e0c5f9066da9","userid":"Forbes_TH","cnt_comment":"0","content":"อ้างอิง: https:/ /bit.ly/3kuc9ht .อ่านข่าวอื่นๆ ของเราได้ที่: https://t.co/0bBhY3na94.#ForbesThailand #ECNY","url":"https://twitter.com/Forbes_TH/status/1417316483831529472","username":"Forbes Thailand"},{"relevant_topic_guid":"295f0891c0d94b04b05fc50422ad3432","cnt_retweet":"0","publish_time":"20210720140304","page_action_type":"08","cnt_agree":"0","topic_guid":"949181859b2297385a463eabbdd3f83d","userid":"deathdisc0","cnt_comment":"0","content":"https://t.co/caC4qH9ZJr","url":"https://twitter.com/deathdisc0/status/1417364415209304065","username":"deathdisco *‍☠️"},{"relevant_topic_guid":"1d6d3fbc1b62c7afcbe59df399c504e4","cnt_retweet":"0","publish_time":"20210718025012","page_action_type":"08","cnt_agree":"0","topic_guid":"39c44a2528d9aff57921885907d0bfb5","userid":"laozixingli1","cnt_comment":"0","content":"@RFI_Cn 屁民没听说过。先下手的少数人……呵呵！","url":"https://twitter.com/laozixingli1/status/1416470307184025601","username":"中原野夫"},{"relevant_topic_guid":"1d6d3fbc1b62c7afcbe59df399c504e4","cnt_retweet":"1","publish_time":"20210718012229","page_action_type":"08","cnt_agree":"3","topic_guid":"49ad1f310e900e4dc3aa53066739fc7c","userid":"K0XsCJCUhVwfCe2","cnt_comment":"0","content":"@RFI_Cn 數字人民幣是中共用於全面控制中國金融系統以及人民交易的最新高科技手段。******在中國的任何一筆交易都將被中共實時監控與掌握。一旦交易額巨大便會自動觸發警報系統。最終交易的成交決定權，始終掌握在共產政府的手裡。","url":"https://twitter.com/K0XsCJCUhVwfCe2/status/1416448231563698177","username":"時機已成熟"},{"relevant_topic_guid":"1d6d3fbc1b62c7afcbe59df399c504e4","cnt_retweet":"0","publish_time":"20210718034720","page_action_type":"08","cnt_agree":"0","topic_guid":"8dcdd031f6dc369c302366039855e03d","userid":"tealblue112","cnt_comment":"0","content":"@RFI_Cn 一年被蛇咬，十年怕井绳：觉得这是增胖版的郭老板的G币。","url":"https://twitter.com/tealblue112/status/1416484683613757440","username":"TealBlue"},{"relevant_topic_guid":"1d6d3fbc1b62c7afcbe59df399c504e4","cnt_retweet":"0","publish_time":"20210718080036","page_action_type":"08","cnt_agree":"0","topic_guid":"536762345ad5928e64445bdbc28f5bac","userid":"zhangboheng827","cnt_comment":"0","content":"@RFI_Cn 恭喜，人民币在世界结算体系的排名从第五名进不到第六名啦，越来越好*","url":"https://twitter.com/zhangboheng827/status/1416548421276635137","username":"Boheng Zhang"},{"relevant_topic_guid":"1d6d3fbc1b62c7afcbe59df399c504e4","cnt_retweet":"0","publish_time":"20210718071214","page_action_type":"08","cnt_agree":"1","topic_guid":"f9ee927133371410d88737facdb373a8","userid":"Leon__Fan","cnt_comment":"0","content":"@RFI_Cn #MilkTeaAlliance共產黨喜歡金融詐騙來割韭菜，等到做大時機成熟，就是把它突然關閉。***#泛亞#中国为什么这么安全 #CCPScam@ChnEmbassy_jp@MFA_China2@Chinamission2un@CNS1952https://t.co/rbN7DHdoea","url":"https://twitter.com/Leon__Fan/status/1416536249796464640","username":"***"},{"relevant_topic_guid":"1d6d3fbc1b62c7afcbe59df399c504e4","cnt_retweet":"0","publish_time":"20210718022218","page_action_type":"08","cnt_agree":"0","topic_guid":"e9f7c791f55b080a577f3cbe4a8b64b1","userid":"bitcoin082","cnt_comment":"0","content":"@RFI_Cn 採用區塊鏈中心化數字貨幣，無需公佈想發行多少錢都行，並且可以追蹤溯源和掌握個人行為，與紙幣不同不可追蹤，在無監督下作惡物價漲的老百姓活不了","url":"https://twitter.com/bitcoin082/status/1416463285600329735","username":"BTC"},{"relevant_topic_guid":"1d6d3fbc1b62c7afcbe59df399c504e4","cnt_retweet":"0","publish_time":"20210718102629","page_action_type":"08","cnt_agree":"1","topic_guid":"699c7c03346e78c964a3a1eb17e20fca","userid":"freedom94426383","cnt_comment":"0","content":"@RFI_Cn 坚决抵制央行的数字货币，因为这是集权独裁统治的终极形式！坚决支持阿里支付宝的数字货币，因为这是自由制度的终极形式！","url":"https://twitter.com/freedom94426383/status/1416585132631228421","username":"People"},{"relevant_topic_guid":"dc78d02be364e091f0f219294e83857c","cnt_retweet":"0","publish_time":"20210717211145","page_action_type":"08","cnt_agree":"0","topic_guid":"fe64c82b3f3f2669d9ac3b6999439f81","userid":"FinTechLawIO","cnt_comment":"0","content":"@kwerb Rule BY law, not OF law.","url":"https://twitter.com/FinTechLawIO/status/1416385133159014403","username":"FinTechLaw.IO"},{"relevant_topic_guid":"4ff56473e8b89600333087241708c736","cnt_retweet":"0","publish_time":"20210716212418","page_action_type":"08","cnt_agree":"0","topic_guid":"89fc3636548852a09b03e7eadaa54c03","userid":"VeriDelisi","cnt_comment":"0","content":"@Kiffmeister @Jonas__Gross @RaphAuer","url":"https://twitter.com/VeriDelisi/status/1416025903814127617","username":"Veridelisi | Shadowy Supereconomist"},{"relevant_topic_guid":"363e26cf58dc863e8221244009126c70","cnt_retweet":"0","publish_time":"20210630064408","page_action_type":"08","cnt_agree":"0","topic_guid":"266e42cdfd51f04c88cb91d1f03beac2","userid":"cdzFCwluwkMz1lG","cnt_comment":"0","content":"@MingJingNews 一看王毅那张欠揍的脸就涨气******","url":"https://twitter.com/cdzFCwluwkMz1lG/status/1410006194211545088","username":"胡原大帅"},{"relevant_topic_guid":"ba2a4ffced3c273b12c76e8d4bf042ae","cnt_retweet":"0","publish_time":"20210716222758","page_action_type":"08","cnt_agree":"0","topic_guid":"370c5a4eda9cc9fb2bd86c58e9d9d151","userid":"raisezhang","cnt_comment":"0","content":"其中引用了 @CoinMarketCap  的数据 *","url":"https://twitter.com/raisezhang/status/1416041924528467974","username":"raisezhang"},{"relevant_topic_guid":"e25f660bb9f504f60e583d7d1068cab0","cnt_retweet":"0","publish_time":"20210629190954","page_action_type":"08","cnt_agree":"0","topic_guid":"8932d99912724f8c464af4b008211abb","userid":"PaulHuangReport","cnt_comment":"0","content":"@LetsBlameChina @ausyang @thesamreynolds 這裡從沒人說區塊鏈跟數字人民幣是一樣的東西，是你自己在亂扯自嗨吧？好好討論可以，要叫囂謾罵就慢走不送。至於這個大辣掛著國家支持發展項目名的廠商公關知名度做的如此不濟，什麼具體使用者都列不出來，還說“不需要知道技術誰提供的”？你才是不懂真實情況吧，連技術恐怕都不是紅棗自己的","url":"https://twitter.com/PaulHuangReport/status/1409831486241480712","username":"Paul Huang"},{"relevant_topic_guid":"0d21967ac8687e89b6faca7ea62602a3","cnt_retweet":"0","publish_time":"20210717002932","page_action_type":"08","cnt_agree":"0","topic_guid":"aba97f43012fe7413492886d85cc148f","userid":"riyad_f_carey","cnt_comment":"0","content":"\"It has intrinsic value, and can be transferred without relying on bank accounts. In addition, it supports off-line transactions and is settled upon payment, [it] supports managed anonymity, which helps protect privacy and user information.","url":"https://twitter.com/riyad_f_carey/status/1416072519216414725","username":"Riyad Carey"},{"relevant_topic_guid":"59f27b1eb64d47f79002d4f95c74700a","cnt_retweet":"0","publish_time":"20210717005300","page_action_type":"08","cnt_agree":"2","topic_guid":"ce356b66f8792e1919cccb3df201172c","userid":"stanhope_","cnt_comment":"0","content":"@WuBlockchain Smells like $NEO #NEO #N3","url":"https://twitter.com/stanhope_/status/1416078422913208320","username":"Charles Stanhope"},{"relevant_topic_guid":"59f27b1eb64d47f79002d4f95c74700a","cnt_retweet":"0","publish_time":"20210717012627","page_action_type":"08","cnt_agree":"0","topic_guid":"5e04696c821ccc3b58f861a9f8333b6d","userid":"JAVIDKARIMKHANI","cnt_comment":"0","content":"@WuBlockchain https://t.co/aJSYKc0TK0","url":"https://twitter.com/JAVIDKARIMKHANI/status/1416086842844368902","username":"JAVID"},{"relevant_topic_guid":"59f27b1eb64d47f79002d4f95c74700a","cnt_retweet":"0","publish_time":"20210717004919","page_action_type":"08","cnt_agree":"0","topic_guid":"3d39a8f291aef659394d64318f083085","userid":"kahfiauliaa","cnt_comment":"0","content":"@WuBlockchain Wuwuwuwuwuwuwuwuwuwuwuwuwu","url":"https://twitter.com/kahfiauliaa/status/1416077498568232960","username":"kahfi aulia"},{"relevant_topic_guid":"59f27b1eb64d47f79002d4f95c74700a","cnt_retweet":"0","publish_time":"20210717012625","page_action_type":"08","cnt_agree":"0","topic_guid":"2d9a44c114f4989c24d78e154248cb23","userid":"JAVIDKARIMKHANI","cnt_comment":"0","content":"@WuBlockchain https://t.co/CUpKQrWHsw","url":"https://twitter.com/JAVIDKARIMKHANI/status/1416086832870301698","username":"JAVID"},{"relevant_topic_guid":"59f27b1eb64d47f79002d4f95c74700a","cnt_retweet":"0","publish_time":"20210717012647","page_action_type":"08","cnt_agree":"0","topic_guid":"9101bfe735636c117a65dc597bc73ff8","userid":"JAVIDKARIMKHANI","cnt_comment":"0","content":"@WuBlockchain https://t.co/E23MOqyL1g","url":"https://twitter.com/JAVIDKARIMKHANI/status/1416086926147440641","username":"JAVID"},{"relevant_topic_guid":"c3a6322b683e20fa267f026a9e284c50","cnt_retweet":"0","publish_time":"20210630112529","page_action_type":"08","cnt_agree":"0","topic_guid":"838d9fb03b6d85fb25945cd8c2d15f8c","userid":"Shanghai__sky","cnt_comment":"0","content":"@myfxtrader 沙雕才用，这么费劲。","url":"https://twitter.com/Shanghai__sky/status/1410077000807505922","username":"风林火山"},{"relevant_topic_guid":"b6400ace4478f998bb644c89821a79b5","cnt_retweet":"0","publish_time":"20210716230514","page_action_type":"08","cnt_agree":"1","topic_guid":"557db2c8f7bdc9350263ab4b4e6bf02f","userid":"robkns","cnt_comment":"0","content":"@CoinGapeMedia And nobody cares","url":"https://twitter.com/robkns/status/1416051303768334339","username":"Robertas"},{"relevant_topic_guid":"59f27b1eb64d47f79002d4f95c74700a","cnt_retweet":"0","publish_time":"20210717091617","page_action_type":"08","cnt_agree":"0","topic_guid":"71f08364a08a2d722429bb168a753f04","userid":"holdtodie_io","cnt_comment":"0","content":"@WuBlockchain Pi is a new digital currency developed by Stanford PhDs, with over 10 million members worldwide. To claim your Pi, follow this link https://t.co/uHE2Y4C4kp and use my username (trunghdtk) as your invitation code.","url":"https://twitter.com/holdtodie_io/status/1416205078021787652","username":"EVo"},{"relevant_topic_guid":"c3a6322b683e20fa267f026a9e284c50","cnt_retweet":"0","publish_time":"20210630121504","page_action_type":"08","cnt_agree":"1","topic_guid":"0f140c77b55eb7b9392a529e75d923be","userid":"chaojunzhong","cnt_comment":"0","content":"@myfxtrader 怎么有点像app拉新","url":"https://twitter.com/chaojunzhong/status/1410089476563472385","username":"科西莫"},{"relevant_topic_guid":"b6400ace4478f998bb644c89821a79b5","cnt_retweet":"0","publish_time":"20210717025640","page_action_type":"08","cnt_agree":"0","topic_guid":"51ea733719c66ac86ec997e1181ee419","userid":"brolly51","cnt_comment":"0","content":"@CoinGapeMedia Nobody trusts the ccp why the hell would anyone want or care about their crappy digital yuan that can be taken away at anytime by a government nobody can trust They break all their promises and bully smaller countries because they are bigger absolute disgrace of a country","url":"https://twitter.com/brolly51/status/1416109545575825408","username":"blockchain brolly-o"},{"relevant_topic_guid":"b477300e5267810f0f1eb053d9968520","cnt_retweet":"0","publish_time":"20210716214325","page_action_type":"08","cnt_agree":"0","topic_guid":"73c73d8932b2670f4e7ff69a0f0920cc","userid":"th_sat","cnt_comment":"0","content":"デジタル人民元ホワイトペーパー6) 「制御可能な匿名性（少額匿名決済）」を通じたプライバシーとセキュリティ保護7) 将来的にはG20などにも対応し、クロスボーダー決済を改善8) AML/CFTといったコンプライアンス要件9) 既存の金融市場インフラや様々なCBDCとの相互運用性","url":"https://twitter.com/th_sat/status/1416030715678924810","username":"th_sat"},{"relevant_topic_guid":"c49c60e7e8ee221f42314db6f62b45bb","cnt_retweet":"0","publish_time":"20210718134807","page_action_type":"08","cnt_agree":"2","topic_guid":"b5ddf73858734ce48ba3ff168df3bfc7","userid":"dianfengshandaz","cnt_comment":"0","content":"@XijinLi ** https://t.co/oGpEN2hPOT","url":"https://twitter.com/dianfengshandaz/status/1416635877015449604","username":"电风扇大战吹风机"},{"relevant_topic_guid":"c49c60e7e8ee221f42314db6f62b45bb","cnt_retweet":"0","publish_time":"20210717231850","page_action_type":"08","cnt_agree":"0","topic_guid":"cc480c9fa48a727f83eccd48f70c8d0e","userid":"happymi20","cnt_comment":"0","content":"@XijinLi 重庆什么时候上线，感受一下国家的科技和新时尚**","url":"https://twitter.com/happymi20/status/1416417114647195661","username":"happymi"},{"relevant_topic_guid":"98b3867edc639f066bd62717ecdf39e4","cnt_retweet":"0","publish_time":"20210718031853","page_action_type":"08","cnt_agree":"0","topic_guid":"3232330ac5d9a54d64b7093339b5eb78","userid":"usa23456","cnt_comment":"0","content":"@82WztfvhHqZz0Ub 转移去哪啊？","url":"https://twitter.com/usa23456/status/1416477524599578624","username":"usa"},{"relevant_topic_guid":"c49c60e7e8ee221f42314db6f62b45bb","cnt_retweet":"0","publish_time":"20210717223826","page_action_type":"08","cnt_agree":"2","topic_guid":"665db1315d86ac667b3531eae4a42feb","userid":"Trancentral3","cnt_comment":"0","content":"@XijinLi 不然微信支付和支付宝合作为了啥，ecny推广了我还是愿意用的","url":"https://twitter.com/Trancentral3/status/1416406946643464193","username":"NA"},{"relevant_topic_guid":"c49c60e7e8ee221f42314db6f62b45bb","cnt_retweet":"0","publish_time":"20210717221452","page_action_type":"08","cnt_agree":"1","topic_guid":"d00fd96ae6c025fcca92e61a8ec6a744","userid":"Nenensangcuo","cnt_comment":"0","content":"@XijinLi 这玩意真的炫，工商银行送了20元红包，一个月没用、就收回了、归零了？真不要脸。","url":"https://twitter.com/Nenensangcuo/status/1416401017646714882","username":"Eater"},{"relevant_topic_guid":"98b3867edc639f066bd62717ecdf39e4","cnt_retweet":"0","publish_time":"20210718123758","page_action_type":"08","cnt_agree":"0","topic_guid":"4129d9c91edadd8548626db284d0365a","userid":"Lee85811584","cnt_comment":"0","content":"@82WztfvhHqZz0Ub 转移到哪？怎么转也出不了国啊","url":"https://twitter.com/Lee85811584/status/1416618224590917634","username":"James.Lee"},{"relevant_topic_guid":"4f0e9b0e6a9851972d500069c9f5a06e","cnt_retweet":"0","publish_time":"20210720105236","page_action_type":"08","cnt_agree":"1","topic_guid":"cd3751289154a3aaf49fb7aa13264c24","userid":"Forbes_TH","cnt_comment":"0","content":"ที่กระเป๋าเงินสามารถจ่ายเงินได้เองเมื่อเงื่อนไขในซอฟต์แวร์ครบถ้วน แต่ในส่วนนี้ไม่มีข้อมูลว่าผู้ใช้ทั่วไปสามารถเขียนโปรแกรมลงไปได้เองหรือไม่ หรือต้องเป็นผู้ให้บริการ wallet เท่านั้น.ทั้งนี้ นอกจากฟีเจอร์หลักที่ใช้งานผ่านแอป wallet ที่ทดสอบเป็นวงกว้างในจีนแล้ว [5]","url":"https://twitter.com/Forbes_TH/status/1417316480425750529","username":"Forbes Thailand"},{"relevant_topic_guid":"c49c60e7e8ee221f42314db6f62b45bb","cnt_retweet":"0","publish_time":"20210718111907","page_action_type":"08","cnt_agree":"0","topic_guid":"95e7c239e0a60d3d06b1e143c75691eb","userid":"GZZzHo5ksxmiGKv","cnt_comment":"0","content":"@XijinLi 欧美的数字货币不可能的，那些政客洗黑钱不方便。","url":"https://twitter.com/GZZzHo5ksxmiGKv/status/1416598380604805124","username":"没啥正经事儿的人"},{"relevant_topic_guid":"d5229ee6610c4ed0bd25107528b69d1f","cnt_retweet":"1","publish_time":"20210718032555","page_action_type":"08","cnt_agree":"0","topic_guid":"581f4510767dd7907c22f3ecdd2a4b04","userid":"wyluek","cnt_comment":"0","content":"@TaineChen @6259yuan 我学的是国际金融，要说服你，我真还束手无策。举例说明：俄罗斯和伊朗都被踢出了SWIFT系统，朝鲜就没加入过。没有SWIFT编号的国家，就不能进行国际支付，也就不能进行国际贸易。美国取消中国的SWIFT编号，这就是习近平的噩梦。所以处心积虑要绕过SWIFT国际支付系统。孟晚舟就是要得到伊朗货款而被抓。","url":"https://twitter.com/wyluek/status/1416479296852422657","username":"Wolfgang Ludwig"},{"relevant_topic_guid":"2b55f570c9e65eaee713dc51ae951e51","cnt_retweet":"0","publish_time":"20210717222905","page_action_type":"08","cnt_agree":"0","topic_guid":"1a5e2f212151878c57b3bc2d1cf7db1f","userid":"zzmcdc","cnt_comment":"0","content":"@adly42697527 @XijinLi 截不了图，不信你试试。","url":"https://twitter.com/zzmcdc/status/1416404594649833478","username":"alex"},{"relevant_topic_guid":"4693b2133c923c306938218a2423a6db","cnt_retweet":"0","publish_time":"20210718161736","page_action_type":"08","cnt_agree":"0","topic_guid":"028e92e5f1c3656d737cd72efe815632","userid":"jianggongwen","cnt_comment":"0","content":"@82WztfvhHqZz0Ub 钱出不去后.就一直等它.出来了就换.就没想过人币会缩.","url":"https://twitter.com/jianggongwen/status/1416673495061209091","username":"jianggongwen"},{"relevant_topic_guid":"538527c6568f023cd6c76f847db5ea17","cnt_retweet":"0","publish_time":"20210717180802","page_action_type":"08","cnt_agree":"0","topic_guid":"0b450f2b4647e7f20e4b60fa310c023f","userid":"jike_collection","cnt_comment":"0","content":"…灾已致117人死亡，约1300人失踪6. 东京奥运会志愿者制服被挂在网上出售，成交价约合人民币587元7. 阿富汗总统喊话塔利班：虽然存在困难，仍希望继续谈判8. 法国南部恢复口罩令（欢迎到评论区理性发言，友好讨论）详情点击*https://www.okjike…","url":"https://twitter.com/jike_collection/status/1416338900994334720","username":"即刻精选"},{"relevant_topic_guid":"1d6d3fbc1b62c7afcbe59df399c504e4","cnt_retweet":"0","publish_time":"20210718132101","page_action_type":"08","cnt_agree":"0","topic_guid":"31f75dd20fe2bea647bc8adc35cbd477","userid":"expertconsensus","cnt_comment":"0","content":"@RFI_Cn 2017年，武汉市编制办确定医院名称为“武汉市第四医院”，保留武汉市普爱医院、武汉市骨科医院为医院第二、第三名称。包括武胜路院区，古田院区，东西湖区常青花园社区卫生服务中心。党委书记： 院长：王岚https://t.co/y0ZZgJ0f0J","url":"https://twitter.com/expertconsensus/status/1416629055546347531","username":"medicine"},{"relevant_topic_guid":"0cf923acc93882ec68e74e0af0547140","cnt_retweet":"0","publish_time":"20210717005244","page_action_type":"08","cnt_agree":"0","topic_guid":"3b358560ee79cda45f767ac887649f14","userid":"YoungerCedric","cnt_comment":"0","content":"@myfxtrader 说笑了，在国家力量尤其是大国的力量面前，以太坊算个毛线？央行的目的是既要现在数字货币的前沿，跟上时代风潮，又通过官方数字货币控制货币流动，防止数字货币冲击法定货币的安全与地位。","url":"https://twitter.com/YoungerCedric/status/1416078358161539072","username":"Cedric_Younger"},{"relevant_topic_guid":"1f88fcb23eb3b0aca1b7339e1b263dd8","cnt_retweet":"0","publish_time":"20210717000021","page_action_type":"08","cnt_agree":"1","topic_guid":"1fba922a48be6d8cb418009b1b928233","userid":"wenwen0882","cnt_comment":"0","content":"@VOAChinese 美國又落後了⋯67，漢奸走狗崩潰*了！","url":"https://twitter.com/wenwen0882/status/1416065175300366336","username":"wenwen088"},{"relevant_topic_guid":"1271b495a95441398751c12cc4d32dc8","cnt_retweet":"0","publish_time":"20210718223427","page_action_type":"08","cnt_agree":"1","topic_guid":"129404cb2ef0732fde9468e2701a12f9","userid":"hitotaku73212","cnt_comment":"0","content":"@nemchan_nel これって政府主導のプリペイドカードみたいなもんか....？","url":"https://twitter.com/hitotaku73212/status/1416768334679318528","username":"しぐれ レミリア"},{"relevant_topic_guid":"1271b495a95441398751c12cc4d32dc8","cnt_retweet":"0","publish_time":"20210719124732","page_action_type":"08","cnt_agree":"1","topic_guid":"507e763b970c7f45184c45446f6a604a","userid":"nekohangtenGame","cnt_comment":"0","content":"@nemchan_nel 日本円と見間違えそうなロゴですね？*","url":"https://twitter.com/nekohangtenGame/status/1416983016371408898","username":"ねこまたGAME"},{"relevant_topic_guid":"666b6339858e717ca1877b894c99b22b","cnt_retweet":"0","publish_time":"20210719120748","page_action_type":"08","cnt_agree":"0","topic_guid":"aa554cd981a0d2b8d87aebd4e374f54f","userid":"Alwaysw65915234","cnt_comment":"0","content":"@news_of_bsc #BUYHOLDEARNSHIKO","url":"https://twitter.com/Alwaysw65915234/status/1416973017389977603","username":"Always12"},{"relevant_topic_guid":"666b6339858e717ca1877b894c99b22b","cnt_retweet":"0","publish_time":"20210719120125","page_action_type":"08","cnt_agree":"0","topic_guid":"35c0e36af10a7e87b1c71196372d0558","userid":"eh_madrid","cnt_comment":"0","content":"@news_of_bsc https://t.co/XTNYCctFJr","url":"https://twitter.com/eh_madrid/status/1416971414574440450","username":"eh..!₿ᴳᴬᴮᴿᴵᴱᴸ"},{"relevant_topic_guid":"666b6339858e717ca1877b894c99b22b","cnt_retweet":"2","publish_time":"20210719120130","page_action_type":"08","cnt_agree":"5","topic_guid":"f1ebd9edbe2bd4b02d76e767204d2425","userid":"docilemann","cnt_comment":"0","content":"@news_of_bsc #SugarDaddyDoge #Cryptoconcert https://t.co/Q0FLohk0y0","url":"https://twitter.com/docilemann/status/1416971435042476035","username":"Pip"},{"relevant_topic_guid":"6c3cf53d4636ac447669832bbdb60dc0","cnt_retweet":"0","publish_time":"20210717014112","page_action_type":"08","cnt_agree":"0","topic_guid":"59b5d42406deda983467d77147fc5bbe","userid":"0x76i","cnt_comment":"0","content":"@timyangnet 这有点牛逼了. 不过目测不会搞复杂的智能合约, 可能是比特币那种非图灵完备的实现","url":"https://twitter.com/0x76i/status/1416090554811650051","username":"风起"},{"relevant_topic_guid":"666b6339858e717ca1877b894c99b22b","cnt_retweet":"0","publish_time":"20210719201527","page_action_type":"08","cnt_agree":"0","topic_guid":"41b6ecbd54012ebbc95ae12ddb0c3e97","userid":"JoseJorgEspinal","cnt_comment":"0","content":"@news_of_bsc *MrDoge* Whitelist contest is LIVE now!https://t.co/gE71MR6c3pMrDoge is new member of the doge family, dev doxx, Techrate audit, the next x100 doge from Chinese community ** Twitter : @MrDogeToken follow✅TG: https://t.co/2zzfTbvjcx JOIN*  Let\u0027s go everyone. ***","url":"https://twitter.com/JoseJorgEspinal/status/1417095740036321295","username":"Jose Jorge Espinal"},{"relevant_topic_guid":"666b6339858e717ca1877b894c99b22b","cnt_retweet":"0","publish_time":"20210719121811","page_action_type":"08","cnt_agree":"0","topic_guid":"75eff421bfc9230dcbe6588acddef406","userid":"1Love_Charity","cnt_comment":"0","content":"@news_of_bsc https://t.co/ax74yy2jTI","url":"https://twitter.com/1Love_Charity/status/1416975633243017216","username":"1Love"},{"relevant_topic_guid":"35a722da56c85e1c06e466a3d728da5e","cnt_retweet":"0","publish_time":"20210719211032","page_action_type":"08","cnt_agree":"0","topic_guid":"4240582adfb1aadc7e2cd217bf5d98ba","userid":"omarfarukrzs15","cnt_comment":"0","content":"@pstAsiatech *@Libonomy  can provide encrypted and digitally stored identity documents - made accessible at any time, from any place.*#Libonomy #LBY #cryptocurrency #investmentoftheyear","url":"https://twitter.com/omarfarukrzs15/status/1417109602265669639","username":"Md omar faruk"},{"relevant_topic_guid":"3844db129fc12eb3c18639e03f034c1a","cnt_retweet":"0","publish_time":"20210719052750","page_action_type":"08","cnt_agree":"2","topic_guid":"8fd5a596498b4aa3de46de66f854e409","userid":"HopiumArtist","cnt_comment":"0","content":"@cryptonewbro I often think of the Amazon way of doing things. They built the marketplace first. Then started introducing their own products as well. $LINK is creating the integration layer now, bringing trust everywhere. If they launch products on top of it too then OMG *","url":"https://twitter.com/HopiumArtist/status/1416872364151803908","username":"HopiumArtist"},{"relevant_topic_guid":"666b6339858e717ca1877b894c99b22b","cnt_retweet":"0","publish_time":"20210719122346","page_action_type":"08","cnt_agree":"0","topic_guid":"858f583a653913adf0f0b94d9e085601","userid":"winbgogogo","cnt_comment":"0","content":"@news_of_bsc @duketokens @fastswapdex Duke Token is a decentralized meme token to incentivize the crypto space. It is an experimental community driven project and the first with underlying utility \u0026amp; products. The farm and ido are about to go online, which is an important token of the Fastswap https://t.co/Er2Z0G4e4M","url":"https://twitter.com/winbgogogo/status/1416977037722456065","username":"DUKE"},{"relevant_topic_guid":"694b9106d20efbde2b918d944916d870","cnt_retweet":"0","publish_time":"20210714094457","page_action_type":"08","cnt_agree":"2","topic_guid":"6d89355f99e4b61e3fb1d0df79dd2003","userid":"Yanchina700114","cnt_comment":"0","content":"@G2_1988 一环二环三环四环.......九环","url":"https://twitter.com/Yanchina700114/status/1415125131584757768","username":"彦china"},{"relevant_topic_guid":"6c3cf53d4636ac447669832bbdb60dc0","cnt_retweet":"0","publish_time":"20210716204738","page_action_type":"08","cnt_agree":"0","topic_guid":"5a54eab9231b74573d23fa6a19dd31cd","userid":"NasiGor41819930","cnt_comment":"0","content":"@timyangnet @mranti 你想多了，党就是想搞定你的钱，没编程什么事，周末愉快如果你喝一杯的话","url":"https://twitter.com/NasiGor41819930/status/1416016676739371010","username":"那思阁"},{"relevant_topic_guid":"6c3cf53d4636ac447669832bbdb60dc0","cnt_retweet":"0","publish_time":"20210716213853","page_action_type":"08","cnt_agree":"1","topic_guid":"5079944aaba20d7f77c2f759dbc3407b","userid":"Hsuanandchen","cnt_comment":"0","content":"@timyangnet @mranti 中心化的智能合约有什么价值？","url":"https://twitter.com/Hsuanandchen/status/1416029572588457985","username":"Hsuan"},{"relevant_topic_guid":"39ba2c81cd08b238de3f2208e58a7082","cnt_retweet":"0","publish_time":"20210717211607","page_action_type":"08","cnt_agree":"0","topic_guid":"d76bec2b706e69f65e441fd96d98ff57","userid":"smwau2001","cnt_comment":"0","content":"@RiversKong Definitely interesting. I guess the only thing they have left is to try and ban everything decentralized to try to stay in control. Other countries will try the same. All will fail.","url":"https://twitter.com/smwau2001/status/1416386232741883904","username":"Scott"},{"relevant_topic_guid":"7759ac41ca8677f3da64d8390f8f38d5","cnt_retweet":"1","publish_time":"20210717014959","page_action_type":"08","cnt_agree":"8","topic_guid":"d00d6c5f1a5519aee5dfbeb17fb2bd62","userid":"SinoGlobalCap","cnt_comment":"0","content":"In the short term, the digital RMB is unlikely to change the existing US dollar-dominated global monetary system much, as it is only a replacement for part of cash in circulation, a retail type of CBDC.","url":"https://twitter.com/SinoGlobalCap/status/1416092766463922180","username":"Sino Global Capital"},{"relevant_topic_guid":"7f09947a93b6a41812e40be77ef846a0","cnt_retweet":"0","publish_time":"20210717014816","page_action_type":"08","cnt_agree":"4","topic_guid":"101a4f127f50f442307f8582304d772d","userid":"SinoGlobalCap","cnt_comment":"0","content":"so that digital renminbi can conduct automatic payment transactions according to the conditions and rules agreed by the two parties on the premise of ensuring safety and compliance, and promote business model innovation.","url":"https://twitter.com/SinoGlobalCap/status/1416092333246861313","username":"Sino Global Capital"},{"relevant_topic_guid":"d3b9bf5f0f5ece6b6d2d379cc9b2d80e","cnt_retweet":"0","publish_time":"20210719221404","page_action_type":"08","cnt_agree":"0","topic_guid":"246308e1b4281dff50de6d7e78b25bd9","userid":"jwang10076598","cnt_comment":"0","content":"@zhonghuaminguo5 @136miggoodkill 要吃多少脑残片才能吃出你这种脑袋？","url":"https://twitter.com/jwang10076598/status/1417125589111250950","username":"j wang"},{"relevant_topic_guid":"1958431a8b4ceed7f295e000904693c9","cnt_retweet":"0","publish_time":"20210717065712","page_action_type":"08","cnt_agree":"0","topic_guid":"5c1de02be8548aec61c4414dfa4c7c82","userid":"FFictie","cnt_comment":"0","content":"@CryptoAmb Al part of the Industry 4.0","url":"https://twitter.com/FFictie/status/1416170077196541953","username":"Fictie of non Fictie?"},{"relevant_topic_guid":"1958431a8b4ceed7f295e000904693c9","cnt_retweet":"0","publish_time":"20210717065846","page_action_type":"08","cnt_agree":"0","topic_guid":"19f5dadd501b4a1c8e466e779bf12862","userid":"FFictie","cnt_comment":"0","content":"@CryptoAmb Find the stocks and the Blockchains for the future And you find the coins for the future Buy low and sell high and repeet Long term","url":"https://twitter.com/FFictie/status/1416170474686631942","username":"Fictie of non Fictie?"},{"relevant_topic_guid":"1958431a8b4ceed7f295e000904693c9","cnt_retweet":"0","publish_time":"20210717071259","page_action_type":"08","cnt_agree":"0","topic_guid":"6ce4e481cd3548fae1ab85532961e2c5","userid":"Skyovic","cnt_comment":"0","content":"@CryptoAmb Scam website promoted Deeptradebot","url":"https://twitter.com/Skyovic/status/1416174051702231042","username":"Joost Kruize"}]