[{"relevant_topic_guid":"863cecf1ec4ee9ded3ffc756a4dbdb87","cnt_retweet":"0","publish_time":"20210703023348","page_action_type":"08","cnt_agree":"0","topic_guid":"c355efe80ce507df845c20e62d5b9144","userid":"paxful_LATAM","cnt_comment":"1","content":"Vámonos en metroEl banco central de China está probando actualmente el yuan digital (e-CNY) en todo el país. Beijing, que alberga uno de los sistemas de metro más transitados del mundo, ahora acepta el e-CNY. *","url":"https://twitter.com/paxful_LATAM/status/1411030360255873030","username":"Paxful LATAM ⚡"},{"relevant_topic_guid":"b0d8b93e3b96800a58a3c1f459aa86f7","cnt_retweet":"1","publish_time":"20210703020345","page_action_type":"08","cnt_agree":"3","topic_guid":"b797f328ec80701fb2ea9cd997dc43c8","userid":"paxful","cnt_comment":"2","content":"I’ll take the subwayChina’s central bank is currently testing out the digital yuan (e-CNY) around the country. Beijing, which is home to one of the world’s busiest subway systems, is now accepting e-CNY underground. *","url":"https://twitter.com/paxful/status/1411022799213375488","username":"Paxful"},{"relevant_topic_guid":"c59308226845716548e330a248bddbba","cnt_retweet":"0","publish_time":"20210703050614","page_action_type":"08","cnt_agree":"0","topic_guid":"252a58319ccb8d631db11f979c24b36c","userid":"PaxfulArabic","cnt_comment":"1","content":"I’ll  take the subwayChina’s central bank is currently testing out the digital yuan (e-CNY) around the country. Beijing, which is home to one of the world’s busiest subway systems, is now accepting e-CNY underground. *","url":"https://twitter.com/PaxfulArabic/status/1411068723960614916","username":"Paxful MENA"},{"relevant_topic_guid":"4f2fdfa7dadff3ee3a6d3356487780fe","cnt_retweet":"0","publish_time":"20210703063330","page_action_type":"08","cnt_agree":"0","topic_guid":"a1ca394d0afd65af2a0b23186b39d22c","userid":"PaxfulArabic","cnt_comment":"1","content":"سوف أستخدم مترو الأنفاق!يقوم مصرف الصین المركزي حالیاً، باختبار الیوان الرقمي e-CNY في جمیع أنحاء البلاد. بكّین، التي تعد موطناً لواحد من أكثر أنظمة قطارات الأنفاق ازدحاماً في العالم، تقبل الآن الیوان الرقمي e-CNY كطريقة للدفع في مترو الأنفاق. *","url":"https://twitter.com/PaxfulArabic/status/1411090684761841664","username":"Paxful MENA"},{"relevant_topic_guid":"478bd3216a055ed67b10d5a068370f5c","cnt_retweet":"0","publish_time":"20210701110225","page_action_type":"08","cnt_agree":"0","topic_guid":"4d40b5080a7b3a239f63245e9ea039a3","userid":"dogedomain1","cnt_comment":"0","content":"@StonksReddit E-CNY*","url":"https://twitter.com/dogedomain1/status/1410433582602981377","username":"Dogedomain"},{"relevant_topic_guid":"c28fd456b5cbb8e9eac5b8e5515852f7","cnt_retweet":"0","publish_time":"20210630231832","page_action_type":"08","cnt_agree":"0","topic_guid":"ae8a94d2d75a19de13853207d2676c86","userid":"bfmediaio","cnt_comment":"1","content":"ICBC, Haziran ortasında Pekin’deki 3 bin ATM’sine dijital yuanı nakde çevirme özelliği eklemişti. e-CNY olarak bilinen dijital yuan, birkaç aydır ülke çapında deneniyor. Pekin ise dijital yuan testleri kapsamında piyango düzenlenerek para dağıtımı yapılan üç şehirden biri.","url":"https://twitter.com/bfmediaio/status/1410256444935520257","username":"bfmedia"},{"relevant_topic_guid":"07a243221de12cf801320293fd3a31c3","cnt_retweet":"0","publish_time":"20210701005803","page_action_type":"08","cnt_agree":"3","topic_guid":"7281e1d6f26806d061ef0ff5d7696673","userid":"mindaoyang","cnt_comment":"0","content":"@spencernoon Interesting, I watched this hearing while used e-CNY (digital yuan) to buy a subway ticket today; thank you Senator Sherman, you will fall behind because you don’t know what a China ban really is.","url":"https://twitter.com/mindaoyang/status/1410281488210227208","username":"Mindao Yang"},{"relevant_topic_guid":"a16a00edabda112fd7e218774e4a609a","cnt_retweet":"0","publish_time":"20210605233717","page_action_type":"08","cnt_agree":"0","topic_guid":"a56fe3d5f0e209b778963f065b4eac52","userid":"4everMiaSanMia","cnt_comment":"0","content":"@zululiu 之前银行客户经理找我公司员工推销数字人民币，安装的每人送50话费，我还以为这个app已经全面铺开，客户经理都有业绩要求了，原来这还在测试阶段的","url":"https://twitter.com/4everMiaSanMia/status/1401201466031755267","username":"资深废物"},{"relevant_topic_guid":"b9985f94e69b768b39d17773f28f922e","cnt_retweet":"0","publish_time":"20210606003136","page_action_type":"08","cnt_agree":"0","topic_guid":"a65df24d85549fecab708e45f5b80725","userid":"sbf820","cnt_comment":"2","content":"@wangsheng012 @AlanLiu95959418 @DoveyWan 一点不中肯,说得太客气了.别人国家金融比你开放,都没威胁安全，咋你的就影响安全了？你的金融系统是更高级还是更低劣？事实是：人民币多年注水已经浮肿得不敢再注水了，视脸面如命的某党又不想公开承认想搞古巴的货币双轨制(可以往国内版无限注水).这个时候数字人民币出现了,谁挡他道就是要搞死你党啊!","url":"https://twitter.com/sbf820/status/1401215134823976961","username":"sbf820"},{"relevant_topic_guid":"010784b1dffec6a34fc9fd6d1c81a547","cnt_retweet":"0","publish_time":"20210606004744","page_action_type":"08","cnt_agree":"0","topic_guid":"0ab27a64dff5d2df9f1fad67e956ed6c","userid":"sbf820","cnt_comment":"0","content":"@Bitcoin_NLJC @DoveyWan 你等中国韭菜怎么可以持有比特币，很快让你持有银行卡都是浪费，你们只配使用数字人民币（粮票/购房券/可过期消费券）","url":"https://twitter.com/sbf820/status/1401219196793409539","username":"sbf820"},{"relevant_topic_guid":"2546d90450f690fa792293e8a681022f","cnt_retweet":"1","publish_time":"20210604145421","page_action_type":"08","cnt_agree":"1","topic_guid":"ea239953375fab357731e771e3b72fb4","userid":"yjh29640319","cnt_comment":"0","content":"@nytchinese 还搞一个黑社会啊？美国是大哥一切听美国人的，俄罗斯用石油给美国人掏肛，中国人就用鸿蒙系统北斗系统数字人民币支付系统给美国人掏肛，美国人放着好日子不过自找没趣","url":"https://twitter.com/yjh29640319/status/1400707477595852800","username":"yjh"},{"relevant_topic_guid":"d5b75c4170e19542c3520d2317ce38da","cnt_retweet":"0","publish_time":"20210715033551","page_action_type":"08","cnt_agree":"1","topic_guid":"574946d34d459ad6d3fcc003b59490d2","userid":"Instinto_F","cnt_comment":"2","content":"@adiazfunes Ya tienen implementado en su economía hace un año como prototipo El  E-CNY  o E-RMBLo quieren prohibir en Estados Unidos","url":"https://twitter.com/Instinto_F/status/1415394632251453444","username":"Instinto Financiero"},{"relevant_topic_guid":"8e2d269ed71b74249472a79ac2e0999c","cnt_retweet":"0","publish_time":"20210715164018","page_action_type":"08","cnt_agree":"0","topic_guid":"f44e8676051db7a849c09e611372063c","userid":"CurrencyWar1","cnt_comment":"1","content":"@whp106 The next tactic was to pull the rug away from Libra.Luring PayPal from Libra into CIPS with international access for Alipay and Wepay. This pathway to universal mass adoption through china’s huge consumer wallet awoke the Americans up to the threat that an e-CNY CBDC presented.","url":"https://twitter.com/CurrencyWar1/status/1415592042625970178","username":"Louis Curran"},{"relevant_topic_guid":"ca8e301a20868a5c3fdf12a765a35872","cnt_retweet":"0","publish_time":"20210715162411","page_action_type":"08","cnt_agree":"0","topic_guid":"8e2d269ed71b74249472a79ac2e0999c","userid":"CurrencyWar1","cnt_comment":"1","content":"@whp106 Offence and defence. The defence tactic was creating an e-CNY and closing down pathways to outflow. Bitcoin being a major threat. The offence game focussed on OBOR ( we build your bridges / ports / railroads ) and you will buy our bonds which you are underweight vs overweight USD","url":"https://twitter.com/CurrencyWar1/status/1415587988566953984","username":"Louis Curran"},{"relevant_topic_guid":"e476b29a5b56f1b42845f321741ac7fe","cnt_retweet":"0","publish_time":"20210713154954","page_action_type":"08","cnt_agree":"0","topic_guid":"6ec8bc2986fa656457f34e12748408f9","userid":"mirkohumbert","cnt_comment":"1","content":"@SilingWu @WEIWEIDAI4 Bitcoin is good money that can free people, CDBCs are a scam that increase state control. We\u0027ll check about BTC and e-CNY in 20 years...","url":"https://twitter.com/mirkohumbert/status/1414854583378190336","username":"mirkohumbert"},{"relevant_topic_guid":"5b761f130f19923c6f2df0dd34c82660","cnt_retweet":"0","publish_time":"20210715161706","page_action_type":"08","cnt_agree":"0","topic_guid":"772e56f9c76e1a56729e27722889f861","userid":"CurrencyWar1","cnt_comment":"2","content":"@whp106 Only token that has universal mass adoption. That is the holy grail for everyone ( euro, e-CNY,Bitcoin) and what we have is a race for global supremacy. So China wants to upend dollar hegemony, but you can’t challenge America militarily of your currency is persistently weak.","url":"https://twitter.com/CurrencyWar1/status/1415586204129669120","username":"Louis Curran"},{"relevant_topic_guid":"6184cd331668caebd223e555146021bd","cnt_retweet":"0","publish_time":"20210713145425","page_action_type":"08","cnt_agree":"6","topic_guid":"e476b29a5b56f1b42845f321741ac7fe","userid":"SilingWu","cnt_comment":"1","content":"@mirkohumbert @WEIWEIDAI4 It\u0027s an advantage, no more uncontrollable currency in circulation across the country, less pollution, less funding of illegal activity, E-CNY is coming and bitcoin will be forgotten.","url":"https://twitter.com/SilingWu/status/1414840622528311297","username":"Wu Xiaoping 吴小平"},{"relevant_topic_guid":"1ab4b2e4fae34bd2a6b8df948822ab9c","cnt_retweet":"0","publish_time":"20210713193236","page_action_type":"08","cnt_agree":"2","topic_guid":"4f6903479345c2af76d2c10f8c145a43","userid":"SilingWu","cnt_comment":"0","content":"@nabil_barbapapa @insulaa_w @KhanGengis2 @NyrZenovka @KB983434743 @adil5934 @Acubens__ @Hassan_ElC @Zaintrois @IdrissSihamedi @AmbassadeChine @Sheikh__Zohaib Parce que nous avons une crypto nationale le E-CNY, vous êtes en retard car dans l\u0027avenir chaque pays développera sa crypto nationale, la Russie le fait déjà, la Chine l\u0027a déjà fait même le Venezuela à reçu l\u0027aide de la Russie pour faire la sienne.","url":"https://twitter.com/SilingWu/status/1414910628096061444","username":"Wu Xiaoping 吴小平"},{"relevant_topic_guid":"88f8afc136f2824cbc2e06ec1ee1d775","cnt_retweet":"0","publish_time":"20210611224451","page_action_type":"08","cnt_agree":"0","topic_guid":"7593791c289d972e051b775dad534dbe","userid":"chenly","cnt_comment":"1","content":"@wenyunchao 数字人民币已经推广开来了","url":"https://twitter.com/chenly/status/1403362597655564296","username":"不是鸣人"},{"relevant_topic_guid":"195e474b6ed2ae5349672ecf0dedc0f2","cnt_retweet":"0","publish_time":"20210611170259","page_action_type":"08","cnt_agree":"0","topic_guid":"a390066585fa876058688f115a10f5f4","userid":"HeHuang08603341","cnt_comment":"0","content":"@YHACMa6p5W47Kpf @ChineseWSJ 数字人民币是主权货币………二货","url":"https://twitter.com/HeHuang08603341/status/1403276566117953536","username":"He Huang"},{"relevant_topic_guid":"532edb801bb3d3fd219af237c2bb2a7a","cnt_retweet":"0","publish_time":"20210611111644","page_action_type":"08","cnt_agree":"8","topic_guid":"bdf8f53f673a00d068650fd0ca5c1f2b","userid":"mikeshi","cnt_comment":"1","content":"@linksrichtig @buyuan3 完全不一样，这个是为了测试数字人民币的，将来是为了动摇美元的霸主地位","url":"https://twitter.com/mikeshi/status/1403189426797170693","username":"mikeshi"},{"relevant_topic_guid":"532edb801bb3d3fd219af237c2bb2a7a","cnt_retweet":"0","publish_time":"20210611211755","page_action_type":"08","cnt_agree":"1","topic_guid":"f6013f06e335641e0bde200c17b48d5b","userid":"EWApXCZPskynW78","cnt_comment":"0","content":"@linksrichtig @buyuan3 傻逼，数字人民币这是为了开展测试工作，而不是发放救济金，再说，就几十块钱，你当我们要饭吃的啊","url":"https://twitter.com/EWApXCZPskynW78/status/1403340721227145218","username":"知何"},{"relevant_topic_guid":"3da99624b08ec5933512efbad9fab134","cnt_retweet":"1","publish_time":"20210611063836","page_action_type":"08","cnt_agree":"0","topic_guid":"df1725444123736d53028b5995e9fddc","userid":"WillZhou888","cnt_comment":"0","content":"@Gravekeeperluoj @ooTheFuck 美国不是对其国内企业可以申请豁免吗(外企当然不可以)?大不了在数字人民币没有成熟以前,对中资银行有条件的豁免,而对外资企业不允许豁免就OK了.美国人就这样的玩的吧","url":"https://twitter.com/WillZhou888/status/1403119433967570946","username":"WillZhou"},{"relevant_topic_guid":"f59c65239ef9ea03dfcff99159e84561","cnt_retweet":"0","publish_time":"20210611014911","page_action_type":"08","cnt_agree":"0","topic_guid":"a6286f5dcff4754bf0e0e0282307b776","userid":"JohnU41373960","cnt_comment":"0","content":"@Youareook @VOAChinese 毕竟华为有中共政府不停输血，卖个垃圾荣耀牌子都能拿几百亿，更何况数字人民币连印钱都可以省了","url":"https://twitter.com/JohnU41373960/status/1403046599237029894","username":"JohnU"},{"relevant_topic_guid":"157bd74362cfab875e75873e678ecbb8","cnt_retweet":"0","publish_time":"20210610160819","page_action_type":"08","cnt_agree":"1","topic_guid":"c14362f00c6ee767d0424de4a7a2df80","userid":"lv_tianxiang","cnt_comment":"0","content":"@lh9983 其实我更关注的是数据安全法，结合推行数字人民币+鸿蒙系统上交国家这俩事……棋面铺的很大啊……","url":"https://twitter.com/lv_tianxiang/status/1402900422356914181","username":"Newhand LV"},{"relevant_topic_guid":"2608a5eb1387362ffd253a1bb2c2ae5c","cnt_retweet":"35","publish_time":"20210717094500","page_action_type":"07","cnt_agree":"68","topic_guid":"2608a5eb1387362ffd253a1bb2c2ae5c","userid":"PDChina","cnt_comment":"3","content":"China on Friday released a white paper on the progress of the country\u0027s digital fiat currency, the #eCNY, saying that it will steadily push forward pilot schemes of its digital yuan. As of June 30, 2021, the e-CNY has been applied to over 1.32 million scenarios across China. https://t.co/rJzvBof5lp","url":"https://twitter.com/PDChina/status/1416212305675575296","username":"People\u0027s Daily, China"},{"relevant_topic_guid":"d40a830a14ffa8697483ad8330ac23c7","cnt_retweet":"0","publish_time":"20210717121216","page_action_type":"07","cnt_agree":"0","topic_guid":"d40a830a14ffa8697483ad8330ac23c7","userid":"absenceOfBlue","cnt_comment":"0","content":"“as of June 30, various tests of the e-CNY in multiple Chinese cities have seen 70 million transactions totaling to 34.5 billion yuan, or $5.3 billion, through 20 million retail e-CNY wallets and 3.5 million business e-CNY wallets. “","url":"https://twitter.com/absenceOfBlue/status/1416249367116206083","username":"Elaine Sun"},{"relevant_topic_guid":"8dce9e373a94809bbf4239ce8944d844","cnt_retweet":"0","publish_time":"20210717100307","page_action_type":"07","cnt_agree":"0","topic_guid":"8dce9e373a94809bbf4239ce8944d844","userid":"BagalueSunab","cnt_comment":"0","content":"#Pax ChinaChina\u0027s central bank releases white paper on the purpose, progress and future outlook of digital yuan, saying that it will steadily push forward pilot schemes of e-CNY https://t.co/C3fyG4Etv6 https://t.co/4wHgLqkAzl","url":"https://twitter.com/BagalueSunab/status/1416216865018458114","username":"Caribbean disaster"},{"relevant_topic_guid":"ea844e3e8970b5bcac898ed3d9a25e54","cnt_retweet":"5","publish_time":"20210717084116","page_action_type":"07","cnt_agree":"24","topic_guid":"ea844e3e8970b5bcac898ed3d9a25e54","userid":"jenzhuscott","cnt_comment":"5","content":"Went through PBOC e-CNY White Paper. Who else think it’s very 韜光養晦? Confirms it’s M0 co-exist with physical cash for long term. It’s mostly about risk mitigation \u0026amp; confirming what it’s not. Perhaps too much fear \u0026amp; threat created overseas that can hinder its launch?","url":"https://twitter.com/jenzhuscott/status/1416196266883702792","username":"Jen Zhu"},{"relevant_topic_guid":"9b0ee0278a5064af1ea295758282531c","cnt_retweet":"5","publish_time":"20210717094425","page_action_type":"07","cnt_agree":"5","topic_guid":"9b0ee0278a5064af1ea295758282531c","userid":"BeijingReview","cnt_comment":"1","content":"China\u0027s central bank on July 16 released a white paper on the progress of the country\u0027s digital fiat currency, the e-CNY, saying that it will steadily push forward pilot schemes of its #DigitalYuanhttps://t.co/pPIVgZbj2m https://t.co/KS4nnTWB0b","url":"https://twitter.com/BeijingReview/status/1416212159869054980","username":"Beijing Review"},{"relevant_topic_guid":"8d4ee95088ce4aef785e240a6a765fe4","cnt_retweet":"0","publish_time":"20210717080943","page_action_type":"07","cnt_agree":"1","topic_guid":"8d4ee95088ce4aef785e240a6a765fe4","userid":"jamesplloyd","cnt_comment":"1","content":"“deployed on a trial basis in the premises of the Beijing Organizing Committee… such as unmanned vending carts, automatic vending machines and unattended supermarkets. Wearable devices were developed, such as gloves, badges and Olympic uniforms with payment functions.”E-CNY","url":"https://twitter.com/jamesplloyd/status/1416188326390865920","username":"James Lloyd"},{"relevant_topic_guid":"8c61e633a37018fe4003e9d82c41f3ec","cnt_retweet":"0","publish_time":"20210717110424","page_action_type":"07","cnt_agree":"1","topic_guid":"8c61e633a37018fe4003e9d82c41f3ec","userid":"ACryptberg","cnt_comment":"2","content":"You might not agree on how they see BTC (I don\u0027t) but if you don\u0027t pay attention to this, then you won\u0027t get \"it\".  Also: EU and US *will* have CBDCs as well, e-CNY will be to most fair and inclusive (sic!) one though.","url":"https://twitter.com/ACryptberg/status/1416232286836690944","username":"Anita Cryptberg"},{"relevant_topic_guid":"f6ac023b7ca711f15480043265357d7e","cnt_retweet":"0","publish_time":"20210717090139","page_action_type":"07","cnt_agree":"0","topic_guid":"f6ac023b7ca711f15480043265357d7e","userid":"antwerpenr","cnt_comment":"0","content":"...weekend reading:  Progress Progress Progress Progress of Research Research Research Research \u0026amp; Development Development Development Developmentof E-CNY in China . https://t.co/JCCxTKiohi","url":"https://twitter.com/antwerpenr/status/1416201398295822336","username":"Roger"},{"relevant_topic_guid":"8e47bc2977c3118533e06da0d13563d6","cnt_retweet":"1","publish_time":"20210717085509","page_action_type":"07","cnt_agree":"1","topic_guid":"8e47bc2977c3118533e06da0d13563d6","userid":"saradwinter","cnt_comment":"1","content":"China’s e-CNY White Paper Criticizes Bitcoin; Reveals CBDC Project Uses Smart Contract.  https://t.co/VrgsCkK24S","url":"https://twitter.com/saradwinter/status/1416199762584481793","username":"S.W!nter"},{"relevant_topic_guid":"cd02bdf0702b8375c8b1770e6c1781ea","cnt_retweet":"0","publish_time":"20210717074555","page_action_type":"07","cnt_agree":"0","topic_guid":"cd02bdf0702b8375c8b1770e6c1781ea","userid":"jolestar","cnt_comment":"1","content":"the English version E-CNY whitepaper https://t.co/37tTTwtvgU","url":"https://twitter.com/jolestar/status/1416182336748605440","username":"jolestar"},{"relevant_topic_guid":"52f705589b7e163e3ea1c33dea9796e5","cnt_retweet":"0","publish_time":"20210717075021","page_action_type":"07","cnt_agree":"0","topic_guid":"52f705589b7e163e3ea1c33dea9796e5","userid":"huyendiepqd","cnt_comment":"0","content":"Trong cuộc họp báo, Ngân hàng nhân dân Trung Quốc đã trả lời việc ứng dụng công nghệ blockchain vào CBDC (e-CNY) của TQTheo hiểu biết của tôi, nó chủ yếu sử dụng đặc tính không thể giả mạo của thuật toán bămvà một số công nghệ của hợp đồng thông minh","url":"https://twitter.com/huyendiepqd/status/1416183453351956484","username":"Huyền Diệp"},{"relevant_topic_guid":"78183a7f8711f8b77a16903611a1d985","cnt_retweet":"0","publish_time":"20210717074624","page_action_type":"07","cnt_agree":"0","topic_guid":"78183a7f8711f8b77a16903611a1d985","userid":"TXMCtrades","cnt_comment":"0","content":"I can see a future scenario where Fed/Congress don\u0027t take digital currency seriously (like now), various bodies begin favoring e-CNY to avoid sanctions, and the US loses one of its most useful levers of control: monetary pressure.","url":"https://twitter.com/TXMCtrades/status/1416182460099055619","username":"TXMC"},{"relevant_topic_guid":"2a80732df02580438935789995202370","cnt_retweet":"0","publish_time":"20210714043510","page_action_type":"07","cnt_agree":"0","topic_guid":"2a80732df02580438935789995202370","userid":"ducnnet","cnt_comment":"0","content":"数字人民币应验圣经末世预言？ https://t.co/QdYgVk5IxU","url":"https://twitter.com/ducnnet/status/1415047169363648512","username":"天钧"},{"relevant_topic_guid":"e4cf405193b99cdb73246d2bae658abe","cnt_retweet":"0","publish_time":"20210714043509","page_action_type":"07","cnt_agree":"0","topic_guid":"e4cf405193b99cdb73246d2bae658abe","userid":"juntian99","cnt_comment":"0","content":"数字人民币应验圣经末世预言？ https://t.co/XevVwOLUGq","url":"https://twitter.com/juntian99/status/1415047165559418880","username":"钧天"},{"relevant_topic_guid":"fe0a9c0d22b5f7a9f25cce86d45c729f","cnt_retweet":"0","publish_time":"20210714043508","page_action_type":"07","cnt_agree":"0","topic_guid":"fe0a9c0d22b5f7a9f25cce86d45c729f","userid":"tianjun99","cnt_comment":"0","content":"数字人民币应验圣经末世预言？ https://t.co/tuWRNBVHLm","url":"https://twitter.com/tianjun99/status/1415047161465786368","username":"天钧"},{"relevant_topic_guid":"2c92e2043b90ebefec3f467336e90a22","cnt_retweet":"0","publish_time":"20210713165753","page_action_type":"07","cnt_agree":"0","topic_guid":"2c92e2043b90ebefec3f467336e90a22","userid":"V_2020_T","cnt_comment":"0","content":"工行已经把数字人民币推到山东了，工行的手机客户端首页已经有数字人民币广告了，工行ATM首页已经有数字人民币选项了。","url":"https://twitter.com/V_2020_T/status/1414871694158663681","username":"V_2020_T"},{"relevant_topic_guid":"df0c0ed86e2ddc4aa7bbe5f59ab1f5a7","cnt_retweet":"1","publish_time":"20210714071438","page_action_type":"07","cnt_agree":"42","topic_guid":"df0c0ed86e2ddc4aa7bbe5f59ab1f5a7","userid":"XijinLi","cnt_comment":"0","content":"央行：数字人民币试点测试范围有序扩大。","url":"https://twitter.com/XijinLi/status/1415087303152832515","username":"XIJIN LI"},{"relevant_topic_guid":"bc004fe26ffd7b6affef4a596291f999","cnt_retweet":"0","publish_time":"20210713235025","page_action_type":"07","cnt_agree":"0","topic_guid":"bc004fe26ffd7b6affef4a596291f999","userid":"TakeDownCCP19","cnt_comment":"0","content":"不喜欢爆料革命可以随时离开啊！你可以去买比特币货币数字人民币嘛！最好把全家的钱都存进中共国的银行*！既保险还有高收益送鸡蛋送地沟油送袜子送洗衣液！最好在中共国多买几套房子每天当房东收钱多好！何必瞎跟着爆料革命凑热闹让您劳神费力的呢！******……","url":"https://twitter.com/TakeDownCCP19/status/1414975509692305410","username":"TakeDownCCP"},{"relevant_topic_guid":"6915ee3dd210efd4ed7898a6cd36ecb3","cnt_retweet":"0","publish_time":"20210714043511","page_action_type":"07","cnt_agree":"0","topic_guid":"6915ee3dd210efd4ed7898a6cd36ecb3","userid":"bsdscn","cnt_comment":"0","content":"数字人民币应验圣经末世预言？ https://t.co/FQ4TesgpE9","url":"https://twitter.com/bsdscn/status/1415047173721530370","username":"钧天"},{"relevant_topic_guid":"694b9106d20efbde2b918d944916d870","cnt_retweet":"1","publish_time":"20210714092539","page_action_type":"07","cnt_agree":"14","topic_guid":"694b9106d20efbde2b918d944916d870","userid":"G2_1988","cnt_comment":"10","content":"中国、蒙古、俄罗斯、中亚国家、东南亚国家，巴基斯坦、伊朗、亲伊朗国家，可考虑组成类似欧盟那样的经济联盟体。货币采用数字人民币。名字就叫泛亚联盟。","url":"https://twitter.com/G2_1988/status/1415120274190569475","username":"秦妄漢舞"},{"relevant_topic_guid":"d975c6563922108d68eb19a183369753","cnt_retweet":"0","publish_time":"20210713142323","page_action_type":"07","cnt_agree":"0","topic_guid":"d975c6563922108d68eb19a183369753","userid":"JoeChan40503067","cnt_comment":"1","content":"AXIE/AXS交易量超比特币，让我赚了300万，心得分享！央行再次降准，数字人民币本月全面发工资，十四五已经落实！ https://t.co/QG6u48bJp6 via @YouTube 我看面具人的節目賺錢了！！","url":"https://twitter.com/JoeChan40503067/status/1414832811547062274","username":"Joe Chan"},{"relevant_topic_guid":"d99adfb0a23fe4ccc505530080b70eb4","cnt_retweet":"0","publish_time":"20210713082156","page_action_type":"07","cnt_agree":"0","topic_guid":"d99adfb0a23fe4ccc505530080b70eb4","userid":"analystma","cnt_comment":"1","content":"AXIE/AXS交易量超比特币，让我赚了300万，心得分享！央行再次降准，数字人民币本月全面发工资，十四五已经落实！ https://t.co/rTzuXAGE0i 来自 @YouTube","url":"https://twitter.com/analystma/status/1414741850750021646","username":"boomboom"},{"relevant_topic_guid":"3534eab6f03ff2e55fbca1124705114e","cnt_retweet":"0","publish_time":"20210713080151","page_action_type":"07","cnt_agree":"0","topic_guid":"3534eab6f03ff2e55fbca1124705114e","userid":"Lisa63297941","cnt_comment":"0","content":"数字人民币加速\"攻城略地\" B端市场想象空间巨大https://t.co/vJfgdAfMJV","url":"https://twitter.com/Lisa63297941/status/1414736795376361472","username":"Lisa"},{"relevant_topic_guid":"f0a0319928dec1b832ef2aaa12cdb14b","cnt_retweet":"0","publish_time":"20210712114756","page_action_type":"07","cnt_agree":"0","topic_guid":"f0a0319928dec1b832ef2aaa12cdb14b","userid":"luyi7066","cnt_comment":"0","content":"AXIE/AXS交易量超比特币，让我赚了300万，心得分享！央行再次降准，数字人民币本月全面发工资，十四五已经落实！ https://t.co/YkaYXiMCTB 來自 @YouTube","url":"https://twitter.com/luyi7066/status/1414431304989384706","username":"陆艺"},{"relevant_topic_guid":"10574d9be69ec47589b6f3c33f0819ea","cnt_retweet":"0","publish_time":"20210712142800","page_action_type":"07","cnt_agree":"0","topic_guid":"10574d9be69ec47589b6f3c33f0819ea","userid":"OdailyChina","cnt_comment":"0","content":"数字人民币渐行渐近，北京、上海、苏州、成都等地表现如何？With the further development of Digital RMB, how does it perform in these pilot areas of Beijing, Shanghai, Suzhou, Chengdu and other places?https://t.co/jdIn5dBBSM","url":"https://twitter.com/OdailyChina/status/1414471585721831424","username":"Odaily@ChinaCryptoNews"},{"relevant_topic_guid":"375dc74eb7d8c6188eeba32a7968ef2b","cnt_retweet":"0","publish_time":"20210712085809","page_action_type":"07","cnt_agree":"2","topic_guid":"375dc74eb7d8c6188eeba32a7968ef2b","userid":"ChainNewscom","cnt_comment":"0","content":"【证券时报：数字人民币已在 11 个地区试点，后续 B 端市场将有更大突破】链闻消息，证券时报发文《数字人民币加速「攻城略地」， B 端市场想象空间巨大》，文章表示，2020 年以来，数字人民币试点加速落地，在地区试点上，已…… https://t.co/wUxxkrdSkg","url":"https://twitter.com/ChainNewscom/status/1414388576603738114","username":"链闻 ChainNews"},{"relevant_topic_guid":"4989b86fb7bfd79933fffa08211a484e","cnt_retweet":"0","publish_time":"20210712024706","page_action_type":"07","cnt_agree":"0","topic_guid":"4989b86fb7bfd79933fffa08211a484e","userid":"BigOneWD","cnt_comment":"1","content":"AXIE/AXS交易量超比特币，让我赚了300万，心得分享！央行再次降准，数字人民币本月全面发工资，十四五已经落实！ https://t.co/fXkpkCdAN9 via @YouTube","url":"https://twitter.com/BigOneWD/status/1414295199522512896","username":"BigOneWD"},{"relevant_topic_guid":"57a1d4ad33c94a9934bd08ac2672a753","cnt_retweet":"0","publish_time":"20210712022059","page_action_type":"07","cnt_agree":"7","topic_guid":"57a1d4ad33c94a9934bd08ac2672a753","userid":"ironmilitary","cnt_comment":"0","content":"关于国内的数字人民币⬇️https://t.co/4JANzHwRS4","url":"https://twitter.com/ironmilitary/status/1414288627601838081","username":"政经实盘"},{"relevant_topic_guid":"66791adc7ac34cb8e4e721a971096dcc","cnt_retweet":"0","publish_time":"20210710194608","page_action_type":"07","cnt_agree":"1","topic_guid":"66791adc7ac34cb8e4e721a971096dcc","userid":"biantaisuobiao","cnt_comment":"0","content":"数字人民币真的很难用，薅完羊毛弃。","url":"https://twitter.com/biantaisuobiao/status/1413826873201549312","username":"韓智恩"},{"relevant_topic_guid":"83fbfd1867f547f9bbda8649c9839308","cnt_retweet":"0","publish_time":"20210710062620","page_action_type":"07","cnt_agree":"0","topic_guid":"83fbfd1867f547f9bbda8649c9839308","userid":"HelloSunnn","cnt_comment":"0","content":"数字人民币看似弯道超车，打破美元霸权，但极可能弯道翻车。","url":"https://twitter.com/HelloSunnn/status/1413625594554707969","username":"bignote"},{"relevant_topic_guid":"e23a6db096b59f7fc3eedb71812adc63","cnt_retweet":"0","publish_time":"20210710145630","page_action_type":"07","cnt_agree":"1","topic_guid":"e23a6db096b59f7fc3eedb71812adc63","userid":"hermesstrategy","cnt_comment":"0","content":"数字人民币发展的动因、机遇与挑战 https://t.co/Vb3NbtLWJZ https://t.co/dt3EpO8j1G","url":"https://twitter.com/hermesstrategy/status/1413753981176885248","username":"Hermes strategygroup"},{"relevant_topic_guid":"248859e6b3a64d6190c507e62b24ee3c","cnt_retweet":"1","publish_time":"20210620150652","page_action_type":"07","cnt_agree":"10","topic_guid":"248859e6b3a64d6190c507e62b24ee3c","userid":"GMPLY6666","cnt_comment":"6","content":"比特币矿场要凉，可以预见显卡要降价，数字人民币将正式登场！ https://t.co/rj24DBjQS6","url":"https://twitter.com/GMPLY6666/status/1406508835267768324","username":"公民評論員⁶（备用）"},{"relevant_topic_guid":"236aa858c4d58617b00c79b1e0aa778f","cnt_retweet":"0","publish_time":"20210622043036","page_action_type":"07","cnt_agree":"0","topic_guid":"236aa858c4d58617b00c79b1e0aa778f","userid":"khowgeesiang","cnt_comment":"1","content":"#凤凰科技：禁令已达四川！中国全面禁止挖矿已成定局，比特币何去何从？#唉！中国愚蠢。在这个不断前进的数码时代中逆流，其目的不外是要加快将来的数字人民币取代美元。然而，完全排斥加密货币做法是不明智的，因为这只会损及中国本身的长远利益。","url":"https://twitter.com/khowgeesiang/status/1407073490608410647","username":"khow gee siang"},{"relevant_topic_guid":"2b36179f2ea3b7b122e37b335dff3f86","cnt_retweet":"0","publish_time":"20210620201241","page_action_type":"07","cnt_agree":"0","topic_guid":"2b36179f2ea3b7b122e37b335dff3f86","userid":"XiaoZhen0537","cnt_comment":"0","content":"ATM机上能取数字人民币：工行农行率先支持 https://t.co/oszpslZ7DM","url":"https://twitter.com/XiaoZhen0537/status/1406585793834016771","username":"每日头条 - 时事百科抢先看"},{"relevant_topic_guid":"4ae365b8b5949054c2838d5e09c1d25d","cnt_retweet":"0","publish_time":"20210620120222","page_action_type":"07","cnt_agree":"0","topic_guid":"4ae365b8b5949054c2838d5e09c1d25d","userid":"RS_saccu","cnt_comment":"0","content":"中国禁止挖矿BTC等数字货币，但自己创新数字人民币。我觉得这和中国禁止Google，Twitter有点相似，代表这个技术是可以期待有成长性的。不过我最期待的还是 #XRP但愿哪天数字货币成为主流，让我也发个财*","url":"https://twitter.com/RS_saccu/status/1406462402535645187","username":"TM@XRP holder"},{"relevant_topic_guid":"2fe030c113a0c4511bbf1a91c9d5ded4","cnt_retweet":"3","publish_time":"20210623085209","page_action_type":"07","cnt_agree":"2","topic_guid":"2fe030c113a0c4511bbf1a91c9d5ded4","userid":"yangskyfly","cnt_comment":"0","content":"中国彻底和虚拟币脱钩了，从根上把比特币拔了，割不到中国老百姓，中国官方版数字人民币呼之欲出。当年，有人发个挖矿程序给我，我直接当病毒程序删除了，最早做比特币的人也是相当熟知的人，其实只是赚点小钱吧了，而最赚钱的是交易所、发币和大庄家。比特币走势图中的高点都与中国监管层有关\u003dA股！ https://t.co/kAo6ovZWy5","url":"https://twitter.com/yangskyfly/status/1407501697795121154","username":"浪飞投资"},{"relevant_topic_guid":"acbeaa7efd4043e4f57c361e21d0ac75","cnt_retweet":"1","publish_time":"20210620094542","page_action_type":"07","cnt_agree":"7","topic_guid":"acbeaa7efd4043e4f57c361e21d0ac75","userid":"yidixiaobaobao","cnt_comment":"4","content":"国内很多币圈的人对中共还抱有幻想，认为政府最后会拥抱或者管理比特币。一个独裁政府怎么可能会允许一个发币权旁落呢。从发数字人民币和封矿场等行动，就已经知道只要中共在台上的，会像封杀互联网一样，不遗余力得封杀比特币。但是，不要灰心，除非中共彻底封杀手机和电脑，总会有人偷偷用比特币的。","url":"https://twitter.com/yidixiaobaobao/status/1406428009507209216","username":"比特币解放中国.PhD"},{"relevant_topic_guid":"06a35d22b555f92642d5d2ec5e933049","cnt_retweet":"14","publish_time":"20210717192000","page_action_type":"07","cnt_agree":"41","topic_guid":"06a35d22b555f92642d5d2ec5e933049","userid":"RT_com","cnt_comment":"5","content":"\u0027Foreign residents temporarily traveling in China can open an e-CNY wallet to meet daily payment needs without opening a domestic bank account\u0027https://t.co/dwSYblJDOt","url":"https://twitter.com/RT_com/status/1416357008924569606","username":"RT"},{"relevant_topic_guid":"a0ed3d7335b24883b15dc0bf2686e23d","cnt_retweet":"0","publish_time":"20210717200009","page_action_type":"07","cnt_agree":"1","topic_guid":"a0ed3d7335b24883b15dc0bf2686e23d","userid":"Exmo_Com","cnt_comment":"0","content":"The Chinese central bank has published a whitepaper for the e-CNY for the first time. The paper confirms that digital currency will come with smart contract programmability, but there is no clear timetable.#cryptonews #crypto #digitalcurrencyhttps://t.co/8mLSVVgf7d","url":"https://twitter.com/Exmo_Com/status/1416367113250516997","username":"EXMO"},{"relevant_topic_guid":"b5c70a45ceebec4bb25cfe897acb6d08","cnt_retweet":"0","publish_time":"20210717211210","page_action_type":"07","cnt_agree":"0","topic_guid":"b5c70a45ceebec4bb25cfe897acb6d08","userid":"BenDzung","cnt_comment":"0","content":"✅ China Releases White Paper For Digital Yuan:People’s Bank of China PBOC, the Chinese central bank today released the white paper for its upcoming digital CNY DCEP. The central bank also gave an official English name to the digital fiat called e-CNY. https://t.co/hUoVTMB8II","url":"https://twitter.com/BenDzung/status/1416385238360416257","username":"DzungBen (#Bitcoin Signal*)"},{"relevant_topic_guid":"a494104a7df820c0d3acb71ebdb194de","cnt_retweet":"2","publish_time":"20210717203900","page_action_type":"07","cnt_agree":"3","topic_guid":"a494104a7df820c0d3acb71ebdb194de","userid":"RiversKong","cnt_comment":"1","content":"e-CNY is intended as M0 money, to serve domestic retail payment.The government hopes that this will help in the emergence of innovative business models and increase the efficiency of the economy.","url":"https://twitter.com/RiversKong/status/1416376891901087746","username":"Rivers.Kong"},{"relevant_topic_guid":"a991f78a1ac408bb452ba6f708116634","cnt_retweet":"0","publish_time":"20210717183026","page_action_type":"07","cnt_agree":"1","topic_guid":"a991f78a1ac408bb452ba6f708116634","userid":"CnnMhee","cnt_comment":"0","content":"17-07-64/03 : NO BANK NOTE! YUAN DIGITAL RISE UP! Foreign travelers to China can now use digital yuan นักเดินทางต่างชาติไปจีนสามารถใช้ดิจิทัลหยวนได้แล้ว พลเมืองต่างชาติที่เดินทางในจีนชั่วคราวสามารถใช้เงิน e-CNY ชำระรายวันโดยไม่ต้องเปิดบัญชีธนาคารในประเทศ https://t.co/GISMNTtEbf https://t.co/FpjVv9s982","url":"https://twitter.com/CnnMhee/status/1416344535181922304","username":"Mhee CNN"},{"relevant_topic_guid":"292588a07d70ff7c8cf7bbb4d98367bf","cnt_retweet":"0","publish_time":"20210717195532","page_action_type":"07","cnt_agree":"0","topic_guid":"292588a07d70ff7c8cf7bbb4d98367bf","userid":"ThinkInCrypto1","cnt_comment":"0","content":"China Has No Final Date for Launch of e-CNY, the ‘Cash Substitute’ with Smart Contract Feature https://t.co/L1G66ZSeuG","url":"https://twitter.com/ThinkInCrypto1/status/1416365951025549312","username":"Think In Crypto"},{"relevant_topic_guid":"7f5ac250a2261afc92c131454a9c9363","cnt_retweet":"0","publish_time":"20210624160948","page_action_type":"07","cnt_agree":"0","topic_guid":"7f5ac250a2261afc92c131454a9c9363","userid":"XiaoZhen0537","cnt_comment":"0","content":"银行力邀开通“子钱包” 数字人民币推广策略升级 https://t.co/i1gZwklL1V","url":"https://twitter.com/XiaoZhen0537/status/1407974222731767815","username":"每日头条 - 时事百科抢先看"},{"relevant_topic_guid":"230650bb45fc3c9966808c73430d3263","cnt_retweet":"2","publish_time":"20210627161109","page_action_type":"07","cnt_agree":"4","topic_guid":"230650bb45fc3c9966808c73430d3263","userid":"myfxtrader","cnt_comment":"0","content":"香港也要有本地的数字货币了财爷陈茂波的网志：“深化央行数码货币(CBDC)使用的研究。未来一年，我们会为在香港发行批发及零售层面CBDC加强准备，包括研究港元数码货币（e-HKD）在本地零售层面的应用，并继续与中国人民银行合作，就数字人民币在香港的使用进行技术测试。“https://t.co/Xg3OffgtpA","url":"https://twitter.com/myfxtrader/status/1409061726209810433","username":"外汇交易员"},{"relevant_topic_guid":"fca9ec3845c7b32768481210fb9f2606","cnt_retweet":"0","publish_time":"20210624124700","page_action_type":"07","cnt_agree":"0","topic_guid":"fca9ec3845c7b32768481210fb9f2606","userid":"makrrr1","cnt_comment":"0","content":"LAWSON 已经有数字人民币支付的选项了 https://t.co/v9Qmwk0Uf4","url":"https://twitter.com/makrrr1/status/1407923187443134464","username":"Mak Zhao"},{"relevant_topic_guid":"1577139a9b13a13862b1cb5e2b0608ed","cnt_retweet":"1","publish_time":"20210624165148","page_action_type":"07","cnt_agree":"3","topic_guid":"1577139a9b13a13862b1cb5e2b0608ed","userid":"YazhouLyu1","cnt_comment":"0","content":"中共想要重新搞供销社，和数字人民币绝配，互联网时代的粮票。 https://t.co/RB3i7TSq5k","url":"https://twitter.com/YazhouLyu1/status/1407984791740465153","username":"吕亚洲 Yazhou Lyu"},{"relevant_topic_guid":"e914f913f4926f8889b5acda4a3f2820","cnt_retweet":"1","publish_time":"20210624150155","page_action_type":"07","cnt_agree":"0","topic_guid":"e914f913f4926f8889b5acda4a3f2820","userid":"Sunny18386566","cnt_comment":"0","content":"新一轮数字人民币活动覆盖更多地区数币可追踪、溯源的属性越透明化身份配置/资产配置/税务规划/保护隐私人生plan B https://t.co/Lcz7UxYIKj","url":"https://twitter.com/Sunny18386566/status/1407957140006789120","username":"Sunny移民签证永居护照项目方"},{"relevant_topic_guid":"adb08abdc8b83a7794797d4e9598dca0","cnt_retweet":"0","publish_time":"20210624234206","page_action_type":"07","cnt_agree":"0","topic_guid":"adb08abdc8b83a7794797d4e9598dca0","userid":"SmilodonR","cnt_comment":"0","content":"被数字人民币给逼着跟着一起出？","url":"https://twitter.com/SmilodonR/status/1408088050723217409","username":"Social Revolution of the Rose 玫瑰花の社会革命"},{"relevant_topic_guid":"56cb0f9434aadb27c04ac54854d329bf","cnt_retweet":"0","publish_time":"20210625114506","page_action_type":"07","cnt_agree":"0","topic_guid":"56cb0f9434aadb27c04ac54854d329bf","userid":"CLzhi","cnt_comment":"0","content":"这发数字人民币红包，那边发比特币红包。* 是你你选择哪个红包？","url":"https://twitter.com/CLzhi/status/1408269995956527108","username":"Dave-C *"},{"relevant_topic_guid":"7ce0c1def2d1ea4cdc697e1c35eee965","cnt_retweet":"0","publish_time":"20210627031318","page_action_type":"07","cnt_agree":"0","topic_guid":"7ce0c1def2d1ea4cdc697e1c35eee965","userid":"xiaopujiang","cnt_comment":"2","content":"中国政府之所以要打压比特币挖矿，为了在冬奥会之前推行数字人民币扫除障碍。比特币在世界上被大多数国家认可，中国政府看到了比特币的这块大蛋糕，所以就想分一杯羹，打造了一个数字人民币，可是比特币的优势太大，中国政府担心数字人民币无法与其抗衡，所以开始进行打压，为了就是数字人民币一家独大 https://t.co/Mzk0ExQKtH","url":"https://twitter.com/xiaopujiang/status/1408865973520637952","username":"肖普江"},{"relevant_topic_guid":"35cc4e8a5abb85b2e58110046b4b8206","cnt_retweet":"5","publish_time":"20210626183042","page_action_type":"07","cnt_agree":"31","topic_guid":"35cc4e8a5abb85b2e58110046b4b8206","userid":"RadekPyffel","cnt_comment":"4","content":"Cyfrowy **juan ( 数字人民币，E-CNY) w fazie testów. https://t.co/vnHyCzPXpZ","url":"https://twitter.com/RadekPyffel/status/1408734458467999751","username":"Radek Pyffel"},{"relevant_topic_guid":"4ff56473e8b89600333087241708c736","cnt_retweet":"5","publish_time":"20210716210032","page_action_type":"07","cnt_agree":"18","topic_guid":"4ff56473e8b89600333087241708c736","userid":"Kiffmeister","cnt_comment":"3","content":"Today\u0027s Kiffmeister #Fintech Daily Digest is devoted to the People\u0027s Bank of China (PBOC) e-CNY central bank digital currency (#CBDC) white paper published today. https://t.co/Lb78JI7oSs","url":"https://twitter.com/Kiffmeister/status/1416019920974929921","username":"John Kiff"},{"relevant_topic_guid":"d55e269277d1717a3b46e288b41e9a5c","cnt_retweet":"0","publish_time":"20210717012356","page_action_type":"07","cnt_agree":"0","topic_guid":"d55e269277d1717a3b46e288b41e9a5c","userid":"jackleepv","cnt_comment":"1","content":"Some statements in the newly released China e-CNY white paper**. (translation follows) https://t.co/2B8E06eqI1","url":"https://twitter.com/jackleepv/status/1416086210368315392","username":"☣️Jack Lee ⚡️"},{"relevant_topic_guid":"7d45a18c21836a1f775299aa0bc89dc7","cnt_retweet":"0","publish_time":"20210717012154","page_action_type":"07","cnt_agree":"0","topic_guid":"7d45a18c21836a1f775299aa0bc89dc7","userid":"posideonsnonce","cnt_comment":"1","content":"Written objectives of Chinas new #CBDC:  e-CNY1. Diversify the forms of cash provided to the public by the central bank2. Support fair competition, efficiency and safety of retail payment services","url":"https://twitter.com/posideonsnonce/status/1416085696700366853","username":"chris"},{"relevant_topic_guid":"139476ea9261d1e72f43a7b809d1873c","cnt_retweet":"0","publish_time":"20210717005111","page_action_type":"07","cnt_agree":"1","topic_guid":"139476ea9261d1e72f43a7b809d1873c","userid":"riyad_f_carey","cnt_comment":"0","content":"TLDR: PBOC says e-CNY is a retail CBDC designed to increase financial inclusionCan be used without a bank account on wallets created by authorized operatorsHas smart contract functionalityNot designed for cross-border payments but they are examining it","url":"https://twitter.com/riyad_f_carey/status/1416077967646674945","username":"Riyad Carey"},{"relevant_topic_guid":"a25f90d0d8369b3ab7aba1c585d35891","cnt_retweet":"0","publish_time":"20210716210300","page_action_type":"07","cnt_agree":"1","topic_guid":"a25f90d0d8369b3ab7aba1c585d35891","userid":"CoinGape_BR","cnt_comment":"0","content":"China publica o primeiro whitepaper do e-CNY, confirmando programabilidade de contratos inteligentes#cripto #criptomoedas #criptoativos #trader #blockchain #bitcoin #bitcoinbrasil #btc #investimento #dinheiro #investimentos","url":"https://twitter.com/CoinGape_BR/status/1416020541174075396","username":"CoinGape Portuguese"},{"relevant_topic_guid":"60ac05571fe11de2d6a25a8ef6b8b715","cnt_retweet":"0","publish_time":"20210716210251","page_action_type":"07","cnt_agree":"0","topic_guid":"60ac05571fe11de2d6a25a8ef6b8b715","userid":"reacziona","cnt_comment":"0","content":"Análisis del whitepaper de la CBDC “e-CNY” de China: privacidad, smart contracts… https://t.co/P2WxbCNDod","url":"https://twitter.com/reacziona/status/1416020507208699909","username":"Alfonso Sánchez"},{"relevant_topic_guid":"bdf62538448425d90522a5264d625789","cnt_retweet":"0","publish_time":"20210717005929","page_action_type":"07","cnt_agree":"1","topic_guid":"bdf62538448425d90522a5264d625789","userid":"posideonsnonce","cnt_comment":"0","content":"1. Lack of intrinsic value2. Acute price fluctuations3. Low trading efficiencies4. Huge Energy Consumption Central Bank of China\u0027s negative views of the private #cryptocurrency spaceSRC: Progress of Research \u0026amp; Development of E-CNY in China White Paper #BTC #Ethereum","url":"https://twitter.com/posideonsnonce/status/1416080054241665024","username":"chris"},{"relevant_topic_guid":"e0c72e4cc0acfcda30658496429a256e","cnt_retweet":"21","publish_time":"20210717014124","page_action_type":"07","cnt_agree":"56","topic_guid":"e0c72e4cc0acfcda30658496429a256e","userid":"SinoGlobalCap","cnt_comment":"4","content":"China Roundup 08 ——SWProgrammable fiat or China’s potential financial revolution —— PBOC publishes first digital yuan/e-CNY white paper","url":"https://twitter.com/SinoGlobalCap/status/1416090604971331585","username":"Sino Global Capital"},{"relevant_topic_guid":"eae77119bb841f263b74c1c58ab4b22a","cnt_retweet":"0","publish_time":"20210716205528","page_action_type":"07","cnt_agree":"0","topic_guid":"eae77119bb841f263b74c1c58ab4b22a","userid":"gohsuket","cnt_comment":"0","content":"Progress of Research \u0026amp; Development of E-CNY in Chinaby. Working Group on E-CNY Research and Development of the People\u0027s Bank of ChinaJuly, 2021https://t.co/gJ83AM5Fk9","url":"https://twitter.com/gohsuket/status/1416018647856812037","username":"Gohsuke Takama"},{"relevant_topic_guid":"dc9e1d4e7233615b296b1d999fc2585e","cnt_retweet":"0","publish_time":"20210717003856","page_action_type":"07","cnt_agree":"0","topic_guid":"dc9e1d4e7233615b296b1d999fc2585e","userid":"daily_24x7","cnt_comment":"0","content":"China Releases e-CNY Whitepaper, Says Cryptos Have No Value \u0026amp; Pose Risks https://t.co/Z7yoaEPl8J","url":"https://twitter.com/daily_24x7/status/1416074884661145602","username":"Live daily news 24x7"},{"relevant_topic_guid":"9b9842a648c5bc2c4b697d9913fab21c","cnt_retweet":"4","publish_time":"20210717003921","page_action_type":"07","cnt_agree":"7","topic_guid":"9b9842a648c5bc2c4b697d9913fab21c","userid":"FintechBalerina","cnt_comment":"2","content":"Check out my latest article: Summary of the Progress of Research \u0026amp; Development of E-CNY in #China https://t.co/P8mwdX3fMI #cbdc #centralbankdigitalcurrencies #crypto #banking #payment #fintech @psb_dc @jasuja @richardturrin @cgledhill @amitTwitr @sharat_suave @ronitA380","url":"https://twitter.com/FintechBalerina/status/1416074989556551681","username":"Musheer"},{"relevant_topic_guid":"59f27b1eb64d47f79002d4f95c74700a","cnt_retweet":"15","publish_time":"20210717004639","page_action_type":"07","cnt_agree":"86","topic_guid":"59f27b1eb64d47f79002d4f95c74700a","userid":"WuBlockchain","cnt_comment":"19","content":"At the press conference, the People\u0027s Bank of China responded to the application of blockchain technology in China\u0027s CBDC (e-CNY). In my understanding, it mainly utilizes the non-tamperable characteristics of hash algorithms and some technologies of smart contracts. https://t.co/OqtBT0C9dD","url":"https://twitter.com/WuBlockchain/status/1416076826540052484","username":"Wu Blockchain"},{"relevant_topic_guid":"553adee35cfeadff56d7ec4c8488b89f","cnt_retweet":"0","publish_time":"20210717004600","page_action_type":"07","cnt_agree":"0","topic_guid":"553adee35cfeadff56d7ec4c8488b89f","userid":"Oezank_","cnt_comment":"0","content":"PBoC mengeluarkan whitepaper pada hari Jumat untuk proyek yuan digitalnya, juga dijuluki e-CNY, yang secara khusus menegaskan bahwa mata uang fiat digital dirancang untuk dapat diprogram dengan fitur kontrak pintar. Baca selengkapnyahttps://t.co/8brAjQ1YSq","url":"https://twitter.com/Oezank_/status/1416076661636800513","username":"Oezank - IDC | CFI"},{"relevant_topic_guid":"774c6809a03a4e1cdfe082d767c2b2d4","cnt_retweet":"0","publish_time":"20210717001502","page_action_type":"07","cnt_agree":"0","topic_guid":"774c6809a03a4e1cdfe082d767c2b2d4","userid":"rhbtoday","cnt_comment":"0","content":"China publishes first e-CNY whitepaper, confirming smart contract programmability https://t.co/4PH78Ni2Sh","url":"https://twitter.com/rhbtoday/status/1416068868544499712","username":"Hourly latest on Crypto, Fintech and Blockchain"},{"relevant_topic_guid":"2c37e19334ed7a7f5f61ef8b179c8bf4","cnt_retweet":"1","publish_time":"20210717002634","page_action_type":"07","cnt_agree":"5","topic_guid":"2c37e19334ed7a7f5f61ef8b179c8bf4","userid":"Agitacion_","cnt_comment":"0","content":"#China ** |El banco central de China publicó un libro sobre el desarrollo de la moneda fiduciaria digital del país, conocida como \"e-CNY\". El documento resumió los antecedentes, la hoja de ruta tecnológica y los objetivos de desarrollo de la moneda.https://t.co/89F6FUzIub","url":"https://twitter.com/Agitacion_/status/1416071772093435910","username":"Agitación"},{"relevant_topic_guid":"1e258b4ea2ba6a2d2ad9245a6f10587f","cnt_retweet":"0","publish_time":"20210717001523","page_action_type":"07","cnt_agree":"0","topic_guid":"1e258b4ea2ba6a2d2ad9245a6f10587f","userid":"Crypto_News_Top","cnt_comment":"0","content":"China Has No Final Date for Launch of e-CNY, the ‘Cash Substitute’ with Smart Contract Feature Aiming for Internationalization https://t.co/QtwrqYiqXJ","url":"https://twitter.com/Crypto_News_Top/status/1416068955819626500","username":"The CRYPTO NEWS Today"},{"relevant_topic_guid":"85c78bd062cf8e22a3c44d138f04b0ea","cnt_retweet":"0","publish_time":"20210717001601","page_action_type":"07","cnt_agree":"0","topic_guid":"85c78bd062cf8e22a3c44d138f04b0ea","userid":"Crypto_Chic_","cnt_comment":"1","content":"The central People’s #Bank of #China (PBoC) released a #digital #yuan, e-CNY, whitepaper, in order to \"explain the background, objectives, and visions\" and to \"seek public comments.\"https://t.co/UkEhpcwDAn","url":"https://twitter.com/Crypto_Chic_/status/1416069115207421956","username":"Crypto Chic"},{"relevant_topic_guid":"40b0b7dbbb71a87b0f300318fb1135f4","cnt_retweet":"0","publish_time":"20210717000341","page_action_type":"07","cnt_agree":"0","topic_guid":"40b0b7dbbb71a87b0f300318fb1135f4","userid":"octaviopadilla","cnt_comment":"0","content":"Progress  of Research \u0026amp; Development of E-CNY in China Working Group on E-CNY Research and Development  of the People\u0027s  Bank of China July, 2021The People’s Bank of China (PBOC) attaches great importance to the research and development of #digital #fia…https://t.co/zFWu30T4sQ","url":"https://twitter.com/octaviopadilla/status/1416066014283026433","username":"Octavio Padilla"},{"relevant_topic_guid":"773cd0d4b62b552424fcf0e4b3f9b0a4","cnt_retweet":"5","publish_time":"20210716234011","page_action_type":"07","cnt_agree":"21","topic_guid":"773cd0d4b62b552424fcf0e4b3f9b0a4","userid":"TheBlock__","cnt_comment":"3","content":"ICYMI: China publishes first e-CNY whitepaper, confirming smart contract programmabilityhttps://t.co/IsmMxhpUO4","url":"https://twitter.com/TheBlock__/status/1416060098380812291","username":"The Block"},{"relevant_topic_guid":"376cba92c4237795ecee04a93df25cac","cnt_retweet":"1","publish_time":"20210717002931","page_action_type":"07","cnt_agree":"2","topic_guid":"376cba92c4237795ecee04a93df25cac","userid":"riyad_f_carey","cnt_comment":"1","content":"Takeaways from People\u0027s Bank of China report on its CBDC, the e-CNY:\"top-level design, function, development, and system testing has been basically completed\"https://t.co/g74Ijgn97h","url":"https://twitter.com/riyad_f_carey/status/1416072513654829062","username":"Riyad Carey"},{"relevant_topic_guid":"177033117de1a05a9ee96c14c6fb1009","cnt_retweet":"0","publish_time":"20210716225842","page_action_type":"07","cnt_agree":"0","topic_guid":"177033117de1a05a9ee96c14c6fb1009","userid":"cryptow1re","cnt_comment":"0","content":"Reddit_BTC *: China’s first e-CNY whitepaper confirms smart contract programmability https://t.co/yTChxOjAK6","url":"https://twitter.com/cryptow1re/status/1416049659982852097","username":"Cryptowire - BTC Class of 2013"},{"relevant_topic_guid":"a9cde6d48083ccf77f1065883cdf2265","cnt_retweet":"1","publish_time":"20210717000733","page_action_type":"07","cnt_agree":"1","topic_guid":"a9cde6d48083ccf77f1065883cdf2265","userid":"crypto__mak","cnt_comment":"1","content":"China Has No Final Date for Launch of e-CNY, the ‘Cash Substitute’ with Smart Contract Feature Aiming for Internationalization https://t.co/luNJeop9fp #CBDC","url":"https://twitter.com/crypto__mak/status/1416066987180974082","username":"Crypto Mak *"},{"relevant_topic_guid":"fd1f5e770232200764bf5ea1d63c431a","cnt_retweet":"0","publish_time":"20210723080337","page_action_type":"07","cnt_agree":"0","topic_guid":"fd1f5e770232200764bf5ea1d63c431a","userid":"BMDaily1","cnt_comment":"0","content":"The People’s Bank of China and the new white paper on the e-CNY (Digital Yuan) https://t.co/3rroF3ojeD","url":"https://twitter.com/BMDaily1/status/1418361119886950400","username":"Black Media Daily"},{"relevant_topic_guid":"a9cde6d48083ccf77f1065883cdf2265","cnt_retweet":"0","publish_time":"20210717000944","page_action_type":"08","cnt_agree":"0","topic_guid":"0f032c2ea75b5577451aa5259738f183","userid":"AlishaW91106374","cnt_comment":"0","content":"@crypto__mak *@Libonomy  smart contracts can be programmed to do complicated tasks without the need of coding skills. Complex ERP solutions or project crowdfunding can be made by anyone!*#Libonomy #LBY #cryptocurrency #investmentoftheyear","url":"https://twitter.com/AlishaW91106374/status/1416067535896723457","username":"Alisha Walters"}]