[{"relevant_topic_guid":"eabcda75b75a074d8c36c68c8bc941a6","cnt_retweet":"2","publish_time":"20201029162805","page_action_type":"07","cnt_agree":"6","topic_guid":"eabcda75b75a074d8c36c68c8bc941a6","userid":"charlesmok","cnt_comment":"0","content":"数字人民币尚在试行已出现假币https://t.co/pmhsLTfxIN","url":"https://twitter.com/charlesmok/status/1321730511765565442","username":"Charles Mok 莫乃光"},{"relevant_topic_guid":"cc0c23fdf7fa65f7ed356e64d9fffb69","cnt_retweet":"3","publish_time":"20201029133915","page_action_type":"07","cnt_agree":"5","topic_guid":"cc0c23fdf7fa65f7ed356e64d9fffb69","userid":"HelpSoshk","cnt_comment":"0","content":"中国推“数字人民币”号称最安全 才试行已见假货中国人民银行拟推“数字人民币”，目前正处于内部封闭试点测试阶段，官方还吹擂表示“数字人民币”是最安全的数字货币。没想到，近日中国人民银行就公开自打脸，表示市面上已经出现假冒数字人民币钱包，就和纸钞时代一样，人民银行依然面临伪造问题#CCPChina https://t.co/7vQ7HAy8ep","url":"https://twitter.com/HelpSoshk/status/1321688022958497793","username":"MrX"},{"relevant_topic_guid":"921c2dbffa08d47d99045333546a2da1","cnt_retweet":"0","publish_time":"20201029142320","page_action_type":"07","cnt_agree":"0","topic_guid":"921c2dbffa08d47d99045333546a2da1","userid":"bsdscn","cnt_comment":"0","content":"中国推“数字人民币”号称最安全 才试行已见假货 https://t.co/UMeDCkoouF","url":"https://twitter.com/bsdscn/status/1321699117152849922","username":"钧天"},{"relevant_topic_guid":"d555132b13b30b9c481d672735f68676","cnt_retweet":"0","publish_time":"20201029162954","page_action_type":"07","cnt_agree":"0","topic_guid":"d555132b13b30b9c481d672735f68676","userid":"CCP_CCTV","cnt_comment":"0","content":"数字人民币就没有提醒，现在有这个提醒的是疫情和选举。 https://t.co/ZWgtm3SbxL","url":"https://twitter.com/CCP_CCTV/status/1321730968005177345","username":"怷讋瞀"},{"relevant_topic_guid":"212a7b613efeceebee84835c0eb78f58","cnt_retweet":"0","publish_time":"20201029150106","page_action_type":"07","cnt_agree":"0","topic_guid":"212a7b613efeceebee84835c0eb78f58","userid":"tailing70122706","cnt_comment":"0","content":"数字人民币出现假币，试行不足一个月；华为又续命，传美方将允厂商供应非5G芯片；涉赞比亚工程诈’欺，世银制裁2中企；受不了侵权，美企史丹利百得撤深... https://t.co/5KINlji6Rc via @YouTube","url":"https://twitter.com/tailing70122706/status/1321708624389918720","username":"tai ling"},{"relevant_topic_guid":"b0cb051b8b360fee672278878f84dd61","cnt_retweet":"1","publish_time":"20201029132612","page_action_type":"07","cnt_agree":"2","topic_guid":"b0cb051b8b360fee672278878f84dd61","userid":"yulin18494807","cnt_comment":"2","content":"数字人民币试行不足一月 已出现假币 https://t.co/8Y6tUpKvut","url":"https://twitter.com/yulin18494807/status/1321684738717982722","username":"小明"},{"relevant_topic_guid":"e1b72696b14a4f3da6d50b8e884f26bc","cnt_retweet":"0","publish_time":"20201029112336","page_action_type":"07","cnt_agree":"0","topic_guid":"e1b72696b14a4f3da6d50b8e884f26bc","userid":"music5599","cnt_comment":"0","content":"【禁闻】数字人民币试行不足一月 已出现假币https://t.co/fLxAonCHhO","url":"https://twitter.com/music5599/status/1321653886046801923","username":"music5599守护正义良知～搬家新居safechat.com，新家用户名：music5599"},{"relevant_topic_guid":"0c5b874b5fa1972fea3997101933ef79","cnt_retweet":"1","publish_time":"20201029142248","page_action_type":"07","cnt_agree":"2","topic_guid":"0c5b874b5fa1972fea3997101933ef79","userid":"vshih2","cnt_comment":"0","content":"假的数字人民币钱包已出现，真的是啥样？-新华网 / apparently fake DCEP already out there; serious question: how hard is it to fake the payment code for Alipay, for example?  https://t.co/djnplW0DAG","url":"https://twitter.com/vshih2/status/1321698985975820288","username":"Victor Shih"},{"relevant_topic_guid":"13e833c4b5c02873f4b58e34536afa4a","cnt_retweet":"15","publish_time":"20201029141136","page_action_type":"07","cnt_agree":"61","topic_guid":"13e833c4b5c02873f4b58e34536afa4a","userid":"zhanglifan","cnt_comment":"10","content":"评曰：擅长“数字造假”系“中国特色”……#RFA【数字人民币尚在试行已出现假币】当局标榜“最安全”的数字人民币近期受到了假币的挑战。10月25日，在第二届外滩金融峰会上，中国央行数字货币研究所所长穆长春在回应数字人民币的问题时，披露市场上已出现了假冒数字人民币钱包。https://t.co/JGgfj7Ng3X","url":"https://twitter.com/zhanglifan/status/1321696167298650113","username":"章立凡 Zhang Lifan"},{"relevant_topic_guid":"77dca55e5495ffbe19a61fc5c6a1a394","cnt_retweet":"1","publish_time":"20201028081250","page_action_type":"07","cnt_agree":"0","topic_guid":"77dca55e5495ffbe19a61fc5c6a1a394","userid":"XiaoZhen0537","cnt_comment":"0","content":"假的数字人民币钱包已出现，真的是啥样？ https://t.co/fCYeXb6YfN","url":"https://twitter.com/XiaoZhen0537/status/1321243492174209031","username":"每日头条 - 时事百科抢先看"},{"relevant_topic_guid":"3d0d9d1b87dba38f7cd2b54fe6dcf099","cnt_retweet":"0","publish_time":"20201028113906","page_action_type":"07","cnt_agree":"0","topic_guid":"3d0d9d1b87dba38f7cd2b54fe6dcf099","userid":"dowei","cnt_comment":"1","content":"”社会公众可持发放的数字人民币红包在有效期内至罗湖区指定的商户进行消费“——数字货币还能加个有效期，以后发工资30天内有效？ 高级…… https://t.co/K0WQxKWxbj","url":"https://twitter.com/dowei/status/1321295401069219846","username":"douwei"},{"relevant_topic_guid":"f2ddb98aed87893076aa5fe81728a170","cnt_retweet":"2","publish_time":"20201028040057","page_action_type":"07","cnt_agree":"32","topic_guid":"f2ddb98aed87893076aa5fe81728a170","userid":"XijinLi","cnt_comment":"4","content":"《日本经济新闻》10月26日：数字人民币正在加速挺进 ，可能打破美元垄断地位。","url":"https://twitter.com/XijinLi/status/1321180102907056134","username":"XIJIN LI"},{"relevant_topic_guid":"e200177ca7c959f7e68e8f0e05f359d6","cnt_retweet":"9","publish_time":"20201027163501","page_action_type":"07","cnt_agree":"24","topic_guid":"e200177ca7c959f7e68e8f0e05f359d6","userid":"china_epoch","cnt_comment":"0","content":"尚未正式上市 大陆已现假冒数字人民币钱包中共央行数字货币研究所所长穆长春日前透露，现在大陆已经出现了假冒数字人民币钱包，央行面临着防伪和防假的问题。https://t.co/QxaTlvwUIL","url":"https://twitter.com/china_epoch/status/1321007481762549771","username":"大纪元-中国新闻"},{"relevant_topic_guid":"812a3bfab99abe9860cc56e6d063595f","cnt_retweet":"0","publish_time":"20201028052224","page_action_type":"07","cnt_agree":"0","topic_guid":"812a3bfab99abe9860cc56e6d063595f","userid":"Chinainfo_tv","cnt_comment":"0","content":"Chinas Zentralbank erläutert digitalen Renminbi #DigitalCurrency #数字人民币 #ChinainfoTV https://t.co/53v4lqwJSz","url":"https://twitter.com/Chinainfo_tv/status/1321200602395877380","username":"China Info TV"},{"relevant_topic_guid":"245c8ab1153f8532f9d10980638e5b53","cnt_retweet":"0","publish_time":"20201027133615","page_action_type":"07","cnt_agree":"0","topic_guid":"245c8ab1153f8532f9d10980638e5b53","userid":"jpytalkshow","cnt_comment":"0","content":"中国推行数字人民币结果出现搞笑局面。出现假数字人民币了 https://t.co/YA9sDhcfYw","url":"https://twitter.com/jpytalkshow/status/1320962494974705664","username":"代购跨国护照签证绿卡婚姻赌场投资移民"},{"relevant_topic_guid":"37a2314cc13733873a70d6ccbff4aaec","cnt_retweet":"0","publish_time":"20201026090802","page_action_type":"07","cnt_agree":"0","topic_guid":"37a2314cc13733873a70d6ccbff4aaec","userid":"DavidC_IT","cnt_comment":"0","content":"早报 | 苹果回应 iPhone 12 用 5G 耗电快 / 数字人民币仍面临防伪问题 / 新疆喀什启动一级响应 https://t.co/GHgL4Oogs1 via 爱范儿","url":"https://twitter.com/DavidC_IT/status/1320532608623624198","username":"David_IT"},{"relevant_topic_guid":"92e1689124e4d8ad1b0096b839d3614d","cnt_retweet":"0","publish_time":"20201026090345","page_action_type":"07","cnt_agree":"0","topic_guid":"92e1689124e4d8ad1b0096b839d3614d","userid":"crabol","cnt_comment":"0","content":"数字人民币对应的是央行，长期看减少纸币印运储，或许还能降点儿成本。个人理解。","url":"https://twitter.com/crabol/status/1320531527869104128","username":"坷垃宝"},{"relevant_topic_guid":"7a489f63a1fb175cdedff8b5cad4fad3","cnt_retweet":"0","publish_time":"20201026032130","page_action_type":"07","cnt_agree":"0","topic_guid":"7a489f63a1fb175cdedff8b5cad4fad3","userid":"XiaoZhen0537","cnt_comment":"0","content":"央行穆长春：数字人民币可以购买黄金，也可以兑汇 https://t.co/7OOA3O1tpd","url":"https://twitter.com/XiaoZhen0537/status/1320445398855593985","username":"每日头条 - 时事百科抢先看"},{"relevant_topic_guid":"b1dc307bb8a820cc3ea16063a4f8bbaa","cnt_retweet":"0","publish_time":"20201026123524","page_action_type":"07","cnt_agree":"3","topic_guid":"b1dc307bb8a820cc3ea16063a4f8bbaa","userid":"tindingtin","cnt_comment":"3","content":"一直好奇数字货币的用途，跟网上支付方式有竞争是肯定。如果各实体店各网购平台都支持数字货币，微信支付宝就没有存在的意义。。微信、支付宝和央行数字人民币不存在竞争关系两者并非处于同一维度。微信和支付宝是金融基础设施，是钱包，而数字人民币是支付工具，是钱包的内容。","url":"https://twitter.com/tindingtin/status/1320584794581790720","username":"叮叮"},{"relevant_topic_guid":"ce632b41c6681816faf8882f7316bc96","cnt_retweet":"0","publish_time":"20201026032103","page_action_type":"07","cnt_agree":"0","topic_guid":"ce632b41c6681816faf8882f7316bc96","userid":"XiaoZhen0537","cnt_comment":"0","content":"央行官员：数字人民币与微信、支付宝不存在竞争关系 https://t.co/skuu8Mxfd2","url":"https://twitter.com/XiaoZhen0537/status/1320445286305714176","username":"每日头条 - 时事百科抢先看"},{"relevant_topic_guid":"2f13ccd94a059d81d61675a1366baef2","cnt_retweet":"0","publish_time":"20201026064303","page_action_type":"07","cnt_agree":"2","topic_guid":"2f13ccd94a059d81d61675a1366baef2","userid":"lilou60706","cnt_comment":"0","content":"中国人民银行数字货币研究所所长 #穆长春 10月25日在中国金融四十人论坛联合各组委会成员机构举办的第二届外滩金融峰会上表示，“要统筹管理数字人民币钱包……我们已经发现 #市场上出现了假冒的数字人民币钱包”","url":"https://twitter.com/lilou60706/status/1320496121702039552","username":"Lιℓσʋ"},{"relevant_topic_guid":"797c5372a8cc39d125ad7123de6994fd","cnt_retweet":"0","publish_time":"20201026084908","page_action_type":"07","cnt_agree":"0","topic_guid":"797c5372a8cc39d125ad7123de6994fd","userid":"ifanr","cnt_comment":"1","content":"【早报 | 苹果回应 iPhone 12 用 5G 耗电快 / 数字人民币仍面临防伪问题 / 新疆喀什启动一级响应】‍• 《棋魂》真人版定档• ​菜市场限制商贩年龄 https://t.co/WBYs0b9szr https://t.co/Fh9PmPHghI","url":"https://twitter.com/ifanr/status/1320527849061662720","username":"ifanr.com 爱范儿"},{"relevant_topic_guid":"8cd125764d1a853730140d1d81087e16","cnt_retweet":"0","publish_time":"20201026032130","page_action_type":"07","cnt_agree":"0","topic_guid":"8cd125764d1a853730140d1d81087e16","userid":"XiaoZhen0537","cnt_comment":"0","content":"穆长春：商业银行不向客户收取数字人民币兑出和兑回服务费 https://t.co/lRWei9Q25h","url":"https://twitter.com/XiaoZhen0537/status/1320445401032372224","username":"每日头条 - 时事百科抢先看"},{"relevant_topic_guid":"9f8b971a67cea2786407dbab4cb737ab","cnt_retweet":"0","publish_time":"20201026090306","page_action_type":"07","cnt_agree":"0","topic_guid":"9f8b971a67cea2786407dbab4cb737ab","userid":"ChainNewscom","cnt_comment":"0","content":"【央行称数字人民币和微信支付宝无竞争登上微博热搜榜】链闻消息，「央行称数字人民币和微信支付宝无竞争」上微博热搜，目前位于微博热搜榜第 9 位。央行数字货币研究所所长穆长春昨日表示，微信、支付宝和央行数字人民币不存在竞争关系。 https://t.co/rcVAtKxMkF","url":"https://twitter.com/ChainNewscom/status/1320531367189532674","username":"链闻 ChainNews"},{"relevant_topic_guid":"1ca6e8648d2a2f68690693246c88561b","cnt_retweet":"0","publish_time":"20201026093050","page_action_type":"07","cnt_agree":"0","topic_guid":"1ca6e8648d2a2f68690693246c88561b","userid":"JJj7sVslSBzCADH","cnt_comment":"0","content":"央行穆长春：数字人民币和纸钞将长期并存#国内新闻     在第二届外滩金融峰会论坛上，央行数字货币研究所所长穆长春表示，数字人民币的发行不是靠行政强制来实现的，而是应该以市场化的方式来进行，也就是说老百姓需要兑换多少，我们就发行多少。 https://t.co/TqPa9aJdRJ","url":"https://twitter.com/JJj7sVslSBzCADH/status/1320538345869660161","username":"博牛社区"},{"relevant_topic_guid":"e38f32e520846caaf7254f8afcf0edfe","cnt_retweet":"0","publish_time":"20201026011352","page_action_type":"07","cnt_agree":"0","topic_guid":"e38f32e520846caaf7254f8afcf0edfe","userid":"XiaoZhen0537","cnt_comment":"0","content":"数字人民币有假的吗？能不能兑换黄金、外币？支付宝、微信怎么办？刚刚，尚福林、穆长春、何东重磅发声，信息量太大！ https://t.co/KBGwNvcA2j","url":"https://twitter.com/XiaoZhen0537/status/1320413279622254593","username":"每日头条 - 时事百科抢先看"},{"relevant_topic_guid":"430ec980cb5fd5684baf59891de06ac0","cnt_retweet":"0","publish_time":"20201026030848","page_action_type":"07","cnt_agree":"3","topic_guid":"430ec980cb5fd5684baf59891de06ac0","userid":"lvv2com","cnt_comment":"0","content":"【关于数字人民币，央行有了最新回答】央行数字货币研究所所长穆长春最新表态，数字人民币和微信、支付宝两者并非处于同一维度。微信和支付宝是金融基础设施，是钱包，而数字人民币是支付工具，是钱包的内容。 https://t.co/SKYsVuzrTX","url":"https://twitter.com/lvv2com/status/1320442203110592515","username":"Lvv2.com"},{"relevant_topic_guid":"ed721e0448eefbf06dff1662e660d13c","cnt_retweet":"0","publish_time":"20201026030225","page_action_type":"07","cnt_agree":"0","topic_guid":"ed721e0448eefbf06dff1662e660d13c","userid":"rfcfm_news","cnt_comment":"0","content":"棱镜｜央行官员谈数字人民币：在可预见将来，将和纸钞长期并存 https://t.co/RhxB23nZjz","url":"https://twitter.com/rfcfm_news/status/1320440598583742465","username":"自由中国电台"},{"relevant_topic_guid":"8497305c51c9348b42101218a9c26166","cnt_retweet":"25","publish_time":"20201025231512","page_action_type":"07","cnt_agree":"123","topic_guid":"8497305c51c9348b42101218a9c26166","userid":"caijingxiang","cnt_comment":"28","content":"中国人民银行数字货币研究所所长穆长春表示，数字人民币坚持M0和公共产品的定位。一方面不计付利息，另一方面具有非盈利性，追求社会效率和福利的最大化，所以人民银行建立免费的数字人民币价值转移体系和金融基础设施，不向发行层收取流通费用，商业银行也不向客户收取数字人民币的兑出和兑回的服务费","url":"https://twitter.com/caijingxiang/status/1320383416278212608","username":"财经真相"},{"relevant_topic_guid":"0d67bbca7faef00c210bcd447bd208af","cnt_retweet":"0","publish_time":"20201025201755","page_action_type":"07","cnt_agree":"0","topic_guid":"0d67bbca7faef00c210bcd447bd208af","userid":"jun_bit","cnt_comment":"0","content":"对虚拟货币交易乱象零容忍！数字人民币和纸币功能一样，ETH 站稳 400 美元（第64期）https://t.co/uStqfGBioU#BTC","url":"https://twitter.com/jun_bit/status/1320338801768632320","username":"币圈将军"},{"relevant_topic_guid":"489d23bb1700d7dc63646d264a0949d5","cnt_retweet":"0","publish_time":"20201026030224","page_action_type":"07","cnt_agree":"0","topic_guid":"489d23bb1700d7dc63646d264a0949d5","userid":"rfcfm_mil","cnt_comment":"0","content":"棱镜｜央行官员谈数字人民币：在可预见将来，将和纸钞长期并存 https://t.co/szCRhKA0uq","url":"https://twitter.com/rfcfm_mil/status/1320440590807506944","username":"自由中国电台"},{"relevant_topic_guid":"bcaaa528c515985aba693996ad32b0e4","cnt_retweet":"0","publish_time":"20201025203639","page_action_type":"07","cnt_agree":"13","topic_guid":"bcaaa528c515985aba693996ad32b0e4","userid":"OY30yXyn3qGEcVd","cnt_comment":"5","content":"汉奸网说；大陆数字人民币是为了逃避美国的金融制裁？","url":"https://twitter.com/OY30yXyn3qGEcVd/status/1320343514203492353","username":"珍惜/cherish"},{"relevant_topic_guid":"465865d6c8e3d7c01b5ad931919ef5db","cnt_retweet":"44","publish_time":"20201025232550","page_action_type":"07","cnt_agree":"166","topic_guid":"465865d6c8e3d7c01b5ad931919ef5db","userid":"caijingxiang","cnt_comment":"14","content":"如何理解中共这个套路呢？取消手续费，就在与逐步取代支付宝和微信，最后彻底取消现金，没有了现金也就永远不会有“挤兑”，就像你钱被盗了，但是你没有进行会计总核对，也就无法发现钱少了一样！没有利息数字人民币就只剩支付流通和财富计数的两项功能，对应的是百姓知道钱不够花和想尽一切办法挣数字！","url":"https://twitter.com/caijingxiang/status/1320386092160274432","username":"财经真相"},{"relevant_topic_guid":"c1ec2cd83e76e8df98ebbdd0f25a8011","cnt_retweet":"0","publish_time":"20201026030222","page_action_type":"07","cnt_agree":"0","topic_guid":"c1ec2cd83e76e8df98ebbdd0f25a8011","userid":"rfcfm_cn","cnt_comment":"0","content":"棱镜｜央行官员谈数字人民币：在可预见将来，将和纸钞长期并存 https://t.co/U3asZtKgMU","url":"https://twitter.com/rfcfm_cn/status/1320440582741909508","username":"自由中国电台"},{"relevant_topic_guid":"e242ba9fdd8bf00f949cfbf84b49956f","cnt_retweet":"0","publish_time":"20201025173738","page_action_type":"07","cnt_agree":"0","topic_guid":"e242ba9fdd8bf00f949cfbf84b49956f","userid":"eachgo","cnt_comment":"0","content":"纸钞和硬币能买的东西，数字人民币都能卖，纸钞能兑换的东西能兑换到外汇，那么数字人民币当然也能够兑换，所以大家不要担心。//问题你人民币也是限额兑换外汇的啊…黄金也是","url":"https://twitter.com/eachgo/status/1320298462563319808","username":"初夜"},{"relevant_topic_guid":"5904615184f60f9a620d5807c9c4b578","cnt_retweet":"0","publish_time":"20201025175847","page_action_type":"07","cnt_agree":"0","topic_guid":"5904615184f60f9a620d5807c9c4b578","userid":"menghanfei","cnt_comment":"0","content":"人民银行数字货币研究所所长穆长春在2020外滩金融峰会上回应有谣言称深圳二手房的交易说有的交易人被迫接受数字人民币还不让兑换黄金，也不让兑换外币。穆长春表示纸钞能兑换的东西能兑换到外汇，那么数字人民币当然也能够兑换。这谣P的，我原以为只是有效监控个人资金流动的。","url":"https://twitter.com/menghanfei/status/1320303785764286464","username":"韓非"},{"relevant_topic_guid":"fe0ec71b8e815a0fd3e98fd1758aa8c6","cnt_retweet":"0","publish_time":"20201025183212","page_action_type":"07","cnt_agree":"0","topic_guid":"fe0ec71b8e815a0fd3e98fd1758aa8c6","userid":"ChainNewscom","cnt_comment":"0","content":"【穆长春：数字人民币将市场化发行，第三方支付可承担流通服务】链闻消息，据移动支付网报道，中国人民银行数字货币研究所所长穆长春在第二届外滩金融峰会表示，数字人民币的兑换和流通是两个不同的概念，商业银行承担向公众兑换数字人民币的…… https://t.co/LUEptVjpsR","url":"https://twitter.com/ChainNewscom/status/1320312194895065088","username":"链闻 ChainNews"},{"relevant_topic_guid":"11009a0c5c3e2a731843cd924300f8b4","cnt_retweet":"0","publish_time":"20201025193637","page_action_type":"07","cnt_agree":"1","topic_guid":"11009a0c5c3e2a731843cd924300f8b4","userid":"AlertCina","cnt_comment":"0","content":"降维打击//R【#央行称数字人民币和微信支付宝无竞争 :并不在一个维度上】10月25日,央行数字货币研究所所长穆长春 #外滩金融峰会  :微信,支付宝和数字人民币不是一个维度上的,微信和支付宝是钱包,数字人民币是钱包里面装的钱.腾讯.蚂蚁各自的商业银行属于运营机构,因此和数字人民币不存在竞争关系.","url":"https://twitter.com/AlertCina/status/1320328406030974978","username":"中國警告 Alert Cina"},{"relevant_topic_guid":"937e1d50eb7d16d9a2544470b552ad68","cnt_retweet":"0","publish_time":"20201025152134","page_action_type":"07","cnt_agree":"0","topic_guid":"937e1d50eb7d16d9a2544470b552ad68","userid":"lixinghuasky","cnt_comment":"0","content":"央行拟为数字人民币修法 分析：逃避美国金融制裁(图) https://t.co/xaFArHtRIm","url":"https://twitter.com/lixinghuasky/status/1320264222354362369","username":"李興華"},{"relevant_topic_guid":"f4038892a5b0b65514cb6c96a29b1032","cnt_retweet":"0","publish_time":"20201025160330","page_action_type":"07","cnt_agree":"0","topic_guid":"f4038892a5b0b65514cb6c96a29b1032","userid":"DiYang81716152","cnt_comment":"0","content":"哈哈，现在上证3300左右，有数字人民币，上证能到多少？6000不是梦，哈哈 https://t.co/75nSSgrti2","url":"https://twitter.com/DiYang81716152/status/1320274773348265984","username":"Di.Yang"},{"relevant_topic_guid":"ca474d715f5f4808f138fb5528f0fdb3","cnt_retweet":"1","publish_time":"20201025123104","page_action_type":"07","cnt_agree":"5","topic_guid":"ca474d715f5f4808f138fb5528f0fdb3","userid":"aboluowang","cnt_comment":"0","content":"央行拟为数字人民币修法 分析：逃避美国金融制裁(图): 中共央行日前发布消息，拟修订中国银行法，为发行数字人民币提供法律依据。专家分析，当局力推数字人民币一方面是想控制资金流通，掠夺民众财富；另一方面也是为了逃避美国金融制裁。 https://t.co/4NOpwHOfTD #数字人民币 #美国制裁 #美元 https://t.co/Ln7QqBgG95","url":"https://twitter.com/aboluowang/status/1320221312262942720","username":"阿波罗网唯一官方推号"},{"relevant_topic_guid":"49d3419c3befbd44b3384a6e84212949","cnt_retweet":"0","publish_time":"20201025154834","page_action_type":"07","cnt_agree":"0","topic_guid":"49d3419c3befbd44b3384a6e84212949","userid":"IOA5upIYZ7lcjm1","cnt_comment":"0","content":"俄罗斯数字卢布或三年后推出，俄媒：数字人民币是世界上最好的 https://t.co/DHf17Py7Fj","url":"https://twitter.com/IOA5upIYZ7lcjm1/status/1320271018263515136","username":"環球新聞"},{"relevant_topic_guid":"1a60ee4f4152faa93e2dda08ccd61ced","cnt_retweet":"0","publish_time":"20201025150824","page_action_type":"07","cnt_agree":"0","topic_guid":"1a60ee4f4152faa93e2dda08ccd61ced","userid":"zhangchongxia","cnt_comment":"0","content":"数字人民币城市推广难 官方目光瞄向农村(图) https://t.co/Ly94jmAx8o","url":"https://twitter.com/zhangchongxia/status/1320260907558195200","username":"張崇夏"},{"relevant_topic_guid":"ccef56d2ae4b452a7d10e4bc31680a68","cnt_retweet":"0","publish_time":"20201030155707","page_action_type":"07","cnt_agree":"0","topic_guid":"ccef56d2ae4b452a7d10e4bc31680a68","userid":"ChainNewscom","cnt_comment":"0","content":"【华为推出首款支持数字人民币硬件钱包的智能手机】链闻消息，华为终端官方表示，华为 Mate40 系列是首款支持数字人民币硬件钱包的智能手机，提供可控匿名保护、双离线交易。 https://t.co/IRttZmTGzu","url":"https://twitter.com/ChainNewscom/status/1322085107679875072","username":"链闻 ChainNews"},{"relevant_topic_guid":"1734f896a3cef0e5dad63ab2c388d1fe","cnt_retweet":"0","publish_time":"20201031075514","page_action_type":"07","cnt_agree":"3","topic_guid":"1734f896a3cef0e5dad63ab2c388d1fe","userid":"Doraemon_CHN","cnt_comment":"1","content":"国行华为mate40新技术get1、全球首款支持数字人民币的手机，无网络也可交易2、畅连可以传400G文件，可以传图片和语音3、智感支付，非锁屏状态下可以直接二维码付款4、AI字幕翻译，英日韩转成中文字幕，追剧人的天堂5、语音可拖拽进度，微信50秒语音的痛苦可以结束了","url":"https://twitter.com/Doraemon_CHN/status/1322326224249606145","username":"Doraemon"},{"relevant_topic_guid":"2c074d073fe1551024deb8d643c82fa3","cnt_retweet":"0","publish_time":"20201030164848","page_action_type":"07","cnt_agree":"0","topic_guid":"2c074d073fe1551024deb8d643c82fa3","userid":"lvv2com","cnt_comment":"0","content":"华为Mate 40系列国行发布：全球首款支持数字人民币硬件钱包的手机 https://t.co/hG7As8NnBI","url":"https://twitter.com/lvv2com/status/1322098112643670017","username":"Lvv2.com"},{"relevant_topic_guid":"7bd36d08d36fa9ba03b23d18a77d899d","cnt_retweet":"2","publish_time":"20201030154426","page_action_type":"07","cnt_agree":"2","topic_guid":"7bd36d08d36fa9ba03b23d18a77d899d","userid":"bluebird0605","cnt_comment":"0","content":"华为参与了数字人民币规范制定，这月发布的 Mate 40 系列也是首款支持数字人民币的智能手机。 https://t.co/MQ2GzWohf9","url":"https://twitter.com/bluebird0605/status/1322081916347011073","username":"未完成"},{"relevant_topic_guid":"26e95747f53cf58fcd81f2f12310401c","cnt_retweet":"1","publish_time":"20201030155321","page_action_type":"07","cnt_agree":"3","topic_guid":"26e95747f53cf58fcd81f2f12310401c","userid":"xianjingmaoxian","cnt_comment":"0","content":"华为Mate40系列，全球首款支持数字人民币硬件钱包的智能手机 https://t.co/8zmLNW6qcC","url":"https://twitter.com/xianjingmaoxian/status/1322084159813160961","username":"xianjingmaoxian"},{"relevant_topic_guid":"79f88ba13c1dad310c5e1bd2d73e2551","cnt_retweet":"0","publish_time":"20201030154833","page_action_type":"07","cnt_agree":"0","topic_guid":"79f88ba13c1dad310c5e1bd2d73e2551","userid":"myfxtrader","cnt_comment":"0","content":"#华为 消费者业务CEO余承东表示，华为Mate40系列是全球首款支持数字人民币硬件钱包的智能手机。","url":"https://twitter.com/myfxtrader/status/1322082952570834945","username":"外汇交易员"},{"relevant_topic_guid":"848e5a0689d68ab1ed8e82b3d80715b9","cnt_retweet":"0","publish_time":"20201029190906","page_action_type":"07","cnt_agree":"0","topic_guid":"848e5a0689d68ab1ed8e82b3d80715b9","userid":"ChainNewscom","cnt_comment":"0","content":"【周小川：中国的数字人民币更重视改进国内零售支付系统】链闻消息，据新京报，在由匈牙利央行主办的第二届布达佩斯欧亚论坛上，中国人民银行原行长、博鳌亚洲论坛理事长周小川在谈到央行数字货币的问题表示，数字经济在各国经济占比不断加大…… https://t.co/zHtIlqFFvI","url":"https://twitter.com/ChainNewscom/status/1321771035742658562","username":"链闻 ChainNews"},{"relevant_topic_guid":"dc2e0073008777b6689527332aa80a56","cnt_retweet":"0","publish_time":"20201029232526","page_action_type":"07","cnt_agree":"0","topic_guid":"dc2e0073008777b6689527332aa80a56","userid":"tianjun99","cnt_comment":"0","content":"数字人民币尚在试行已出现假币 伪造成本更低 消息迅速登上热搜榜首位 https://t.co/X3Mbv8NzTl","url":"https://twitter.com/tianjun99/status/1321835543127273473","username":"天钧"},{"relevant_topic_guid":"1ebc6a8aeadde79c54f93db0629090bc","cnt_retweet":"0","publish_time":"20201117081937","page_action_type":"07","cnt_agree":"0","topic_guid":"1ebc6a8aeadde79c54f93db0629090bc","userid":"TheEarthTimes1","cnt_comment":"0","content":"@HumaniteEt 数字人民币一出来就是要分美元嘴里的肉","url":"https://twitter.com/TheEarthTimes1/status/1328492955536035842","username":"The Earth Times"},{"relevant_topic_guid":"6e59bb9053381b0f8298c8643bd1cbdb","cnt_retweet":"0","publish_time":"20201120225928","page_action_type":"07","cnt_agree":"3","topic_guid":"6e59bb9053381b0f8298c8643bd1cbdb","userid":"Robertl84679326","cnt_comment":"1","content":"你和他说，美国马上要乱了，以后美元一文不值了，全世界都用数字人民币，快去中国，去晚了中国移民门槛就高了。。。。。","url":"https://twitter.com/Robertl84679326/status/1329801542090842117","username":"Robert law"},{"relevant_topic_guid":"37da9ad4ae8ef2743489669f4cc60740","cnt_retweet":"1","publish_time":"20201120123610","page_action_type":"07","cnt_agree":"5","topic_guid":"37da9ad4ae8ef2743489669f4cc60740","userid":"Dinastiachip","cnt_comment":"0","content":"Según IDC, en el año 2025 el 20% de préstamos al consumo del mundo se concederán en una moneda digital emitida por un banco central.Suponemos que una parte importante será en forma de yuan digital (el e-RMB 数字人民币) que está siendo investigado y desarrollado en China. https://t.co/OiJDWTqhyt","url":"https://twitter.com/Dinastiachip/status/1329644680137428993","username":"Dinastía Chip"},{"relevant_topic_guid":"5f710817b811e20d6763965db6aaf35e","cnt_retweet":"0","publish_time":"20201116103508","page_action_type":"07","cnt_agree":"0","topic_guid":"5f710817b811e20d6763965db6aaf35e","userid":"ChainNewscom","cnt_comment":"0","content":"【王永利：数字人民币支付最大变化在于用户与支付数据全面归集】央行拥有数字人民币完整的用户信息和交易数据，可以削弱商业性金融机构，特别是互联网平台在大数据方面的垄断优势。 https://t.co/V1eXNs7aSl","url":"https://twitter.com/ChainNewscom/status/1328164672797872130","username":"链闻 ChainNews"},{"relevant_topic_guid":"7f5377c8fcfcf15dc402aeca0b2f9558","cnt_retweet":"0","publish_time":"20201118145812","page_action_type":"07","cnt_agree":"0","topic_guid":"7f5377c8fcfcf15dc402aeca0b2f9558","userid":"EwT25s","cnt_comment":"0","content":"数字人民币走进上海。 https://t.co/aXRBrXP6af","url":"https://twitter.com/EwT25s/status/1328955651868028928","username":"LLoo"},{"relevant_topic_guid":"ce9be40dc71c7952106aa7a1a4126f7a","cnt_retweet":"0","publish_time":"20201118143418","page_action_type":"08","cnt_agree":"1","topic_guid":"8e6c05cb5e8113c8ada452b22c3460a4","userid":"samuel_s_chin","cnt_comment":"0","content":"@Michaelma68 还是用数字人民币吧！这帮人这么下去，未来就是数字人民币。你懂我说的意思。。。","url":"https://twitter.com/samuel_s_chin/status/1328949635549900802","username":"Samuel S. Chin"},{"relevant_topic_guid":"da6f56e2ff65f410665ad2e2cf9dccdc","cnt_retweet":"0","publish_time":"20201116182135","page_action_type":"08","cnt_agree":"0","topic_guid":"cc665fd3f10654a327bfb6593cb4672b","userid":"znt04999300","cnt_comment":"1","content":"@GoodTahoe @nankumo_nakai @PDChinese 数字人民币已经在路上了，不要急。棋要慢慢下。","url":"https://twitter.com/znt04999300/status/1328282056514621441","username":"饕餮**"},{"relevant_topic_guid":"e1cca13a700d6ae702dc180c772fbeb3","cnt_retweet":"1","publish_time":"20201028195732","page_action_type":"07","cnt_agree":"1","topic_guid":"e1cca13a700d6ae702dc180c772fbeb3","userid":"REDirtyTwiter","cnt_comment":"0","content":"乔拜登对儿子淫秽照片避而不谈；朱利安尼：拜登家族与中共同床共枕！台湾团体发起撑港游行；新疆封城加紧言论管控；央行行长的谎言：数字人民币杜绝超发！十月订单旺季没生意，逼死无数工厂。https://t.co/LxCKKd87Mi","url":"https://twitter.com/REDirtyTwiter/status/1321420836767551489","username":"REDirty Twiter"},{"relevant_topic_guid":"56098c6b723afe1b0bdfdfa94567eb44","cnt_retweet":"5","publish_time":"20201028165927","page_action_type":"07","cnt_agree":"3","topic_guid":"56098c6b723afe1b0bdfdfa94567eb44","userid":"QIAOLONG","cnt_comment":"3","content":"数字人民币尚在试行已出现假币 https://t.co/YtLNy89iBj","url":"https://twitter.com/QIAOLONG/status/1321376020012789760","username":"乔龙"},{"relevant_topic_guid":"b196e64858af5d6089e4b6268133e5b8","cnt_retweet":"0","publish_time":"20201028225548","page_action_type":"07","cnt_agree":"0","topic_guid":"b196e64858af5d6089e4b6268133e5b8","userid":"zhdxw","cnt_comment":"0","content":"“中国数字人民币目前正在深圳等地试点，曾被当局成为“最安全”的数字货币，原来并不安全。中国央行数字货币研究所所长穆长春近期披露，在试点城市已经出现了假冒数字人民币钱包，央行面临着防伪和防假的问题。学者认为，数字货币比纸币更容易伪造，而且伪造成本更低。” https://t.co/fTERM6KZWB https://t.co/O14vOxAVmk","url":"https://twitter.com/zhdxw/status/1321465698389024769","username":"*每日重點新聞"},{"relevant_topic_guid":"8b491d9af601a688e49dedce45020f7f","cnt_retweet":"0","publish_time":"20201028193508","page_action_type":"07","cnt_agree":"0","topic_guid":"8b491d9af601a688e49dedce45020f7f","userid":"MediaMingde","cnt_comment":"0","content":"中国数字人民币尚在试行 假币就已经出现了 https://t.co/V6L6425vXk","url":"https://twitter.com/MediaMingde/status/1321415198440345602","username":"mingde-media"},{"relevant_topic_guid":"d288cd31e099565cc4fe588d7b34457f","cnt_retweet":"0","publish_time":"20201028195630","page_action_type":"07","cnt_agree":"0","topic_guid":"d288cd31e099565cc4fe588d7b34457f","userid":"laweach1","cnt_comment":"0","content":"【官方：市面已有仿冒的数字人民币钱包 和纸币一样面临防伪问题】据中国人民银行数字货币研究所所长穆长春表示，目前已经在市场上发现了假冒的数字人民币钱包，所以和纸钞时代一样，人民银行依然面临着防伪和防假的问题。学者认为，数字货币比纸币更容易伪造，而且伪造成本更底。","url":"https://twitter.com/laweach1/status/1321420574653108224","username":"北美在线"},{"relevant_topic_guid":"d8d2168111237b66075b29ffb44247ff","cnt_retweet":"0","publish_time":"20201028165716","page_action_type":"07","cnt_agree":"0","topic_guid":"d8d2168111237b66075b29ffb44247ff","userid":"molihua_org","cnt_comment":"0","content":"数字人民币尚在试行已出现假币 https://t.co/6LKDtuHwVa","url":"https://twitter.com/molihua_org/status/1321375470747897856","username":"中国茉莉花革命"},{"relevant_topic_guid":"8bc111595242e78a64fac8537389cbb0","cnt_retweet":"26","publish_time":"20201028175113","page_action_type":"07","cnt_agree":"70","topic_guid":"8bc111595242e78a64fac8537389cbb0","userid":"williamlong","cnt_comment":"15","content":"【官方：市面已有仿冒的数字人民币钱包 和纸币一样面临防伪问题】据中国人民银行数字货币研究所所长穆长春表示，目前已经在市场上发现了假冒的数字人民币钱包，所以和纸钞时代一样，人民银行依然面临着防伪和防假的问题。学者认为，数字货币比纸币更容易伪造，而且伪造成本更底。","url":"https://twitter.com/williamlong/status/1321389048049602560","username":"月光博客"},{"relevant_topic_guid":"8ef06269a8bdf2c24eae2a2c7d256ffd","cnt_retweet":"1","publish_time":"20201028184133","page_action_type":"07","cnt_agree":"5","topic_guid":"8ef06269a8bdf2c24eae2a2c7d256ffd","userid":"aboluowang","cnt_comment":"3","content":"7成要跑!供应链撤离中国势不可挡 中共火速建成“柏林墙” 微软转向建台湾云中心: 蚂蚁将成史上最大IPO？ 或变最大割韭菜行动 中美协议中共采购落后 未上市，大陆现假数字人民币钱包 李嘉诚出售昔日“现金牛” https://t.co/eNS1GcrKaf #中国经济 #供应链 #微软 https://t.co/JBmsyAnMyM","url":"https://twitter.com/aboluowang/status/1321401711773143041","username":"阿波罗网唯一官方推号"},{"relevant_topic_guid":"e1d7b0f57d3bca481ed9b61b9e4a02a7","cnt_retweet":"0","publish_time":"20201028172252","page_action_type":"07","cnt_agree":"0","topic_guid":"e1d7b0f57d3bca481ed9b61b9e4a02a7","userid":"cryptoleek","cnt_comment":"0","content":"中国的CBDC DCEP 或者 digital yuan，中国数字人民币 前世今生，全面讲解。 打到美帝美元国际货币地位？改变老百姓的日常生活？... https://t.co/9r8lQfxL1u via @YouTube","url":"https://twitter.com/cryptoleek/status/1321381911764242432","username":"韭菜兄弟*"},{"relevant_topic_guid":"0aea28d5f7b42c79bfceb69ed9f5c917","cnt_retweet":"10","publish_time":"20201029065113","page_action_type":"07","cnt_agree":"72","topic_guid":"0aea28d5f7b42c79bfceb69ed9f5c917","userid":"RFA_Chinese","cnt_comment":"6","content":"【2020/10/28 #亚太报道】  https://t.co/zBVlbxCbcS#猎狐行动  #种族灭绝  #数字人民币美国起诉8人涉中国“猎狐行动” 5人被抓 / 美议员提议案 定性中国新疆政策“种族灭绝” / 广西上百民工越南谋生被抓 / 美企撤出中国 数千工人失业 / 数字人民币出现伪钞 / 加拿大批评中国干预加国宗教活动 https://t.co/XAWvSd2XBn","url":"https://twitter.com/RFA_Chinese/status/1321585338427559936","username":"自由亚洲电台"},{"relevant_topic_guid":"7bc797f259c5d513789f6b2941d0d5fe","cnt_retweet":"0","publish_time":"20201028122259","page_action_type":"07","cnt_agree":"0","topic_guid":"7bc797f259c5d513789f6b2941d0d5fe","userid":"hepingribo","cnt_comment":"0","content":"中国央行官员谈数字人民币、纸钞和假钱包 https://t.co/5o2o3gOx6E","url":"https://twitter.com/hepingribo/status/1321306445506351104","username":"印尼中文报：和平日报"},{"relevant_topic_guid":"5426754a75cb94381654e39d0e017ac0","cnt_retweet":"192","publish_time":"20201028165813","page_action_type":"07","cnt_agree":"575","topic_guid":"5426754a75cb94381654e39d0e017ac0","userid":"RFA_Chinese","cnt_comment":"74","content":"【年初官方才说数字人民币防伪度高】【 今天深圳已出现假冒数字人民币了】中国数字人民币目前正在深圳等地试点，曾被当局成为“最安全”的数字货币，原来并不安全。https://t.co/8nSFoTz2Se","url":"https://twitter.com/RFA_Chinese/status/1321375707960729603","username":"自由亚洲电台"},{"relevant_topic_guid":"aeacaa4006fca7f77c5635ff1ef48358","cnt_retweet":"2","publish_time":"20201025122439","page_action_type":"07","cnt_agree":"6","topic_guid":"aeacaa4006fca7f77c5635ff1ef48358","userid":"aozxw","cnt_comment":"0","content":"数字人民币迅速沦为习近平“面子工程” https://t.co/zlKMGUG0m8","url":"https://twitter.com/aozxw/status/1320219698064220160","username":"澳洲新闻网"},{"relevant_topic_guid":"01f0fd5bbe58ad7350f9eba5d71800fc","cnt_retweet":"0","publish_time":"20201024103353","page_action_type":"07","cnt_agree":"0","topic_guid":"01f0fd5bbe58ad7350f9eba5d71800fc","userid":"houhuiyouqi996","cnt_comment":"0","content":"二手房卖方应该是第一批收到数字人民币的*","url":"https://twitter.com/houhuiyouqi996/status/1319829434740817920","username":"江大桥"},{"relevant_topic_guid":"1070ceb66daf810ef1ee6147a753e779","cnt_retweet":"0","publish_time":"20201023221631","page_action_type":"07","cnt_agree":"0","topic_guid":"1070ceb66daf810ef1ee6147a753e779","userid":"eu1_h","cnt_comment":"0","content":"200元数字人民币 https://t.co/txE6ztwWYt","url":"https://twitter.com/eu1_h/status/1319643872423596032","username":"不虚度人生"},{"relevant_topic_guid":"85a1d5d0b034aeddf7d67ff71acc4d28","cnt_retweet":"0","publish_time":"20201024150841","page_action_type":"07","cnt_agree":"1","topic_guid":"85a1d5d0b034aeddf7d67ff71acc4d28","userid":"zhangchongxia","cnt_comment":"0","content":"数字人民币迅速沦为习近平“面子工程”(图) https://t.co/qyWpyvLPz1","url":"https://twitter.com/zhangchongxia/status/1319898590257569793","username":"張崇夏"},{"relevant_topic_guid":"cac7127d8a9a3b9c8bc27ff4989411fe","cnt_retweet":"0","publish_time":"20201024011815","page_action_type":"07","cnt_agree":"0","topic_guid":"cac7127d8a9a3b9c8bc27ff4989411fe","userid":"XiaoZhen0537","cnt_comment":"0","content":"数字人民币和手机号绑定？试点结束后还能用吗？权威答案来了 https://t.co/kkQPyavmlw","url":"https://twitter.com/XiaoZhen0537/status/1319689606300917761","username":"每日头条 - 时事百科抢先看"},{"relevant_topic_guid":"dcf32f18f55ea8aed1298f39141e01fd","cnt_retweet":"31","publish_time":"20201024105306","page_action_type":"07","cnt_agree":"149","topic_guid":"dcf32f18f55ea8aed1298f39141e01fd","userid":"caijingxiang","cnt_comment":"23","content":"大城市里有支付宝、微信，而且小白领不是太好骗，但是农村地区不一样，当地信用社、农商行搞点活动，送点粮油、鸡蛋，再配合点套路，是很容易忽悠农民持有数字人民币的！","url":"https://twitter.com/caijingxiang/status/1319834274103635970","username":"财经真相"},{"relevant_topic_guid":"5cbcd63eb204548182f0956a7d7dea77","cnt_retweet":"0","publish_time":"20201024163611","page_action_type":"07","cnt_agree":"0","topic_guid":"5cbcd63eb204548182f0956a7d7dea77","userid":"ChainNewscom","cnt_comment":"0","content":"【数字人民币将如何改变金融生态？】数字人民币不仅是一个红包，更不仅是一个支付方式，它内聚了大量的前沿技术和治理理念，已经俨然成长为一个智能化的数字货币。 https://t.co/XFTIvd81L9","url":"https://twitter.com/ChainNewscom/status/1319920610970132480","username":"链闻 ChainNews"},{"relevant_topic_guid":"ad0a512618ed5e4df6c25881eaea8b4e","cnt_retweet":"0","publish_time":"20201023154643","page_action_type":"07","cnt_agree":"0","topic_guid":"ad0a512618ed5e4df6c25881eaea8b4e","userid":"wangwangyue2019","cnt_comment":"0","content":"深圳发数字人民币“红包” 民众冷淡业界看衰 https://t.co/UVuSH3yAuQ","url":"https://twitter.com/wangwangyue2019/status/1319545776461238272","username":"王望岳"},{"relevant_topic_guid":"e149574fc4814bfeb0c36ecb327196ee","cnt_retweet":"5","publish_time":"20201023101028","page_action_type":"07","cnt_agree":"15","topic_guid":"e149574fc4814bfeb0c36ecb327196ee","userid":"Dinastiachip","cnt_comment":"1","content":"Mu Changchun, director del Instituto de Investigación de Moneda Digital de China (el e-RMB 数字人民币) del Banco de China, ha declarado que China promocionará esta moneda electrónica en los JJ.OO de Invierno de Pekín 2022.China va implementando esta moneda en proyectos piloto. https://t.co/UAKihoT6Dt","url":"https://twitter.com/Dinastiachip/status/1319461157061627910","username":"Dinastía Chip"},{"relevant_topic_guid":"06edeed1e8d4023c49170e4633e8a234","cnt_retweet":"0","publish_time":"20201023115620","page_action_type":"07","cnt_agree":"0","topic_guid":"06edeed1e8d4023c49170e4633e8a234","userid":"music5599","cnt_comment":"0","content":"数字人民币红包受深圳市民质疑https://t.co/8ax9tDiTWe","url":"https://twitter.com/music5599/status/1319487795996491776","username":"music5599守护正义良知～搬家新居safechat.com，新家用户名：music5599"},{"relevant_topic_guid":"ea27cf911f5b947b7907198c9d7e372b","cnt_retweet":"0","publish_time":"20201023141043","page_action_type":"07","cnt_agree":"0","topic_guid":"ea27cf911f5b947b7907198c9d7e372b","userid":"XiaoZhen0537","cnt_comment":"0","content":"【央行：数字人民币 “双离线”钱包已经完全开发完毕】 https://t.co/jvWRK6kR8b","url":"https://twitter.com/XiaoZhen0537/status/1319521614527107073","username":"每日头条 - 时事百科抢先看"},{"relevant_topic_guid":"ecf1775f47e6215060e528f87fb91ed4","cnt_retweet":"0","publish_time":"20201023060112","page_action_type":"07","cnt_agree":"0","topic_guid":"ecf1775f47e6215060e528f87fb91ed4","userid":"rfcfm_news","cnt_comment":"0","content":"这样的200元数字人民币，你见过吗！ https://t.co/pwPJ98wB7F","url":"https://twitter.com/rfcfm_news/status/1319398424920424449","username":"自由中国电台"},{"relevant_topic_guid":"df38fac48ce41cd8769ccc956cd9c57f","cnt_retweet":"0","publish_time":"20201023060111","page_action_type":"07","cnt_agree":"0","topic_guid":"df38fac48ce41cd8769ccc956cd9c57f","userid":"rfcfm_mil","cnt_comment":"0","content":"这样的200元数字人民币，你见过吗！ https://t.co/nUlJQlsH60","url":"https://twitter.com/rfcfm_mil/status/1319398422089261056","username":"自由中国电台"},{"relevant_topic_guid":"adb014e748d66b4e1b886a3202a8fb2b","cnt_retweet":"0","publish_time":"20201022151651","page_action_type":"07","cnt_agree":"0","topic_guid":"adb014e748d66b4e1b886a3202a8fb2b","userid":"rijieli","cnt_comment":"1","content":"看见一个说法，比特币最近是被数字人民币拉起来的。","url":"https://twitter.com/rijieli/status/1319175869458362369","username":"ℜ****"},{"relevant_topic_guid":"bc78ca83787cd00b5878fc35d2d022fb","cnt_retweet":"2","publish_time":"20201015132125","page_action_type":"08","cnt_agree":"3","topic_guid":"05ee98234e90314b70f6f11d0deb5c59","userid":"nishuang","cnt_comment":"5","content":"数字人民币“技术”细节 https://t.co/tGZ4P8sUd1","url":"https://twitter.com/nishuang/status/1316610107715846144","username":"倪爽"},{"relevant_topic_guid":"4e4360f05a102ba15505f99e7d65fa85","cnt_retweet":"0","publish_time":"20201015120156","page_action_type":"08","cnt_agree":"0","topic_guid":"896ca7c2d647303d606aedf01c46c933","userid":"AnthonyMarkus15","cnt_comment":"0","content":"@llaxx666 @bbcchinese 那就技术问题吧。我也没有数字人民币*我承认我无知我瞎说我错了","url":"https://twitter.com/AnthonyMarkus15/status/1316590104530558976","username":"真理和逻辑是民主的基石"},{"relevant_topic_guid":"9475a73189fe5d0d7ca4078884d007d3","cnt_retweet":"6","publish_time":"20201015132037","page_action_type":"08","cnt_agree":"5","topic_guid":"bc78ca83787cd00b5878fc35d2d022fb","userid":"nishuang","cnt_comment":"1","content":"BBC 介绍了“数字人民币”有什么区别？有什么好处？更重要的是，有什么隐忧？都有微信和支付宝了，还要数字货币干什么？数字货币为何能够打击洗钱？https://t.co/l3HY5pGwdP","url":"https://twitter.com/nishuang/status/1316609904111747072","username":"倪爽"},{"relevant_topic_guid":"194a291c4cc62d22d35531a7d86f2304","cnt_retweet":"0","publish_time":"20201015114125","page_action_type":"08","cnt_agree":"0","topic_guid":"45ecf207c701d3261f487a3d4e87449e","userid":"jackson86616151","cnt_comment":"0","content":"@RtTjTDudPnMoHUL @jackey50404384 @bbcchinese 纸币可以兑换美元 数字人民币不行","url":"https://twitter.com/jackson86616151/status/1316584938783666177","username":"jackson thomas"},{"relevant_topic_guid":"c27eef79e2f02a0dc8cfd2763ea06e9e","cnt_retweet":"0","publish_time":"20201015110949","page_action_type":"08","cnt_agree":"0","topic_guid":"7946a4e24175cadfafeb3bcfa18f4d83","userid":"AnthonyMarkus15","cnt_comment":"1","content":"@YeahNoday @bbcchinese 现在资本出逃的门早就关上了。换汇基本仅限于吸引外企。中国人已经很难换汇，每一笔都要交代具体用途才能批准。数字人民币唯一的目的就是方便政权完全掌控金融，实现极权究极态。","url":"https://twitter.com/AnthonyMarkus15/status/1316576988627447809","username":"真理和逻辑是民主的基石"},{"relevant_topic_guid":"b8e34b7c4fd82b6a9a069729728668a6","cnt_retweet":"0","publish_time":"20201017053114","page_action_type":"07","cnt_agree":"0","topic_guid":"b8e34b7c4fd82b6a9a069729728668a6","userid":"woilgoo","cnt_comment":"0","content":"数字人民币在深圳加油站试点应用：本月将拓展至110多座； ​ WeiboUrl \u0026gt;\u0026gt; https://t.co/jykeAqigYU via #ROCEYS-全栈CEO October 17, 2020 at 05:21AM https://t.co/De2jvBJQW8","url":"https://twitter.com/woilgoo/status/1317216557811064833","username":"SYECOR"},{"relevant_topic_guid":"aaf1d9ce493487c1797bb63ac3fba7e7","cnt_retweet":"0","publish_time":"20201015125109","page_action_type":"07","cnt_agree":"0","topic_guid":"aaf1d9ce493487c1797bb63ac3fba7e7","userid":"veripsa5","cnt_comment":"0","content":"#数字人民币","url":"https://twitter.com/veripsa5/status/1316602490603794432","username":"shibahamoss3"},{"relevant_topic_guid":"5d6b3d71f09958a627d1349377b5e471","cnt_retweet":"0","publish_time":"20201015132842","page_action_type":"07","cnt_agree":"4","topic_guid":"5d6b3d71f09958a627d1349377b5e471","userid":"kele_plus","cnt_comment":"4","content":"https://t.co/Tu5QEbGa2r新华社报道，深圳开展数字人民币红包试点，面向在深个人发放 1000 万元数字人民币红包，每个红包金额为 200 元，红包数量共计 5 万个。数字货币真是隐私噩梦","url":"https://twitter.com/kele_plus/status/1316611940517519362","username":"可乐"},{"relevant_topic_guid":"e4f142a7b31859b1dbd2fa2164585e73","cnt_retweet":"0","publish_time":"20201015131943","page_action_type":"07","cnt_agree":"0","topic_guid":"e4f142a7b31859b1dbd2fa2164585e73","userid":"sydneydahai2020","cnt_comment":"0","content":"热点聚焦 | 中共央行首发数字人民币确认落地深圳罗湖 https://t.co/bCUJsIflcB 来自 @Gnews202064","url":"https://twitter.com/sydneydahai2020/status/1316609680009879553","username":"海湾"},{"relevant_topic_guid":"9ff9ad5a763c6f2a22401944850b624a","cnt_retweet":"0","publish_time":"20201015111312","page_action_type":"07","cnt_agree":"2","topic_guid":"9ff9ad5a763c6f2a22401944850b624a","userid":"ark999","cnt_comment":"3","content":"在中国，微信和支付宝为主的电子支付早已大范围普及，“数字人民币”有什么区别？有什么好处？更重要的是，有什么隐忧？ https://t.co/rwP2yqMbrL","url":"https://twitter.com/ark999/status/1316577837927682048","username":"天下新闻-文摘"},{"relevant_topic_guid":"d668677e238b281cc6be68c565a0d345","cnt_retweet":"0","publish_time":"20201011155428","page_action_type":"08","cnt_agree":"1","topic_guid":"71149d68775b8753cc289c1a2c4659c3","userid":"BLUENINI1","cnt_comment":"2","content":"@dw_chinese 德国之声在想什么呢？中国的数字人民币是为了完成现代奴隶制闭环，你也想吃屎吗？","url":"https://twitter.com/BLUENINI1/status/1315199069447352323","username":"雨農先生"},{"relevant_topic_guid":"9721872f775627b31358e64bda1fdc32","cnt_retweet":"1","publish_time":"20201011112727","page_action_type":"08","cnt_agree":"2","topic_guid":"92687fa1b1f3389dec5c714e1b78d6e6","userid":"zhzhzhr2017","cnt_comment":"1","content":"@wongkim728 也不一定，以前听人说过，现在的人民币会升级为外汇券，普通忍只能用数字人民币内循环。","url":"https://twitter.com/zhzhzhr2017/status/1315131873048195072","username":"The who"},{"relevant_topic_guid":"203ad09eea27c049576f7a5f14afd7e4","cnt_retweet":"0","publish_time":"20201010191608","page_action_type":"08","cnt_agree":"0","topic_guid":"3e2ab9b3e22f303cd39d1a042f28554d","userid":"john8311","cnt_comment":"1","content":"@Jiabang1 贺先生关于数字人民币的分析什么时候上网？看来你的观点也是与众不同啊！","url":"https://twitter.com/john8311/status/1314887433956192256","username":"Heng Zhong"},{"relevant_topic_guid":"391986d8337580229767205d0ccc7eff","cnt_retweet":"0","publish_time":"20201009170614","page_action_type":"08","cnt_agree":"0","topic_guid":"2e48fdf3c7df350e807fd932f14c899e","userid":"crash_randomly","cnt_comment":"1","content":"这里的槽点太密集了* 数字人民币的定位和微信支付宝就不是一回事，怎么扯上关系* 不仅有关系，你还要跟“数字形式的法定货币“谈竞争，吃了熊心豹子胆？* 整个产品非常像是领导拍脑门(屁股)想出来的，和“人人都是产品经理”这个 slogan 真的很契合 https://t.co/wKVkpSURqU","url":"https://twitter.com/crash_randomly/status/1314492358059192322","username":"RandomlyCrash"},{"relevant_topic_guid":"fcd5d71c42286737b69e5639b918790a","cnt_retweet":"0","publish_time":"20201009165608","page_action_type":"08","cnt_agree":"0","topic_guid":"391986d8337580229767205d0ccc7eff","userid":"crash_randomly","cnt_comment":"1","content":"“数字人民币”除了麻烦之外，没有解决普通人生活中的任何痛点，我只看到了一堆槽点。最关键的是，所有介绍信息都是类似的官媒文书，除了无脑歌颂，完全说不到点上","url":"https://twitter.com/crash_randomly/status/1314489814100574209","username":"RandomlyCrash"},{"relevant_topic_guid":"2376901bfff42bd9f93f5ac586259836","cnt_retweet":"0","publish_time":"20201028003117","page_action_type":"08","cnt_agree":"0","topic_guid":"636c46fbb6b16ca3eed20c10a4b57a06","userid":"Dianyue0407","cnt_comment":"0","content":"@2mmbPkM00IJwIUV 你有看清楚了吗？不是数字货币是假的！是数字人民币钱包是假的！","url":"https://twitter.com/Dianyue0407/status/1321127340332609536","username":"dianyue"},{"relevant_topic_guid":"9ff9ad5a763c6f2a22401944850b624a","cnt_retweet":"0","publish_time":"20201015125102","page_action_type":"08","cnt_agree":"0","topic_guid":"ae00e199b7dfbca079727995c629140a","userid":"loveonly2012","cnt_comment":"0","content":"@ark999 数字货币和电子支付最主要的一个区别是:支付宝和微信里的货币都对应着实体货币，可以置换成实体货币，而且数字货币永远都只是存在于网络上","url":"https://twitter.com/loveonly2012/status/1316602461067505664","username":"開國領袖袁大總統"},{"relevant_topic_guid":"9ff9ad5a763c6f2a22401944850b624a","cnt_retweet":"0","publish_time":"20201015114230","page_action_type":"08","cnt_agree":"0","topic_guid":"d120b5446bde3a64414eb35fb4ef0c3e","userid":"LinLAM88","cnt_comment":"0","content":"@ark999 实质上数字货币发行，就是为了在发行基础货币的同时，不对硬通货（美元等主要货币、黄金）价格构成冲击，也即不影响汇率，兼顾监控资金流动。","url":"https://twitter.com/LinLAM88/status/1316585213196038145","username":"LAM"}]