[{"relevant_topic_guid":"1f88fcb23eb3b0aca1b7339e1b263dd8","cnt_retweet":"0","publish_time":"20210717063523","page_action_type":"08","cnt_agree":"0","topic_guid":"69493e2686620a730ec31d1ce0c18e05","userid":"dx23th","cnt_comment":"0","content":"@VOAChinese 以前你還可以把錢藏在床底下，現在想拿你的錢一秒鐘的事情。","url":"https://twitter.com/dx23th/status/1416164587494277121","username":"Xi n xin"},{"relevant_topic_guid":"1f88fcb23eb3b0aca1b7339e1b263dd8","cnt_retweet":"0","publish_time":"20210717063555","page_action_type":"08","cnt_agree":"0","topic_guid":"0e4315b621776a1a85b5812590f1fdfb","userid":"XAtO6GXfvMys0wg","cnt_comment":"0","content":"@VOAChinese 微信之争？","url":"https://twitter.com/XAtO6GXfvMys0wg/status/1416164722253180931","username":"REAL臺"},{"relevant_topic_guid":"523746c8b72fa000e97f876056b44f5f","cnt_retweet":"2","publish_time":"20210719095415","page_action_type":"08","cnt_agree":"3","topic_guid":"dc196e2e1fad37276d44c38751fd5fc3","userid":"Rehana_Kashmiri","cnt_comment":"0","content":"The chart explains #US was busy with #WaronTerror \u0026amp; #China progressing so now ** is looking for excuses to bring ** down \u0026amp; its friend as #Pakistan who will not only benefit from ** but may also become a super power in the *. ** Considers #Asia 3rd * so can\u0027t see it equal/above.","url":"https://twitter.com/Rehana_Kashmiri/status/1416939410751430656","username":"Rehana Ali*"},{"relevant_topic_guid":"1f88fcb23eb3b0aca1b7339e1b263dd8","cnt_retweet":"0","publish_time":"20210717111641","page_action_type":"08","cnt_agree":"2","topic_guid":"679bf20ac752258ea9cf00394851fce9","userid":"DanielW95199055","cnt_comment":"0","content":"@VOAChinese 美国一定不要学中国搞数字货币，不然看不起你","url":"https://twitter.com/DanielW95199055/status/1416235378357329920","username":"Daniel Wen"},{"relevant_topic_guid":"06a35d22b555f92642d5d2ec5e933049","cnt_retweet":"0","publish_time":"20210717203115","page_action_type":"08","cnt_agree":"0","topic_guid":"7939e9d16582bbaf158099def86b529f","userid":"AKforPeace","cnt_comment":"0","content":"@RT_com @BhavikaKapoor5 After Corona i say no to China.May be next would be Dorona version, who knows.","url":"https://twitter.com/AKforPeace/status/1416374938789838849","username":"AK"},{"relevant_topic_guid":"06a35d22b555f92642d5d2ec5e933049","cnt_retweet":"0","publish_time":"20210717192625","page_action_type":"08","cnt_agree":"0","topic_guid":"b2d53eba7834881c9806014e0b832d84","userid":"TedSmithXRP","cnt_comment":"0","content":"@RT_com nice","url":"https://twitter.com/TedSmithXRP/status/1416358626231525380","username":"Ted Smith"},{"relevant_topic_guid":"6c3cf53d4636ac447669832bbdb60dc0","cnt_retweet":"0","publish_time":"20210723184822","page_action_type":"08","cnt_agree":"0","topic_guid":"cc725fe4276ca6d79993a0e19a28a33e","userid":"CrazyBoyFeng","cnt_comment":"0","content":"@timyangnet @mranti 我不懂为啥这个为什么引起这么多关注，不就是央行版的电子银行吗？所谓的“可编程”最终都要连接调取央行服务器。","url":"https://twitter.com/CrazyBoyFeng/status/1418523376818155522","username":"狂男风"},{"relevant_topic_guid":"06a35d22b555f92642d5d2ec5e933049","cnt_retweet":"0","publish_time":"20210717192625","page_action_type":"08","cnt_agree":"3","topic_guid":"cdb69070569fd35095a0b6daa8d042c7","userid":"sgupta86","cnt_comment":"0","content":"@RT_com Really nothing special, by the end of the year sovereign nations will have this as an option for their national fiat currencies.","url":"https://twitter.com/sgupta86/status/1416358622838263809","username":"Sooruj Gupta"},{"relevant_topic_guid":"06a35d22b555f92642d5d2ec5e933049","cnt_retweet":"0","publish_time":"20210717194642","page_action_type":"08","cnt_agree":"0","topic_guid":"d40877c49bac019fd62e022e6d8a5fdf","userid":"APUSYAU","cnt_comment":"0","content":"@RT_com Those \"Uyghur\u0027s friend\" won\u0027t see it.","url":"https://twitter.com/APUSYAU/status/1416363730510643201","username":"C. K. Yau"},{"relevant_topic_guid":"a494104a7df820c0d3acb71ebdb194de","cnt_retweet":"0","publish_time":"20210717203924","page_action_type":"08","cnt_agree":"0","topic_guid":"7e668aa10749722ad8f928643b3976cd","userid":"RiversKong","cnt_comment":"0","content":"If the adoption in the home market is successful, there will be an attempt to increase the popularity of the Chinese yuan in international trade.","url":"https://twitter.com/RiversKong/status/1416376992526737408","username":"Rivers.Kong"},{"relevant_topic_guid":"39ba2c81cd08b238de3f2208e58a7082","cnt_retweet":"0","publish_time":"20210717233052","page_action_type":"08","cnt_agree":"5","topic_guid":"08c576d5d5d9a95ea5f53312e051e727","userid":"chen2rong2","cnt_comment":"0","content":"@RiversKong As eCNY is programmable, it’d be possible to require both sender \u0026amp; receiver are verifiable by authorities, much like what AliPay \u0026amp; WeChat-pay have done, but in a more decentralized manner.Could you proof your innocence in case of a money laundering transaction event yourself?","url":"https://twitter.com/chen2rong2/status/1416420141714219011","username":"Rong Chen"},{"relevant_topic_guid":"02c6f1e33565b2b93d82674beaaf5385","cnt_retweet":"0","publish_time":"20210716184835","page_action_type":"08","cnt_agree":"1","topic_guid":"af73d4c2105fd542def378b714edbd4f","userid":"heraklit20","cnt_comment":"0","content":"@chengevelyn @onlyyoontv Total control of foreigners spend omg","url":"https://twitter.com/heraklit20/status/1415986715731406851","username":"heraklit ⚡️"},{"relevant_topic_guid":"3576c0bfb7588415eb77af43efa16fa5","cnt_retweet":"0","publish_time":"20210716201001","page_action_type":"08","cnt_agree":"0","topic_guid":"324c1a728bfa62fb0c9712058bb3355f","userid":"BitcoinErrorLog","cnt_comment":"0","content":"@mattysino Why is there an english version?","url":"https://twitter.com/BitcoinErrorLog/status/1416007211306868737","username":"John Carvalho"},{"relevant_topic_guid":"b0ccf379cd4f7843d00bc4e3b59be2f8","cnt_retweet":"0","publish_time":"20210623051213","page_action_type":"08","cnt_agree":"0","topic_guid":"ec465b44934bde01e7e759e94f333a2e","userid":"khowgeesiang","cnt_comment":"0","content":"唉！太可惜了。中国目前的这一错误决定，无异是将自己本身的金矿送到外国去。我甚至相信，未来的10至15年内，中国将为此错误决定损失数兆美元。","url":"https://twitter.com/khowgeesiang/status/1407446350363459584","username":"khow gee siang"},{"relevant_topic_guid":"ee49f85bb6cf19d75a910c8407cd74ac","cnt_retweet":"0","publish_time":"20210625233238","page_action_type":"08","cnt_agree":"0","topic_guid":"d24c603456e994a1caddd0cd0e6a9d95","userid":"zkH0ygir7fUf7O9","cnt_comment":"0","content":"@Boyanxiejun @shucaileibaozha 在三年饥荒时期安徽(我记忆不太清楚，反正是江浙一带某个省份)搞过自留地试点，结果不仅没有缓解饥荒，粮食产量甚至出现了连续的衰退(相比于其它省缓步恢复)。时空条件、历史条件不同，实验结果也会不同；大多数时候，相同的举措反而会得出不同的结果。一个试验田无法完全证明政策的好坏。","url":"https://twitter.com/zkH0ygir7fUf7O9/status/1408448055897038853","username":"二次元与狗不得入内"},{"relevant_topic_guid":"83bf8d6a42a7d572946b48a9a1191f0e","cnt_retweet":"0","publish_time":"20210622232031","page_action_type":"08","cnt_agree":"1","topic_guid":"c9a0023082e379d58431f46ce5076774","userid":"G2_1988","cnt_comment":"0","content":"@zhongtu3 我还是觉得中国干死挖矿和控制用电，生三胎，反贪腐等有关。关键是之前挖矿有愈演愈烈之势力。啥事行成风气就不好。特别是和政策抵触的风气。","url":"https://twitter.com/G2_1988/status/1407357843066478598","username":"秦妄漢舞"},{"relevant_topic_guid":"5f4f1083d75208ca7324d6855b23c9c2","cnt_retweet":"0","publish_time":"20210623200228","page_action_type":"08","cnt_agree":"1","topic_guid":"71a116f111713a1d2f6fe14dd05244ef","userid":"theoldgumtree","cnt_comment":"0","content":"@johninwild https://t.co/VzeAnqM31n","url":"https://twitter.com/theoldgumtree/status/1407670386913775634","username":"DZ salud es lo más importante"},{"relevant_topic_guid":"3df233c9837c6b25d7b914b6c3e8ab10","cnt_retweet":"0","publish_time":"20210629180919","page_action_type":"08","cnt_agree":"0","topic_guid":"07c42c5026a565ffbc96f0514b32609f","userid":"V5vHPBzHONyyXdx","cnt_comment":"0","content":"@biquanchina https://t.co/EKew9auk8J","url":"https://twitter.com/V5vHPBzHONyyXdx/status/1409816238952382471","username":"Come on baby dog ​​❤️❤️"},{"relevant_topic_guid":"b1de326d7d72529017bb53e59cbc8d64","cnt_retweet":"0","publish_time":"20210624124704","page_action_type":"08","cnt_agree":"0","topic_guid":"5ce4ebdb851e8174cc91912ad11055ed","userid":"Steve_j_os","cnt_comment":"0","content":"@beta7boo @Yufei_Yan @mranti 送你两个字“无知”。多学习对你有帮助","url":"https://twitter.com/Steve_j_os/status/1407923203717033985","username":"Steve j"},{"relevant_topic_guid":"c08b29d6965f664fe78e26ecfad77704","cnt_retweet":"0","publish_time":"20210625184716","page_action_type":"08","cnt_agree":"0","topic_guid":"2ec90b4b2d10d3391fd8895d36788f0f","userid":"stonesht15","cnt_comment":"0","content":"@SteenLewis3 @xz1999999 你从哪句看出来我在说国内和政府好了？ 你是阅读理解没及格就偷渡出来的吧？你这种 脑子里一团浆糊的人，适合炒币！","url":"https://twitter.com/stonesht15/status/1408376241514766339","username":"stonesht15"},{"relevant_topic_guid":"3df233c9837c6b25d7b914b6c3e8ab10","cnt_retweet":"0","publish_time":"20210629180923","page_action_type":"08","cnt_agree":"0","topic_guid":"dbc40a8f50df026207312894ff7f48af","userid":"V5vHPBzHONyyXdx","cnt_comment":"0","content":"@biquanchina https://t.co/tjbEinEd8R","url":"https://twitter.com/V5vHPBzHONyyXdx/status/1409816255415021573","username":"Come on baby dog ​​❤️❤️"},{"relevant_topic_guid":"3df233c9837c6b25d7b914b6c3e8ab10","cnt_retweet":"0","publish_time":"20210629180930","page_action_type":"08","cnt_agree":"0","topic_guid":"78be082a4abc43d89b7f673f2c358177","userid":"V5vHPBzHONyyXdx","cnt_comment":"0","content":"@biquanchina https://t.co/bO42ZV321x","url":"https://twitter.com/V5vHPBzHONyyXdx/status/1409816284917682182","username":"Come on baby dog ​​❤️❤️"},{"relevant_topic_guid":"3df233c9837c6b25d7b914b6c3e8ab10","cnt_retweet":"0","publish_time":"20210629180933","page_action_type":"08","cnt_agree":"0","topic_guid":"0697ded3f18280e22974bfc04e98f3bc","userid":"V5vHPBzHONyyXdx","cnt_comment":"0","content":"@biquanchina https://t.co/bsZ4uTWYai","url":"https://twitter.com/V5vHPBzHONyyXdx/status/1409816301153910785","username":"Come on baby dog ​​❤️❤️"},{"relevant_topic_guid":"5588d5b1579fcfdbc8b59407feeb7c14","cnt_retweet":"0","publish_time":"20210624125708","page_action_type":"08","cnt_agree":"0","topic_guid":"7a77d1af1b5a5588041773618cde959b","userid":"khowgeesiang","cnt_comment":"0","content":"#快科技：国内封杀挖矿 矿工紧急空运3吨重矿机到海外#若将来的加密货币真的有如我之前所说的那样，将成为全球最主要的储备货币，10年后损失数兆美元的中国肯定会后悔。","url":"https://twitter.com/khowgeesiang/status/1407925735621218306","username":"khow gee siang"},{"relevant_topic_guid":"a0fef3c491ef1beab3565a781b85e362","cnt_retweet":"0","publish_time":"20210624102142","page_action_type":"08","cnt_agree":"0","topic_guid":"5f9f029377608d032510e9338c933c19","userid":"zealdo5","cnt_comment":"0","content":"@WangSlam @RFA_Chinese 那你可就理解错了，其一，美元，欧元，日元那都是属于某个或某几个国家的，就如同该国的军队一样，不是属于某个政党的，不像某党，一切打着人民的旗号，其实什么都控制在自己手里，一家独大。其二，货币的本质是什么？是商品价值的体现而已，既然比特币可以用来支付，为什么不能称之为货币？","url":"https://twitter.com/zealdo5/status/1407886621643481088","username":"zealdo"},{"relevant_topic_guid":"17dc3bb73724d53161b64c6b977332aa","cnt_retweet":"0","publish_time":"20210720180039","page_action_type":"08","cnt_agree":"0","topic_guid":"8bfd795e5e804ea2b0cdb6fcc59f6787","userid":"BAIAf9QDC4XRVQM","cnt_comment":"0","content":"@xjixjigugu 大概只有皿煮国家才会选出这么脑残的议员","url":"https://twitter.com/BAIAf9QDC4XRVQM/status/1417424202785644546","username":"我真有一头牛"},{"relevant_topic_guid":"17dc3bb73724d53161b64c6b977332aa","cnt_retweet":"0","publish_time":"20210721010658","page_action_type":"08","cnt_agree":"1","topic_guid":"da209ec41ab9050d15d2267a711778e6","userid":"Jeremy10017","cnt_comment":"0","content":"@xjixjigugu 累啊，但不抵制怎么能行呢*","url":"https://twitter.com/Jeremy10017/status/1417531488929681408","username":"Recluse"},{"relevant_topic_guid":"17dc3bb73724d53161b64c6b977332aa","cnt_retweet":"0","publish_time":"20210720223254","page_action_type":"08","cnt_agree":"0","topic_guid":"522e6bdb5d65b0a32c04a288bd3f21f8","userid":"8ioNs7tIjNmrfAP","cnt_comment":"0","content":"@xjixjigugu 这通货膨胀也是一种病。","url":"https://twitter.com/8ioNs7tIjNmrfAP/status/1417492718545219585","username":"牛魔王"},{"relevant_topic_guid":"17dc3bb73724d53161b64c6b977332aa","cnt_retweet":"0","publish_time":"20210720234053","page_action_type":"08","cnt_agree":"0","topic_guid":"7e62e3ce64f79cfad259c25962bd4eba","userid":"yzhhl8490","cnt_comment":"0","content":"@xjixjigugu 黔驴技穷","url":"https://twitter.com/yzhhl8490/status/1417509828583333889","username":"Daisyhong"},{"relevant_topic_guid":"17dc3bb73724d53161b64c6b977332aa","cnt_retweet":"0","publish_time":"20210720223137","page_action_type":"08","cnt_agree":"0","topic_guid":"e7a4557d586dc549e1e0c28d736f7f87","userid":"8ioNs7tIjNmrfAP","cnt_comment":"0","content":"@xjixjigugu 想到啥就说啥，信口开河。","url":"https://twitter.com/8ioNs7tIjNmrfAP/status/1417492395319517199","username":"牛魔王"},{"relevant_topic_guid":"17dc3bb73724d53161b64c6b977332aa","cnt_retweet":"0","publish_time":"20210720195653","page_action_type":"08","cnt_agree":"0","topic_guid":"492526f7a353d0501cf68b6bf57d9c65","userid":"zdcxp524","cnt_comment":"0","content":"@xjixjigugu 不来彻底安全","url":"https://twitter.com/zdcxp524/status/1417453457527635977","username":"张大川"},{"relevant_topic_guid":"17dc3bb73724d53161b64c6b977332aa","cnt_retweet":"0","publish_time":"20210720210552","page_action_type":"08","cnt_agree":"0","topic_guid":"d904fd96ed6ee3b7b4ea18b8433e7c10","userid":"YHM74531288","cnt_comment":"0","content":"@xjixjigugu 人家都要抵制啦","url":"https://twitter.com/YHM74531288/status/1417470816426463233","username":"也好名"},{"relevant_topic_guid":"af15c2075b8173f7d0d68f767facdae5","cnt_retweet":"1","publish_time":"20210720082648","page_action_type":"08","cnt_agree":"1","topic_guid":"ecd2c6c02223cc2f26d70a4fe0a576a0","userid":"dychem88","cnt_comment":"0","content":"@wstv_lizzi 有个屁用美国大方认错-不是仅仅认错归还印第安人土地和赔偿印第安人的损失赔偿在阿富汗进行的种族灭绝的巨额赔偿赔偿在伊拉克洗衣粉战争的巨额赔偿，清算在伊拉克盗取石油数量并予以赔偿完全撤出在中东的所有军队还军队太平等等不要嘴巴道歉，行动继续在做种族灭绝屠杀","url":"https://twitter.com/dychem88/status/1417279790214651908","username":"李沂"},{"relevant_topic_guid":"04e477bfd4de07242c1a8ae42dc829ab","cnt_retweet":"0","publish_time":"20210726070224","page_action_type":"08","cnt_agree":"1","topic_guid":"4e9ae63ff60bef159c2305eb6cd3558b","userid":"12HALIiiiiiiii","cnt_comment":"0","content":"@TheLordSwissLi1 Oh. Interesting! thx *","url":"https://twitter.com/12HALIiiiiiiii/status/1419432876710371332","username":"****"},{"relevant_topic_guid":"17dc3bb73724d53161b64c6b977332aa","cnt_retweet":"0","publish_time":"20210720201640","page_action_type":"08","cnt_agree":"2","topic_guid":"84064311ba58c624d6b99bfbd1d18d13","userid":"ChaoHe90474945","cnt_comment":"0","content":"@xjixjigugu @ForrestDay11 中国东西那么多，随便找一个抵制，显得自己在做事儿:) 美国当个议员，忒容易了。","url":"https://twitter.com/ChaoHe90474945/status/1417458434081910784","username":"Friendly.Ho"},{"relevant_topic_guid":"5c60f7e98971d0502506eab66370b270","cnt_retweet":"0","publish_time":"20210720070949","page_action_type":"08","cnt_agree":"1","topic_guid":"34200e674f4a517db03d03fcb201a476","userid":"shhgs","cnt_comment":"0","content":"@HughXyjdut @daoge2018 打上标签之后每单位的人民币会占据多少字节？每次交易的数据流量会是多少？如果要完全追踪每次线下交易，这些货币最后上线的时候和央行服务器同步会产生多少流量？真的要做到完全可追踪，特别是连线下交易都能追踪，绝不是一件容易的事情，更不是一件便宜的事。/2","url":"https://twitter.com/shhgs/status/1417260418146439171","username":"雪夜读书"},{"relevant_topic_guid":"aa63a59b8ff0b72ee6a4f41b8e339b01","cnt_retweet":"0","publish_time":"20210725200529","page_action_type":"08","cnt_agree":"0","topic_guid":"4e397e55c9deaa92f12b5b40368d8fe5","userid":"cryptopanter","cnt_comment":"0","content":"@Morgufa Wow!... That\u0027s huge!... When that happened!?","url":"https://twitter.com/cryptopanter/status/1419267557517897728","username":"CryptoPanter.Btc"},{"relevant_topic_guid":"17dc3bb73724d53161b64c6b977332aa","cnt_retweet":"0","publish_time":"20210720213744","page_action_type":"08","cnt_agree":"0","topic_guid":"c31e279be7eeb650a6a64721d32ac110","userid":"TJZikuan","cnt_comment":"0","content":"@xjixjigugu 越抵制越证明反而是对的 是牛B的","url":"https://twitter.com/TJZikuan/status/1417478833599623171","username":"ZK"},{"relevant_topic_guid":"54b751b8f7b51ef4f65e5a2d52c5c2e0","cnt_retweet":"0","publish_time":"20210719232659","page_action_type":"08","cnt_agree":"2","topic_guid":"2f46f2938396ae204b533616ef6dcc3f","userid":"shhgs","cnt_comment":"0","content":"还有一个可能会鼓励人民币外流的重要因素，就是淘宝。这个真的不是开玩笑。Aliexpress的东西就比amazon便宜两成，至于淘宝天猫上的商品，价格更是只有三分之一。加上运费，关税都合适。如果普通消费者知道这个秘密，那对人民币的需求几乎就成无底洞了。说句实话，这还真不一定是好事。/4","url":"https://twitter.com/shhgs/status/1417143939279245315","username":"雪夜读书"},{"relevant_topic_guid":"17dc3bb73724d53161b64c6b977332aa","cnt_retweet":"0","publish_time":"20210721002538","page_action_type":"08","cnt_agree":"0","topic_guid":"768e0a96c1e38c4e19e87b982dbed292","userid":"Abby_0083","cnt_comment":"0","content":"@xjixjigugu 没有拿到想要的预算案之前，不累","url":"https://twitter.com/Abby_0083/status/1417521088435613698","username":"Abby Zang**"},{"relevant_topic_guid":"f61116ac7f84095f363eafd01ea37448","cnt_retweet":"0","publish_time":"20210726115143","page_action_type":"08","cnt_agree":"0","topic_guid":"8dbb3dce346b96cdd4d4d99b0ccad968","userid":"rajeshkan","cnt_comment":"0","content":"@jingyanghk @EswarSPrasad @WSJ This could be an experiment that is worth watching for implications for any network-effect based model that is hugely relevant but suffers from only 1 or 2 players - social networks for instance.","url":"https://twitter.com/rajeshkan/status/1419505688414363648","username":"Rajesh Kandaswamy"},{"relevant_topic_guid":"81109e1969e60850d26707618899f37a","cnt_retweet":"1","publish_time":"20210726113212","page_action_type":"08","cnt_agree":"4","topic_guid":"b990fe72f3e21c784c3d5d3752d5f7c5","userid":"jingyanghk","cnt_comment":"0","content":"Ant has been conducting internal trials on its employees for months, yet hasn\u0027t been allowed to make it public. How much can gov harness the duo\u0027s capabilities without further empowering them? That\u0027s where it gets tricky.","url":"https://twitter.com/jingyanghk/status/1419500776456482821","username":"Jing Yang"},{"relevant_topic_guid":"af15c2075b8173f7d0d68f767facdae5","cnt_retweet":"0","publish_time":"20210720081532","page_action_type":"08","cnt_agree":"0","topic_guid":"0006c92e381416a946407c4415888a61","userid":"justicegu1","cnt_comment":"0","content":"@wstv_lizzi 是什麼力量在包庇著侵犯人權的反人類罪犯 台灣水軍是文革2.0的參與者 與CCP官五唱苦肉計的反串粉紅 通過大陸監控從而精神病迫害我的幫手https://t.co/OrTydZCA8b","url":"https://twitter.com/justicegu1/status/1417276956375097369","username":"顾文斌"},{"relevant_topic_guid":"cfae37a18b15839777a2ace25696d591","cnt_retweet":"0","publish_time":"20210720224821","page_action_type":"08","cnt_agree":"0","topic_guid":"f3a64838ffc87487fceb83496ccedbf4","userid":"keshen1111","cnt_comment":"0","content":"@jingbojingbo88 盗u源码低价出，可测试，包搭建上线。","url":"https://twitter.com/keshen1111/status/1417496606677610500","username":"捞点偏门狂搞钱"},{"relevant_topic_guid":"3a77ada84eea201090e537bebb09063e","cnt_retweet":"0","publish_time":"20210720010932","page_action_type":"08","cnt_agree":"0","topic_guid":"341cc8a4649afe382832c2ad04c548fd","userid":"shhgs","cnt_comment":"0","content":"@shawshank404 我也曾经觉得是可追踪的，但是当我得知可以在无网络环境下，仅仅依靠NFC进行交易的时候，我就觉得它的匿名性还是有保障的。","url":"https://twitter.com/shhgs/status/1417169748933189635","username":"雪夜读书"},{"relevant_topic_guid":"0a554d5a27ce7548b9ce91871c558ef1","cnt_retweet":"0","publish_time":"20210724030138","page_action_type":"08","cnt_agree":"1","topic_guid":"2512562fdbb4caf35e74fe9fd4f8619e","userid":"ACGeoEcon","cnt_comment":"0","content":"“The PBOC has stated that if successful, the #DigitalYuan could fully replace physical cash, while the ECB maintains that the #DigitalEuro would only complement physical cash.” Senior Fellow Hung Tran compares the ECB and PBOC’s approach to #CBDCs **** https://t.co/gMKWMBrlYC","url":"https://twitter.com/ACGeoEcon/status/1418647513087848451","username":"Atlantic Council GeoEconomics Center"},{"relevant_topic_guid":"d5627f0c45b53eb0e5087e09fd382a83","cnt_retweet":"0","publish_time":"20210719215449","page_action_type":"08","cnt_agree":"2","topic_guid":"ed947860bb9e3d69ec8aeffc2180c65d","userid":"shhgs","cnt_comment":"0","content":"这个经济的比例，一般估计都在10%以上，但是我看有些国家可能更高。像西班牙，年轻人的失业率高达50%，怎么可能没有灰色经济。否则这个国家早乱了。扯远了。那么灰色经济的支付手段一直是当地法币的纸钞，但是这个有大问题。这些钱不能名正言顺名正言顺地流入银行系统，因此要洗钱。/2","url":"https://twitter.com/shhgs/status/1417120747638624264","username":"雪夜读书"},{"relevant_topic_guid":"8759d3fb9264d464425010e6dcf4f2f3","cnt_retweet":"0","publish_time":"20210721105626","page_action_type":"08","cnt_agree":"0","topic_guid":"7195a519513b8b6e9b278b3f8c3e4e0b","userid":"menghanxie4","cnt_comment":"0","content":"@lzw1976 @TPvdf @jaylsb1 @dw_chinese 随意收割？你可笑死我了。全球超发最严重国家喊着别人收割。你们工资赶得上物价？物价十几年翻了十倍你工资翻了十倍？笑死人的玩意","url":"https://twitter.com/menghanxie4/status/1417679833987960836","username":"mnxi"},{"relevant_topic_guid":"ce435ab70b1da4e6771ead037e74e07a","cnt_retweet":"0","publish_time":"20210721212441","page_action_type":"08","cnt_agree":"0","topic_guid":"2352d571ff6686795f7750750557b26c","userid":"Sheeran_Hui","cnt_comment":"0","content":"@Tracy0905china @kaikaihaha11 @rijingzhongwen @zljeric 支付宝境外版Alipay很难注册，村通网？","url":"https://twitter.com/Sheeran_Hui/status/1417837937442451467","username":"Sheeran"},{"relevant_topic_guid":"f2c8de073e42a6318d58997cb0f89793","cnt_retweet":"0","publish_time":"20210721004950","page_action_type":"08","cnt_agree":"0","topic_guid":"40dd5d0ea92b570eb913d02ddf25ee9d","userid":"keshen1111","cnt_comment":"0","content":"@FbmFive @zye826 @zlj517 盗u源码低价出，可测试，包搭建上线。","url":"https://twitter.com/keshen1111/status/1417527179684974601","username":"捞点偏门狂搞钱"},{"relevant_topic_guid":"17dc3bb73724d53161b64c6b977332aa","cnt_retweet":"0","publish_time":"20210722125444","page_action_type":"08","cnt_agree":"0","topic_guid":"e094a59ebe01537353a741d61bcb8dbe","userid":"Wenwen8464","cnt_comment":"0","content":"@xjixjigugu 她以为外国人开支付宝账户这么好开？","url":"https://twitter.com/Wenwen8464/status/1418071991790145538","username":"Wenwen"},{"relevant_topic_guid":"17dc3bb73724d53161b64c6b977332aa","cnt_retweet":"0","publish_time":"20210720164512","page_action_type":"08","cnt_agree":"0","topic_guid":"51fd1ec4fc35498f7c90aaf038ab7f98","userid":"Mutebi_Wang","cnt_comment":"0","content":"@xjixjigugu 这是啥软件呀，虚心求教！","url":"https://twitter.com/Mutebi_Wang/status/1417405218715701249","username":"Mutebi Wanga"},{"relevant_topic_guid":"17dc3bb73724d53161b64c6b977332aa","cnt_retweet":"0","publish_time":"20210720140905","page_action_type":"08","cnt_agree":"4","topic_guid":"f6d4a60e340f60d0f86cbdd92f9a7180","userid":"concern3rdparty","cnt_comment":"0","content":"@xjixjigugu 哈哈哈哈哈哈哈哈哈哈哈哈...到底是谁不想方便人民生活？**  *","url":"https://twitter.com/concern3rdparty/status/1417365927486648328","username":"梵谷 | ❶°"},{"relevant_topic_guid":"17dc3bb73724d53161b64c6b977332aa","cnt_retweet":"0","publish_time":"20210720225814","page_action_type":"08","cnt_agree":"0","topic_guid":"d902403392029f54608d13e8a0b9a85b","userid":"JkrguNVraZHkC9G","cnt_comment":"0","content":"@xjixjigugu 最好是不要来参加。","url":"https://twitter.com/JkrguNVraZHkC9G/status/1417499093513945088","username":"王简一凡"},{"relevant_topic_guid":"17dc3bb73724d53161b64c6b977332aa","cnt_retweet":"0","publish_time":"20210721132941","page_action_type":"08","cnt_agree":"0","topic_guid":"c9b0e9587f2f684e2ea87cc389e75507","userid":"CMaverick6","cnt_comment":"0","content":"@xjixjigugu 美国，准备好成为世界第二罢有生之年看到PRC崛起力！","url":"https://twitter.com/CMaverick6/status/1417718400126754818","username":"CNMaverick6"},{"relevant_topic_guid":"17dc3bb73724d53161b64c6b977332aa","cnt_retweet":"0","publish_time":"20210721025623","page_action_type":"08","cnt_agree":"0","topic_guid":"a1cfc5f538af16c4094b7b2dc2a9035a","userid":"WestCanyonRocky","cnt_comment":"0","content":"@xjixjigugu *这些议员不是蠢就是坏","url":"https://twitter.com/WestCanyonRocky/status/1417559026938703872","username":"Russell Wang"},{"relevant_topic_guid":"872240465b57c54e751f60d009baeb63","cnt_retweet":"0","publish_time":"20210726154322","page_action_type":"08","cnt_agree":"0","topic_guid":"6c3b9677031b4aa9056e12203d60dcb4","userid":"jpadilla1937","cnt_comment":"0","content":"@cyprianous What a surprise they\u0027re having great results. I\u0027m guessing the US govt will have the same \"success\" with the fed CBDC. How are they going to push mass adoption on this and how quickly do you think they can do it? My guess is they\u0027ll force it through after an economic collapse.","url":"https://twitter.com/jpadilla1937/status/1419563983464402949","username":"jcp ♱"},{"relevant_topic_guid":"b0bc24cd556451e159eddec61252b918","cnt_retweet":"0","publish_time":"20210609160403","page_action_type":"08","cnt_agree":"0","topic_guid":"ab6008942829464b118b716d2127dc90","userid":"aftergreatest","cnt_comment":"0","content":"@makiccoxxxx 长宁妇幼保健院接种点pdd 买的奖品 https://t.co/BvI4qanVFc","url":"https://twitter.com/aftergreatest/status/1402536957545046034","username":"削·格瓦斯"},{"relevant_topic_guid":"b0bc24cd556451e159eddec61252b918","cnt_retweet":"0","publish_time":"20210609073058","page_action_type":"08","cnt_agree":"0","topic_guid":"1866c72baf7942f42bc6e8f4b6a7251d","userid":"Momoku43368455","cnt_comment":"0","content":"@makiccoxxxx 分了吧，缺心眼","url":"https://twitter.com/Momoku43368455/status/1402407838484353029","username":"Momoku"},{"relevant_topic_guid":"9899317f303a424bac26ca7c4d6aca52","cnt_retweet":"0","publish_time":"20210702005548","page_action_type":"08","cnt_agree":"0","topic_guid":"01cd7c5253fbfff923f0869f7a885334","userid":"Jdalto91","cnt_comment":"0","content":"@GoldTelegraph_ New reserve currency once the new silk road is complete","url":"https://twitter.com/Jdalto91/status/1410643310067208194","username":"Jdalto"},{"relevant_topic_guid":"9899317f303a424bac26ca7c4d6aca52","cnt_retweet":"0","publish_time":"20210701190137","page_action_type":"08","cnt_agree":"0","topic_guid":"974335beb6239c6398d1339ef49a4638","userid":"karagis75","cnt_comment":"0","content":"@GoldTelegraph_ Personally not online Yuan transaction and digital Yuan...unless it is accepted cross border...Does it make any difference?","url":"https://twitter.com/karagis75/status/1410554176027840513","username":"karthikeyan"},{"relevant_topic_guid":"72ff2d744eff386beb27ecc993000719","cnt_retweet":"0","publish_time":"20210630173617","page_action_type":"08","cnt_agree":"1","topic_guid":"7f970ff5741c2db4a758edf6b70ea5ce","userid":"Kerilszy","cnt_comment":"0","content":"@sallywang666 Insane! Waiting to see how eYuan becomes the standard to be used by international firms dealing with Chinese firms ;)","url":"https://twitter.com/Kerilszy/status/1410170313317384195","username":"Kerils"},{"relevant_topic_guid":"1fe9a6c415e3d0fe2c0359a2ad642c02","cnt_retweet":"0","publish_time":"20210630181640","page_action_type":"08","cnt_agree":"0","topic_guid":"eb9f58a9496af40247dfc1f9735b5e7d","userid":"cryptoTAOG","cnt_comment":"0","content":"@MrSimmoSimpson @PeterSchiff @APompliano a)-Lack of trust in Gov bcs of corruption, manipulation, inflation and devaluation of money over the med to long term.I don\u0027t get point b). They can try but they will fail FIAT is a dead concept, Gov is corrupt these 2 primary facts are a reality.","url":"https://twitter.com/cryptoTAOG/status/1410180477336670212","username":"cryptoGOAT"},{"relevant_topic_guid":"9899317f303a424bac26ca7c4d6aca52","cnt_retweet":"0","publish_time":"20210807084320","page_action_type":"08","cnt_agree":"0","topic_guid":"d4662b52b42a8e85fe88a7916e177fff","userid":"BazinettPeter","cnt_comment":"0","content":"@GoldTelegraph_ @LorrieHancock18 More fake money printed at zero cost to take stuff and labour from the masses.","url":"https://twitter.com/BazinettPeter/status/1423806933316874242","username":"Peter Bazinett"},{"relevant_topic_guid":"abc82d839a0ddfd11e9aa5140a439d1b","cnt_retweet":"0","publish_time":"20210602181648","page_action_type":"08","cnt_agree":"0","topic_guid":"664146e3bb76ada9bd4f04cfc021708e","userid":"byf3918","cnt_comment":"0","content":"@MingJingNews 这样是不是支付宝要死了？","url":"https://twitter.com/byf3918/status/1400033651606245376","username":"山峰"},{"relevant_topic_guid":"9899317f303a424bac26ca7c4d6aca52","cnt_retweet":"0","publish_time":"20210701100542","page_action_type":"08","cnt_agree":"1","topic_guid":"154d00167946d772a399eb76b2de4a38","userid":"DickWhitman_BTC","cnt_comment":"0","content":"@GoldTelegraph_ @NVXRP1 Lol useless shit","url":"https://twitter.com/DickWhitman_BTC/status/1410419309269114880","username":"Dick Whitman Brokerage⚡️"},{"relevant_topic_guid":"c2cf11e273f1aa87172d077b17eb07aa","cnt_retweet":"0","publish_time":"20210626191730","page_action_type":"08","cnt_agree":"0","topic_guid":"6ae6a4feeaf6b1fb6b6d9dd1ed58357c","userid":"shampoojako","cnt_comment":"0","content":"@CryptoAdventure #buzzsquad#legit@CryptoBuzzThugs","url":"https://twitter.com/shampoojako/status/1408746235066998787","username":"Mohamed Hossam"},{"relevant_topic_guid":"d7a3d6fc8603a7bb5af31b81a7bfa5a2","cnt_retweet":"0","publish_time":"20210628224024","page_action_type":"08","cnt_agree":"0","topic_guid":"8b1812c249c13dc29b00a28ab7b5903f","userid":"Kepler_22b_Home","cnt_comment":"0","content":"Six months later, new trials allowed open participation. This marked the first monitored release of the digital yuan into the wild. By June, nursing homes in Chengdu were teaching elderly residents how to use the new money. Feels kind of like https://t.co/TfPUXQrz6v","url":"https://twitter.com/Kepler_22b_Home/status/1409522074339659779","username":"Cathie Wood\u0027s Brain *"},{"relevant_topic_guid":"af39e015b979ea9d36e24118b61becfa","cnt_retweet":"0","publish_time":"20210531155028","page_action_type":"08","cnt_agree":"4","topic_guid":"41e9c75a7cc1e80e1e3c08ab0757892e","userid":"Seniouriou","cnt_comment":"0","content":"弄好了 https://t.co/PebZveMN71","url":"https://twitter.com/Seniouriou/status/1399272051119058945","username":"诺塔"},{"relevant_topic_guid":"3f9902e94a5ef96aece3a1f800b6e5ca","cnt_retweet":"0","publish_time":"20210628103157","page_action_type":"08","cnt_agree":"1","topic_guid":"8ce1befa716396f9c925ecc942e1afcc","userid":"thisisryanking","cnt_comment":"0","content":"@jamesplloyd @SCMPNews But, blockchain tho","url":"https://twitter.com/thisisryanking/status/1409338752493817856","username":"Ryan King 王明瑞"},{"relevant_topic_guid":"d79633545186e184a5273413a1f3c5fa","cnt_retweet":"0","publish_time":"20210531172518","page_action_type":"08","cnt_agree":"1","topic_guid":"2eb19e7648a3a0150e5a56cb94adbd51","userid":"wi_double","cnt_comment":"0","content":"@TaineChen @jinroh_9001 这两不是一回事就行，谢谢","url":"https://twitter.com/wi_double/status/1399295915949711360","username":"Western media\u003dliars"},{"relevant_topic_guid":"3f9902e94a5ef96aece3a1f800b6e5ca","cnt_retweet":"0","publish_time":"20210629074443","page_action_type":"08","cnt_agree":"1","topic_guid":"8afb77bbe7cffd7e9e2bacc2d666eaf6","userid":"jamesplloyd","cnt_comment":"0","content":"Could the second instalment be worse? https://t.co/vDmr3yi1Ms","url":"https://twitter.com/jamesplloyd/status/1409659053379252226","username":"James Lloyd"},{"relevant_topic_guid":"cf50e1ccddf782df1b7f16c7cbe6a126","cnt_retweet":"1","publish_time":"20210602090050","page_action_type":"08","cnt_agree":"2","topic_guid":"ac3ee131e55c1618b849f2c3525cdb41","userid":"Mountai14042105","cnt_comment":"0","content":"@jamespan002 @SocSaveWorld @tanggulashanzei @LiuZhongjing 乾坤大挪移不论怎么玩，都不是真货。负秩序的末日狂欢并不等于正秩序的成长。没有正秩序也没有宗主国罩着，就没有割据的能力。","url":"https://twitter.com/Mountai14042105/status/1399893736847384580","username":"Mountain"},{"relevant_topic_guid":"a4960bbadb7aab5d4f3507ef4e22140a","cnt_retweet":"0","publish_time":"20210628012520","page_action_type":"08","cnt_agree":"0","topic_guid":"5bd81fddc0ce461157605866801a837c","userid":"fredwalton216","cnt_comment":"0","content":"3) A pilot platform in works in (since Sept 2020). ** CB teamed up its bank staff (w/software engineers), to simulate how people would make transactions thru gov-run virtual currency for services or goods.","url":"https://twitter.com/fredwalton216/status/1409201192975093760","username":"fred walton"},{"relevant_topic_guid":"34e09f661e69e8387fb7f19ce0c9dfe9","cnt_retweet":"0","publish_time":"20210702203018","page_action_type":"08","cnt_agree":"2","topic_guid":"07ff22110785508aa5ce1cfd42c07991","userid":"jerrybrito","cnt_comment":"0","content":"@Dimitris @WolfieZhao Cab you clarify? Is the programmability of the eCNY being used to limit spending on transportation? Or are people just getting transportation coupons that require eCNY too-ups to be used?","url":"https://twitter.com/jerrybrito/status/1410938882665947138","username":"Jerry Brito"},{"relevant_topic_guid":"a536697e04470ae2d0fdf921c50e8120","cnt_retweet":"0","publish_time":"20210606060658","page_action_type":"08","cnt_agree":"0","topic_guid":"13ce5bad851942a6a748214125c4efd2","userid":"biesuoa","cnt_comment":"0","content":"@lvv2com 重庆为啥不发","url":"https://twitter.com/biesuoa/status/1401299534886498305","username":"俺的油馍"},{"relevant_topic_guid":"c355efe80ce507df845c20e62d5b9144","cnt_retweet":"0","publish_time":"20210703023348","page_action_type":"08","cnt_agree":"0","topic_guid":"b751c613697ed7204698b8246cb46faa","userid":"paxful_LATAM","cnt_comment":"0","content":"La nueva inversión de AlemaniaUna nueva legislación alemana, la Ley de ubicación de fondos, entró en vigor el jueves. Miles de fondos de inversión institucionales ahora podrán invertir en criptoactivos, incluido Bitcoin. ¡Podríamos ver hasta $415 mil millones en inversiones! *","url":"https://twitter.com/paxful_LATAM/status/1411030361371549700","username":"Paxful LATAM ⚡"},{"relevant_topic_guid":"a536697e04470ae2d0fdf921c50e8120","cnt_retweet":"0","publish_time":"20210605114112","page_action_type":"08","cnt_agree":"0","topic_guid":"e5eb1f82800fc4f82d5dbdd0c4745e61","userid":"hwangbin","cnt_comment":"0","content":"@lvv2com 就是人民币实名制","url":"https://twitter.com/hwangbin/status/1401021257819250690","username":"Benny Hwang"},{"relevant_topic_guid":"a65df24d85549fecab708e45f5b80725","cnt_retweet":"0","publish_time":"20210608231748","page_action_type":"08","cnt_agree":"0","topic_guid":"f53d5628c84a8998b4bc2b884d783b9a","userid":"AlanLiu95959418","cnt_comment":"0","content":"@sbf820 @wangsheng012 @DoveyWan RMB又没国际化。虚拟货币全都是美元计价资产怎么会威胁他的安全？他高兴还来不及呢。美国以外的国家既要货币政策的独立性，又要维持汇率稳定，又要资本自由流动，这是不可能三角。各国政府必然会权衡之后各取一部分。","url":"https://twitter.com/AlanLiu95959418/status/1402283728609546243","username":"0xAlan"},{"relevant_topic_guid":"a65df24d85549fecab708e45f5b80725","cnt_retweet":"0","publish_time":"20210606215948","page_action_type":"08","cnt_agree":"0","topic_guid":"9350b5b8284f2dc9f27bb27c3f704d9c","userid":"wangsheng012","cnt_comment":"0","content":"@sbf820 @AlanLiu95959418 @DoveyWan 其实也不是，还有一方面是我们买币都是用的美金在结算，美联储又大量印钞，党不想让自己人民来为美买单","url":"https://twitter.com/wangsheng012/status/1401539320880648198","username":"王胜*"},{"relevant_topic_guid":"191155cb690e2934fc51b5954b86f64a","cnt_retweet":"0","publish_time":"20210630212723","page_action_type":"08","cnt_agree":"3","topic_guid":"fe5f4f8ce4df2a3955ad9cd07ff53899","userid":"Winston_W_Ma","cnt_comment":"0","content":"@montymetzger Great discussion with @montymetzger @lcx. Reference to my book The Digital War: How China\u0027s Tech Power Shapes the Future of #AI, #blockchain and Cyberspace (foreword by @Scaramucci @SkyBridge): https://t.co/JBFRD4ADQN","url":"https://twitter.com/Winston_W_Ma/status/1410228472446849025","username":"Winston W. Ma"},{"relevant_topic_guid":"13a9c8e2f74e094d1ca93f3e894af930","cnt_retweet":"0","publish_time":"20210630222004","page_action_type":"08","cnt_agree":"1","topic_guid":"b50ae7496d279ef8153be8642d624382","userid":"Lempheter","cnt_comment":"0","content":"@sinoglobalcap @Uptodatenow","url":"https://twitter.com/Lempheter/status/1410241729840697346","username":"Teej *"},{"relevant_topic_guid":"bac19a911548f254892eaae5f1102f9d","cnt_retweet":"0","publish_time":"20210630163107","page_action_type":"08","cnt_agree":"0","topic_guid":"c8aa73c8b3829b908e987c1d961cbe47","userid":"0xmurloc","cnt_comment":"0","content":"@sinoglobalcap How is it different from just paying Alipay/Wechat?","url":"https://twitter.com/0xmurloc/status/1410153916608569350","username":"0xmurloc *"},{"relevant_topic_guid":"9899317f303a424bac26ca7c4d6aca52","cnt_retweet":"0","publish_time":"20210701084026","page_action_type":"08","cnt_agree":"1","topic_guid":"80e1ff674041cfd773bcbca0e535d2a9","userid":"DutchyIsan","cnt_comment":"0","content":"@GoldTelegraph_ Anyone thinking China is ahead is not paying attention at all...Think like: some private companies can work by rules that government can\u0027t and the other way around. That should be enough to understand why the U.S. is still not really running for it or worrying about it.","url":"https://twitter.com/DutchyIsan/status/1410397853285900288","username":"IsanDutchy"},{"relevant_topic_guid":"13a9c8e2f74e094d1ca93f3e894af930","cnt_retweet":"0","publish_time":"20210630162731","page_action_type":"08","cnt_agree":"8","topic_guid":"3e8b42c03af266dfbb5dbc311b88cd6f","userid":"SinoGlobalCap","cnt_comment":"0","content":"2/ Passengers who have activated ICBC\u0027s digital RMB service can participate in the swipe and ride test via the Yitongxing/亿通行 app (Beijing municipal travel app) within the 24 operating lines of Beijing Subway and 4 suburban railways.","url":"https://twitter.com/SinoGlobalCap/status/1410153009917530119","username":"Sino Global Capital"},{"relevant_topic_guid":"e28954af1d7685172a6dee5de3b762f8","cnt_retweet":"0","publish_time":"20210607064158","page_action_type":"08","cnt_agree":"0","topic_guid":"5256c384b2429ce2628092b243848a3a","userid":"CenturyLy","cnt_comment":"0","content":"@Sean26980247 @dF5SP6p0LWUVyEw @maomi121 @RFI_Cn 澳洲的铁矿和煤炭是人民币结算，伊朗石油也是。国家级别的大宗商品结算现在几乎都是。https://t.co/sjqoPVDV3I","url":"https://twitter.com/CenturyLy/status/1401670731478360066","username":"脑残科主治医师"},{"relevant_topic_guid":"9899317f303a424bac26ca7c4d6aca52","cnt_retweet":"1","publish_time":"20210701034131","page_action_type":"08","cnt_agree":"38","topic_guid":"7b14d402e2aafd08f836bdaa609163d7","userid":"XrpInfinite","cnt_comment":"0","content":"@GoldTelegraph_ @Neloangelo314 The Train has already left the station","url":"https://twitter.com/XrpInfinite/status/1410322628791918596","username":"888"},{"relevant_topic_guid":"ae8a94d2d75a19de13853207d2676c86","cnt_retweet":"0","publish_time":"20210630231833","page_action_type":"08","cnt_agree":"0","topic_guid":"1ee21fd656eca88645030ff53c134919","userid":"bfmediaio","cnt_comment":"0","content":"Metro sistemine kadar ulaşan dijital yuan denemesi potansiyel bir kitlesel tüketici tabanına sahip bir kullanım durumuna ulaşan denemelere işaret ediyor.","url":"https://twitter.com/bfmediaio/status/1410256447900946439","username":"bfmedia"},{"relevant_topic_guid":"9899317f303a424bac26ca7c4d6aca52","cnt_retweet":"27","publish_time":"20210701031247","page_action_type":"08","cnt_agree":"60","topic_guid":"b6afe44f216604fa0b79758e9b2e7d04","userid":"GoldTelegraph_","cnt_comment":"0","content":"Source: https://t.co/fyOlPkSq1Y","url":"https://twitter.com/GoldTelegraph_/status/1410315395924434949","username":"Gold Telegraph ⚡"},{"relevant_topic_guid":"9899317f303a424bac26ca7c4d6aca52","cnt_retweet":"0","publish_time":"20210701031216","page_action_type":"08","cnt_agree":"1","topic_guid":"10ca8d51204990af8c3b9d5c799ddc2b","userid":"FernieFresh","cnt_comment":"0","content":"@GoldTelegraph_ @boy_xrp @WorkingMoneyCH @ExtraVOD_ @BakkupBradley","url":"https://twitter.com/FernieFresh/status/1410315266391625728","username":"XRP FRE$H ARTURO BURRITTO ***"},{"relevant_topic_guid":"9899317f303a424bac26ca7c4d6aca52","cnt_retweet":"0","publish_time":"20210701031147","page_action_type":"08","cnt_agree":"0","topic_guid":"c04d6e09f86e25599b16a6879a7cf0f3","userid":"FernieFresh","cnt_comment":"0","content":"@GoldTelegraph_ Link","url":"https://twitter.com/FernieFresh/status/1410315144702304256","username":"XRP FRE$H ARTURO BURRITTO ***"},{"relevant_topic_guid":"9899317f303a424bac26ca7c4d6aca52","cnt_retweet":"0","publish_time":"20210701033947","page_action_type":"08","cnt_agree":"0","topic_guid":"690999a19090592e88430d463e656e75","userid":"mutsnuts13","cnt_comment":"0","content":"@GoldTelegraph_ @Neloangelo314 Everyone always said \"china RACING ahead\".Sorry had too*","url":"https://twitter.com/mutsnuts13/status/1410322191221202944","username":"craig"},{"relevant_topic_guid":"9899317f303a424bac26ca7c4d6aca52","cnt_retweet":"0","publish_time":"20210701034609","page_action_type":"08","cnt_agree":"1","topic_guid":"93b75cc2e35ed14d6451b38ad6100503","userid":"ZarifChris","cnt_comment":"0","content":"@GoldTelegraph_ And where is now ripple and Xrp ? ******","url":"https://twitter.com/ZarifChris/status/1410323792337985544","username":"chris zarif"},{"relevant_topic_guid":"9899317f303a424bac26ca7c4d6aca52","cnt_retweet":"0","publish_time":"20210701032546","page_action_type":"08","cnt_agree":"0","topic_guid":"c19263fee1f71c5cae7f8529e7a6a071","userid":"aimar1001","cnt_comment":"0","content":"@GoldTelegraph_ @immortal_5a له تاثير ايجابي على xrp تعتقد استاذ خالد؟","url":"https://twitter.com/aimar1001/status/1410318663794794503","username":"ريبل ⚔️"},{"relevant_topic_guid":"9899317f303a424bac26ca7c4d6aca52","cnt_retweet":"0","publish_time":"20210701035057","page_action_type":"08","cnt_agree":"5","topic_guid":"a77fd6bc479878f1d57de576479c0d3c","userid":"GodsXrp","cnt_comment":"0","content":"@GoldTelegraph_ @jasonc5783 Time for the reaction/solution","url":"https://twitter.com/GodsXrp/status/1410325000075104256","username":"XRP GODs"},{"relevant_topic_guid":"7513954880ce932bdafd885cba1d04cd","cnt_retweet":"0","publish_time":"20210605211012","page_action_type":"08","cnt_agree":"0","topic_guid":"53239a3a90e75e9c3fa2996b0cbbb74e","userid":"yingmujun","cnt_comment":"0","content":"@Seniouriou 好耶","url":"https://twitter.com/yingmujun/status/1401164450523090945","username":"叶绘ちゃん"},{"relevant_topic_guid":"9899317f303a424bac26ca7c4d6aca52","cnt_retweet":"0","publish_time":"20210701043513","page_action_type":"08","cnt_agree":"0","topic_guid":"94666b80f0ae49c22f371ad85b495caf","userid":"lepetit99576973","cnt_comment":"0","content":"@GoldTelegraph_ * farm deluxe! *","url":"https://twitter.com/lepetit99576973/status/1410336142994645002","username":"lepetit"},{"relevant_topic_guid":"9899317f303a424bac26ca7c4d6aca52","cnt_retweet":"0","publish_time":"20210701040622","page_action_type":"08","cnt_agree":"0","topic_guid":"7051818cf7ab195dbe0c30912552b113","userid":"TheRealRamseyH","cnt_comment":"0","content":"@GoldTelegraph_ @Neloangelo314 Fed ganna make one themselves as well.","url":"https://twitter.com/TheRealRamseyH/status/1410328882738352131","username":"Sir Fuckdem Heggies ******"},{"relevant_topic_guid":"9899317f303a424bac26ca7c4d6aca52","cnt_retweet":"0","publish_time":"20210701094204","page_action_type":"08","cnt_agree":"1","topic_guid":"69642462339c21ba9c4d6db16abaeddd","userid":"psyf2510","cnt_comment":"0","content":"@GoldTelegraph_ The cream will be when they back it with gold...game over?","url":"https://twitter.com/psyf2510/status/1410413363163656193","username":"eppyap"},{"relevant_topic_guid":"9899317f303a424bac26ca7c4d6aca52","cnt_retweet":"1","publish_time":"20210701045318","page_action_type":"08","cnt_agree":"12","topic_guid":"0c42ae663485ad96117343a38030c02a","userid":"capitalspitfire","cnt_comment":"0","content":"@GoldTelegraph_ Track the money, track the people.","url":"https://twitter.com/capitalspitfire/status/1410340691381833730","username":"spitfirecapital ***"}]