[{"relevant_topic_guid":"9cf96ce428b51549b9a1f7b3832d34f1","cnt_retweet":"0","publish_time":"20210318134715","page_action_type":"08","cnt_agree":"0","topic_guid":"500b9ecbcf655e2e5e93b05d35f30929","userid":"Haiyang331","cnt_comment":"0","content":"@China_6_6_6 @bbcchinese 贪腐也在升级，现在贪腐也不给钱了。还送一些实物（古董、电子产品、健身卡、购物卡之类的）","url":"https://twitter.com/Haiyang331/status/1372424337899200515","username":"小宇宙"},{"relevant_topic_guid":"6c7c1a53fdfa32db17a99634cdeb5ec2","cnt_retweet":"0","publish_time":"20210314204823","page_action_type":"08","cnt_agree":"0","topic_guid":"a3393d019aba8845b387046bd6d2bacf","userid":"dF5SP6p0LWUVyEw","cnt_comment":"0","content":"@PolEcoGuru 傻逼","url":"https://twitter.com/dF5SP6p0LWUVyEw/status/1371080770299654147","username":"佐藤隆太"},{"relevant_topic_guid":"4d81baa91904123ecb26d27f974bf193","cnt_retweet":"0","publish_time":"20210311222739","page_action_type":"08","cnt_agree":"0","topic_guid":"136499d6e35f5582ca47894eead84b6f","userid":"BowlongRise","cnt_comment":"0","content":"@PolEcoGuru 看来币圈要有大起伏啊","url":"https://twitter.com/BowlongRise/status/1370018586597625858","username":"BowlongRise"},{"relevant_topic_guid":"9cf96ce428b51549b9a1f7b3832d34f1","cnt_retweet":"0","publish_time":"20210317013918","page_action_type":"08","cnt_agree":"0","topic_guid":"20de1d6f05d1c72191ecaee064f74c4e","userid":"wendaoyes","cnt_comment":"0","content":"@China_6_6_6 @bbcchinese 你想多了","url":"https://twitter.com/wendaoyes/status/1371878756604903428","username":"wendao"},{"relevant_topic_guid":"73e575a52bba2051d09d581d415a0d4f","cnt_retweet":"0","publish_time":"20210315135233","page_action_type":"08","cnt_agree":"0","topic_guid":"d07c5d22e750185a413d4699636fb9ca","userid":"noname36575540","cnt_comment":"0","content":"@MJTVHoPin 理解人性和政治的中国商人古往今来只有范蠡范蠡在中华道藏列神传中榜上有名","url":"https://twitter.com/noname36575540/status/1371338509034815491","username":"元门第一"},{"relevant_topic_guid":"d29930876d2c076430d4438633ee1a57","cnt_retweet":"0","publish_time":"20210311131138","page_action_type":"08","cnt_agree":"0","topic_guid":"780bf2fc36e4ce1ee603f432dd30406b","userid":"hubaermi","cnt_comment":"0","content":"中国是世界上第一个发行国家数字货币的主要经济体。数字货币在国际交易的结算和清算领域更加便捷，有利于推进人民币国际化。","url":"https://twitter.com/hubaermi/status/1369878659490738176","username":"hubaermi"},{"relevant_topic_guid":"7533aefaa25a2ba3604e151694ba1836","cnt_retweet":"0","publish_time":"20210308024026","page_action_type":"08","cnt_agree":"1","topic_guid":"fae607bc85a150f440d97ebb9e7fdc9c","userid":"xurenH","cnt_comment":"0","content":"@nytchinese 好奇，如果以後中國貨幣全面數字化後，某些見不了光的交易會用哪種紙幣取代？那些真正的沒有（不會用）智能手機的弱勢族群怎麼辦？","url":"https://twitter.com/xurenH/status/1368632652215939074","username":"Xuren M"},{"relevant_topic_guid":"9cf96ce428b51549b9a1f7b3832d34f1","cnt_retweet":"0","publish_time":"20210315152140","page_action_type":"08","cnt_agree":"0","topic_guid":"6e9f3e7d03b9697c9529559b0979bfb1","userid":"TASKEO23","cnt_comment":"0","content":"@China_6_6_6 @bbcchinese 有道理唉，都不用实体钱了，全部换成虚拟货币，每一笔钱都有追踪，那还真是可以反腐","url":"https://twitter.com/TASKEO23/status/1371360937274314753","username":"我才不是餘糧呢"},{"relevant_topic_guid":"7914cf03c406b79b73e394d7537492fc","cnt_retweet":"1","publish_time":"20210328011447","page_action_type":"08","cnt_agree":"9","topic_guid":"69da633a558227ab22f88a4b6b864f89","userid":"meiguobengkui","cnt_comment":"0","content":"@ILoveCNPanda @David24834267 @RFI_Cn @AndrewC86186 我觉着你没不要跟公知反贼类的人物解释","url":"https://twitter.com/meiguobengkui/status/1375858851686219776","username":"工具壬"},{"relevant_topic_guid":"a05d21282a9679e03df79a7a9070fd73","cnt_retweet":"0","publish_time":"20210327003147","page_action_type":"08","cnt_agree":"0","topic_guid":"34665f080547e1cf3c0621f3b4be7587","userid":"xujie950331","cnt_comment":"0","content":"@435Hz https://t.co/qUh6eIz8Lj","url":"https://twitter.com/xujie950331/status/1375485644026257414","username":"徐杰慢半拍"},{"relevant_topic_guid":"a05d21282a9679e03df79a7a9070fd73","cnt_retweet":"0","publish_time":"20210326193729","page_action_type":"08","cnt_agree":"0","topic_guid":"c69c8242a38ef4922a09ff201ca0bf4f","userid":"HOxUAhGyENODyua","cnt_comment":"0","content":"@435Hz 之前听了周小川讲数字货币，从技术上来讲，个人猜测会有两套货币，对内民用是无法换汇的，对外则有另外一套基于法币的系统用于官方换汇，不过得看其他国家愿不愿意接入。","url":"https://twitter.com/HOxUAhGyENODyua/status/1375411580528066563","username":"阿克人"},{"relevant_topic_guid":"5cec374b086f6cfd8e1a6a65bb7621ab","cnt_retweet":"0","publish_time":"20210329111046","page_action_type":"08","cnt_agree":"1","topic_guid":"5f254a607a22223bdb21677148e1afc1","userid":"RESatt999","cnt_comment":"0","content":"@Shineling2 以后可以把自己的二维码纹在身上就不用带手表了**","url":"https://twitter.com/RESatt999/status/1376371226449387524","username":"RESatt999 ( ･᷄ὢ･᷅ )r乆"},{"relevant_topic_guid":"5cec374b086f6cfd8e1a6a65bb7621ab","cnt_retweet":"0","publish_time":"20210329105519","page_action_type":"08","cnt_agree":"0","topic_guid":"90f5082a573f6b4b31a8605b89e3a328","userid":"Urbanplaner_ZHJ","cnt_comment":"0","content":"@Shineling2 跟微信扫码有啥区别呢？","url":"https://twitter.com/Urbanplaner_ZHJ/status/1376367335951331330","username":"Peter ZHAO"},{"relevant_topic_guid":"3ba919eec4a0e564a91235830fbf4bf1","cnt_retweet":"0","publish_time":"20210329220621","page_action_type":"08","cnt_agree":"0","topic_guid":"288575504766150991f5873fd501cd3b","userid":"station210222","cnt_comment":"0","content":"@lengshanshipin 中国+俄国+伊朗+土耳其+朝鲜","url":"https://twitter.com/station210222/status/1376536207987990529","username":"DRV359"},{"relevant_topic_guid":"d66d73cd2260f931efc5179cbd80dc23","cnt_retweet":"0","publish_time":"20210329083724","page_action_type":"08","cnt_agree":"0","topic_guid":"5757e3990254ecc04571834837f4ebbd","userid":"huqiweiss","cnt_comment":"0","content":"@Whosyourdie @RFI_Cn 第三条对于伊朗导弹能够得着的地方威慑很大啊","url":"https://twitter.com/huqiweiss/status/1376332630640140292","username":"胡启炜"},{"relevant_topic_guid":"b4deeb016f1c1fc541d71399f1ee04fe","cnt_retweet":"0","publish_time":"20210330222856","page_action_type":"08","cnt_agree":"0","topic_guid":"e711d72bbbc3dc1281049d681b19f4f2","userid":"heywin","cnt_comment":"0","content":"@JoeM99708467 @LeeBriar 不说别的，建议多了解一下数字货币，也别轻易扯上比特币以太坊微信支付宝PayPal这些，说话前得多读书啊年轻人","url":"https://twitter.com/heywin/status/1376904278560833537","username":"三个人两斤外加九瓶啤的"},{"relevant_topic_guid":"672414ee6de9d4327d2544fb18db77df","cnt_retweet":"0","publish_time":"20210327143906","page_action_type":"08","cnt_agree":"0","topic_guid":"190fc1ee65a13a6a9efd026193f7937f","userid":"yuzhuzhang5","cnt_comment":"0","content":"@liangjiahechun @Tina521Z @zlj517 你好像脑子有点毛病似的，美国的保险给你治吗","url":"https://twitter.com/yuzhuzhang5/status/1375698878104657924","username":"yuzhu zhang"},{"relevant_topic_guid":"3969cf6343d8b05877e1b338bca5dcff","cnt_retweet":"0","publish_time":"20210326160334","page_action_type":"08","cnt_agree":"0","topic_guid":"dc8bef0926afe2847836307d8aa9f18b","userid":"smallchicken_pr","cnt_comment":"0","content":"@lvv2com 官家抢生意啦","url":"https://twitter.com/smallchicken_pr/status/1375357749123420160","username":"蜡笔小新秋天穿上鹹蛋超人短褲"},{"relevant_topic_guid":"a05d21282a9679e03df79a7a9070fd73","cnt_retweet":"0","publish_time":"20210327231430","page_action_type":"08","cnt_agree":"0","topic_guid":"c425b3e62c60da0da537993d87bcc724","userid":"biecaicaiyebuz1","cnt_comment":"0","content":"@435Hz 一眼就看到钉钉二字","url":"https://twitter.com/biecaicaiyebuz1/status/1375828581746569218","username":"......"},{"relevant_topic_guid":"e8f55102e7a194e2d5b3b4f1366157e2","cnt_retweet":"0","publish_time":"20210501105709","page_action_type":"08","cnt_agree":"10","topic_guid":"af1397627d950cb2b47f8dd100b350cb","userid":"guodastatham888","cnt_comment":"0","content":"@ABCChinese 澳大利亚现在就可以把中央银行取缔，袋鼠人基本上没见过啥世面，有本事你也搞一个数字澳元？","url":"https://twitter.com/guodastatham888/status/1388326598173069315","username":"statham guoda™"},{"relevant_topic_guid":"e8f55102e7a194e2d5b3b4f1366157e2","cnt_retweet":"0","publish_time":"20210501120258","page_action_type":"08","cnt_agree":"1","topic_guid":"57bb24458a93bfe0af40b1a959cf9482","userid":"onrloo","cnt_comment":"0","content":"@ABCChinese 屠杀儿童白皮养的*，有什么资格指责别人？","url":"https://twitter.com/onrloo/status/1388343159856369664","username":"Simon Roy"},{"relevant_topic_guid":"42f48de79fbd902840c690dd4ea7ba00","cnt_retweet":"0","publish_time":"20210430123731","page_action_type":"08","cnt_agree":"0","topic_guid":"2d1b4521ca3ba2107419d5f356f1e265","userid":"ENHH5","cnt_comment":"0","content":"@liangjiahechun @Epsilonm @PDChina @SpokespersonCHN 脏口就来。","url":"https://twitter.com/ENHH5/status/1387989469475733506","username":"ENHH"},{"relevant_topic_guid":"e8f55102e7a194e2d5b3b4f1366157e2","cnt_retweet":"1","publish_time":"20210502075342","page_action_type":"08","cnt_agree":"1","topic_guid":"38b2c943b07527d3773c79a726e4b071","userid":"tony01_wei","cnt_comment":"0","content":"@ABCChinese 狗屁的数字货币，电子粮票而已","url":"https://twitter.com/tony01_wei/status/1388642820743966726","username":"瓜瓜不近女色"},{"relevant_topic_guid":"e8f55102e7a194e2d5b3b4f1366157e2","cnt_retweet":"0","publish_time":"20210501162241","page_action_type":"08","cnt_agree":"11","topic_guid":"88510d30fceeaba7622b743d436b762b","userid":"GPHan29","cnt_comment":"0","content":"@ABCChinese 你这发言看起来像SB一样，不要丢人现眼了","url":"https://twitter.com/GPHan29/status/1388408521914413061","username":"Chris"},{"relevant_topic_guid":"e8f55102e7a194e2d5b3b4f1366157e2","cnt_retweet":"0","publish_time":"20210502122516","page_action_type":"08","cnt_agree":"1","topic_guid":"bb7be474b26bd9456ee48d87ccea6c84","userid":"ZRenkai","cnt_comment":"0","content":"@ABCChinese 澳大利亚自己可以尝试一下","url":"https://twitter.com/ZRenkai/status/1388711161604939776","username":"Bill Zhu"},{"relevant_topic_guid":"b7417aaa099ed061e39c510c8f496f08","cnt_retweet":"0","publish_time":"20210503152053","page_action_type":"08","cnt_agree":"3","topic_guid":"4bb53672e5d43b115fdc89a567710c22","userid":"yikeba01","cnt_comment":"0","content":"@yibingsg 你对货币或钱的历史与发展可以说一无所知。虽然我不炒比特币，但货币的定义是认同度和稀缺性","url":"https://twitter.com/yikeba01/status/1389117745283801088","username":"yikeba01"},{"relevant_topic_guid":"e8f55102e7a194e2d5b3b4f1366157e2","cnt_retweet":"0","publish_time":"20210502124855","page_action_type":"08","cnt_agree":"1","topic_guid":"e17369e9086d01a2d6ec74819070647e","userid":"tianhm","cnt_comment":"0","content":"@ABCChinese 澳大利亚人的税款怎么养了abc这么一个sb?","url":"https://twitter.com/tianhm/status/1388717112068382724","username":"金评梅是一只得了新冠的狗"},{"relevant_topic_guid":"b7417aaa099ed061e39c510c8f496f08","cnt_retweet":"0","publish_time":"20210503161148","page_action_type":"08","cnt_agree":"2","topic_guid":"90269c3974aa46122cfa1963ac77af22","userid":"5nS1xicdRXxapGY","cnt_comment":"0","content":"@yibingsg 比特币本来就不被承认的","url":"https://twitter.com/5nS1xicdRXxapGY/status/1389130557594996737","username":"love\u0026peace"},{"relevant_topic_guid":"2d860b1220ee80feb3aa71ffed284753","cnt_retweet":"0","publish_time":"20210507144717","page_action_type":"08","cnt_agree":"1","topic_guid":"6356d4314062eceda1201a395a6d5939","userid":"Finesse2infini1","cnt_comment":"0","content":"@business @nicolesyLIVE @Quicktake Ankr Available on @coinbaseOnly 1 Billion Market cap ,stock will go with little traffic Attention \u0026amp; money just saying ...An overview of  Staking nodes, Developer nodes, API services, and the #DeFi partners! https://t.co/2iGYm5VcBt","url":"https://twitter.com/Finesse2infini1/status/1390558840874311681","username":"Finesse2infinity@gmail.com"},{"relevant_topic_guid":"b7417aaa099ed061e39c510c8f496f08","cnt_retweet":"0","publish_time":"20210503195336","page_action_type":"08","cnt_agree":"0","topic_guid":"21ef4f9ff10e1b9753715871f7368965","userid":"SoLan_Z","cnt_comment":"0","content":"@yibingsg 推荐本书给你 “Bitcoin standard”, 希望可以帮你理解 什么是钱?","url":"https://twitter.com/SoLan_Z/status/1389186376885694467","username":"x_L"},{"relevant_topic_guid":"2d860b1220ee80feb3aa71ffed284753","cnt_retweet":"0","publish_time":"20210507145138","page_action_type":"08","cnt_agree":"0","topic_guid":"0547f2438529c7861e0cc6b4a7148aee","userid":"Sofiakingston_","cnt_comment":"0","content":"@business @nicolesyLIVE @Quicktake This is the right time to learn about cryptocurrency investments, dm me if you’re interested in earning through mining and trading cryptocurrency ✅**@Sofiakingston_","url":"https://twitter.com/Sofiakingston_/status/1390559936489340929","username":"Sofia Kingston**"},{"relevant_topic_guid":"4fcb41facc2b278b6c0ee433d7f4ef75","cnt_retweet":"0","publish_time":"20210430185549","page_action_type":"08","cnt_agree":"0","topic_guid":"c974ae8ff3a050b93b0bac443651be2f","userid":"jackwu10","cnt_comment":"0","content":"@bannedebook 社會信用指數過低的話，一天只限你領10元.","url":"https://twitter.com/jackwu10/status/1388084670202580993","username":"Hold this L～ **"},{"relevant_topic_guid":"e8f55102e7a194e2d5b3b4f1366157e2","cnt_retweet":"0","publish_time":"20210505152834","page_action_type":"08","cnt_agree":"0","topic_guid":"e31f35418073156e4ca63e3ff45ed7cc","userid":"doudian888888","cnt_comment":"0","content":"@ABCChinese 销售托管 蚂蚁神马矿机 全年火电0.36、 电话：18507113958  同微信","url":"https://twitter.com/doudian888888/status/1389844454090096640","username":"doudian888888"},{"relevant_topic_guid":"596cfa099bf7a09b44b46eb55e420957","cnt_retweet":"1","publish_time":"20210504225552","page_action_type":"08","cnt_agree":"0","topic_guid":"36fe3075eabd9accbcf8e41b10ac2c8a","userid":"justexcel","cnt_comment":"0","content":"@AngieTVLau Meanwhile, the central banks in the US are still hard at work studying the issue. I.e., how to game the system so that it doesn\u0027t have to compete.","url":"https://twitter.com/justexcel/status/1389594633030692867","username":"Das Medikament wird Sie befreien"},{"relevant_topic_guid":"e8f55102e7a194e2d5b3b4f1366157e2","cnt_retweet":"1","publish_time":"20210502180150","page_action_type":"08","cnt_agree":"5","topic_guid":"b785d94ed0412d7142ef1944826128d9","userid":"indymediacn","cnt_comment":"0","content":"@ABCChinese 加强控制和监管？打击中国，打击华为，打击伊朗，打击这个、打击那个，美国政府不就是把地球当做自己的天下，为了加强控制和监管地球吗？","url":"https://twitter.com/indymediacn/status/1388795862835286016","username":"中文独立媒体文摘 | Chinese Independent Media Review"},{"relevant_topic_guid":"e8f55102e7a194e2d5b3b4f1366157e2","cnt_retweet":"1","publish_time":"20210501183907","page_action_type":"08","cnt_agree":"0","topic_guid":"31f9000800c3f369288fa8f048c829a0","userid":"abalrood","cnt_comment":"0","content":"@ABCChinese https://t.co/Zeldrh7bYB","url":"https://twitter.com/abalrood/status/1388442857179070465","username":"محمد ...."},{"relevant_topic_guid":"03d18399cc6a09eee945f67b146e691a","cnt_retweet":"1","publish_time":"20210503141852","page_action_type":"08","cnt_agree":"2","topic_guid":"41f69e607dc3c6e7b1d07e0d602b1a1c","userid":"KawasanSadai","cnt_comment":"0","content":"#RMBdigital 16. controlling and cracking down on money laundering, terrorist financing, tax evasion and other illegal and criminal activities for higher level of financial safety, said Mu Changchun, head of the Institute of Digital Money under the PBOC.@WowBabel #Sadai","url":"https://twitter.com/KawasanSadai/status/1389102137859141636","username":"KAWASAN INDUSTRI SADAI"},{"relevant_topic_guid":"e8f55102e7a194e2d5b3b4f1366157e2","cnt_retweet":"0","publish_time":"20210501191817","page_action_type":"08","cnt_agree":"0","topic_guid":"8c63413a1c47e10577d54b82346ffc56","userid":"mzhonglei","cnt_comment":"0","content":"@ABCChinese 存他么狗放屁","url":"https://twitter.com/mzhonglei/status/1388452713713782792","username":"星辰大海"},{"relevant_topic_guid":"e8f55102e7a194e2d5b3b4f1366157e2","cnt_retweet":"0","publish_time":"20210501172019","page_action_type":"08","cnt_agree":"0","topic_guid":"11dfafeb1f736481aa5781895125cb0a","userid":"zhj88","cnt_comment":"0","content":"@ABCChinese 监管有利有弊，对于中国的普通民众来说，监管并没有什么实质的影响。","url":"https://twitter.com/zhj88/status/1388423026232893452","username":"Jiao Zheng"},{"relevant_topic_guid":"e8f55102e7a194e2d5b3b4f1366157e2","cnt_retweet":"0","publish_time":"20210501163207","page_action_type":"08","cnt_agree":"1","topic_guid":"2452f3c2616aafe3b779ac32b3159ae2","userid":"W1pch5gPMQfVEPv","cnt_comment":"0","content":"@ABCChinese 对于老百姓，得了新冠有人全力以赴救你，比虚无缥缈的东西实惠。毕竟死了，钱、房子、老婆、娃都是人家的。","url":"https://twitter.com/W1pch5gPMQfVEPv/status/1388410894275813381","username":"走一起"},{"relevant_topic_guid":"e8f55102e7a194e2d5b3b4f1366157e2","cnt_retweet":"0","publish_time":"20210502065709","page_action_type":"08","cnt_agree":"2","topic_guid":"53b83354e11a6cfc309f3bafbd6cf897","userid":"dumexsha98","cnt_comment":"0","content":"@ABCChinese 我认识的一个袋鼠人第一次来上海，跟刘姥姥进大观园一样！土的掉渣！","url":"https://twitter.com/dumexsha98/status/1388628586764988417","username":"大金牙"},{"relevant_topic_guid":"e8f55102e7a194e2d5b3b4f1366157e2","cnt_retweet":"0","publish_time":"20210502082453","page_action_type":"08","cnt_agree":"1","topic_guid":"b3b9a936a66178d47c70b9d34b98ec05","userid":"Grace57058392","cnt_comment":"0","content":"@ABCChinese 沒人強迫你用數字人民幣，管好自己的家吧！","url":"https://twitter.com/Grace57058392/status/1388650666948665344","username":"Grace Noakes"},{"relevant_topic_guid":"e8f55102e7a194e2d5b3b4f1366157e2","cnt_retweet":"0","publish_time":"20210502211511","page_action_type":"08","cnt_agree":"0","topic_guid":"ceb31d94270a68dfd3ace8cf2edf66f4","userid":"WearBear9","cnt_comment":"0","content":"@ABCChinese ABC小编的水平捉鸡啊","url":"https://twitter.com/WearBear9/status/1388844520503091204","username":"WearBear"},{"relevant_topic_guid":"e8f55102e7a194e2d5b3b4f1366157e2","cnt_retweet":"0","publish_time":"20210501193734","page_action_type":"08","cnt_agree":"0","topic_guid":"51af065a8eb17cf10d0ea15125d11120","userid":"hit_wangye","cnt_comment":"0","content":"@ABCChinese *挑战美元霸权 美国害怕了","url":"https://twitter.com/hit_wangye/status/1388457563470012416","username":"sh"},{"relevant_topic_guid":"e8f55102e7a194e2d5b3b4f1366157e2","cnt_retweet":"0","publish_time":"20210501225848","page_action_type":"08","cnt_agree":"0","topic_guid":"b44abb0486499429ef0ed0e818e0eb80","userid":"xMdbcpyzsfHvoq5","cnt_comment":"0","content":"@ABCChinese 我愿意","url":"https://twitter.com/xMdbcpyzsfHvoq5/status/1388508207551684608","username":"房东"},{"relevant_topic_guid":"90018ccb578ec93a4ba4fee1765f837d","cnt_retweet":"0","publish_time":"20210425134212","page_action_type":"08","cnt_agree":"0","topic_guid":"d5838177e788b59f128f84c518f15c60","userid":"Starrrr13213012","cnt_comment":"0","content":"@Chav44879501 DCEP跟5G还有点不一样 DCEP基本没有边际成本 5G想铺开钱肯定少花不了（或者说花jie钱本身就是目的 变相凯恩斯养哇为的做题家2333","url":"https://twitter.com/Starrrr13213012/status/1386193805485907969","username":"Shawn.Z"},{"relevant_topic_guid":"e8f55102e7a194e2d5b3b4f1366157e2","cnt_retweet":"0","publish_time":"20210501212943","page_action_type":"08","cnt_agree":"1","topic_guid":"bf5dad3923b0bd6e7f40863cd2986a74","userid":"4mok5TtdunGnTQc","cnt_comment":"0","content":"@ABCChinese 以后昂撒匪徒贩毒、颠覆、间谍还有自由吗？","url":"https://twitter.com/4mok5TtdunGnTQc/status/1388485790515093504","username":"翻墙水军华战狼"},{"relevant_topic_guid":"e8f55102e7a194e2d5b3b4f1366157e2","cnt_retweet":"0","publish_time":"20210503163757","page_action_type":"08","cnt_agree":"0","topic_guid":"3807b598b19f45e3714c48c21ce60c9e","userid":"Panbiii1","cnt_comment":"0","content":"@ABCChinese 监管金融系统？十分应该~over..","url":"https://twitter.com/Panbiii1/status/1389137139095379975","username":"Free Stream Resource"},{"relevant_topic_guid":"0bd1c2522d34048395465a72980ae6fc","cnt_retweet":"0","publish_time":"20210501234433","page_action_type":"08","cnt_agree":"1","topic_guid":"3fa301b233c9fc6d756349ded13f312a","userid":"YCuiARK","cnt_comment":"0","content":"@AdamHussain01 Competes with Alipay and wechat pay for sure, but they are so in ppl’s day to day that I don’t think is easy to displace. Time will tell to what extent.","url":"https://twitter.com/YCuiARK/status/1388519720689733635","username":"Yulong Cui"},{"relevant_topic_guid":"e8f55102e7a194e2d5b3b4f1366157e2","cnt_retweet":"0","publish_time":"20210502083932","page_action_type":"08","cnt_agree":"0","topic_guid":"5cac403dd9429675247e9dbb9e1c0c20","userid":"immolational","cnt_comment":"0","content":"@ABCChinese 傻逼言论！控你妈逼！西方人是脑子里有屎吗？","url":"https://twitter.com/immolational/status/1388654353095946240","username":"春秋纵横@SOG"},{"relevant_topic_guid":"e8f55102e7a194e2d5b3b4f1366157e2","cnt_retweet":"0","publish_time":"20210503014216","page_action_type":"08","cnt_agree":"1","topic_guid":"e5ba1ee5b4b2f1e788ed07ee30b705c5","userid":"mJPeaWSRIiMpxHT","cnt_comment":"0","content":"@ABCChinese 各位外国友人们，我们用什么币你们别管。好不好用我们自己用了才知道。你们在怕什么？怕我们用冥币？对我们用只在清明，烧给你！","url":"https://twitter.com/mJPeaWSRIiMpxHT/status/1388911734451171330","username":"陈"},{"relevant_topic_guid":"e8f55102e7a194e2d5b3b4f1366157e2","cnt_retweet":"0","publish_time":"20210504214046","page_action_type":"08","cnt_agree":"0","topic_guid":"d5619ab800466ef01ad029678a0145a7","userid":"wangyidao1","cnt_comment":"0","content":"@ABCChinese @WitchNuWa 像西方一样把货币发行给私人公司和银行？","url":"https://twitter.com/wangyidao1/status/1389575732893032458","username":"（道友请留步）wangyidao"},{"relevant_topic_guid":"e8f55102e7a194e2d5b3b4f1366157e2","cnt_retweet":"0","publish_time":"20210501175003","page_action_type":"08","cnt_agree":"1","topic_guid":"c4e336c3caffd6fbc9ca2c10ab4ff2b4","userid":"janms87396744","cnt_comment":"0","content":"@ABCChinese 意思是你觉得比特币是好东西？次级市场炒作的东西，你知道比特币一年用多少电么，你的环保理念呢","url":"https://twitter.com/janms87396744/status/1388430508493877254","username":"janms"},{"relevant_topic_guid":"84cb4cbbde8e043539fd4dc879f8f131","cnt_retweet":"0","publish_time":"20210407020106","page_action_type":"08","cnt_agree":"1","topic_guid":"b01a8aa242b543ac8fc1ae6d27f55761","userid":"Sarre_Lightwing","cnt_comment":"0","content":"@ChineseWSJ 你踏马以为全世界的国家都跟你们美国一样到处网络盗取他人资料信息呀？！臭沙雕","url":"https://twitter.com/Sarre_Lightwing/status/1379494389714546690","username":"Sarre.Lightwing"},{"relevant_topic_guid":"84cb4cbbde8e043539fd4dc879f8f131","cnt_retweet":"0","publish_time":"20210407003425","page_action_type":"08","cnt_agree":"3","topic_guid":"1b89313ae3afd6d36c7e78deb4f5b84a","userid":"FrankWa40081291","cnt_comment":"0","content":"@ChineseWSJ 美元霸权的终结将终止美国人榨取全球人民血汗的历史，同时迫使美国佬弯下腰去干起活来。","url":"https://twitter.com/FrankWa40081291/status/1379472571876392962","username":"David Wang"},{"relevant_topic_guid":"475890956c35373d481ef15df0737483","cnt_retweet":"0","publish_time":"20210405125445","page_action_type":"08","cnt_agree":"2","topic_guid":"35f94c0029674884cd8ee788024d7bc0","userid":"chinasmpb","cnt_comment":"0","content":"4〉第三，中国将与伊朗展开丰富的军事合作，甚至包括中国的北斗卫星导航系统，将开放对伊朗导弹的支持，这也直接确保了伊朗的战略国防力量在和美国发生战争时不会出现问题。","url":"https://twitter.com/chinasmpb/status/1378934108424826881","username":"司马平邦"},{"relevant_topic_guid":"84cb4cbbde8e043539fd4dc879f8f131","cnt_retweet":"0","publish_time":"20210407081905","page_action_type":"08","cnt_agree":"1","topic_guid":"fb8d419d3a641cd7cc63314edbb61c34","userid":"JackyHu78760318","cnt_comment":"0","content":"@ChineseWSJ 数字货币是新型货币，但是本质上跟纸币是差不多的。所不同的地方在于中国的数字货币以至于其他国家的数字货币，都可以不依赖与美元而存在。","url":"https://twitter.com/JackyHu78760318/status/1379589510191738886","username":"Jack Hoo"},{"relevant_topic_guid":"84cb4cbbde8e043539fd4dc879f8f131","cnt_retweet":"0","publish_time":"20210407075747","page_action_type":"08","cnt_agree":"0","topic_guid":"a0290f96bdb653d176d6b550cd397d17","userid":"Stars1895","cnt_comment":"0","content":"@ChineseWSJ 水平太低了，美国科幻片里只用摄像头就可以跟踪到世界各地的人，那美国政府权力岂不是大到宇宙了？互联网高速发展的同时，也本来就意味着隐私的逐步减少，5G万物互联和大数据算力提升又不断的推动着互联网发展，所以没有隐私是迟早的事情。","url":"https://twitter.com/Stars1895/status/1379584148877156353","username":"Stars Hung"},{"relevant_topic_guid":"ab483b58d3dd7d608904a9961f380210","cnt_retweet":"0","publish_time":"20210410212414","page_action_type":"08","cnt_agree":"1","topic_guid":"57dffe942e9e123053f301e98e23027c","userid":"okWLh82g7kA2nRI","cnt_comment":"0","content":"@ChineseWSJ 美国酸了，其实消灭马云，大搞独裁资本，犬共做不大，只会越来越孤立。","url":"https://twitter.com/okWLh82g7kA2nRI/status/1380874262643240962","username":"云桥"},{"relevant_topic_guid":"4df2fcbfa798adda99d0e6de946e4912","cnt_retweet":"0","publish_time":"20201210125210","page_action_type":"08","cnt_agree":"0","topic_guid":"09ac702120b23161376f3983244b02fb","userid":"thaw","cnt_comment":"0","content":"@ChinaDaily #BigBrother gets even bigger. Down with the capital #CCP!","url":"https://twitter.com/thaw/status/1336896464774053888","username":"Tom Weatherhead"},{"relevant_topic_guid":"ab483b58d3dd7d608904a9961f380210","cnt_retweet":"0","publish_time":"20210412080537","page_action_type":"08","cnt_agree":"0","topic_guid":"7b4f9e7cc950ebc52f6850ab52afda36","userid":"JackyHu78760318","cnt_comment":"0","content":"@ChineseWSJ WSJ--VOA第二了。 看来离低智商也不远了。","url":"https://twitter.com/JackyHu78760318/status/1381398060543057921","username":"Jack Hoo"},{"relevant_topic_guid":"bc0598105346cb4b35a1d8b66a53ef60","cnt_retweet":"0","publish_time":"20210407122244","page_action_type":"08","cnt_agree":"0","topic_guid":"3bfc73640f7fa1b3c60fe264b6cd8348","userid":"RSGYQGMSFL","cnt_comment":"0","content":"@JChengWSJ @jamestareddy @TByGraceZhu 信用是关键","url":"https://twitter.com/RSGYQGMSFL/status/1379650828378628099","username":"鄭棖瑒/当黑皮的老同学叫我岁静一点"},{"relevant_topic_guid":"850a9f3d75890371b8d65e827ed8c1eb","cnt_retweet":"0","publish_time":"20210406102021","page_action_type":"08","cnt_agree":"0","topic_guid":"a0807c6435a6ab1a9d0504ee151b59d5","userid":"jike_collection","cnt_comment":"0","content":"…告详情点击*https://t.co/d63omXT7Vk  #科技圈大小事","url":"https://twitter.com/jike_collection/status/1379257640056803329","username":"即刻精选"},{"relevant_topic_guid":"8b3bb1a6990924e83565b048126d0c38","cnt_retweet":"0","publish_time":"20210825170202","page_action_type":"08","cnt_agree":"0","topic_guid":"7cda6e7d31f2cefd517394c130e6c89d","userid":"DemonicMegazord","cnt_comment":"0","content":"@cnLedger @CryptoFactory_ will present us audited projects with full transparency every week !I\u0027m very excited to follow this project *- Security and Transparency- Weekly Fairlaunch Oppotunities- A close community on firehttps://t.co/Qg66cwbed9Follow them ! #Fairlaunch","url":"https://twitter.com/DemonicMegazord/status/1430455417205837831","username":"Demonic Megazord"},{"relevant_topic_guid":"4df2fcbfa798adda99d0e6de946e4912","cnt_retweet":"1","publish_time":"20201211055210","page_action_type":"08","cnt_agree":"1","topic_guid":"01470bcc6bf5b816a552574bcf279d56","userid":"CEEC86_Shuang","cnt_comment":"0","content":"@ChinaDaily 05:30 1210☀️1210 12:30☀️","url":"https://twitter.com/CEEC86_Shuang/status/1337153155767955467","username":"CEEC中欧经济文化交流促进中心"},{"relevant_topic_guid":"0f3c0b67064eb781b759b00660dae7d9","cnt_retweet":"0","publish_time":"20201205165834","page_action_type":"08","cnt_agree":"0","topic_guid":"2196603747e22b51bf92f26d2de00f4f","userid":"blockchainedind","cnt_comment":"0","content":"2. Some #bitcoin selling on Friday caused its price to decline. #Ether options traders appear less inclined to place bets on the #asset’s price, as evidenced by lower Deribit volume.Read more here: https://t.co/j16Epb8lPz@Bitcoin @Btcexpertindia @CoinDesk @CoinDeskMarkets","url":"https://twitter.com/blockchainedind/status/1335146536204832769","username":"BlockchainedIndia"},{"relevant_topic_guid":"abb8761fd628b29f982380a96d8ad15f","cnt_retweet":"0","publish_time":"20210406181142","page_action_type":"08","cnt_agree":"0","topic_guid":"3e0e0e2e8aba72ce7f1e065f7852eb89","userid":"stsy2021","cnt_comment":"0","content":"@sunxiao0228 @gjVE1b8CpZtK1cy @wang_bin4966 @XijinLi 严格意义的数币：通过区块链去中心化无发行主体通过算法生成商品化央版数币：控制中心和发行主体皆是央行；非算法生成，实体货币同量转换；非商品化；央版数币，真正的名称应是“数字化人民币”，人民币的数字化运用而己，说白点，就是国版支付宝钱包（微信钱包），炒得神秘…","url":"https://twitter.com/stsy2021/status/1379376259587784707","username":"生騰死逸"},{"relevant_topic_guid":"a88ab565a06a7f13ba0a501be8e070a3","cnt_retweet":"0","publish_time":"20210410204721","page_action_type":"08","cnt_agree":"0","topic_guid":"03386ad45678a2bd8e6955738631c9eb","userid":"j_z_1234","cnt_comment":"0","content":"@MingjingLive @MJTVHoPin 遭处罚180亿是阿里巴巴的福报","url":"https://twitter.com/j_z_1234/status/1380864981315448835","username":"j_z_1234"},{"relevant_topic_guid":"84cb4cbbde8e043539fd4dc879f8f131","cnt_retweet":"0","publish_time":"20210406213813","page_action_type":"08","cnt_agree":"4","topic_guid":"f245991ac4b87eaa67e6f61be01c2d0e","userid":"4legs2legs","cnt_comment":"0","content":"@ChineseWSJ 自己的钱还有有效期，那不成了代金券了","url":"https://twitter.com/4legs2legs/status/1379428233142267904","username":"四条腿好两条腿坏"},{"relevant_topic_guid":"84cb4cbbde8e043539fd4dc879f8f131","cnt_retweet":"0","publish_time":"20210406232818","page_action_type":"08","cnt_agree":"0","topic_guid":"306e75415c76114202e90cb313de0f21","userid":"RuoyuYu","cnt_comment":"0","content":"@ChineseWSJ 又不是不让你用现金！！是不是有病？","url":"https://twitter.com/RuoyuYu/status/1379455935249227778","username":"puremilky"},{"relevant_topic_guid":"7a78731a8a0667cfbca0cfb73bbb11bb","cnt_retweet":"0","publish_time":"20210409055721","page_action_type":"08","cnt_agree":"1","topic_guid":"0430a5e480ec47f93db31936af806399","userid":"jaywirt","cnt_comment":"0","content":"@731127BENJAMIN @AngelTangNY1 @wstv_lizzi Chin has every right to do as they wish with their currency. I’m not surprised they are doing this nor do I blame them for attempting global de-dollarization. Ultimately this is about the CCP increasing control domestically and abroad.","url":"https://twitter.com/jaywirt/status/1380278618715271174","username":"Jason Wirt"},{"relevant_topic_guid":"84cb4cbbde8e043539fd4dc879f8f131","cnt_retweet":"0","publish_time":"20210406234035","page_action_type":"08","cnt_agree":"1","topic_guid":"ab99381e8d4f1ec3de72974390da24ec","userid":"nnalla56364463","cnt_comment":"0","content":"@ChineseWSJ 尽早推行绕过美国金融霸权","url":"https://twitter.com/nnalla56364463/status/1379459026879094785","username":"nnalla"},{"relevant_topic_guid":"84cb4cbbde8e043539fd4dc879f8f131","cnt_retweet":"1","publish_time":"20210407091624","page_action_type":"08","cnt_agree":"3","topic_guid":"233b6334178615045bf3fe258e30e22d","userid":"shiguangchen","cnt_comment":"0","content":"@ChineseWSJ 数字货币可以绕开美元霸权，甚至是终结美元霸权。","url":"https://twitter.com/shiguangchen/status/1379603934092795904","username":"时光流逝星人❤"},{"relevant_topic_guid":"84cb4cbbde8e043539fd4dc879f8f131","cnt_retweet":"0","publish_time":"20210407011739","page_action_type":"08","cnt_agree":"4","topic_guid":"2d4fb2140b47c2cddba9d908eddc70f7","userid":"jieshixuwang101","cnt_comment":"0","content":"@ChineseWSJ 对发行货币的政府来说，数字化货币是一种潜在的宏观经济理想工具，可实时追踪人们的消费。有了这一工具，美国政府将获得对金融流动的敏锐，加强维护世界金融安全。您看我能担任贵报的编辑么？","url":"https://twitter.com/jieshixuwang101/status/1379483451405991939","username":"皆是虚妄"},{"relevant_topic_guid":"84cb4cbbde8e043539fd4dc879f8f131","cnt_retweet":"0","publish_time":"20210407081838","page_action_type":"08","cnt_agree":"8","topic_guid":"54f18ddc8c261b71462af55c91ab12d0","userid":"SVkwaNjf","cnt_comment":"0","content":"@ChineseWSJ 可以使用本国货币跨国交易，无需通过贵国支付系统，从而避免被贵国打劫","url":"https://twitter.com/SVkwaNjf/status/1379589395527831552","username":"*"},{"relevant_topic_guid":"a7ad0d6d03710a6ae920b5f7921cbb49","cnt_retweet":"0","publish_time":"20210410095024","page_action_type":"08","cnt_agree":"0","topic_guid":"4c34660a296ce24912527450c76f432b","userid":"LeeGilber","cnt_comment":"0","content":"@VOAChinese 除了“蛋定”还有什么办法？","url":"https://twitter.com/LeeGilber/status/1380699652694024195","username":"Gilber Lee"},{"relevant_topic_guid":"a7ad0d6d03710a6ae920b5f7921cbb49","cnt_retweet":"0","publish_time":"20210410091752","page_action_type":"08","cnt_agree":"0","topic_guid":"2e374ca1b930dcef6fb709e06bbd36d8","userid":"TomCrui57813198","cnt_comment":"0","content":"@VOAChinese 夸大宣传而已","url":"https://twitter.com/TomCrui57813198/status/1380691468789063680","username":"Tom Cruise"},{"relevant_topic_guid":"84cb4cbbde8e043539fd4dc879f8f131","cnt_retweet":"0","publish_time":"20210407124842","page_action_type":"08","cnt_agree":"0","topic_guid":"913d6e6ca8cb62f294b3be2a2e7cc7c7","userid":"Barry2377","cnt_comment":"0","content":"@ChineseWSJ 他们自己人会用吗*","url":"https://twitter.com/Barry2377/status/1379657361984385024","username":"freebay"},{"relevant_topic_guid":"a7ad0d6d03710a6ae920b5f7921cbb49","cnt_retweet":"0","publish_time":"20210410094354","page_action_type":"08","cnt_agree":"0","topic_guid":"d6b41764f00f4ad472921cd63cf55562","userid":"LjxyXiaoyu","cnt_comment":"0","content":"@VOAChinese 美联储今天印了多少美元？真nm淡定","url":"https://twitter.com/LjxyXiaoyu/status/1380698017037082624","username":"LJXY"},{"relevant_topic_guid":"a7ad0d6d03710a6ae920b5f7921cbb49","cnt_retweet":"0","publish_time":"20210410090435","page_action_type":"08","cnt_agree":"0","topic_guid":"463a02078d025e818dcd9dac62dad1b4","userid":"QiussChinese","cnt_comment":"0","content":"@VOAChinese 赌输了注销账号，永不进推特","url":"https://twitter.com/QiussChinese/status/1380688125438070784","username":"态度坚决面朝北（3号）"},{"relevant_topic_guid":"a7ad0d6d03710a6ae920b5f7921cbb49","cnt_retweet":"0","publish_time":"20210410092147","page_action_type":"08","cnt_agree":"0","topic_guid":"a3e0299275b28ba95502ed3a82ca95fa","userid":"Yan_zQ8","cnt_comment":"0","content":"@VOAChinese 如果自由兑换就好了，那么还需要美元吗？各国用各国货币算了，美国最怕就是这个，主要没有其他国家的羊毛可剪了，躺着赚钱的好日子没有确实难受的","url":"https://twitter.com/Yan_zQ8/status/1380692453158621186","username":"Roooo *"},{"relevant_topic_guid":"a7ad0d6d03710a6ae920b5f7921cbb49","cnt_retweet":"0","publish_time":"20210410090910","page_action_type":"08","cnt_agree":"0","topic_guid":"d7499fea9f72071ef08df5e6e17938d9","userid":"taoyang619","cnt_comment":"0","content":"@VOAChinese 他不淡定也没用呀","url":"https://twitter.com/taoyang619/status/1380689278817083394","username":"MrYang"},{"relevant_topic_guid":"9767e102454065d64d6244c29bd3409e","cnt_retweet":"0","publish_time":"20210406134048","page_action_type":"08","cnt_agree":"0","topic_guid":"19a162d635a78f7700fb25479627c515","userid":"stsy2021","cnt_comment":"0","content":"@271593369 @Xiaya64384327 @gjVE1b8CpZtK1cy @wang_bin4966 @XijinLi 支付宝借呗、花呗的余额，腾讯的Q币，与央行数币，本质是同一样东西，只不过发行主体和使同范围不同而己……","url":"https://twitter.com/stsy2021/status/1379308085768904707","username":"生騰死逸"},{"relevant_topic_guid":"e9041153f4b49e17df38d5818dff517f","cnt_retweet":"0","publish_time":"20210217195032","page_action_type":"08","cnt_agree":"0","topic_guid":"17dd3da22cab3e1d6ff96c3483e3a8b7","userid":"richardturrin","cnt_comment":"0","content":"5 Not a vendetta against the payment apps.  Instead the natural evolution of money.Deal with it.","url":"https://twitter.com/richardturrin/status/1362006512877506568","username":"Richard Turrin"},{"relevant_topic_guid":"09484e57897036b29eb4d1494244ffe7","cnt_retweet":"0","publish_time":"20210122185752","page_action_type":"08","cnt_agree":"1","topic_guid":"f3fcbe816840ef4fb23f8385f96fdc09","userid":"Bluefalcon79","cnt_comment":"0","content":"@val5linx Is this going to be listed on global exchanges? Or is it all China specific?","url":"https://twitter.com/Bluefalcon79/status/1352571177143660544","username":"Mandalorian7"},{"relevant_topic_guid":"1d9bdc641a5612925e0c87ceb301900d","cnt_retweet":"0","publish_time":"20210412152531","page_action_type":"08","cnt_agree":"0","topic_guid":"8ea985cbff7b96826a7b308e45286d00","userid":"bigbr0ther999","cnt_comment":"0","content":"@MingJingNews 台湾不是中国的吗有台湾参加不就是有中国参加吗官媒又搞台独？？？","url":"https://twitter.com/bigbr0ther999/status/1381508766974140423","username":"木木"},{"relevant_topic_guid":"dec9c47952a8f7ca1fc615f543edc9a5","cnt_retweet":"0","publish_time":"20210122215320","page_action_type":"08","cnt_agree":"0","topic_guid":"3f571dd2141474659db87c6cca2aec6f","userid":"albcoinofficial","cnt_comment":"0","content":"#Grayscale SEC\u0027e, önceki raporun yayınlanmasından bu yana bir hafta içinde şirketin 1,27 milyar dolar değerinde #Bitcoin satın aldığını belirten bir rapor sundu.https://t.co/uLVH4ns1dB","url":"https://twitter.com/albcoinofficial/status/1352615335179001856","username":"albcoin"},{"relevant_topic_guid":"826b5a2a280060c300ab186fa4160877","cnt_retweet":"0","publish_time":"20210127105725","page_action_type":"08","cnt_agree":"1","topic_guid":"36be53cd2e9035fc2327cd4e3e506b2a","userid":"GnostSpirit","cnt_comment":"0","content":"One reason why BSN is embracing CBDCs and stablecoins and eschewing other cryptocurrency as payment methods is it would cancel the mechanism of requiring payment of “gas fees” in the native tokens issued by the platform.","url":"https://twitter.com/GnostSpirit/status/1354262204279828481","username":"N⁰"},{"relevant_topic_guid":"1d9bdc641a5612925e0c87ceb301900d","cnt_retweet":"0","publish_time":"20210412154043","page_action_type":"08","cnt_agree":"0","topic_guid":"87a93b27b08d1f1d1ba256f5c8521546","userid":"cljoe721","cnt_comment":"0","content":"@MingJingNews 中國離崩潰還有一年。","url":"https://twitter.com/cljoe721/status/1381512589029515264","username":"瞧路人來了"},{"relevant_topic_guid":"1bf2e0079c56f2a687a840cc85af38db","cnt_retweet":"0","publish_time":"20210412214135","page_action_type":"08","cnt_agree":"0","topic_guid":"a08f5a063c216255ff9926c080506379","userid":"USAUSA95348691","cnt_comment":"0","content":"@WallStTV @MJTVHoPin .Weaken China, financially, technologically \u0026amp; structurally.Cut off USD supply to China. Dump China in a debt pool.Starve China of technology, esp. semiconductor tech.Induce civilian instability in China..China will collapse in 10 yrs. ❤    ❤    ❤    ❤    ❤    ❤","url":"https://twitter.com/USAUSA95348691/status/1381603407295696902","username":"USA USA"},{"relevant_topic_guid":"1bf2e0079c56f2a687a840cc85af38db","cnt_retweet":"1","publish_time":"20210412214156","page_action_type":"08","cnt_agree":"0","topic_guid":"95bfd4ef07d100c4c669b2893d6afb23","userid":"USAUSA95348691","cnt_comment":"0","content":"@WallStTV @MJTVHoPin .中共是極度邪惡國家利用 孔子學院 語言學院 顛覆美國根基利用 中美交流基金會 顛覆美國根基種族滅絕 新彊維族人 西藏 內蒙古人無完整臨床數據 售賣武肺疫苗圖利迫害控告囚禁 香港民運人士支持緬甸軍方 屠殺民運人士生摘法輪功學員器官 販賣賺錢各國必須 嚴厲 金融 科技 半導體 制裁 中共 !","url":"https://twitter.com/USAUSA95348691/status/1381603495577460736","username":"USA USA"},{"relevant_topic_guid":"e0322b565b1ee56a79bd150a435359b3","cnt_retweet":"0","publish_time":"20210119124156","page_action_type":"08","cnt_agree":"1","topic_guid":"e37322a51e645bb28c86a0a9b55610f7","userid":"vanalich","cnt_comment":"0","content":"@jamesplloyd Any chance of getting e-HKD? *","url":"https://twitter.com/vanalich/status/1351389405341126657","username":"Vanalich"},{"relevant_topic_guid":"ab483b58d3dd7d608904a9961f380210","cnt_retweet":"0","publish_time":"20210411002949","page_action_type":"08","cnt_agree":"4","topic_guid":"a54b9422a92e8347d0be402150cab318","userid":"peacele39124557","cnt_comment":"0","content":"@ChineseWSJ 华日丫就一忽悠报","url":"https://twitter.com/peacele39124557/status/1380920968768462850","username":"peace lee"},{"relevant_topic_guid":"e0322b565b1ee56a79bd150a435359b3","cnt_retweet":"0","publish_time":"20210119125823","page_action_type":"08","cnt_agree":"1","topic_guid":"97fd3743e5af143a644fc00ed0cef63d","userid":"paulmearsuk","cnt_comment":"0","content":"@jamesplloyd Reminds me of the efficiencies we are seeing at Dover and across the Irish Sea post Brexit ;-)","url":"https://twitter.com/paulmearsuk/status/1351393546394222592","username":"Paulmears **"},{"relevant_topic_guid":"1bf2e0079c56f2a687a840cc85af38db","cnt_retweet":"0","publish_time":"20210412214116","page_action_type":"08","cnt_agree":"0","topic_guid":"18800857c21056c88c651840b0b57ff2","userid":"USAUSA95348691","cnt_comment":"0","content":"@WallStTV @MJTVHoPin .歐美各國 只需  削弱 中共實力金融上 令中共  嚴重缺乏外匯科技上 令中共  再得不到西方科技結構上 令中共  內部民心不穩把中共 推入金融債務深淵令中共 科技 半導體 技術落後令中共 國內 經濟 金融 樓市 動盪.只需制裁中共, 十年內 中共必將崩潰 ❤    ❤    ❤    ❤    ❤    ❤","url":"https://twitter.com/USAUSA95348691/status/1381603327830466564","username":"USA USA"},{"relevant_topic_guid":"ab483b58d3dd7d608904a9961f380210","cnt_retweet":"0","publish_time":"20210410211102","page_action_type":"08","cnt_agree":"3","topic_guid":"a9cf803a6c6c9c35ef23502102a9220a","userid":"leewenzhen","cnt_comment":"0","content":"@ChineseWSJ 笑死了，美国人做什么都是正义，中国人做什么都是邪恶！****","url":"https://twitter.com/leewenzhen/status/1380870942461587460","username":"Boole li"},{"relevant_topic_guid":"ab483b58d3dd7d608904a9961f380210","cnt_retweet":"0","publish_time":"20210410214645","page_action_type":"08","cnt_agree":"4","topic_guid":"1ebcd34b55fe4bfe31a760746e87b689","userid":"Zzl1215","cnt_comment":"0","content":"@ChineseWSJ 美元衰败进一步凸显，灯塔沦为丧家之犬指日可待！*","url":"https://twitter.com/Zzl1215/status/1380879931274575873","username":"Zzl"},{"relevant_topic_guid":"ab483b58d3dd7d608904a9961f380210","cnt_retweet":"0","publish_time":"20210411104526","page_action_type":"08","cnt_agree":"6","topic_guid":"ad7908840e90d2fbecc5702e5453ccf7","userid":"AllebOce","cnt_comment":"0","content":"@ChineseWSJ 凡是敌人反对的，我们一定要坚持","url":"https://twitter.com/AllebOce/status/1381075892684787715","username":"Alleb Oce"},{"relevant_topic_guid":"1bf2e0079c56f2a687a840cc85af38db","cnt_retweet":"0","publish_time":"20210412214146","page_action_type":"08","cnt_agree":"0","topic_guid":"0dd0de898f8ac5f8e2ff9134aab0c0d7","userid":"USAUSA95348691","cnt_comment":"0","content":"@WallStTV @MJTVHoPin .中共 正在垂死掙扎！全世界人民 已清楚看到 中華人民共和國 是 極度邪惡的國家.種族滅絕 維吾爾人！毫無信用 違反 中英聯合聲明武力威脅 台灣 及衆南海國家背後支持 緬甸軍政府 屠殺民運人士無完整臨床數據 便售賣疫苗圖厚利 利用 孔子學院 語文學院 企圖顛覆美國中共奸暴邪惡 世所不容！","url":"https://twitter.com/USAUSA95348691/status/1381603450224472069","username":"USA USA"},{"relevant_topic_guid":"ab483b58d3dd7d608904a9961f380210","cnt_retweet":"0","publish_time":"20210410210859","page_action_type":"08","cnt_agree":"1","topic_guid":"8e02e47c673d42231dac7e21d62cef23","userid":"USSR__Red__Army","cnt_comment":"0","content":"@ChineseWSJ 中共國會通過電子貨幣監控平民，為了自由民主台灣應該帶頭抵制電子貨幣","url":"https://twitter.com/USSR__Red__Army/status/1380870425903648768","username":"☭苏共中央总书记\u0026伏尔加河垂钓人☭"}]