[{"relevant_topic_guid":"3b6da286888a700d1698f3e5180016ca","cnt_retweet":"0","publish_time":"20201027011841","page_action_type":"07","cnt_agree":"0","topic_guid":"3b6da286888a700d1698f3e5180016ca","userid":"MirrorNewsTV","cnt_comment":"0","content":"#中国新闻 最新节目：https://t.co/bSIp4lEPYM京西宾馆一带重兵戒备，中国未来25年国运全看十四五；解放军报头版刊文备战打仗；官方大唱粮食丰收，民间囤粮心理恐慌，中国急从缅甸进口；假冒数字人民币钱包先于真品 | 中国新闻（20201027） https://t.co/QKqRbR3N14","url":"https://twitter.com/MirrorNewsTV/status/1320776880170127366","username":"明镜新闻台"},{"relevant_topic_guid":"2f701292beaf4c777f65986275f737a4","cnt_retweet":"0","publish_time":"20201027125428","page_action_type":"07","cnt_agree":"0","topic_guid":"2f701292beaf4c777f65986275f737a4","userid":"GMJZdachengzi","cnt_comment":"0","content":"数字金元卷时代来临，共匪割韭菜的时刻到了。最多让老百姓过个好年，以后全中国的老百姓只需要拿着数字金元卷过日子就可以了。人民币？别想了，那都是拿来大撒币的。数字人民币不兑换外汇，不能购买黄金等贵重金属，不能回换人民币纸钞，并不能在国外使用。so！这波韭菜绝对是狠狠的连根拔起。 https://t.co/eWQ4X6Zi7r","url":"https://twitter.com/GMJZdachengzi/status/1320951977082314752","username":"大表哥看世界"},{"relevant_topic_guid":"31c0de5de80b159cd4d0050f08173e4b","cnt_retweet":"0","publish_time":"20201027011814","page_action_type":"07","cnt_agree":"0","topic_guid":"31c0de5de80b159cd4d0050f08173e4b","userid":"QuanQiuLianBao","cnt_comment":"0","content":"#中国新闻 最新节目：https://t.co/ayUQjTDapE京西宾馆一带重兵戒备，中国未来25年国运全看十四五；解放军报头版刊文备战打仗；官方大唱粮食丰收，民间囤粮心理恐慌，中国急从缅甸进口；假冒数字人民币钱包先于真品 | 中国新闻（20201027） https://t.co/J5LR8qEiwW","url":"https://twitter.com/QuanQiuLianBao/status/1320776767104339969","username":"全球新闻连报"},{"relevant_topic_guid":"1905db70e1964ba243ba66042c313448","cnt_retweet":"73","publish_time":"20201027211814","page_action_type":"07","cnt_agree":"164","topic_guid":"1905db70e1964ba243ba66042c313448","userid":"LQ0068","cnt_comment":"9","content":"⚡️10月23日，央行拟修改中国人民银行法：明确任何单位和个人禁止制作和发售数字代币。⚡️10月25日，央行数字货币研究所穆长春表示：市场上已经出现假冒的数字人民币钱包。—— 搞数字货币目的之一是为了海量超发，现在提前打预防针，告知数字货币并不安全，到时货币崩盘，就一推三六五，说是骗子干的。 https://t.co/Y8lZDpRmPF","url":"https://twitter.com/LQ0068/status/1321078756136546305","username":"李 庆"},{"relevant_topic_guid":"9ad2cab8e0e5aa7627944feb1c652bb5","cnt_retweet":"0","publish_time":"20201028014445","page_action_type":"07","cnt_agree":"0","topic_guid":"9ad2cab8e0e5aa7627944feb1c652bb5","userid":"NuevoMundoPE","cnt_comment":"0","content":"数字人民币正在加速挺进 或打破美元垄断地位 https://t.co/VvUPHJxgPX https://t.co/AjlNa0kvUj","url":"https://twitter.com/NuevoMundoPE/status/1321145826941587458","username":"Diario Nuevo Mundo"},{"relevant_topic_guid":"8e73eb00289961553f26c477ddfce9e6","cnt_retweet":"0","publish_time":"20201028103708","page_action_type":"07","cnt_agree":"0","topic_guid":"8e73eb00289961553f26c477ddfce9e6","userid":"ChainNewscom","cnt_comment":"0","content":"【数字人民币测试正在向深圳其他区域扩围】链闻消息，据中国证券报报道，在近 5 万市民获得 1000 万元红包进行消费的公测结束后，数字人民币测试正向深圳其他区域扩围。深圳福田区华强北一家国有银行支行网点的工作人员表示，目前数…… https://t.co/VvCs2bBNSx","url":"https://twitter.com/ChainNewscom/status/1321279806378565634","username":"链闻 ChainNews"},{"relevant_topic_guid":"7be0db4f1c09f09ec7397597d4130737","cnt_retweet":"0","publish_time":"20201027102909","page_action_type":"07","cnt_agree":"0","topic_guid":"7be0db4f1c09f09ec7397597d4130737","userid":"ChainNewscom","cnt_comment":"0","content":"【由央行数研所联合举办的全国密码技术创新大赛为获奖团队颁发数字人民币奖金 138 万元】链闻消息，据 21 世纪经济报道，由人民银行数字货币研究所和清华大学密码理论与技术研究中心联合主办的「金融密码杯」2020 全国密码应用…… https://t.co/ppn9fA08f1","url":"https://twitter.com/ChainNewscom/status/1320915407109324802","username":"链闻 ChainNews"},{"relevant_topic_guid":"0bb0ec5c3259cb1d50db6f4de2ade4d3","cnt_retweet":"0","publish_time":"20201027120031","page_action_type":"07","cnt_agree":"0","topic_guid":"0bb0ec5c3259cb1d50db6f4de2ade4d3","userid":"BitexBot","cnt_comment":"0","content":"#BitexFlow #China阿富汗离和平还有多远https://t.co/9Z9ohKDytD假的数字人民币钱包已出现，真的是啥样https://t.co/xKajy9bgae我国成功发射遥感三十号07组卫星https://t.co/QKxzJ5WAkT外交部领事司：再次提醒中国公民尽量避免跨境旅行https://t.co/r7Of4Ysaxp","url":"https://twitter.com/BitexBot/status/1320938403647549440","username":"bitex_bot"},{"relevant_topic_guid":"c78650cb50b4a93c3641993149bf9430","cnt_retweet":"0","publish_time":"20201026153217","page_action_type":"07","cnt_agree":"0","topic_guid":"c78650cb50b4a93c3641993149bf9430","userid":"texlahoma3","cnt_comment":"0","content":"数字人民币和支付宝：有啥不一样？ https://t.co/HZuYlSlB2W","url":"https://twitter.com/texlahoma3/status/1320629308277379074","username":"中评电讯"},{"relevant_topic_guid":"e2cb00d788268f19cdf38c886c34abee","cnt_retweet":"0","publish_time":"20201026153417","page_action_type":"07","cnt_agree":"1","topic_guid":"e2cb00d788268f19cdf38c886c34abee","userid":"_xHARVESTx_","cnt_comment":"0","content":"穆长春：市场上已出现假冒的数字人民币钱包_中证网 https://t.co/MdQf0zeFAP","url":"https://twitter.com/_xHARVESTx_/status/1320629811228766209","username":"HARVEST"},{"relevant_topic_guid":"6022eab142d3e424704ac156a9d9e1fd","cnt_retweet":"0","publish_time":"20201026205621","page_action_type":"07","cnt_agree":"0","topic_guid":"6022eab142d3e424704ac156a9d9e1fd","userid":"yamakota3737","cnt_comment":"0","content":"No.091 数字人民币＆清流 https://t.co/QqjjZqkO14","url":"https://twitter.com/yamakota3737/status/1320710861682520065","username":"りん魂1968"},{"relevant_topic_guid":"05d7f5221aa8f823770fbb39cf76d64b","cnt_retweet":"3","publish_time":"20201027134135","page_action_type":"07","cnt_agree":"17","topic_guid":"05d7f5221aa8f823770fbb39cf76d64b","userid":"bitex2047","cnt_comment":"2","content":"随着蚂蚁金服上市，登顶的马云危机四伏：华盛顿对华政策随时会把阿里或者蚂蚁纳入瞄准镜大秘被抓的二号人物和马云的关系不是互怼能摘干净的混改，数字人民币，准备金收缴推广到非银，高利贷限定15%，这些绞索都是短期集中抛出的，刚巧精准打击了阿里和蚂蚁？郭台铭此刻卖光阿里，必有缘由 https://t.co/vj4y4140hq","url":"https://twitter.com/bitex2047/status/1320963837223342080","username":"bitex"},{"relevant_topic_guid":"cc7412233da616135bb6a540a3a32f91","cnt_retweet":"0","publish_time":"20201026181423","page_action_type":"07","cnt_agree":"0","topic_guid":"cc7412233da616135bb6a540a3a32f91","userid":"XiaoZhen0537","cnt_comment":"0","content":"人民银行穆长春：数字人民币只能由商业银行提供，跟支付宝们不存在竞争 https://t.co/mFDYQbBlKi","url":"https://twitter.com/XiaoZhen0537/status/1320670098504470528","username":"每日头条 - 时事百科抢先看"},{"relevant_topic_guid":"68402667ad8c67c1715fafaecfd10d5b","cnt_retweet":"0","publish_time":"20201026150004","page_action_type":"07","cnt_agree":"0","topic_guid":"68402667ad8c67c1715fafaecfd10d5b","userid":"XiaohaoMajia","cnt_comment":"0","content":"“数字人民币应该坚持央行中心化监管。此举一方面有利于抵御加密资产和全球性稳定币的侵蚀，防止货币发行权旁落” 。 原来央行这么看重数字货币对传统人民币的冲击……https://t.co/z0Vg6jL9i8 https://t.co/uqnCmwpElk","url":"https://twitter.com/XiaohaoMajia/status/1320621198967934977","username":"小号马甲"},{"relevant_topic_guid":"99ea2272f8572a1a3d06c5b79d9eaa9e","cnt_retweet":"0","publish_time":"20201026134208","page_action_type":"07","cnt_agree":"0","topic_guid":"99ea2272f8572a1a3d06c5b79d9eaa9e","userid":"music5599","cnt_comment":"0","content":"央行拟为数字人民币修法 分析：逃避美国金融制裁https://t.co/reyizmBDRw","url":"https://twitter.com/music5599/status/1320601586956054529","username":"music5599守护正义良知～搬家新居safechat.com，新家用户名：music5599"},{"relevant_topic_guid":"77ff2a230ccae99da002627a8b0c5dbd","cnt_retweet":"0","publish_time":"20201026172929","page_action_type":"07","cnt_agree":"0","topic_guid":"77ff2a230ccae99da002627a8b0c5dbd","userid":"ZSOpinion","cnt_comment":"0","content":"中国央行：数字人民币不与微信支付宝竞争 不靠行政强制来实现https://t.co/mz5kC9ssKK","url":"https://twitter.com/ZSOpinion/status/1320658802752983040","username":"Steven Lin"},{"relevant_topic_guid":"60cc2374bb315422be16b116e27cfac9","cnt_retweet":"0","publish_time":"20201026223434","page_action_type":"07","cnt_agree":"0","topic_guid":"60cc2374bb315422be16b116e27cfac9","userid":"ryxtony","cnt_comment":"0","content":"#PLUSTOKENPLUS TOKEN_2020_10_26傅老师《一起学习穆所长解读数字人民币》https://t.co/LquG7cmEHb","url":"https://twitter.com/ryxtony/status/1320735577768185856","username":"美国恩典与希望留学饶博士"},{"relevant_topic_guid":"5233d90b6ca09c796671399e515e4bc2","cnt_retweet":"0","publish_time":"20201028045134","page_action_type":"07","cnt_agree":"0","topic_guid":"5233d90b6ca09c796671399e515e4bc2","userid":"Ming18441629","cnt_comment":"0","content":"吐槽下不同人对区块链的看法普通人：这玩意儿是啥和数字人民币有啥关系韭菜：骗局！投资人：没有杀手级应用，但割韭菜太香了工业界：没有也行，有了更好学术界：只要写区块链内卷就追不上我技术极客：我们的愿景是建立新的金融体系，与各国的货币系统battle。 我们会是世界的中心，而又没有中心 https://t.co/CO0cY8SBHL","url":"https://twitter.com/Ming18441629/status/1321192840987176960","username":"Idyll"},{"relevant_topic_guid":"b55c09330de916df914c71dbdf9d206a","cnt_retweet":"0","publish_time":"20201026114343","page_action_type":"07","cnt_agree":"0","topic_guid":"b55c09330de916df914c71dbdf9d206a","userid":"3rrhCxjSUEGOAZx","cnt_comment":"0","content":"【央行穆长春：微信、支付宝和央行数字人民币不存在竞争关系】电子支付场景下，微信和支付宝这个钱包里装的是商业银行存款货币，数字人民币发行后，大家仍然可以用微信支付宝进行支付 ，只不过钱包里装的内容增加了数字人民币，所以和数字人民币并不存在竞争关系。","url":"https://twitter.com/3rrhCxjSUEGOAZx/status/1320571787868921857","username":"Bixinex"},{"relevant_topic_guid":"291141ce3268e8a836f060b1ce8ebc73","cnt_retweet":"10","publish_time":"20201026092207","page_action_type":"07","cnt_agree":"36","topic_guid":"291141ce3268e8a836f060b1ce8ebc73","userid":"SusanHa70016730","cnt_comment":"14","content":"⭕️见识一下人民币数字货币的模样⭕️同时央行紧急警报：市场上已出现假冒数字人民币钱包*** https://t.co/lx9TLyQEYY","url":"https://twitter.com/SusanHa70016730/status/1320536151866785792","username":"Susan 韓"},{"relevant_topic_guid":"43fe5b503256662bacbfd3fdc370a7a3","cnt_retweet":"0","publish_time":"20201026125845","page_action_type":"07","cnt_agree":"0","topic_guid":"43fe5b503256662bacbfd3fdc370a7a3","userid":"leiphone_com","cnt_comment":"0","content":"美国宣布禁运光刻、5nm技术，6项关键新兴技术遭限制；华为Mate 40卖爆了；央行称数字人民币和微信支付宝无竞争 | 雷锋早报 https://t.co/jaI7I8TDmT https://t.co/N6248lpue1 https://t.co/bHSCf5nIyj","url":"https://twitter.com/leiphone_com/status/1320590669988175872","username":"雷锋网"},{"relevant_topic_guid":"de0d619af95ba8d85a4e39b1cab1c24f","cnt_retweet":"0","publish_time":"20201026105708","page_action_type":"07","cnt_agree":"0","topic_guid":"de0d619af95ba8d85a4e39b1cab1c24f","userid":"ChainNewscom","cnt_comment":"0","content":"【央行穆长春：数字人民币与纸币将长期共存】央行数字货币研究所所长穆长春表示，数字人民币坚持央行中心化监管，并以市场化方式推进，数字人民币将与纸币长期共存。 https://t.co/mtqaXnACbE","url":"https://twitter.com/ChainNewscom/status/1320560062801301504","username":"链闻 ChainNews"},{"relevant_topic_guid":"e46d88bba7477a0b7cc5120fce10973d","cnt_retweet":"0","publish_time":"20201026110300","page_action_type":"07","cnt_agree":"0","topic_guid":"e46d88bba7477a0b7cc5120fce10973d","userid":"mashdaily","cnt_comment":"0","content":"最新消息: 早报 | 苹果回应 iPhone 12 用 5G 耗电快 / 数字人民币仍面临防伪问题 / 新疆喀什启动一级响应 https://t.co/2xUyzBmEd5  #中国","url":"https://twitter.com/mashdaily/status/1320561537619091463","username":"Lazybones Wuhan Vancouver"},{"relevant_topic_guid":"2571bd71b97676fc321666fd3e9ebf20","cnt_retweet":"0","publish_time":"20201026113430","page_action_type":"07","cnt_agree":"0","topic_guid":"2571bd71b97676fc321666fd3e9ebf20","userid":"aniutv","cnt_comment":"0","content":"【央行数字人民币是什么？】数字人民币与实物人民币等价，是具有价值特征和法偿性的法币，支付宝、微信支付等是依靠商业银行账户中的存款货币交易，实质是法币支付通道。数字人民币属于M0，支付宝和微信账户里的钱，则是非存款类金融机构存款，属于M2也就是广义货币的范畴。#人民币 #数字货币","url":"https://twitter.com/aniutv/status/1320569468397916161","username":"点掌财经"},{"relevant_topic_guid":"be23f66cc950dc8eedb39e3eff975e3d","cnt_retweet":"1","publish_time":"20201026110000","page_action_type":"07","cnt_agree":"0","topic_guid":"be23f66cc950dc8eedb39e3eff975e3d","userid":"CCTVAsiaPacific","cnt_comment":"0","content":"** PBOC: #DigitalRMB and banknotes will coexist for long.** 穆长春：#数字人民币 和纸币将长期共存。https://t.co/N5ZgIg0W3O https://t.co/xEy1jXZmzs","url":"https://twitter.com/CCTVAsiaPacific/status/1320560785756545024","username":"CCTV Asia Pacific"},{"relevant_topic_guid":"e107e150212f5902e8dbfd15e2bf25bd","cnt_retweet":"0","publish_time":"20201026113954","page_action_type":"07","cnt_agree":"0","topic_guid":"e107e150212f5902e8dbfd15e2bf25bd","userid":"3rrhCxjSUEGOAZx","cnt_comment":"0","content":"在第二届外滩金融峰会论坛上，央行数字货币研究所所长穆长春表示，数字人民币的发行不是靠行政强制来实现的，而是应该以市场化的方式进行，也就是说老百姓需要兑换多少，我们就发行多少。另外，只要老百姓有使用纸钞的需求，央行就不会停止纸钞的供应。在可预见的将来，数字人民币和纸钞将长期并存。","url":"https://twitter.com/3rrhCxjSUEGOAZx/status/1320570824571539456","username":"Bixinex"},{"relevant_topic_guid":"161e7e5115ad0a5b01109c37a6e033e1","cnt_retweet":"0","publish_time":"20201026122250","page_action_type":"07","cnt_agree":"6","topic_guid":"161e7e5115ad0a5b01109c37a6e033e1","userid":"cherylnatsu","cnt_comment":"1","content":"社会主义国家办事效率高，推“健康码”“数字人民币”都是一条命令的事情，毫无阻力。你觉得推“鸿蒙操作系统”会推不动？","url":"https://twitter.com/cherylnatsu/status/1320581632017924096","username":"夏雨婷"},{"relevant_topic_guid":"33c87e4ae9b045bf09fa1b7fb781a80f","cnt_retweet":"0","publish_time":"20201026142035","page_action_type":"07","cnt_agree":"3","topic_guid":"33c87e4ae9b045bf09fa1b7fb781a80f","userid":"worinibaba","cnt_comment":"0","content":"数字人民币①纸钞能买的东西数字人民币也能购买②数字人民币和纸钞将长期并存③微信 支付宝和数字人民币无竞争关系④数字人民币生态建设过程中，要确保由市场来发挥资源配置的决定性作用⑤统筹管理数字人民币发行额度，杜绝超发。(21世纪经济)","url":"https://twitter.com/worinibaba/status/1320611261080576000","username":"鋼板桜桃8½"},{"relevant_topic_guid":"4ce11f25bd3df2358a8ccea4ffd0ab96","cnt_retweet":"1","publish_time":"20201029081604","page_action_type":"07","cnt_agree":"0","topic_guid":"4ce11f25bd3df2358a8ccea4ffd0ab96","userid":"2gZKd9bTaiBba5E","cnt_comment":"0","content":"【禁闻】数字人民币试行不足一月 已出现假币 https://t.co/gtTmMKbErO","url":"https://twitter.com/2gZKd9bTaiBba5E/status/1321606691159371776","username":"吳吾"},{"relevant_topic_guid":"153dba3b797ef70b5590bd76e97252b8","cnt_retweet":"0","publish_time":"20201029110007","page_action_type":"07","cnt_agree":"0","topic_guid":"153dba3b797ef70b5590bd76e97252b8","userid":"jinwei81685831","cnt_comment":"0","content":"数字人民币试行不足一月 已出现假币 https://t.co/fNtOkyMzvC","url":"https://twitter.com/jinwei81685831/status/1321647978633928705","username":"jinwei"},{"relevant_topic_guid":"c4ffc5c42507d962f12e4503001be0ea","cnt_retweet":"0","publish_time":"20201029081009","page_action_type":"07","cnt_agree":"0","topic_guid":"c4ffc5c42507d962f12e4503001be0ea","userid":"ChainNewscom","cnt_comment":"0","content":"【科普向 | 简明解读数字人民币特性与发行原因】数字人民币发行的部分原因是为了抵御加密资产与全球性稳定币的侵蚀。 https://t.co/DzWLKQJhvj","url":"https://twitter.com/ChainNewscom/status/1321605204056354816","username":"链闻 ChainNews"},{"relevant_topic_guid":"150e4616d077157d9f3c655d451b194f","cnt_retweet":"0","publish_time":"20201029112210","page_action_type":"07","cnt_agree":"0","topic_guid":"150e4616d077157d9f3c655d451b194f","userid":"music5599","cnt_comment":"0","content":"标榜“最安全”货币 数字人民币尚在试行已现假币https://t.co/DgnaPnKH7K","url":"https://twitter.com/music5599/status/1321653527169560576","username":"music5599守护正义良知～搬家新居safechat.com，新家用户名：music5599"},{"relevant_topic_guid":"6d7838b1fea2bd0e5e17fad1d168d25e","cnt_retweet":"1","publish_time":"20201029111036","page_action_type":"07","cnt_agree":"1","topic_guid":"6d7838b1fea2bd0e5e17fad1d168d25e","userid":"xiaoxin11786630","cnt_comment":"0","content":"数字人民币试行不足一月 已出现假币消息传出后，立刻引发舆论哗然，迅速登上微博热搜第一名。有网友说，“之前还在吹牛皮，说数字货币的一大优点就是无法伪造，然而真数字货币还没见过，假的已经出来了。”有学者则表示，数字货币比纸币更容易伪造，而且伪造成本更低。 https://t.co/yzz2gZVEQE","url":"https://twitter.com/xiaoxin11786630/status/1321650617467752448","username":"xiaoxing"},{"relevant_topic_guid":"a517b6c3c375c45fc5a651c2ee41690b","cnt_retweet":"1","publish_time":"20201029105948","page_action_type":"07","cnt_agree":"0","topic_guid":"a517b6c3c375c45fc5a651c2ee41690b","userid":"Zack0330","cnt_comment":"0","content":"*数字人民币不能出境！*数字人民币不能买卖黄金和美元等外汇*！经济内循环~~貌似就差一个大锅盖了。深层意义大家自己体会… https://t.co/V9jA6q9gdA","url":"https://twitter.com/Zack0330/status/1321647896786337793","username":"全球护照办理：13324500772"},{"relevant_topic_guid":"5c7290b598aa44bb7ccb46b6fd5bc686","cnt_retweet":"0","publish_time":"20201029110427","page_action_type":"07","cnt_agree":"0","topic_guid":"5c7290b598aa44bb7ccb46b6fd5bc686","userid":"china5000_us","cnt_comment":"0","content":"数字人民币风险大   真币未发行  假币已出现  https://t.co/hx3kNSAKkh","url":"https://twitter.com/china5000_us/status/1321649067487858689","username":"china5000.us"},{"relevant_topic_guid":"1883878aeed15e9487ec7cd424bba670","cnt_retweet":"1","publish_time":"20201029081455","page_action_type":"07","cnt_agree":"0","topic_guid":"1883878aeed15e9487ec7cd424bba670","userid":"ljs416039486","cnt_comment":"0","content":"数字人民币已经出现假冒了，纸质钞票的核心技术还没折腾明白，就去搞这些花里胡哨的。真怕那一天被人破解了，又搞成金圆券。","url":"https://twitter.com/ljs416039486/status/1321606402649985024","username":"表哥"},{"relevant_topic_guid":"136ba0b5caabac3962e6a6527a5b253a","cnt_retweet":"0","publish_time":"20201029062427","page_action_type":"07","cnt_agree":"1","topic_guid":"136ba0b5caabac3962e6a6527a5b253a","userid":"aozxw","cnt_comment":"0","content":"数字人民币尚在试行已出现假币 https://t.co/cSvRJ1q3x7","url":"https://twitter.com/aozxw/status/1321578603868524544","username":"澳洲新闻网"},{"relevant_topic_guid":"49f3fbd1beb34c4a52a655a158dd6886","cnt_retweet":"0","publish_time":"20201029002024","page_action_type":"07","cnt_agree":"0","topic_guid":"49f3fbd1beb34c4a52a655a158dd6886","userid":"YCCHAN17","cnt_comment":"0","content":"数字人民币尚在试行已出现假币 https://t.co/HzsSty019S","url":"https://twitter.com/YCCHAN17/status/1321486985886715905","username":"YC CHAN"},{"relevant_topic_guid":"4ab2e19d90f69b734b41dcde5a2820ca","cnt_retweet":"8","publish_time":"20201029024201","page_action_type":"07","cnt_agree":"5","topic_guid":"4ab2e19d90f69b734b41dcde5a2820ca","userid":"aboluowang","cnt_comment":"1","content":"数字人民币尚在试行已出现假币 伪造成本更低 消息迅速登上热搜榜首位(图):… https://t.co/SH1I2UtCP7 #数字人民币 #假币 #中国经济 https://t.co/w22IdGNtH4","url":"https://twitter.com/aboluowang/status/1321522625168896000","username":"阿波罗网唯一官方推号"},{"relevant_topic_guid":"f8e08ec078136b723cee063ec13bac68","cnt_retweet":"0","publish_time":"20201029064850","page_action_type":"07","cnt_agree":"1","topic_guid":"f8e08ec078136b723cee063ec13bac68","userid":"Selinacolchest","cnt_comment":"0","content":"数字人民币试行不足一月 已出现假币中共高调推行数字人民币，中共央行声称，相比纸币和其他支付手段，数字人民币“最安全”，可以有效杜绝假币扰乱社会经济秩序。但是试行不到一个月央行数字货币研究所所长 穆长春，10月25号在第二届外滩金融峰会上披露，市场上已经出现了假冒的数字人民币钱包。 https://t.co/vSt6LHTnVO","url":"https://twitter.com/Selinacolchest/status/1321584739204169728","username":"Selina"},{"relevant_topic_guid":"bf83dd1f00f00902709d0021e7b3b601","cnt_retweet":"9","publish_time":"20201029063448","page_action_type":"07","cnt_agree":"15","topic_guid":"bf83dd1f00f00902709d0021e7b3b601","userid":"dropping817","cnt_comment":"1","content":"中国央行数字货币研究所所长穆长春近期披露，在试点城市已经出现了假冒数字人民币钱包，央行面临着防伪和防假的问题。从事IT行业的专家说，传统纸币要比数字货币安全得多，安全保障更大，但是数字货币随时可被高手篡改，他们的作假能力超越政府的认知。大量假币的出现，货币市场会受到巨大冲击。 https://t.co/1ab25rBC0M","url":"https://twitter.com/dropping817/status/1321581206194958338","username":"曹 川"},{"relevant_topic_guid":"b5c6d83c665a44caeee4194497fe9ff6","cnt_retweet":"0","publish_time":"20201029000435","page_action_type":"07","cnt_agree":"1","topic_guid":"b5c6d83c665a44caeee4194497fe9ff6","userid":"cdwxzz1","cnt_comment":"0","content":"数字人民币…就是个舔腳笑话 https://t.co/aOmhVDwvbw","url":"https://twitter.com/cdwxzz1/status/1321483007258030081","username":"光亮_cdwxzz"},{"relevant_topic_guid":"0f83d02b850c17c46fbd8eca3e4df4f8","cnt_retweet":"7","publish_time":"20201029040436","page_action_type":"07","cnt_agree":"19","topic_guid":"0f83d02b850c17c46fbd8eca3e4df4f8","userid":"h5LPyKL7TP6jjop","cnt_comment":"0","content":"中国推“数字人民币”号称最安全 才试行已见假货中国人民银行拟推“数字人民币”，目前正处于内部封闭试点测试阶段，官方还吹擂表示“数字人民币”是最安全的数字货币。没想到，近日中国人民银行就公开自打脸，表示市面上已经出现假冒数字人民币钱包，就和纸钞时代一样，人民银行依然面临伪造问题。 https://t.co/xZMwEJPkQK","url":"https://twitter.com/h5LPyKL7TP6jjop/status/1321543407794184192","username":"老司机"},{"relevant_topic_guid":"6b60b2d7098556fe3abd6eb0133fb35e","cnt_retweet":"0","publish_time":"20201029040959","page_action_type":"07","cnt_agree":"0","topic_guid":"6b60b2d7098556fe3abd6eb0133fb35e","userid":"ying32178493","cnt_comment":"0","content":"中国电子支付风气盛行，中国人民银行拟推“数字人民币”，目前正处于内部封闭试点测试阶段，官方还吹擂表示“数字人民币”是最安全的数字货币。没想到，近日中国人民银行就公开自打脸，表示市面上已经出现假冒数字人民币钱包，就和纸钞时代一样，人民银行依然面临伪造问题。","url":"https://twitter.com/ying32178493/status/1321544763112390662","username":"ying"},{"relevant_topic_guid":"bfd4485a3d0b7715e11d05b4b159663b","cnt_retweet":"0","publish_time":"20201028212532","page_action_type":"07","cnt_agree":"0","topic_guid":"bfd4485a3d0b7715e11d05b4b159663b","userid":"cworklworld","cnt_comment":"0","content":"数字人民币尚在试行已出现假币 https://t.co/QAIeQpMvWG","url":"https://twitter.com/cworklworld/status/1321442980142571520","username":"pacific"},{"relevant_topic_guid":"692788a8ecd91d5c7b3976ce864e37c0","cnt_retweet":"0","publish_time":"20201029014444","page_action_type":"07","cnt_agree":"0","topic_guid":"692788a8ecd91d5c7b3976ce864e37c0","userid":"NuevoMundoPE","cnt_comment":"0","content":"中国将修法护航数字人民币 https://t.co/r3SMQFYEuN https://t.co/6EDdenvwtD","url":"https://twitter.com/NuevoMundoPE/status/1321508210558312451","username":"Diario Nuevo Mundo"},{"relevant_topic_guid":"eea04ba298082587095d24122b595874","cnt_retweet":"2","publish_time":"20201029004913","page_action_type":"07","cnt_agree":"6","topic_guid":"eea04ba298082587095d24122b595874","userid":"SoundOfHope_SOH","cnt_comment":"0","content":"【数字人民币一度热搜第一！尚在试行 市场已现假币】 #中共 当局急推 #数字人民币 ，宣称方便、安全，但目前尚在 #试行阶段 ，即已出现 #假币 ，引发舆论哗然https://t.co/jvfUv5FUkt https://t.co/lUD0iedLpU","url":"https://twitter.com/SoundOfHope_SOH/status/1321494238014676997","username":"希望之聲 - 中國時局"},{"relevant_topic_guid":"cabe9ebf69f525845d80bd2b005c3dd4","cnt_retweet":"0","publish_time":"20201028194244","page_action_type":"07","cnt_agree":"0","topic_guid":"cabe9ebf69f525845d80bd2b005c3dd4","userid":"chiu_waiho","cnt_comment":"0","content":"怎么感觉有点像fake news，作者根本不清楚数字货币的原理吧，“用设计软件做假钱包”？？！，这样不能花的假钱包有什么用？自由亚洲电台: 数字人民币尚在试行已出现假币.https://t.co/zCDKNED5fb通过 @GoogleNews","url":"https://twitter.com/chiu_waiho/status/1321417109490954240","username":"m1000"},{"relevant_topic_guid":"3c260db2f03477f5730e9440a706584f","cnt_retweet":"0","publish_time":"20201028194658","page_action_type":"07","cnt_agree":"0","topic_guid":"3c260db2f03477f5730e9440a706584f","userid":"Devilpapa9","cnt_comment":"0","content":"数字人民币尚在试行已出现假币 https://t.co/qe3z0pNWXp","url":"https://twitter.com/Devilpapa9/status/1321418174663774210","username":"Terry Meng"},{"relevant_topic_guid":"5a9c10339e4d1a29b650e40cd5df55ae","cnt_retweet":"0","publish_time":"20201028193600","page_action_type":"07","cnt_agree":"2","topic_guid":"5a9c10339e4d1a29b650e40cd5df55ae","userid":"qien_1912","cnt_comment":"0","content":"央行数字货币研究所所长穆长春：数字人民币依然面临着防伪和防假的问题https://t.co/2K1JAcsMZ2 https://t.co/MCtmfHfHRO","url":"https://twitter.com/qien_1912/status/1321415414883049473","username":"Qien Liu，刘奇恩"},{"relevant_topic_guid":"bd72be26b77c596ed00757da1005c3f4","cnt_retweet":"0","publish_time":"20201028204407","page_action_type":"07","cnt_agree":"0","topic_guid":"bd72be26b77c596ed00757da1005c3f4","userid":"pzxz2021","cnt_comment":"0","content":"中国数字人民币目前正在深圳等地试点，曾被当局成为“最安全”的数字货币，原来并不安全。中国央行数字货币研究所所长穆长春近期披露，在试点城市已经出现了假冒数字人民币钱包，央行面临着防伪和防假的问题。学者认为，数字货币比纸币更容易伪造，而且伪造成本更低。(RFA28日)","url":"https://twitter.com/pzxz2021/status/1321432559138398209","username":"大中国区新闻"},{"relevant_topic_guid":"75fec36818e3a7466ddf8cc0c36e314c","cnt_retweet":"0","publish_time":"20201028173449","page_action_type":"07","cnt_agree":"0","topic_guid":"75fec36818e3a7466ddf8cc0c36e314c","userid":"Jackpot202011","cnt_comment":"0","content":"人家说的是假钱包，不是假币。假钱包是骗人存钱进去。数字人民币不会有假币。看里面留言的人多兴奋，就是无脑附和。","url":"https://twitter.com/Jackpot202011/status/1321384919436722179","username":"姜太公的太公"},{"relevant_topic_guid":"b4a679fa5f2accc2c91dc0d04b39743a","cnt_retweet":"0","publish_time":"20210502181432","page_action_type":"07","cnt_agree":"0","topic_guid":"b4a679fa5f2accc2c91dc0d04b39743a","userid":"PeterHebly","cnt_comment":"0","content":"Interessant stuk over ondermijning van de US Dollar als reservemunt door int’l sanctiebeleid van de VS. En Central Bank Digital Currencies (CBDC’s) zoals China’s e-CNY als middel om gevestigde financiële infrastructuur (incl. sancties en USD) te omzeilen. https://t.co/AqYgXwcxJx","url":"https://twitter.com/PeterHebly/status/1388799057410338817","username":"*︎* ★★★★☆ *"},{"relevant_topic_guid":"3975bd5b5bf68670807ce12d0db5ea28","cnt_retweet":"0","publish_time":"20210502060230","page_action_type":"07","cnt_agree":"0","topic_guid":"3975bd5b5bf68670807ce12d0db5ea28","userid":"MackieLowePWM","cnt_comment":"0","content":"What is the e-CNY, China\u0027s digital currency created by its central bank? Nicole Sy explores how it could work, who gets to use it, and the challenges it could run up against. https://t.co/bJbgQO32SP https://t.co/91U6G5K0md","url":"https://twitter.com/MackieLowePWM/status/1388614836553195524","username":"MACKIE/LOWE PRIVATE WEALTH MANAGEMENT"},{"relevant_topic_guid":"d572dc80efeb028de0365e0647551ad8","cnt_retweet":"0","publish_time":"20210426090803","page_action_type":"07","cnt_agree":"0","topic_guid":"d572dc80efeb028de0365e0647551ad8","userid":"bdyuvu","cnt_comment":"0","content":"数字人民币是记名的，谁的名下有多少钱中央银行都知道，因此政府可以将财产与个人直接匹配。下面的场景是完全可能的：大街上的摄像头发现有人乱穿马路，通过人脸识别，认出这个人是你，系统直接扣除你的数字人民币，作为罚款。不像现在，操作起来很麻烦，还要确认你的账户在哪一个银行，里面有没有钱。","url":"https://twitter.com/bdyuvu/status/1386487201446252544","username":"菩提树下一猢狲"},{"relevant_topic_guid":"bacd1517b0ab5068922c7bbca87684f3","cnt_retweet":"0","publish_time":"20210425040741","page_action_type":"07","cnt_agree":"0","topic_guid":"bacd1517b0ab5068922c7bbca87684f3","userid":"HIMALAYA_IT","cnt_comment":"0","content":"2021年4月23号 文贵直播：智囊团失信，军事被美打击，数字人民币DCEP被全世界抵制，习成孤家寡人；国内政治变化正在发生中；此次开庭希望能让新中国联邦人认识到媒体和法律的力量！https://t.co/Cv9wkEHj31","url":"https://twitter.com/HIMALAYA_IT/status/1386049225339899906","username":"Guglielmo"},{"relevant_topic_guid":"3d13f69cf60e4521f3f7cc646c8344a2","cnt_retweet":"0","publish_time":"20210425020547","page_action_type":"07","cnt_agree":"0","topic_guid":"3d13f69cf60e4521f3f7cc646c8344a2","userid":"dongxingliu1","cnt_comment":"0","content":"2021年4月23号 文贵直播：智囊团失信，军事被美打击，数字人民币DCEP被全世界抵制，习成孤家寡人；国内政治变化正在发生中；此次开庭希望能让... https://t.co/6BijxCrTKU 来自 @YouTube","url":"https://twitter.com/dongxingliu1/status/1386018549077094400","username":"森林"},{"relevant_topic_guid":"1e6908f372bb7d9492fda50a76108ac7","cnt_retweet":"0","publish_time":"20210425020536","page_action_type":"07","cnt_agree":"0","topic_guid":"1e6908f372bb7d9492fda50a76108ac7","userid":"qsh2017nyc","cnt_comment":"0","content":"2021年4月23号 文贵直播：智囊团失信，军事被美打击，数字人民币DCEP被全世界抵制，习成孤家寡人；国内政治变化正在发生中；此次开庭希望能让... https://t.co/RYSHKi6Ok2 来自 @YouTube","url":"https://twitter.com/qsh2017nyc/status/1386018501614133250","username":"推墙党"},{"relevant_topic_guid":"6cc5e7d8e5268a86eab4154a35c89d18","cnt_retweet":"1","publish_time":"20210424203314","page_action_type":"07","cnt_agree":"2","topic_guid":"6cc5e7d8e5268a86eab4154a35c89d18","userid":"EOXO9zCujKpSmCv","cnt_comment":"0","content":"2021年4月23号 文贵直播：智囊团失信，军事被美打击，数字人民币DCEP被全世界抵制，习成孤家寡人；国内政治变化正在发生中；此次开庭希望能让... https://t.co/1fqKK86g9L 來自 @YouTube","url":"https://twitter.com/EOXO9zCujKpSmCv/status/1385934860523491334","username":"小蚂蚁1028"},{"relevant_topic_guid":"28fea2cc1771ebd2187941e31dac72eb","cnt_retweet":"0","publish_time":"20210424220052","page_action_type":"07","cnt_agree":"0","topic_guid":"28fea2cc1771ebd2187941e31dac72eb","userid":"ht79785244","cnt_comment":"0","content":"2021年4月23号 文贵直播：智囊团失信，军事被美打击，数字人民币DCEP被全世界抵制，习成孤家寡人；国内政治变化正在发生中；此次开庭希望能让... https://t.co/pL7290b9Cx 来自 @YouTube","url":"https://twitter.com/ht79785244/status/1385956912907292674","username":"ht"},{"relevant_topic_guid":"c26be9dea8b94bee36f503dc7d365133","cnt_retweet":"0","publish_time":"20210425000422","page_action_type":"07","cnt_agree":"0","topic_guid":"c26be9dea8b94bee36f503dc7d365133","userid":"emi90654928","cnt_comment":"0","content":"2021年4月23号 文贵直播：智囊团失信，军事被美打击，数字人民币DCEP被全世界抵制，习成孤家寡人；国内政治变化正在发生中；此次开庭希望能让... https://t.co/59VRGYJebZ via @YouTube","url":"https://twitter.com/emi90654928/status/1385987991202529293","username":"xiaoduoka(英喜小芽菜2）"},{"relevant_topic_guid":"ab83b2ee6044fb2ccd3ced81cfbab779","cnt_retweet":"0","publish_time":"20210424225354","page_action_type":"07","cnt_agree":"0","topic_guid":"ab83b2ee6044fb2ccd3ced81cfbab779","userid":"gaojiejie888","cnt_comment":"0","content":"2021年4月23号 文贵直播：智囊团失信，军事被美打击，数字人民币DCEP被全世界抵制，习成孤家寡人；国内政治变化正在发生中；此次开庭希望能让... https://t.co/pMFeXmsu22 来自 @YouTube","url":"https://twitter.com/gaojiejie888/status/1385970259002204162","username":"Jiejie(澳喜特战旅)"},{"relevant_topic_guid":"7e5722109478ba8c3095c216dd9557c8","cnt_retweet":"13","publish_time":"20210424214918","page_action_type":"07","cnt_agree":"8","topic_guid":"7e5722109478ba8c3095c216dd9557c8","userid":"rose22282903","cnt_comment":"0","content":"7. 8，90%的有效GDP国家要封杀数字人民币。郭树清是73马仔，但XI不敢换。人行副行长，外管局潘功胜也是73的人。数字人民币是中国噩梦币，敢用这个就是共产党。栗战书1年前就靠边站了。丁薛祥、王沪宁、许其亮、何总参谋长、郭树清、潘功胜、栗战书失信，还剩谁了？","url":"https://twitter.com/rose22282903/status/1385954001934557188","username":"布谷鸟（挺郭灭共）机梯微同名**"},{"relevant_topic_guid":"26e57b60554e379165f5fddae6f8f500","cnt_retweet":"0","publish_time":"20210424200722","page_action_type":"07","cnt_agree":"0","topic_guid":"26e57b60554e379165f5fddae6f8f500","userid":"Maryhao5","cnt_comment":"0","content":"2021年4月23号 文贵直播：智囊团失信，军事被美打击，数字人民币DCEP被全世界抵制，习成孤家寡人；国内政治变化正在发生中；此次开庭希望能让... https://t.co/gtpcUJya7g via @YouTube Support these fighters to take down the CCP who is the biggest enemy in our world!","url":"https://twitter.com/Maryhao5/status/1385928349906882561","username":"Mary_hao (new account, stand with justice）"},{"relevant_topic_guid":"37f0889b93556b6c9e739f410cef2fbf","cnt_retweet":"7","publish_time":"20210424190738","page_action_type":"07","cnt_agree":"10","topic_guid":"37f0889b93556b6c9e739f410cef2fbf","userid":"jielilee007","cnt_comment":"0","content":"2021年4月23号 文贵直播：智囊团失信，军事被美打击，数字人民币DCEP被全世界抵制，习成孤家寡人；国内政治变化正在发生中；此次开庭希望能让... https://t.co/swN9ZAc6FH 來自 @YouTube","url":"https://twitter.com/jielilee007/status/1385913316439068674","username":"石橋李次郎"},{"relevant_topic_guid":"a8470fbbd457f645d458cd2dad1af73c","cnt_retweet":"0","publish_time":"20210425012005","page_action_type":"07","cnt_agree":"0","topic_guid":"a8470fbbd457f645d458cd2dad1af73c","userid":"wlmurn","cnt_comment":"0","content":"2021年4月23号 文贵直播：智囊团失信，军事被美打击，数字人民币DCEP被全世界抵制，习成孤家寡人；国内政治变化正在发生中；此次开庭希望能让... https://t.co/hcOYGhNSPw 来自 @YouTube","url":"https://twitter.com/wlmurn/status/1386007046873620485","username":"MURN"},{"relevant_topic_guid":"7bb5faa4ef9cdfd55ea9b2393842c344","cnt_retweet":"5","publish_time":"20210424174048","page_action_type":"07","cnt_agree":"10","topic_guid":"7bb5faa4ef9cdfd55ea9b2393842c344","userid":"LOdcvw4qarCLobc","cnt_comment":"0","content":"2021年4月23号 文贵直播：智囊团失信，军事被美打击，数字人民币DCEP被全世界抵制，习成孤家寡人；国内政治变化正在发生中；此次开庭希望能让... https://t.co/CDFpydIbRC 來自 @YouTube","url":"https://twitter.com/LOdcvw4qarCLobc/status/1385891464673103872","username":"梦想尊严"},{"relevant_topic_guid":"aaaaa85662cfe29fc21f41b07707e9b3","cnt_retweet":"0","publish_time":"20210424175203","page_action_type":"07","cnt_agree":"0","topic_guid":"aaaaa85662cfe29fc21f41b07707e9b3","userid":"chenact0986","cnt_comment":"0","content":"2021年4月23号 文贵直播：智囊团失信，军事被美打击，数字人民币DCEP被全世界抵制，习成孤家寡人；国内政治变化正在发生中；此次开庭希望能让... https://t.co/L2wPANAEUW 来自 @YouTube","url":"https://twitter.com/chenact0986/status/1385894297233330178","username":"灭共自由鹰"},{"relevant_topic_guid":"e11cea721a558dc43e245b7e7c09529b","cnt_retweet":"0","publish_time":"20210424194207","page_action_type":"07","cnt_agree":"0","topic_guid":"e11cea721a558dc43e245b7e7c09529b","userid":"pathofhimalaya","cnt_comment":"0","content":"2021年4月23号 文贵直播：智囊团失信，军事被美打击，数字人民币DCEP被全世界抵制，习成孤家寡人；国内政治变化正在发生中；此次开庭希望能让... https://t.co/QRVaYCzqKL 来自 @YouTube","url":"https://twitter.com/pathofhimalaya/status/1385921993573388291","username":"喜馬拉雅之巔"},{"relevant_topic_guid":"1227977bd5a599e594bec7a18675c7d1","cnt_retweet":"0","publish_time":"20210424220407","page_action_type":"07","cnt_agree":"0","topic_guid":"1227977bd5a599e594bec7a18675c7d1","userid":"YD68DKznbkaV2Us","cnt_comment":"0","content":"2021年4月23号 文贵直播：智囊团失信，军事被美打击，数字人民币DCEP被全世界抵制，习成孤家寡人；国内政治变化正在发生中；此次开庭希望能让... https://t.co/nXQLmiazoT via @YouTube","url":"https://twitter.com/YD68DKznbkaV2Us/status/1385957732675694596","username":"*DANCE*"},{"relevant_topic_guid":"b0a6067b98572e81ef2bffd4b6b6a204","cnt_retweet":"0","publish_time":"20210424203758","page_action_type":"07","cnt_agree":"0","topic_guid":"b0a6067b98572e81ef2bffd4b6b6a204","userid":"HIMALAYA_IT","cnt_comment":"0","content":"2021年4月23号 文贵直播：智囊团失信，军事被美打击，数字人民币DCEP被全世界抵制，习成孤家寡人；国内政治变化正在发生中；此次开庭希望能让... https://t.co/Cv9wkEHj31","url":"https://twitter.com/HIMALAYA_IT/status/1385936049092845570","username":"Guglielmo"},{"relevant_topic_guid":"09979b865545261f8f883aba784109cf","cnt_retweet":"0","publish_time":"20210425040805","page_action_type":"07","cnt_agree":"2","topic_guid":"09979b865545261f8f883aba784109cf","userid":"yuezhu16","cnt_comment":"0","content":"2021年4月23号 文贵直播：智囊团失信，军事被美打击，数字人民币DCEP被全世界抵制，习成孤家寡人；国内政治变化正在发生中；此次开庭希望能让... https://t.co/3WJXHb7DCv via @YouTube","url":"https://twitter.com/yuezhu16/status/1386049324556062720","username":"Layla"},{"relevant_topic_guid":"15d31c678ce8959f5ba4b85304288a0f","cnt_retweet":"1","publish_time":"20210424173232","page_action_type":"07","cnt_agree":"0","topic_guid":"15d31c678ce8959f5ba4b85304288a0f","userid":"wayne_wx","cnt_comment":"0","content":"2021年4月23号 文贵直播：智囊团失信，军事被美打击，数字人民币DCEP被全世界抵制，习成孤家寡人；国内政治变化正在发生中；此次开庭希望能让... https://t.co/s4tNqOzbL2 来自 @YouTube","url":"https://twitter.com/wayne_wx/status/1385889384403148801","username":"不懒"},{"relevant_topic_guid":"8229bd5823248ede3b23231c4ecbe04c","cnt_retweet":"3","publish_time":"20210424164956","page_action_type":"07","cnt_agree":"3","topic_guid":"8229bd5823248ede3b23231c4ecbe04c","userid":"drmikejhma","cnt_comment":"0","content":"20210423  習的智囊团失信，军事被美打击，数字人民币DCEP被全世界抵制，习成孤家寡人；国内政治变化正在发生中；此次开庭希望能让新中国联... https://t.co/DiaLNSxagX 来自 @YouTube","url":"https://twitter.com/drmikejhma/status/1385878662734442497","username":"drmikejhma"},{"relevant_topic_guid":"9f62ae3348708cbaa7fcccd6d15a5243","cnt_retweet":"0","publish_time":"20210424185216","page_action_type":"07","cnt_agree":"2","topic_guid":"9f62ae3348708cbaa7fcccd6d15a5243","userid":"Poh7v6066FD673M","cnt_comment":"0","content":"2021年4月23号 文贵直播：智囊团失信，军事被美打击，数字人民币DCEP被全世界抵制，习成孤家寡人；国内政治变化正在发生中；此次开庭希望能让... https://t.co/cVPPDSA3Yn 来自 @YouTube","url":"https://twitter.com/Poh7v6066FD673M/status/1385909448477184000","username":"阳光"},{"relevant_topic_guid":"c44117f290e9b809387aea271e1d8f3c","cnt_retweet":"0","publish_time":"20210424211806","page_action_type":"07","cnt_agree":"0","topic_guid":"c44117f290e9b809387aea271e1d8f3c","userid":"iamnotXt3","cnt_comment":"0","content":"2021年4月23号 文贵直播：智囊团失信，军事被美打击，数字人民币DCEP被全世界抵制，习成孤家寡人；国内政治变化正在发生中；此次开庭希望能让... https://t.co/U5vG7bbgtv via YouTube","url":"https://twitter.com/iamnotXt3/status/1385946151455653888","username":"天腐之国 Futopia"},{"relevant_topic_guid":"9cca3f02f28be2c2f373455c40dfd4e9","cnt_retweet":"21","publish_time":"20210424173349","page_action_type":"07","cnt_agree":"17","topic_guid":"9cca3f02f28be2c2f373455c40dfd4e9","userid":"HimalayaBCN_ES","cnt_comment":"0","content":"2021年4月23号 文贵直播：智囊团失信，军事被美打击，数字人民币DCEP被全世界抵制，习成孤家寡人；国内政治变化正在发生中；此次开庭希望能让... https://t.co/vIoJzHrc0s 來自 @YouTube","url":"https://twitter.com/HimalayaBCN_ES/status/1385889706320310272","username":"西班牙巴塞罗那喜悦农场"},{"relevant_topic_guid":"176a06352aee0921064f5fdb09ad7326","cnt_retweet":"7","publish_time":"20210424174104","page_action_type":"07","cnt_agree":"8","topic_guid":"176a06352aee0921064f5fdb09ad7326","userid":"wa_cao","cnt_comment":"0","content":"2021年4月23号 文贵直播：智囊团失信，军事被美打击，数字人民币DCEP被全世界抵制，习成孤家寡人；国内政治变化正在发生中；此次开庭希望能让... https://t.co/Kmb3ISF8Lm 來自 @YouTube","url":"https://twitter.com/wa_cao/status/1385891532453007363","username":"南粵"},{"relevant_topic_guid":"142d42ae17c9d531cea38cef38f73cd3","cnt_retweet":"0","publish_time":"20210424115105","page_action_type":"07","cnt_agree":"0","topic_guid":"142d42ae17c9d531cea38cef38f73cd3","userid":"khowgeesiang","cnt_comment":"1","content":"#cnBeta:《黑天鹅》作者：比特币类似于庞氏骗局 担心通胀可以买房#然而，我（正轨理念）就不这么认为了，我甚至相信，在这个5G和6G的数码时代，世界各国的现钞货币将在未来20年内消失，取而代之的是各国数字货币如数字人民币，数字美元，欧元和英镑等，而那些通讯较落后的国家也会以ATM卡取代现钞。","url":"https://twitter.com/khowgeesiang/status/1385803453784489987","username":"khow gee siang"},{"relevant_topic_guid":"8f0d4ab20f1175a5ac50cad82128b411","cnt_retweet":"0","publish_time":"20210424080812","page_action_type":"07","cnt_agree":"0","topic_guid":"8f0d4ab20f1175a5ac50cad82128b411","userid":"vg90uVvTK79iIn1","cnt_comment":"0","content":"中国人民银行前行长周小川在博鳌就数字人民币进行解答，并扬言人民币也会起来。数字人民币方便中共洗劫老百姓的血汗钱，货币的国际化需要靠信誉，中共在国际上根本没有信誉可言，也不具备足够的技术支撑，所以想要取代美元体系，根本是痴心妄想。","url":"https://twitter.com/vg90uVvTK79iIn1/status/1385747365043208194","username":"南屏"},{"relevant_topic_guid":"5a6fcc90215e528d7531eeada97eaa72","cnt_retweet":"4","publish_time":"20210502010001","page_action_type":"07","cnt_agree":"3","topic_guid":"5a6fcc90215e528d7531eeada97eaa72","userid":"morisberacha","cnt_comment":"0","content":"Dando de qué hablar: el uso del e-CNY ha causado una discusión dentro de lo que es el mundo de los inversionistas en #MonedasDigitales#MorisBeracha https://t.co/Z1XKG8X2WQ https://t.co/q34DnTEeTS","url":"https://twitter.com/morisberacha/status/1388538710409453571","username":"Moris Beracha"},{"relevant_topic_guid":"e3777057d3a9735c3f45ea0a2f9469df","cnt_retweet":"0","publish_time":"20210501131421","page_action_type":"07","cnt_agree":"0","topic_guid":"e3777057d3a9735c3f45ea0a2f9469df","userid":"RonyArifin3","cnt_comment":"0","content":"E-cny","url":"https://twitter.com/RonyArifin3/status/1388361126988025857","username":"tukang sayur"},{"relevant_topic_guid":"6f27d37d255cdcea6fdd42dc93d55005","cnt_retweet":"0","publish_time":"20210501002323","page_action_type":"07","cnt_agree":"13","topic_guid":"6f27d37d255cdcea6fdd42dc93d55005","userid":"YCuiARK","cnt_comment":"2","content":"CN\u0027s digital wallets are ordered to debundle payment from other financial products, the same week we learn upgrades on e-CNY.Implementation is vague but one way might be to move other financial products into a separate app.https://t.co/LDZSylVJLj","url":"https://twitter.com/YCuiARK/status/1388167105476968450","username":"Yulong Cui"},{"relevant_topic_guid":"df2bd253224971416e0a9a3d3a83569e","cnt_retweet":"0","publish_time":"20210425184712","page_action_type":"08","cnt_agree":"0","topic_guid":"90b9d598f546bbc87e135acf96587a9e","userid":"VQ8QOMMKHI3KST8","cnt_comment":"0","content":"@ChineseWSJ 以后数字人民币就像新冠病毒？国内禁止数字人民币换美元黄金，假如贪官或黑钱去美帝交易咋个办？这边根本不想阻止数字货币出去……","url":"https://twitter.com/VQ8QOMMKHI3KST8/status/1386270562092257284","username":"野牧童"},{"relevant_topic_guid":"f1f3eb517a0789e6f8d6f63fa5c28ba3","cnt_retweet":"0","publish_time":"20210425144909","page_action_type":"08","cnt_agree":"0","topic_guid":"7d72403afe16a16b9b24cb0ccb63b535","userid":"AFrtKtOg8KWualR","cnt_comment":"1","content":"@XMUZI_2 木子，谈下数字人民币","url":"https://twitter.com/AFrtKtOg8KWualR/status/1386210657306034177","username":"茶壶"},{"relevant_topic_guid":"df2bd253224971416e0a9a3d3a83569e","cnt_retweet":"0","publish_time":"20210425132307","page_action_type":"08","cnt_agree":"0","topic_guid":"bb1e47e6dfc629f2a26e14e3b696e335","userid":"LTRTABXY","cnt_comment":"2","content":"@ChineseWSJ 但是数字人民币害怕数字美元的强大压力，一旦推出，翻墙App+数字美元App，立刻突破中共国外汇管制体系，人民币当场崩盘。","url":"https://twitter.com/LTRTABXY/status/1386189002714226695","username":"vanstenpeter"},{"relevant_topic_guid":"b809de275137903ee4f5469e91f011bd","cnt_retweet":"0","publish_time":"20210425175932","page_action_type":"08","cnt_agree":"0","topic_guid":"08bd1ed8bd53cf7c0df3f0d31f3dc903","userid":"Lilyyawa1","cnt_comment":"0","content":"@AFrtKtOg8KWualR @caijingxiang 数字人民币还有一定稳定性 比特币和狗狗币麻痹天天跌，大庄家用程序化交易来收割韭菜","url":"https://twitter.com/Lilyyawa1/status/1386258568089722890","username":"喜欢舔碧"},{"relevant_topic_guid":"bb1e47e6dfc629f2a26e14e3b696e335","cnt_retweet":"0","publish_time":"20210425140641","page_action_type":"08","cnt_agree":"0","topic_guid":"3c23297646c3f042d5d5825266b4685f","userid":"xsser_w","cnt_comment":"0","content":"@LTRTABXY @ChineseWSJ 一看你就不懂现在的布局。国内数字人民币就可以解决你说的这个问题，完全管控资金流动，任何洗钱的网关都会被风控起来，资金无法转换，美元体系和我无关。  随你怎么搞，你总要把人民币换成其他的币，需要银行给你钱，银行都加入图数据库了，你就等被完全风控","url":"https://twitter.com/xsser_w/status/1386199969615417347","username":"xsser"},{"relevant_topic_guid":"df2bd253224971416e0a9a3d3a83569e","cnt_retweet":"0","publish_time":"20210425141014","page_action_type":"08","cnt_agree":"1","topic_guid":"d85287ad882abdd6c342b8a2a62f6b82","userid":"meiguobengkui","cnt_comment":"0","content":"@ChineseWSJ 数字人民币目的是中国不被美国乱放水，乱制裁影响。至于其他国家不愿意被放水被制裁也可以使用数字人民币结算。至于最后美元还有没有美元霸权中国没兴趣。","url":"https://twitter.com/meiguobengkui/status/1386200860040974340","username":"工具壬"},{"relevant_topic_guid":"4469f5b774007fee4301fe98c1bbf4b3","cnt_retweet":"0","publish_time":"20210425100124","page_action_type":"08","cnt_agree":"3","topic_guid":"b809de275137903ee4f5469e91f011bd","userid":"AFrtKtOg8KWualR","cnt_comment":"1","content":"@caijingxiang 数字人民币？","url":"https://twitter.com/AFrtKtOg8KWualR/status/1386138238897860608","username":"茶壶"},{"relevant_topic_guid":"df2bd253224971416e0a9a3d3a83569e","cnt_retweet":"0","publish_time":"20210425130856","page_action_type":"08","cnt_agree":"5","topic_guid":"b10ebba2f0e9590cb610ebf6340a899c","userid":"wubaowei","cnt_comment":"0","content":"@ChineseWSJ 数字人民币从来就没考虑去威胁美元地位，数字人民币只是考虑第三方跟中国做生意的伙伴如果不愿意被美国割韭菜就请用数字人民币。","url":"https://twitter.com/wubaowei/status/1386185436499005441","username":"wbcw"},{"relevant_topic_guid":"90018ccb578ec93a4ba4fee1765f837d","cnt_retweet":"0","publish_time":"20210425134008","page_action_type":"07","cnt_agree":"0","topic_guid":"90018ccb578ec93a4ba4fee1765f837d","userid":"Chav44879501","cnt_comment":"1","content":"数字化人民币唯一的优势是摩擦成本非常低，但这种优势在中国的金融决策者和官员看来，属于非常危险的触发点。除此之外数字人民币的境遇也类似5G，你当然可以做到政策推广全国的老太太都用数字人民币买大白菜，也可以做到让雄安新区遍地5G基站。But why?","url":"https://twitter.com/Chav44879501/status/1386193288076484618","username":"Chav"},{"relevant_topic_guid":"0f43d4f57d6dd831df1cdc045d90f63b","cnt_retweet":"0","publish_time":"20210425143249","page_action_type":"07","cnt_agree":"0","topic_guid":"0f43d4f57d6dd831df1cdc045d90f63b","userid":"yghysn","cnt_comment":"0","content":"24日特大新闻！中国主动与美国脱钩，全部改用数字人民币结算，103国集体赞成，美国输惨了 https://t.co/XMFANsGBNf 來自 @YouTube","url":"https://twitter.com/yghysn/status/1386206546909044737","username":"yghysn"},{"relevant_topic_guid":"ef2b2b78edd9a2941dfebb5f23805eb8","cnt_retweet":"0","publish_time":"20210425165910","page_action_type":"07","cnt_agree":"0","topic_guid":"ef2b2b78edd9a2941dfebb5f23805eb8","userid":"ChainNewscom","cnt_comment":"0","content":"【京东集团试点数字人民币发薪，旗下京东科技采购解决方案「易企付」支持数字人民币支付】链闻消息，据 36 氪报道，在企业支付场景下，京东科技提供的企业采购场景解决方案「易企付」目前也已经支持数字人民币支付，可在不改变企业采购流…… https://t.co/w1B5tpqgzy","url":"https://twitter.com/ChainNewscom/status/1386243374303350788","username":"链闻 ChainNews"},{"relevant_topic_guid":"d3ce0ca980030b7b8e2d445970212309","cnt_retweet":"0","publish_time":"20210425114558","page_action_type":"07","cnt_agree":"0","topic_guid":"d3ce0ca980030b7b8e2d445970212309","userid":"tailing70122706","cnt_comment":"0","content":"4月24日，智囊团失信，军事被美打击，数字人民币DCEP被全世界抵制，习成孤家寡人；国内政治变化正在发生中；此次开庭希望能让新中国联邦人认识到媒... https://t.co/Y8I6ciEcPU via @YouTube","url":"https://twitter.com/tailing70122706/status/1386164554275590144","username":"tai ling"},{"relevant_topic_guid":"e4d332a8ceb0043bbf444afc8d8fc116","cnt_retweet":"0","publish_time":"20210425170638","page_action_type":"07","cnt_agree":"0","topic_guid":"e4d332a8ceb0043bbf444afc8d8fc116","userid":"6donews","cnt_comment":"0","content":"蚂蚁集团：与央行数研所签合作协议，推动建数字人民币技术平台 https://t.co/iq2HXdYnHt","url":"https://twitter.com/6donews/status/1386245252613214216","username":"六度新闻"},{"relevant_topic_guid":"05aad0de5b103a8b041bd1efeccb609f","cnt_retweet":"3","publish_time":"20210425132119","page_action_type":"07","cnt_agree":"6","topic_guid":"05aad0de5b103a8b041bd1efeccb609f","userid":"MuForest419","cnt_comment":"1","content":"2021年4月23号 文贵直播：智囊团失信，军事被美打击，数字人民币DCEP被全世界抵制，习成孤家寡人；国内政治变化正在发生中；此次开庭希望能让... https://t.co/suyHemtJjM via @YouTube","url":"https://twitter.com/MuForest419/status/1386188551524687875","username":"沐森林"},{"relevant_topic_guid":"fbd2ee915753f75173154bdc89c249bb","cnt_retweet":"2","publish_time":"20210425093344","page_action_type":"07","cnt_agree":"0","topic_guid":"fbd2ee915753f75173154bdc89c249bb","userid":"newmikeandwo","cnt_comment":"0","content":"2021年4月23号 文贵直播：智囊团失信，军事被美打击，数字人民币DCEP被全世界抵制，习成孤家寡人；国内政治变化正在发生中；此次开庭希望能让... https://t.co/wn2xiu1Icn via @YouTube","url":"https://twitter.com/newmikeandwo/status/1386131279804985345","username":"Mikewo Guo［NEW］"},{"relevant_topic_guid":"ef6338b8f10196387cf98b7167a8a157","cnt_retweet":"0","publish_time":"20210425164909","page_action_type":"07","cnt_agree":"0","topic_guid":"ef6338b8f10196387cf98b7167a8a157","userid":"ChainNewscom","cnt_comment":"0","content":"【央行数研所将与蚂蚁集团共同推动建设数字人民币技术平台】链闻消息，据 21 世纪经济报道，中国人民银行数字货币研究所已经与蚂蚁集团签署技术战略合作协议，双方将基于蚂蚁集团自主研发分布式数据库 OceanBase 和移动开发平…… https://t.co/8xsDG3RSS9","url":"https://twitter.com/ChainNewscom/status/1386240854000644096","username":"链闻 ChainNews"},{"relevant_topic_guid":"756c125bce9175537dda489353c36321","cnt_retweet":"0","publish_time":"20210425091101","page_action_type":"07","cnt_agree":"0","topic_guid":"756c125bce9175537dda489353c36321","userid":"godblessmememe","cnt_comment":"0","content":"4月24日，智囊团失信，军事被美打击，数字人民币DCEP被全世界抵制，习成孤家寡人；国内政治变化正在发生中；此次开庭希望能让新中国联邦人认识到媒... https://t.co/Liw0Ts1dg3 來自 @YouTube","url":"https://twitter.com/godblessmememe/status/1386125561215561732","username":"Covid-19\u003dCCP Virus"},{"relevant_topic_guid":"05aad0de5b103a8b041bd1efeccb609f","cnt_retweet":"0","publish_time":"20210720194346","page_action_type":"08","cnt_agree":"0","topic_guid":"fddacd0b965aeb65fb82ba9833bb2d4d","userid":"XM1hHv1LfwkMcAN","cnt_comment":"0","content":"@MuForest419 @YouTube 哈哈哈哈哈哈哈哈，冒傻气","url":"https://twitter.com/XM1hHv1LfwkMcAN/status/1417450155024945154","username":"王闻晁"}]