[{"relevant_topic_guid":"1013354e7b3e5419e53b0ba6889da998","cnt_retweet":"0","publish_time":"20210805174806","page_action_type":"07","cnt_agree":"0","topic_guid":"1013354e7b3e5419e53b0ba6889da998","userid":"m2o67a6ekdSo3He","cnt_comment":"0","content":"New post: 中国・北京の地下鉄、「デジタル人民元（e-CNY）」による決済を本格導入開始 https://t.co/3Bl2OYXizj中国・北京の地下鉄、「デジタル人民元（e-cny）」/","url":"https://twitter.com/m2o67a6ekdSo3He/status/1423219251914022912","username":"仮想通貨の歩き方。"},{"relevant_topic_guid":"420ddb06b8d5ce54c15f4869a0969d11","cnt_retweet":"0","publish_time":"20210813121816","page_action_type":"07","cnt_agree":"0","topic_guid":"420ddb06b8d5ce54c15f4869a0969d11","userid":"qianlima88","cnt_comment":"0","content":"中美竞争数字货币 日经中文网https://t.co/TSqWsWPX9w 再次强调我的观点，人民币数字化目的是将国内国外资金分开，从而实现对国外资金的自由兑付.数字人民币和目前的纸币最大的区别是：数字人民币所有子账户都在央行，从而使得监控账户和账户之间的资金流动成为现实，从而达到严控国内外账户间的流动.","url":"https://twitter.com/qianlima88/status/1426035348203708417","username":"qianlima"},{"relevant_topic_guid":"63718dc07e3f33ce4be678e56022ee62","cnt_retweet":"0","publish_time":"20210814165603","page_action_type":"07","cnt_agree":"0","topic_guid":"63718dc07e3f33ce4be678e56022ee62","userid":"jingbojingbo88","cnt_comment":"0","content":"林毅夫：数字人民币短期不会对国际金融秩序产生影响 - 8 月 14 日消息，据北京大学构架发展研究院官方公众号消息，北京大学新结构经济学研究院院长、国发院名誉院长、南南学院院长林毅夫教授近日接受采访时表示，数字人民币短期不会对国际金融秩序产生影响，数字人民币的使用可以增加方便性，","url":"https://twitter.com/jingbojingbo88/status/1426467645637939202","username":"景博"},{"relevant_topic_guid":"219e2d0cf23b15e5362274c4b33b1a5e","cnt_retweet":"0","publish_time":"20210814053503","page_action_type":"07","cnt_agree":"0","topic_guid":"219e2d0cf23b15e5362274c4b33b1a5e","userid":"jingbojingbo88","cnt_comment":"0","content":"国家金融与发展实验室副理事长：香港在数字人民币的跨境支付结算等方面具有重要地位 - 近日，国家金融与发展实验室副理事长、中国社会科学院金融研究所党委书记胡滨在接受采访时表示，数字人民币的推出，为人民币跨境支付结算提供了崭新手段，对于推动人民币更好融入国际支付体系具有重要意义，并有","url":"https://twitter.com/jingbojingbo88/status/1426296265961263110","username":"景博"},{"relevant_topic_guid":"6921d00e6fbfaf9f100a92c022c12c40","cnt_retweet":"0","publish_time":"20210906153716","page_action_type":"07","cnt_agree":"0","topic_guid":"6921d00e6fbfaf9f100a92c022c12c40","userid":"OkTelegraph","cnt_comment":"1","content":"【首台数字人民币兑换机将服务北京冬奥会】9月6日消息，本届服贸会对即将开幕的2022北京冬奥会上的数字人民币应用场景和功能进行了预演。相信不久的将来，数字人民币将更多出现在普通百姓的日常消费场景中。#Bitcoin  #Blockchain","url":"https://twitter.com/OkTelegraph/status/1434782738490413057","username":"OK Telegraph"},{"relevant_topic_guid":"10637b90bab481293ea9cae0304bc372","cnt_retweet":"0","publish_time":"20210906125748","page_action_type":"07","cnt_agree":"0","topic_guid":"10637b90bab481293ea9cae0304bc372","userid":"d0o4DPDSMErqvjl","cnt_comment":"1","content":"数字人民币来了 https://t.co/mEAAlm5FYc","url":"https://twitter.com/d0o4DPDSMErqvjl/status/1434742607234494464","username":"海海"},{"relevant_topic_guid":"062e02ecf0e2804e13094797ff54e32e","cnt_retweet":"2","publish_time":"20210904172324","page_action_type":"07","cnt_agree":"2","topic_guid":"062e02ecf0e2804e13094797ff54e32e","userid":"1SWYXpXH7KnemWo","cnt_comment":"1","content":"ccp要联合邪恶轴心用数字货币击溃美元但是电子美元目前又没办法很快上线我们的Hcoin喜馬拉雅联储正好在风口浪尖上可用用来抵御并碾压数字人民币毫不客气地说Hcoin，Hdollar将成为世界级的主流货币未来的一个月上线之后大家就会明白了这也让Hcoin的价值又跃升了一个台阶 https://t.co/qvaH2ZXlMB","url":"https://twitter.com/1SWYXpXH7KnemWo/status/1434084671969583106","username":"星辰大海"},{"relevant_topic_guid":"8808b644886661f78c3ab5c19c4cb4ee","cnt_retweet":"0","publish_time":"20210903164809","page_action_type":"07","cnt_agree":"0","topic_guid":"8808b644886661f78c3ab5c19c4cb4ee","userid":"OkTelegraph","cnt_comment":"0","content":"【交通银行携手京东再度发放1600万元数字人民币礼包】9月3日消息，交通银行联合京东再度启动沪苏联动数字人民币试点京东专场活动，面向上海和苏州两地市民发放40万份总计1600万元的数字人民币礼包，前期未报名参与该活动的两地市民可报名参与。（中国网财经）#Bitcoin  #Blockchain","url":"https://twitter.com/OkTelegraph/status/1433713412916211713","username":"OK Telegraph"},{"relevant_topic_guid":"86e472d146462f9a0db4c5307c6de37e","cnt_retweet":"0","publish_time":"20210901222951","page_action_type":"07","cnt_agree":"0","topic_guid":"86e472d146462f9a0db4c5307c6de37e","userid":"andywu126","cnt_comment":"0","content":"吐槽一下数字人民币钱包，一段时间要输入一次密码，这他妈有病吧，明明开启了面容解锁，也没用，照样乖乖输密码","url":"https://twitter.com/andywu126/status/1433074630831476744","username":"爱网兜"},{"relevant_topic_guid":"1cd0e083b2af30b87ee2293a9ace7cf7","cnt_retweet":"1","publish_time":"20210902234409","page_action_type":"07","cnt_agree":"0","topic_guid":"1cd0e083b2af30b87ee2293a9ace7cf7","userid":"MikeTan70270670","cnt_comment":"0","content":"已经有了沪深股市，也已经有科创板，再新建北京交易所，号称支持中小企业创新，本身就是不知道怎么创新瞎折腾的典型。如果京市采用全数字人民币交易，就可以追踪所有资金动向，监管部门打击违规交易时将具有空前的能力，那还有点意思。但现在显然只是创造一个更投机的市场和更多官商勾结的机会而已。","url":"https://twitter.com/MikeTan70270670/status/1433455714035396613","username":"风吹过"},{"relevant_topic_guid":"7bb123bf2929080f2699c28041032173","cnt_retweet":"1","publish_time":"20210903042413","page_action_type":"07","cnt_agree":"1","topic_guid":"7bb123bf2929080f2699c28041032173","userid":"biquannews","cnt_comment":"0","content":"中国国内期货市场首次使用数字人民币。 https://t.co/fxXvsdiwTN","url":"https://twitter.com/biquannews/status/1433526195388354560","username":"币圈最新消息"},{"relevant_topic_guid":"b6dc6ba1d246c3cee4bc560abadfc012","cnt_retweet":"0","publish_time":"20210902165110","page_action_type":"07","cnt_agree":"0","topic_guid":"b6dc6ba1d246c3cee4bc560abadfc012","userid":"OkTelegraph","cnt_comment":"1","content":"【苏州：52处“硬币自助兑换机”支持数字人民币兑换】9月2日消息，近日，交通银行苏州分行与苏州中金安硬币清分有限公司通力合作，通过技术改进，在各家银行的“硬币自助兑换机”上，打通数字人民币与硬币的兑换环节。#Bitcoin  #Blockchain","url":"https://twitter.com/OkTelegraph/status/1433351784265773056","username":"OK Telegraph"},{"relevant_topic_guid":"5e0262b6f5194ebf9690a783511c255e","cnt_retweet":"0","publish_time":"20210901143123","page_action_type":"07","cnt_agree":"0","topic_guid":"5e0262b6f5194ebf9690a783511c255e","userid":"OkTelegraph","cnt_comment":"1","content":"【上海推出27项政策措施促进城市数字化转型，包括有序拓展数字人民币应用场景】9月1日消息，为消除制约上海数字化转型过程中的政策性门槛，提供制度保障，上海市发改委同有关部门制订了《上海市促进城市数字化转型的若干政策措施》。#Bitcoin","url":"https://twitter.com/OkTelegraph/status/1432954220534140940","username":"OK Telegraph"},{"relevant_topic_guid":"6dcd70dc1d654b1e9b98c07e240155cb","cnt_retweet":"0","publish_time":"20210901192903","page_action_type":"07","cnt_agree":"0","topic_guid":"6dcd70dc1d654b1e9b98c07e240155cb","userid":"jingbojingbo88","cnt_comment":"0","content":"建行上海推出“数字人民币” “龙支付” “惠市宝”本地方案 - 金色财经报道，建设银行上海分行在上海宝山推出“数字人民币” “龙支付” “惠市宝”本地金融组合方案，通省去了不必要的环节，供应方和采购方各环节信息更加对称、线上结算交易的综合成本更低。（上海宝山官方公众号）","url":"https://twitter.com/jingbojingbo88/status/1433029127527874560","username":"景博"},{"relevant_topic_guid":"93e160f07a0e6fd7dba5d18f5b9042cd","cnt_retweet":"0","publish_time":"20210901093213","page_action_type":"07","cnt_agree":"0","topic_guid":"93e160f07a0e6fd7dba5d18f5b9042cd","userid":"RichardChan12","cnt_comment":"0","content":"数字人民币，改变超乎想象。 https://t.co/FDtV7r0UqP via @YouTube","url":"https://twitter.com/RichardChan12/status/1432878929371566080","username":"Richard Chan"},{"relevant_topic_guid":"1f7aa481a2a73eefd97671a050b35b3b","cnt_retweet":"0","publish_time":"20210901141903","page_action_type":"07","cnt_agree":"0","topic_guid":"1f7aa481a2a73eefd97671a050b35b3b","userid":"jingbojingbo88","cnt_comment":"0","content":"上海推出 27 项重要政策措施 促进城市数字化转型 - 9 月 1 日消息，为消除制约上海数字化转型过程中的政策性门槛，提供制度保障，上海市发改委同有关部门制订了《上海市促进城市数字化转型的若干政策措施》。包括有序拓展数字人民币应用场景，鼓励在购物节红包、园区补贴等场景定向使用，","url":"https://twitter.com/jingbojingbo88/status/1432951113620377602","username":"景博"},{"relevant_topic_guid":"c1ab61e658d3436563be039548f8ec22","cnt_retweet":"6","publish_time":"20210902084854","page_action_type":"07","cnt_agree":"26","topic_guid":"c1ab61e658d3436563be039548f8ec22","userid":"cherylnatsu","cnt_comment":"0","content":"这波疫情沉重打击了西方经济，提振了某国“制度自信”还是次要的收获，最主要的是发现了用个手机App收发一下JSON显示个二维码就可以简单监视和控制所有韭菜的活动。这发明效果好得不亚于“数字人民币”，中国确确实实赢到麻。什么时候中国人也能这么赢就好了。","url":"https://twitter.com/cherylnatsu/status/1433230420120723460","username":"夏雨婷"},{"relevant_topic_guid":"ddbe1dfbdeee542835e1da22a75f6b54","cnt_retweet":"0","publish_time":"20210901012003","page_action_type":"07","cnt_agree":"0","topic_guid":"ddbe1dfbdeee542835e1da22a75f6b54","userid":"jingbojingbo88","cnt_comment":"0","content":"工信部陈晓华：智能合约的合理运用将促进数字人民币业务模式创新 - 工信部工业互联网区块链重大项目评审专家、中国移动通信联合会区块链专业委员会主任委员兼首席数字经济学家陈晓华表示，智能合约的合理运用将大大促进数字人民币业务模式的创新。数字人民币通过智能合约具有可编程性，使数字人民币","url":"https://twitter.com/jingbojingbo88/status/1432755073273171971","username":"景博"},{"relevant_topic_guid":"9d4f4eb1535282056b7b7ea7cdca2078","cnt_retweet":"0","publish_time":"20210831180804","page_action_type":"07","cnt_agree":"0","topic_guid":"9d4f4eb1535282056b7b7ea7cdca2078","userid":"jingbojingbo88","cnt_comment":"0","content":"三大国有银行发布数字人民币使用数据，共计流通数百亿元 - 8 月 31 日消息，三大国有银行（中国建设银行、交通银行、中国工商银行）近日在半年报中同时发布了数字人民币的使用数据，通过银行系统流通的资金总计达数百亿元。并且据了解，中国邮政储蓄银行还在其总行增设了一个专门负责数字人民","url":"https://twitter.com/jingbojingbo88/status/1432646359564357632","username":"景博"},{"relevant_topic_guid":"31f30199c1613c5466aace656273a7ca","cnt_retweet":"0","publish_time":"20210901062917","page_action_type":"07","cnt_agree":"0","topic_guid":"31f30199c1613c5466aace656273a7ca","userid":"seirutoha","cnt_comment":"0","content":"它们是脏兮兮的传销。eth击败btc大部分币种成为第一。数字人民币快出场吧 https://t.co/uln7tySMJI","url":"https://twitter.com/seirutoha/status/1432832895492796420","username":"美鸟西风\u0026宏高创意.SZ"},{"relevant_topic_guid":"c00bb69019e1c060e73b0f47ab84969f","cnt_retweet":"0","publish_time":"20210831203714","page_action_type":"07","cnt_agree":"0","topic_guid":"c00bb69019e1c060e73b0f47ab84969f","userid":"6doworld","cnt_comment":"0","content":"“数字人民币”沉浸式体验集中来袭 服贸会金融服务专题展亮点抢先看 https://t.co/KqGy3vN7Gv","url":"https://twitter.com/6doworld/status/1432683900300521474","username":"六度世界"},{"relevant_topic_guid":"0ae0861a17ae46c44ab66b1c33aafd9d","cnt_retweet":"1","publish_time":"20210817013722","page_action_type":"07","cnt_agree":"1","topic_guid":"0ae0861a17ae46c44ab66b1c33aafd9d","userid":"AsiaPacificFdn","cnt_comment":"0","content":"Among all major economies, #China has been leading the #digitalcurrency race with the development of its digital yuan (e-CNY). But what are the domestic and international drivers behind this pursuit? Learn more in our latest dispatch: https://t.co/dluik90qj8 #fintech #CBDC","url":"https://twitter.com/AsiaPacificFdn/status/1427323614538309637","username":"APF Canada"},{"relevant_topic_guid":"22ac42b7217190522180d2ef06c9d896","cnt_retweet":"6","publish_time":"20210818235735","page_action_type":"07","cnt_agree":"6","topic_guid":"22ac42b7217190522180d2ef06c9d896","userid":"pstAsiatech","cnt_comment":"2","content":"E-CNY Tests Ramp Up As More Banks Enable Top-up Feature The new banks offering a top-up feature include China Merchants Bank, China Citic Bank, Shanghai Pudong Development Bank and Ping An Bank.https://t.co/CIfFA4mCNd","url":"https://twitter.com/pstAsiatech/status/1428023276014645248","username":"Paul Triolo"},{"relevant_topic_guid":"9867d2cc64e99bdc2604d2e706f54ac1","cnt_retweet":"0","publish_time":"20210817204525","page_action_type":"07","cnt_agree":"0","topic_guid":"9867d2cc64e99bdc2604d2e706f54ac1","userid":"leprivatebanker","cnt_comment":"0","content":"Tactical macro view of the yuan seems bearish on #USDCNH by the lower-than-expected data while the development of the digital version e-CNY moving forward might support it.","url":"https://twitter.com/leprivatebanker/status/1427612531267457034","username":"The Private Banker"},{"relevant_topic_guid":"6edaea376c873d57f46f63ef45dc5de6","cnt_retweet":"0","publish_time":"20210816164927","page_action_type":"07","cnt_agree":"3","topic_guid":"6edaea376c873d57f46f63ef45dc5de6","userid":"labo_ico","cnt_comment":"0","content":"北京の地下鉄でついにデジタル人民元が本格導入北京の地下鉄でデジタル人民元（e-CNY）が決済手段として正式に使えるようになりました。北京地下鉄は、6月末か ...- ICO研究室 https://t.co/qlnAtLuGa2#ICO #仮想通貨 #ブロックチェーン","url":"https://twitter.com/labo_ico/status/1427190760349134848","username":"**‍⚕️ブロックチェーン*研究室**‍*"},{"relevant_topic_guid":"3206c82cf9ce2c39fbaf9c1502b9ec94","cnt_retweet":"0","publish_time":"20210816123217","page_action_type":"07","cnt_agree":"0","topic_guid":"3206c82cf9ce2c39fbaf9c1502b9ec94","userid":"BCAHKofficial","cnt_comment":"0","content":"People’s Bank of China: e-CNY white-list users have reached 10 millionhttps://t.co/bmc2beWwp7","url":"https://twitter.com/BCAHKofficial/status/1427126042527899650","username":"Blockchain Association of Hong Kong (BCAHK)"},{"relevant_topic_guid":"417991b7e8c1ab542e33a51e0d5b70b4","cnt_retweet":"0","publish_time":"20210831174503","page_action_type":"07","cnt_agree":"0","topic_guid":"417991b7e8c1ab542e33a51e0d5b70b4","userid":"jingbojingbo88","cnt_comment":"0","content":"华师大晨晖学者：数字人民币属于使用人个人财产且不构成商业银行破产财产 - 金色财经报道，华东师范大学法学院晨晖学者李建星近日发布国家社科基金重大项目“互联网交易制度和民事权利保护研究”（20\u0026amp;ZD192）阶段性成果文章《数字人民币与法律体系革新》，文章指出，数字人民币属于使用人的","url":"https://twitter.com/jingbojingbo88/status/1432640569520574469","username":"景博"},{"relevant_topic_guid":"941938c7f91f7ab7071f170a16e0b5fb","cnt_retweet":"0","publish_time":"20210831164929","page_action_type":"07","cnt_agree":"0","topic_guid":"941938c7f91f7ab7071f170a16e0b5fb","userid":"hermesstrategy","cnt_comment":"0","content":"2021年度中国银行业发展报告：截至2021年6月末数字人民币试点场景已经超过132万个 https://t.co/ZfhA7pAQe9","url":"https://twitter.com/hermesstrategy/status/1432626584670949377","username":"Hermes strategygroup"},{"relevant_topic_guid":"13a88b98adcb68e99ef2f994f4293603","cnt_retweet":"0","publish_time":"20210828191703","page_action_type":"07","cnt_agree":"0","topic_guid":"13a88b98adcb68e99ef2f994f4293603","userid":"jingbojingbo88","cnt_comment":"0","content":"工行半年报：数字人民币交易金额超 5 亿元 - 8 月 28 日消息，中国工商银行公布 2021 年上半年经营情况，关于数字人民币研发试点方面，工商银行加快推进数字人民币在 11 个试点地区的布局，截至 6 月末，工商银行累计开立个人钱包超 463 万个、对公钱包 132 万个，","url":"https://twitter.com/jingbojingbo88/status/1431576558683164675","username":"景博"},{"relevant_topic_guid":"62b2ebcdcba917719f85b34d9d8c4f84","cnt_retweet":"0","publish_time":"20210831165322","page_action_type":"07","cnt_agree":"1","topic_guid":"62b2ebcdcba917719f85b34d9d8c4f84","userid":"hermesstrategy","cnt_comment":"0","content":"银行数字人民币“期中成绩单”放榜！建行钱包数量已近千万 亦有多家中小银行开启试点 https://t.co/wTYpPybaYq https://t.co/ywB0Xj90TD","url":"https://twitter.com/hermesstrategy/status/1432627562933538821","username":"Hermes strategygroup"},{"relevant_topic_guid":"4e069d73c082214d5db7d1b05a14c0f9","cnt_retweet":"0","publish_time":"20210830084503","page_action_type":"07","cnt_agree":"0","topic_guid":"4e069d73c082214d5db7d1b05a14c0f9","userid":"jingbojingbo88","cnt_comment":"0","content":"人民日报海外版：以数字人民币跨境使用为突破口，构建移动支付国际清算网络 - 8 月 30 日消息，人民日报海外版今日刊文《人民币国际化是中国经济发展的必然》，文章指出，中国有可能凭借“一带一路”倡议促使人民币成为国际结算货币，正在测试中的“数字人民币”近期也有望正式亮相。人民币国","url":"https://twitter.com/jingbojingbo88/status/1432142284691320832","username":"景博"},{"relevant_topic_guid":"a56866f77256665251c285c64cf368ad","cnt_retweet":"0","publish_time":"20210830173914","page_action_type":"07","cnt_agree":"0","topic_guid":"a56866f77256665251c285c64cf368ad","userid":"realstudioblue","cnt_comment":"0","content":"中国将使用数字人民币建立全球移动支付清算网络：官方媒体China to Build Global Clearing Network for Mobile Payments, Using Digital Yuan: State Media https://t.co/W8CXVDFtTj via @coindesk","url":"https://twitter.com/realstudioblue/status/1432276715338825731","username":"realstudioblue"},{"relevant_topic_guid":"8311ed3a153c8ee0f5db71672e6840eb","cnt_retweet":"0","publish_time":"20210822095543","page_action_type":"07","cnt_agree":"3","topic_guid":"8311ed3a153c8ee0f5db71672e6840eb","userid":"Kirk__Matt","cnt_comment":"2","content":"豆瓣昨天夜晚有个跑路组讨论数字人民币和海南2025，马上就被删了，有幸围观了一下，事关未来跑路，我得好好研究研究","url":"https://twitter.com/Kirk__Matt/status/1429260964981985281","username":"Kirk"},{"relevant_topic_guid":"b3f09f2b52d86f5161b2092777819df9","cnt_retweet":"0","publish_time":"20210823101603","page_action_type":"07","cnt_agree":"0","topic_guid":"b3f09f2b52d86f5161b2092777819df9","userid":"jingbojingbo88","cnt_comment":"0","content":"上海：建设 100 个支持数字人民币支付的 AI 食堂 - 8 月 23 日消息，据上海市经济与信息化委员会透露，已规划在全市推广 100 个 AI 社区食堂，其中将部署 AI 识别智能结算台，实现数字人民币等多种支付方式的结算，目前初步计划到今年年底推出 10 至 20 个。（科技日报）","url":"https://twitter.com/jingbojingbo88/status/1429628472293564421","username":"景博"},{"relevant_topic_guid":"b4e3e984d470178d44dbed3fd6229b86","cnt_retweet":"0","publish_time":"20210822142903","page_action_type":"07","cnt_agree":"0","topic_guid":"b4e3e984d470178d44dbed3fd6229b86","userid":"jingbojingbo88","cnt_comment":"0","content":"青岛市倡导市民乘地铁使用数字人民币扫码乘车和在线购票 - 近日，青岛市地方金融监管局联合地铁集团召开新闻发布会，介绍青岛数字人民币在公共交通领域的推广情况，倡导市民乘地铁使用数字人民币扫码乘车和在线购票。这次地铁 8 号线直达胶东国际机场线路的开通，为推进数字人民币试点提供了新的","url":"https://twitter.com/jingbojingbo88/status/1429329753895587841","username":"景博"},{"relevant_topic_guid":"ad2ba8efc3f75617f3d8d2c7e8e580c1","cnt_retweet":"0","publish_time":"20210822081103","page_action_type":"07","cnt_agree":"0","topic_guid":"ad2ba8efc3f75617f3d8d2c7e8e580c1","userid":"jingbojingbo88","cnt_comment":"0","content":"数字人民币支付在陕西高速公路收费场景成功落地 - 8 月 16 日，随着一辆西安籍客车顺利驶出西宝高速阿房宫收费站 102 道，陕西省高速公路通行费第一笔数字人民币缴费成功，标志着数字人民币支付方式在陕西高速公路收费场景成功落地。据悉，为响应国家“加快数字化发展建设数字中国”号召","url":"https://twitter.com/jingbojingbo88/status/1429234626145439744","username":"景博"},{"relevant_topic_guid":"96c9f92d40ce8efa8b5307fa47907054","cnt_retweet":"0","publish_time":"20210823093107","page_action_type":"07","cnt_agree":"0","topic_guid":"96c9f92d40ce8efa8b5307fa47907054","userid":"ChainNewscom","cnt_comment":"0","content":"【大连商品交易所实现数字人民币在期货市场首次应用，跨行支付零手续费且实时到账】链闻消息，据中证网报道，大连商品交易所日前通过数字人民币形式向交割仓库大连良运集团储运有限公司支付仓储费，实现了数字人民币在期货市场的首次应用。与…… https://t.co/qIMqrwO4fI","url":"https://twitter.com/ChainNewscom/status/1429617162273136640","username":"链闻 ChainNews"},{"relevant_topic_guid":"3b2babdbc6b751aad839b9c44a5f2210","cnt_retweet":"0","publish_time":"20210822145603","page_action_type":"07","cnt_agree":"0","topic_guid":"3b2babdbc6b751aad839b9c44a5f2210","userid":"jingbojingbo88","cnt_comment":"0","content":"专家预测：5G 时代将成就深圳国际化数字货币金融中心 - 近期，我国法定数字货币研发的进展引起了社会普遍关注。据报道，数字人民币将先行在深圳、苏州、雄安新区、成都及未来的冬奥场景进行内部封闭试点测试。专家预测，数字货币的授权与发布是金融体系的国家重器，借助这一重器，各种金融要素将","url":"https://twitter.com/jingbojingbo88/status/1429336546419908621","username":"景博"},{"relevant_topic_guid":"a79503c85323477bd8b3e7d89aca09a0","cnt_retweet":"0","publish_time":"20210820052806","page_action_type":"07","cnt_agree":"4","topic_guid":"a79503c85323477bd8b3e7d89aca09a0","userid":"xwh2018","cnt_comment":"0","content":"国际舆论关注数字人民币进展，“中国再次走在了世界前列” https://t.co/Dded3UBtkR","url":"https://twitter.com/xwh2018/status/1428468844738203651","username":"xwh_gkc（100%100%#follow）"},{"relevant_topic_guid":"8ed51cbd2864aaef70aff08c879ed10a","cnt_retweet":"0","publish_time":"20210820082403","page_action_type":"07","cnt_agree":"0","topic_guid":"8ed51cbd2864aaef70aff08c879ed10a","userid":"jingbojingbo88","cnt_comment":"0","content":"数字人民币 App 中能为数字人民币钱包充值的银行达 35 家 - 8 月 20 日消息，目前，在数字人民币 App 中能为数字人民币钱包充值的银行多达 35 家，涵盖股份制、城商行及部分农信社和农商行。除了国有六大行，还包括中信、光大、招行、浦发、民生、平安、广发和浙商等股份制","url":"https://twitter.com/jingbojingbo88/status/1428513121849810945","username":"景博"},{"relevant_topic_guid":"c03c3843c98b0a00e2f8fde3494f7941","cnt_retweet":"0","publish_time":"20210819210303","page_action_type":"07","cnt_agree":"0","topic_guid":"c03c3843c98b0a00e2f8fde3494f7941","userid":"jingbojingbo88","cnt_comment":"0","content":"金色晚报 | 8 月 19 日晚间重要动态一览 - 12:00-21:00 关键词：深圳税务局、Kusama、BlockFi、穆迪、Uniswap 1. 穆迪：数字人民币有助于改善银行的支付竞争力 2. SEC 主席：无论多么“去中心化”，DeFi 都必须被监管 3. 中国","url":"https://twitter.com/jingbojingbo88/status/1428341744236736515","username":"景博"},{"relevant_topic_guid":"fb042133522f2617eb75976ddb500f81","cnt_retweet":"0","publish_time":"20210820105715","page_action_type":"07","cnt_agree":"0","topic_guid":"fb042133522f2617eb75976ddb500f81","userid":"OkTelegraph","cnt_comment":"1","content":"【数字人民币App中能为数字人民币钱包充值的银行达35家】8月20日消息，目前，在数字人民币App中能为数字人民币钱包充值的银行多达35家，涵盖股份制、城商行及部分农信社和农商行。","url":"https://twitter.com/OkTelegraph/status/1428551675522871298","username":"OK Telegraph"},{"relevant_topic_guid":"0b2ab7afca598ce124bfaa858d3d3e11","cnt_retweet":"0","publish_time":"20210819163103","page_action_type":"07","cnt_agree":"0","topic_guid":"0b2ab7afca598ce124bfaa858d3d3e11","userid":"jingbojingbo88","cnt_comment":"0","content":"穆迪：数字人民币有助于改善银行的支付竞争力 - 穆迪分析师 Zedric Cheung 等人在周四的报告中称，数字人民币的推出有望改善银行的支付竞争力，提升银行在支付系统中的地位，增强数据收集能力，并扩大用户群。报告中称，腾讯和蚂蚁集团运营的数字支付工具大受欢迎，使中国基本成为无","url":"https://twitter.com/jingbojingbo88/status/1428273290259439618","username":"景博"},{"relevant_topic_guid":"e5b9a1e818b08594c85833ebe71d986a","cnt_retweet":"0","publish_time":"20210820010603","page_action_type":"07","cnt_agree":"0","topic_guid":"e5b9a1e818b08594c85833ebe71d986a","userid":"jingbojingbo88","cnt_comment":"0","content":"京东企业业务支持数字人民币采购 - 8 月 20 日消息，近日，随着深圳研亚通、北京都合适家居装饰通过数字人民币分别在京东企业业务旗下京东企业购、京东慧采完成货款支付，京东在企业采购领域首批数字人民币试点项目圆满结束，拓展了数字人民币在企业市场的应用场景。","url":"https://twitter.com/jingbojingbo88/status/1428402894001291270","username":"景博"},{"relevant_topic_guid":"94e1a5c3bc01f2ec842c338078ddfb40","cnt_retweet":"0","publish_time":"20210819193949","page_action_type":"07","cnt_agree":"1","topic_guid":"94e1a5c3bc01f2ec842c338078ddfb40","userid":"wangzhe62847422","cnt_comment":"0","content":"数字人民币App更新，24家银行正式接入数字人民币互联互通平台继国有大行之后，，城银清算接入数字人民币互联互通平台的首批机构有南京银行、上海银行、江苏银行、杭州银行、宁波银行、泸州银行、重庆银行、青岛银行、西安银行、长沙银行、华融湘江银行等。 https://t.co/Q9uND5oMUE","url":"https://twitter.com/wangzhe62847422/status/1428320794656919557","username":"Jessica **/PEC"},{"relevant_topic_guid":"ca3ddbd80ceb28a433ab4fbb9f0600a8","cnt_retweet":"0","publish_time":"20210819114303","page_action_type":"07","cnt_agree":"0","topic_guid":"ca3ddbd80ceb28a433ab4fbb9f0600a8","userid":"jingbojingbo88","cnt_comment":"0","content":"广发银行接入数字人民币互联互通平台 - 8 月 18 日晚间，广发银行在其微信公众号中透露，近日，在人民银行数字货币研究所的统一部署和指导下，广发银行以直通模式接入数字人民币互联互通平台，用户可在人民银行数字人民币 APP 上使用任意运营机构个人钱包，绑定广发银行卡并办理数字人民","url":"https://twitter.com/jingbojingbo88/status/1428200815706222592","username":"景博"},{"relevant_topic_guid":"5a56b25141f2cb3a9e60c5932b861ffe","cnt_retweet":"0","publish_time":"20210819165750","page_action_type":"07","cnt_agree":"0","topic_guid":"5a56b25141f2cb3a9e60c5932b861ffe","userid":"OkTelegraph","cnt_comment":"1","content":"【穆迪：数字人民币有助于改善银行的支付竞争力】8月19日消息，穆迪分析师Zedric Cheung等人在周四的报告中称，数字人民币的推出有望改善银行的支付竞争力，提升银行在支付系统中的地位，增强数据收集能力，并扩大用户群。","url":"https://twitter.com/OkTelegraph/status/1428280034159075349","username":"OK Telegraph"},{"relevant_topic_guid":"52a68d65051a27afe904682900bbd544","cnt_retweet":"0","publish_time":"20210819085103","page_action_type":"07","cnt_agree":"0","topic_guid":"52a68d65051a27afe904682900bbd544","userid":"jingbojingbo88","cnt_comment":"0","content":"上海静安：在 80 余家健身场所启动数字人民币钱包试点 - 8 月 19 日消息，据上海静安官方公众号，静安区体育局联合交通银行在静安区内 80 余家健身场所启动数字人民币钱包试点，目前数字人民币支付功能已在“静安体育公益配送”平台推出，进行无门槛消费支付，市民可在每日 12 时","url":"https://twitter.com/jingbojingbo88/status/1428157528832188419","username":"景博"},{"relevant_topic_guid":"287444f6a125a76e5785e16a068326f3","cnt_retweet":"0","publish_time":"20210819181203","page_action_type":"07","cnt_agree":"0","topic_guid":"287444f6a125a76e5785e16a068326f3","userid":"jingbojingbo88","cnt_comment":"0","content":"陕西高速完成首笔数字人民币交易，9 月底覆盖西安行政区 - 陕西省高速公路第一笔数字人民币缴费支付已成功完成，标志着数字人民币支付方式在陕西高速公路收费场景成功落地。据了解，陕西高速电子公司将在现有基础上加快推广实施，预计在 9 月底之前完成西安行政区域内高速公路收费车道数字人民","url":"https://twitter.com/jingbojingbo88/status/1428298708756615176","username":"景博"},{"relevant_topic_guid":"c290ef12c1c288927b95f7132f04626c","cnt_retweet":"0","publish_time":"20210824195018","page_action_type":"07","cnt_agree":"1","topic_guid":"c290ef12c1c288927b95f7132f04626c","userid":"AlertCina","cnt_comment":"0","content":"R 数字人民币首次在期货市场上应用*新版外汇券* 不服,就给你 熔断停卡 https://t.co/lZhn8D7gPl","url":"https://twitter.com/AlertCina/status/1430135373426937864","username":"中國警告 Alert Cina"},{"relevant_topic_guid":"17f1b358e822e81b81c6070ec3f8f4f8","cnt_retweet":"0","publish_time":"20210824093602","page_action_type":"07","cnt_agree":"0","topic_guid":"17f1b358e822e81b81c6070ec3f8f4f8","userid":"6doChina","cnt_comment":"0","content":"数字人民币将亮相金融嘉年华 https://t.co/gABC8xs52m","url":"https://twitter.com/6doChina/status/1429980787307253761","username":"六度中国"},{"relevant_topic_guid":"e340670e818383c3e511cd205e08daac","cnt_retweet":"0","publish_time":"20210824174126","page_action_type":"07","cnt_agree":"0","topic_guid":"e340670e818383c3e511cd205e08daac","userid":"OkTelegraph","cnt_comment":"1","content":"【上海：“十四五”期间稳步推进数字人民币应用试点，丰富相关应用场景】8月24日消息，上海市人民政府印发《上海国际金融中心建设“十四五”规划》（以下简称《规划》）。《规划》表示，加大金融科技关键技术研发力度，提升对金融产品、金融服务、金融监管创新的支撑能力。#Bitcoin","url":"https://twitter.com/OkTelegraph/status/1430102944263770113","username":"OK Telegraph"},{"relevant_topic_guid":"43537e8059577e975014aa5b3641a32b","cnt_retweet":"0","publish_time":"20210824184311","page_action_type":"07","cnt_agree":"0","topic_guid":"43537e8059577e975014aa5b3641a32b","userid":"hermesstrategy","cnt_comment":"0","content":"数字人民币首次在期货市场上应用 https://t.co/BO1C2LuyIP","url":"https://twitter.com/hermesstrategy/status/1430118485829562398","username":"Hermes strategygroup"},{"relevant_topic_guid":"019b8a4d1c23f2159d96a7617c1c11da","cnt_retweet":"0","publish_time":"20210823181107","page_action_type":"07","cnt_agree":"3","topic_guid":"019b8a4d1c23f2159d96a7617c1c11da","userid":"jamespan002","cnt_comment":"1","content":"明末国库空虚，皇帝成立专门部门，绕开国家财政系统来收钱。现在有数字人民币。财富一目了然，定点进行收割。","url":"https://twitter.com/jamespan002/status/1429748024889077770","username":"jamespan（此乃小号，同名大号可关注）"},{"relevant_topic_guid":"5dd71695f7d1891f055b1efab4ee204e","cnt_retweet":"0","publish_time":"20210824120003","page_action_type":"07","cnt_agree":"0","topic_guid":"5dd71695f7d1891f055b1efab4ee204e","userid":"jingbojingbo88","cnt_comment":"0","content":"拉卡拉：已完成全部数字人民币试点城市的试点工作，将推数字人民币可穿戴手环 - 8 月 24 日消息，据最新公布的半年报显示，拉卡拉参与了迄今为止全部数字人民币试点城市的试点工作，以及 2022 北京冬奥会数字人民币受理的环境建设工作，升级了数百万台终端使之可以受理数字人民币，服务","url":"https://twitter.com/jingbojingbo88/status/1430017032171425793","username":"景博"},{"relevant_topic_guid":"b31ce044b97a0220b405a154e9516ff5","cnt_retweet":"0","publish_time":"20210823104217","page_action_type":"07","cnt_agree":"2","topic_guid":"b31ce044b97a0220b405a154e9516ff5","userid":"caixin_news","cnt_comment":"1","content":"【财经早知道】①三孩政策写入《人口计生法》，社会抚养费废止；②“打虎”版图扩展至浙江，杭州书记周江勇落马；③大商所实现数字人民币在期货市场首次应用；④顺丰控股上半年实现净利润7.6亿元，同比下降近80%...订阅领好礼-\u0026gt;\u0026gt;https://t.co/OMGgRvplD6 https://t.co/05b7dp0A0J","url":"https://twitter.com/caixin_news/status/1429635072680890371","username":"财新News"},{"relevant_topic_guid":"265d61975932e022396506db52cd34ff","cnt_retweet":"0","publish_time":"20210824173544","page_action_type":"07","cnt_agree":"1","topic_guid":"265d61975932e022396506db52cd34ff","userid":"Bullshit_105_01","cnt_comment":"1","content":"数字人民币发行200¥面额，如何评价？","url":"https://twitter.com/Bullshit_105_01/status/1430101510751363072","username":"Bullshit！"},{"relevant_topic_guid":"f985bebf6ce609fa57848d3ffec1c655","cnt_retweet":"2","publish_time":"20210824103337","page_action_type":"07","cnt_agree":"1","topic_guid":"f985bebf6ce609fa57848d3ffec1c655","userid":"MoodysChinese","cnt_comment":"0","content":"中国计划推出的央行数字货币 (CBDC，即数字人民币或e-CNY) 如果获得广泛采用，则可改变国内电子支付业的竞争格局。https://t.co/fMtIFOT2L2 https://t.co/foM0ko1rbq","url":"https://twitter.com/MoodysChinese/status/1429995281911853060","username":"穆迪 Moody\u0027s Chinese"},{"relevant_topic_guid":"73b01274184b380d25d5ce2fad308015","cnt_retweet":"0","publish_time":"20210823142703","page_action_type":"07","cnt_agree":"0","topic_guid":"73b01274184b380d25d5ce2fad308015","userid":"jingbojingbo88","cnt_comment":"0","content":"苏州完成全国首例数字人民币应用于无人公交运营测试 - 8 月 23 日消息，苏州完成全国首例智能驾驶车与数字人民币等全功能、全渠道聚合支付载体的运营测试，兼容卡、码、人脸识别等功能，实现了数字人民币、银联云闪付、微信、支付宝、银行掌银快捷支付、交通互联互通卡、苏州市民卡等全渠道支","url":"https://twitter.com/jingbojingbo88/status/1429691636171292681","username":"景博"},{"relevant_topic_guid":"06147671fa204a7048c950fac8999b2c","cnt_retweet":"0","publish_time":"20210824101004","page_action_type":"07","cnt_agree":"1","topic_guid":"06147671fa204a7048c950fac8999b2c","userid":"jingbojingbo88","cnt_comment":"0","content":"天津：积极争取数字人民币试点，提供多层次智能算力服务 - 8 月 24 日消息，天津市人民政府印发《天津市加快数字化发展三年行动方案（2021—2023 年）》，要求推动传统产业数字化转型升级，积极争取数字人民币试点，推动数字人民币应用场景建设；加快与量子计算、区块链技术融合发展","url":"https://twitter.com/jingbojingbo88/status/1429989352084492289","username":"景博"},{"relevant_topic_guid":"8de9ee03141d46df68b5f58e9cf301a4","cnt_retweet":"0","publish_time":"20210824153003","page_action_type":"07","cnt_agree":"0","topic_guid":"8de9ee03141d46df68b5f58e9cf301a4","userid":"jingbojingbo88","cnt_comment":"0","content":"上海：“十四五”期间稳步推进数字人民币应用试点 丰富数字人民币应用场景 - 《规划》表示，提升金融科技应用水平，稳步推进数字人民币应用试点，丰富数字人民币应用场景。推进金融科技在金融市场交易、支付结算服务、智慧银行建设、智能投资管理服务、保险产品创新等领域应用。加快金融机构数字化","url":"https://twitter.com/jingbojingbo88/status/1430069879504257026","username":"景博"},{"relevant_topic_guid":"9307d39cf2f6bab31aba9c4bca17db6b","cnt_retweet":"0","publish_time":"20210824112558","page_action_type":"07","cnt_agree":"0","topic_guid":"9307d39cf2f6bab31aba9c4bca17db6b","userid":"OkTelegraph","cnt_comment":"1","content":"【天津：积极争取数字人民币试点，提供多层次智能算力服务】8月24日消息，天津市人民政府印发《天津市加快数字化发展三年行动方案（2021—2023年）》（以下简称“《方案》”）。《方案》要求推动传统产业数字化转型升级，积极争取数字人民币试点，推动数字人民币应用场景建设；#Bitcoin https://t.co/w8kCcL5eWt","url":"https://twitter.com/OkTelegraph/status/1430008456530993153","username":"OK Telegraph"},{"relevant_topic_guid":"ed59698c0d8c343d370d310ff4a8c6a4","cnt_retweet":"0","publish_time":"20210823152205","page_action_type":"07","cnt_agree":"0","topic_guid":"ed59698c0d8c343d370d310ff4a8c6a4","userid":"OkTelegraph","cnt_comment":"1","content":"【苏州完成全国首例数字人民币应用于无人公交运营测试】8月23日消息，苏州完成全国首例智能驾驶车与数字人民币等全功能、全渠道聚合支付载体的运营测试，兼容卡、码、人脸识别等功能，实现了数字人民币、银联云闪付、微信、支付宝、银行掌银快捷支付、交通互联互通卡、苏州市民卡等全渠道支付。","url":"https://twitter.com/OkTelegraph/status/1429705486799052802","username":"OK Telegraph"},{"relevant_topic_guid":"a95b58874e3e3cb6d42d34efaf411f5e","cnt_retweet":"0","publish_time":"20210822123803","page_action_type":"07","cnt_agree":"0","topic_guid":"a95b58874e3e3cb6d42d34efaf411f5e","userid":"jingbojingbo88","cnt_comment":"0","content":"报告：中国在推出央行数字货币方面已遥遥领先于其他国家 - 近日，穆迪投资者在一份报告中表示，中国在推出央行数字货币（CBDC）方面已遥遥领先于其他国家，这得益于消费者广泛采用电子支付、近乎“无现金”的社会环境以及广泛的移动覆盖。穆迪副总裁、高级信用评级主任李秀军表示，数字人民币（","url":"https://twitter.com/jingbojingbo88/status/1429301817746366472","username":"景博"},{"relevant_topic_guid":"1b7405db5b129c773e735fd758c0598f","cnt_retweet":"0","publish_time":"20210823063303","page_action_type":"07","cnt_agree":"0","topic_guid":"1b7405db5b129c773e735fd758c0598f","userid":"jingbojingbo88","cnt_comment":"0","content":"大商所实现数字人民币在期货市场首次应用 - 8 月 23 日消息，大连商品交易所日前通过数字人民币形式向交割仓库大连良运集团储运有限公司支付仓储费，实现了数字人民币在期货市场的首次应用。大连良运集团储运有限公司经理蒋斌表示，与传统的银行汇款支付形式相比，数字人民币支付仓储费具有免","url":"https://twitter.com/jingbojingbo88/status/1429572351595892745","username":"景博"},{"relevant_topic_guid":"c40066ca0409976232ce19349ab8898e","cnt_retweet":"0","publish_time":"20210822114212","page_action_type":"07","cnt_agree":"9","topic_guid":"c40066ca0409976232ce19349ab8898e","userid":"wxjsxf","cnt_comment":"1","content":"从8月1日开始，北京地铁新增数字人民币购买地铁票和充值等功能。这是数字人民币在轨道交通领域的一次场景应用。 https://t.co/I1ggnRZ52Y","url":"https://twitter.com/wxjsxf/status/1429287762826457091","username":"wxjsxf"},{"relevant_topic_guid":"b6e92bd5e9018f19351193616e05c770","cnt_retweet":"0","publish_time":"20210823110535","page_action_type":"07","cnt_agree":"0","topic_guid":"b6e92bd5e9018f19351193616e05c770","userid":"OkTelegraph","cnt_comment":"1","content":"【大商所实现数字人民币在期货市场首次应用】8月23日消息，大连商品交易所日前通过数字人民币形式向交割仓库大连良运集团储运有限公司支付仓储费，实现了数字人民币在期货市场的首次应用。#Bitcoin","url":"https://twitter.com/OkTelegraph/status/1429640938108846081","username":"OK Telegraph"},{"relevant_topic_guid":"35767a5490ba0e2fd7908d321847b08b","cnt_retweet":"0","publish_time":"20210823073103","page_action_type":"07","cnt_agree":"0","topic_guid":"35767a5490ba0e2fd7908d321847b08b","userid":"jingbojingbo88","cnt_comment":"0","content":"金色晨讯 | 8 月 23 日隔夜重要动态一览 - 21:00-7:00 关键词：伊朗、大商所、Liquid、美联储 1. 伊朗加密货币挖矿临时禁令将于 9 月 22 日解除； 2. 大商所实现数字人民币在期货市场首次应用； 3.Liquid 发布攻击事件报告更新：又发现九","url":"https://twitter.com/jingbojingbo88/status/1429586949615104008","username":"景博"},{"relevant_topic_guid":"dcba379780b63891788f40166c18e868","cnt_retweet":"12","publish_time":"20210820122711","page_action_type":"07","cnt_agree":"24","topic_guid":"dcba379780b63891788f40166c18e868","userid":"QiangXu15","cnt_comment":"2","content":"电子健康码+数字人民币，以后共匪想控制谁给你个红码你哪儿都去不了，搞死你分分钟，你的所有财产数字人民币直接划走了。就这样周边的老百姓还叫好，就该把他们封死，跑出来大家都倒霉 https://t.co/q4KGWSzQNm","url":"https://twitter.com/QiangXu15/status/1428574310868783105","username":"文强 wen qiang"},{"relevant_topic_guid":"663d30f0b58d0f2345659ebb1fecfa01","cnt_retweet":"0","publish_time":"20210823222003","page_action_type":"07","cnt_agree":"0","topic_guid":"663d30f0b58d0f2345659ebb1fecfa01","userid":"jingbojingbo88","cnt_comment":"0","content":"全球首单搭乘无人小巴的数字人民币完成测试扣款 - 2021 年 8 月 13 日上午 9 点 30 分，在苏州高铁新城的一位市民踏上了一辆名为”龙舟 ONE“的公交车，用智能手机向车载移动支付设备出示了数字人民币 APP 付款码，完成了全球首单搭乘无人小巴的数字人民币测试扣款。据","url":"https://twitter.com/jingbojingbo88/status/1429810671911411718","username":"景博"},{"relevant_topic_guid":"ce1c13e19d2cac5d8a57de649dbcb3b1","cnt_retweet":"0","publish_time":"20210823091312","page_action_type":"07","cnt_agree":"0","topic_guid":"ce1c13e19d2cac5d8a57de649dbcb3b1","userid":"guyisheng1","cnt_comment":"0","content":"8.23盘前信息点评2：【大商所实现数字人民币在期货市场首次应用】经理表示，数字人民币支付仓储费具有免手续费、便于实时查询收款进度、业务办理不受大额支付系统启停时段制约等优势。点评：数字货币与现有人民币什么关系？如何保证货币总量不增加？ #数字货币 #财经 #股市 #股评","url":"https://twitter.com/guyisheng1/status/1429612653316501510","username":"股易生"},{"relevant_topic_guid":"d662d9cdda79b4f4bca59635096f6b66","cnt_retweet":"0","publish_time":"20210822115403","page_action_type":"07","cnt_agree":"1","topic_guid":"d662d9cdda79b4f4bca59635096f6b66","userid":"jingbojingbo88","cnt_comment":"0","content":"光大银行分析师：数字人民币试点目前主要集中在小额、高频的零售等场景 - 光大银行分析师周茂华认为，数字人民币试点目前主要集中在小额、高频的零售等场景，试点已覆盖商业零售、旅游、公共、民生服务、公交、医疗等线下和线上场景，这些领域消费支付特点是额度小、频率高，预计接下来仍将稳步朝这","url":"https://twitter.com/jingbojingbo88/status/1429290746079760384","username":"景博"},{"relevant_topic_guid":"03924abb6cd2bc5ed04f0eb9bd4945fc","cnt_retweet":"0","publish_time":"20210818164523","page_action_type":"08","cnt_agree":"0","topic_guid":"46ae26dfda3c597572714be4d9bc5f9f","userid":"ROCMotherHunter","cnt_comment":"1","content":"@SXZYLA6XVVLTqgI @taiwannews_setn 发个券还用大肆宣传的吗*大陆不同省市有不同政策，有发购物券的，也有直接发数字人民币的，一些国企停工但不停薪，这些都不算发钱？反正你们看不见是吧*","url":"https://twitter.com/ROCMotherHunter/status/1427914509608435719","username":"***☭Demon Hunter"},{"relevant_topic_guid":"0980da17b7b29cddf1080ec292a5e3ca","cnt_retweet":"0","publish_time":"20210818143756","page_action_type":"08","cnt_agree":"0","topic_guid":"10e28d303a919016a7bb133c768d9616","userid":"Qqbin02","cnt_comment":"0","content":"@rijingzhongwen 小编没弄明白数字人民币的概念","url":"https://twitter.com/Qqbin02/status/1427882438429011969","username":"Qqbin02"},{"relevant_topic_guid":"0980da17b7b29cddf1080ec292a5e3ca","cnt_retweet":"0","publish_time":"20210818100247","page_action_type":"08","cnt_agree":"1","topic_guid":"5a16b178bf9cd01f2385b9a160e1f5ef","userid":"Yechenggang","cnt_comment":"0","content":"@rijingzhongwen 数字人民币和手机支付又不是一回事，支付宝和微信支付只是转账，并不是数字人民币。数字人民币号称不连网也能交易。但实际情况不得而知","url":"https://twitter.com/Yechenggang/status/1427813195096354816","username":"leafkitten"},{"relevant_topic_guid":"0980da17b7b29cddf1080ec292a5e3ca","cnt_retweet":"0","publish_time":"20210818082223","page_action_type":"08","cnt_agree":"0","topic_guid":"879de1884f81a5032f96cb405f360399","userid":"tony01_wei","cnt_comment":"0","content":"@rijingzhongwen 这和数字人民币完全两个概念，日经还是要体现专业精神","url":"https://twitter.com/tony01_wei/status/1427787929070411786","username":"瓜瓜不近女色"},{"relevant_topic_guid":"0980da17b7b29cddf1080ec292a5e3ca","cnt_retweet":"0","publish_time":"20210818113831","page_action_type":"08","cnt_agree":"9","topic_guid":"bbc6af35245a83f67ee2215c1c8422b1","userid":"EXCALI6","cnt_comment":"0","content":"@rijingzhongwen 移动支付和数字人民币完全是两码事。。。","url":"https://twitter.com/EXCALI6/status/1427837284770979848","username":"ExcaliNoone."},{"relevant_topic_guid":"0980da17b7b29cddf1080ec292a5e3ca","cnt_retweet":"0","publish_time":"20210818133415","page_action_type":"08","cnt_agree":"1","topic_guid":"30d3ba865a0472d5443f8fa0eed748cb","userid":"sunnyshining888","cnt_comment":"0","content":"@rijingzhongwen 移动支付便利高效数字人民币还在发展中相信将来会发挥更大的作用","url":"https://twitter.com/sunnyshining888/status/1427866411242721281","username":"sunnyshining888"},{"relevant_topic_guid":"0980da17b7b29cddf1080ec292a5e3ca","cnt_retweet":"0","publish_time":"20210818092106","page_action_type":"08","cnt_agree":"1","topic_guid":"77701a5044620f37d97645868caaa152","userid":"samda30453172","cnt_comment":"0","content":"@rijingzhongwen 狗屁，和数字人民币没有一点关系。","url":"https://twitter.com/samda30453172/status/1427802705192488962","username":"samda"},{"relevant_topic_guid":"6d3cc32841fa1069ab686b3e1e5b2c2e","cnt_retweet":"0","publish_time":"20210818162252","page_action_type":"08","cnt_agree":"3","topic_guid":"2ed5697e01a663d5b992079d7813efef","userid":"ccpdown64wz1","cnt_comment":"1","content":"@crzVwXqBYhljlDn @ccpdown64wz 怕被骗不要买哦，对了听说数字人民币在涨，快去买","url":"https://twitter.com/ccpdown64wz1/status/1427908844928311296","username":"Time For Himalaya*"},{"relevant_topic_guid":"0527bc66b017688f710effbd728f6d7b","cnt_retweet":"0","publish_time":"20210818141843","page_action_type":"08","cnt_agree":"3","topic_guid":"3562afa262eb938188a6abe4892a0fb7","userid":"ccpdown64wz1","cnt_comment":"0","content":"@twtnando88 @lsmj717 @XW33448 听说今天数字人民币大涨，这么好的消息，我第一个告诉的是你。加油小伙子快去买吧","url":"https://twitter.com/ccpdown64wz1/status/1427877600005804034","username":"Time For Himalaya*"},{"relevant_topic_guid":"0980da17b7b29cddf1080ec292a5e3ca","cnt_retweet":"0","publish_time":"20210818094543","page_action_type":"08","cnt_agree":"0","topic_guid":"70209590427e2ece4c18afe6f9ad8383","userid":"jack28694973","cnt_comment":"0","content":"@rijingzhongwen 你们的小编就这水平？这例子说的是数字人民币吗？明明就是个手机支付啊","url":"https://twitter.com/jack28694973/status/1427808899172761608","username":"jack"},{"relevant_topic_guid":"0980da17b7b29cddf1080ec292a5e3ca","cnt_retweet":"0","publish_time":"20210818080740","page_action_type":"08","cnt_agree":"0","topic_guid":"a4120389fc42e859bb2ed1ec5177918f","userid":"Michael16663034","cnt_comment":"2","content":"@rijingzhongwen 数字人民币才流通不到半年吧！","url":"https://twitter.com/Michael16663034/status/1427784223516106756","username":"Michael Martin"},{"relevant_topic_guid":"a25337e4713119859e7fca34cc6b6d89","cnt_retweet":"0","publish_time":"20210812182329","page_action_type":"08","cnt_agree":"2","topic_guid":"54b078b2fc2c01eaed2e62864ab5201e","userid":"BogatyMen","cnt_comment":"0","content":"@LukasKobierski @MKalwasinski @ZwolinskiAdrian @luigiluib @b_goralczyk @bankier_pl @Piechocinski @RadekPyffel @WnukowskiDamian @GospoDyplomacja @InstytutG Co ciekawe e-CNY ma programowalną architekturę, i może być implementowany w zależności od \"zagranicznych\" potrzeb. Polecam nasz opis czym jest e-CNY i jak to ma wyglądać, także w ujęciu monetarnym.https://t.co/otlIBJCJAR","url":"https://twitter.com/BogatyMen/status/1425764871765901314","username":"BogatyMen"},{"relevant_topic_guid":"598c70dc4f6c516e1b56160c827bd00c","cnt_retweet":"0","publish_time":"20210812070009","page_action_type":"08","cnt_agree":"0","topic_guid":"8a4e6a4949d9e3ca692445f1badc6994","userid":"brad_bodacious","cnt_comment":"0","content":"@EffortCapital E-CNY","url":"https://twitter.com/brad_bodacious/status/1425592904895111172","username":"₿uythedip"},{"relevant_topic_guid":"bac529fff1a784536f472f00881ceb55","cnt_retweet":"0","publish_time":"20210811213026","page_action_type":"08","cnt_agree":"0","topic_guid":"692d9625502d50ef73b2e263cdf5ff83","userid":"thechinaguys","cnt_comment":"1","content":"* The PBOC released an updated whitepaper outlining the latest status of the e-CNY. The e-CNY is currently better suited for domestic payments and pilot programs supporting over 70 million retail transactions have shown promising results.","url":"https://twitter.com/thechinaguys/status/1425449533354430472","username":"The China Guys"},{"relevant_topic_guid":"009ed42705de9cc862fe9759f37cd21b","cnt_retweet":"1","publish_time":"20210815004306","page_action_type":"07","cnt_agree":"3","topic_guid":"009ed42705de9cc862fe9759f37cd21b","userid":"YazhouLyu1","cnt_comment":"0","content":"去年10月10日，中共中央办公厅和国务院办公厅，联合发布了一个“深圳社会主义市场经济试点方案”的规定，提到数字人民币不能出境使用，不能买卖黄金和美元，只能在境内的资本市场流通。数字人民币全面推广后，这不就是欢乐豆？","url":"https://twitter.com/YazhouLyu1/status/1426585181025099778","username":"吕亚洲 Yazhou Lyu"},{"relevant_topic_guid":"1155bebe8e5d2d5cb2eeb5537f7acb59","cnt_retweet":"0","publish_time":"20210816142303","page_action_type":"07","cnt_agree":"0","topic_guid":"1155bebe8e5d2d5cb2eeb5537f7acb59","userid":"jingbojingbo88","cnt_comment":"0","content":"恒生电子：推出数字人民币支付解决方案，并在多家商业银行落地实施 - 8 月 16 日消息，为助力安全普惠的新型零售支付基础设施建设，恒生电子推出数字人民币支付解决方案，并在多家商业银行落地实施。除了助力合作银行接入互联互通平台之外，恒生数字人民币支付解决方案也支持运营机构与受理机","url":"https://twitter.com/jingbojingbo88/status/1427153917947912199","username":"景博"},{"relevant_topic_guid":"87493f4ed741918d136fb6dffa5da23d","cnt_retweet":"0","publish_time":"20210814210803","page_action_type":"07","cnt_agree":"0","topic_guid":"87493f4ed741918d136fb6dffa5da23d","userid":"jingbojingbo88","cnt_comment":"0","content":"锦江区政府联合工行成都分行推出全国首发场景类数字人民币硬件钱包 - 8 月 14 日消息，为进一步推进成都市锦江区数字人民币应用先行区场景打造，今年七夕节，中国工商银行成都分行联合锦江区政府推出全国首发场景类数字人民币硬件钱包。中国工商银行成都分行特别邀请其中的 20 对新人作为","url":"https://twitter.com/jingbojingbo88/status/1426531063480954888","username":"景博"},{"relevant_topic_guid":"31944765ecfe0a21ebfb7c93eb5759bc","cnt_retweet":"0","publish_time":"20210815040808","page_action_type":"07","cnt_agree":"0","topic_guid":"31944765ecfe0a21ebfb7c93eb5759bc","userid":"ducnnet","cnt_comment":"0","content":"中共加快推动数字人民币 习近平存在的幻想 https://t.co/SRUzsLICCC","url":"https://twitter.com/ducnnet/status/1426636779394789377","username":"天钧"},{"relevant_topic_guid":"01f551e7f31cd36a590c20d4ff4e1d48","cnt_retweet":"0","publish_time":"20210816214235","page_action_type":"07","cnt_agree":"1","topic_guid":"01f551e7f31cd36a590c20d4ff4e1d48","userid":"AlertCina","cnt_comment":"0","content":"RT 数字人民币 让骗子无计可施*新一代的 全国粮票, 出入省 。资金转移 公安 和银行随时监控，和掐断。想大量取现透支都不可能.. https://t.co/yN2LdHNDgm","url":"https://twitter.com/AlertCina/status/1427264527750426628","username":"中國警告 Alert Cina"},{"relevant_topic_guid":"3424798316b6eaf8805dd37e549d3c4a","cnt_retweet":"0","publish_time":"20210815040806","page_action_type":"07","cnt_agree":"0","topic_guid":"3424798316b6eaf8805dd37e549d3c4a","userid":"tianjun99","cnt_comment":"0","content":"中共加快推动数字人民币 习近平存在的幻想 https://t.co/ihm3qfozoq","url":"https://twitter.com/tianjun99/status/1426636770200854530","username":"天钧"},{"relevant_topic_guid":"d3fb1f0af3596ebcbc0b0d29f719d27a","cnt_retweet":"0","publish_time":"20210816233945","page_action_type":"07","cnt_agree":"0","topic_guid":"d3fb1f0af3596ebcbc0b0d29f719d27a","userid":"thinkingchain","cnt_comment":"0","content":"上海公布经济数字化转型重点专项：深化数字人民币试点场景#数字人民币评：数字人民币跟区块链有半毛钱关系 https://t.co/UYuWmVuqUG","url":"https://twitter.com/thinkingchain/status/1427294015183982592","username":"理想区块链"},{"relevant_topic_guid":"727a99d656bba2c2bf201b0b067f1d00","cnt_retweet":"0","publish_time":"20210816221013","page_action_type":"07","cnt_agree":"1","topic_guid":"727a99d656bba2c2bf201b0b067f1d00","userid":"lx62020","cnt_comment":"0","content":"What is a Digital RMB  ? What is the difference between it and commonly used payment tools?什么是数字人民币？它与常用的支付工具有什么区别？ https://t.co/lpuUFKRstp","url":"https://twitter.com/lx62020/status/1427271483437449219","username":"Chainxiao6"},{"relevant_topic_guid":"0c32bb1cecadb5c23cd3602eff3fe396","cnt_retweet":"0","publish_time":"20210816230604","page_action_type":"07","cnt_agree":"0","topic_guid":"0c32bb1cecadb5c23cd3602eff3fe396","userid":"jingbojingbo88","cnt_comment":"0","content":"上海：深化数字人民币试点场景，加快推进智能算力平台建设 - 8 月 16 日消息，据上海发布官方公众号消息，上海市经济和信息化委员会已公布硬核新技术、在线新经济、制造新模式等在内的 12 项专项行动，其中金融新科技专项行动将推动金融业提效增值，深化数字人民币试点场景。在金融新科技","url":"https://twitter.com/jingbojingbo88/status/1427285535727435781","username":"景博"},{"relevant_topic_guid":"23b1e14596f5401376dbfc44a53fa434","cnt_retweet":"0","publish_time":"20210815040810","page_action_type":"07","cnt_agree":"0","topic_guid":"23b1e14596f5401376dbfc44a53fa434","userid":"bsdscn","cnt_comment":"0","content":"中共加快推动数字人民币 习近平存在的幻想 https://t.co/AGwL46DdQM","url":"https://twitter.com/bsdscn/status/1426636786994794499","username":"钧天"},{"relevant_topic_guid":"0eec4809b901b147e9bd9f450f7c55b8","cnt_retweet":"0","publish_time":"20210815040827","page_action_type":"07","cnt_agree":"0","topic_guid":"0eec4809b901b147e9bd9f450f7c55b8","userid":"juntian99","cnt_comment":"0","content":"中共加快推动数字人民币 习近平存在的幻想 https://t.co/OQXyOvk5kl","url":"https://twitter.com/juntian99/status/1426636860680404992","username":"钧天"},{"relevant_topic_guid":"562886e083e4e94b32d77882a9d68431","cnt_retweet":"0","publish_time":"20210816092503","page_action_type":"07","cnt_agree":"0","topic_guid":"562886e083e4e94b32d77882a9d68431","userid":"jingbojingbo88","cnt_comment":"0","content":"张维为：数字人民币支付动摇了美元霸权 - 在东方卫视近期播出的《这就是中国》第 108 期节目中，复旦大学中国研究院院长张维为教授演讲表示，包括大规模的基础建设合作、大规模的购买石油、以及人民币数字货币支付，这些都动摇了美国，因为美国霸权主要是靠美元的国际地位。（观察者网）","url":"https://twitter.com/jingbojingbo88/status/1427078923461054468","username":"景博"},{"relevant_topic_guid":"17fdac528b32fe5d8c18d4f19892db25","cnt_retweet":"0","publish_time":"20210812095604","page_action_type":"07","cnt_agree":"0","topic_guid":"17fdac528b32fe5d8c18d4f19892db25","userid":"jingbojingbo88","cnt_comment":"0","content":"青岛地铁拟推数字人民币支付方式 - 8 月 12 日，据青岛公安官方公众号消息，随着青岛胶东国际机场将正式转场运行，在青岛市委、市政府的大力推动下，青岛地铁将启动便民惠民活动，市民可使用青岛地铁 App 授权验证当日胶东机场乘机信息即可获赠地铁免费乘车券，后续主办方将联合多家合作","url":"https://twitter.com/jingbojingbo88/status/1425637174054203392","username":"景博"},{"relevant_topic_guid":"8435b5a0f4a2684e2bcdc9d5852758da","cnt_retweet":"0","publish_time":"20210814142504","page_action_type":"07","cnt_agree":"0","topic_guid":"8435b5a0f4a2684e2bcdc9d5852758da","userid":"jingbojingbo88","cnt_comment":"0","content":"2021 年度国家社会科学基金重大项目招标启动：数字人民币和区块链选题入围 - 8 月 14 日消息，经全国哲学社会科学工作领导小组批准，2021 年度国家社会科学基金重大项目招标已正式启动，其中包括了数字人民币和区块链选题研究方向，分别是：《依托中非命运共同体建设推动数字人民币","url":"https://twitter.com/jingbojingbo88/status/1426429646019645441","username":"景博"},{"relevant_topic_guid":"dcba379780b63891788f40166c18e868","cnt_retweet":"0","publish_time":"20210820124634","page_action_type":"08","cnt_agree":"0","topic_guid":"70d0704ca26ca566f14f37ba2ec6d7d0","userid":"dasha_jiangqing","cnt_comment":"0","content":"@QiangXu15 这个社会还有隐私吗","url":"https://twitter.com/dasha_jiangqing/status/1428579185711226884","username":"大厦将倾"},{"relevant_topic_guid":"dcba379780b63891788f40166c18e868","cnt_retweet":"1","publish_time":"20210820231054","page_action_type":"08","cnt_agree":"2","topic_guid":"897e46555812675739dc284975742137","userid":"QiangXu15","cnt_comment":"0","content":"https://t.co/kER0syielq","url":"https://twitter.com/QiangXu15/status/1428736305840549895","username":"文强 wen qiang"}]