[{"relevant_topic_guid":"576fdd8de03c6b9c6bc59ca8765c2d11","cnt_retweet":"0","publish_time":"20210630094408","page_action_type":"07","cnt_agree":"1","topic_guid":"576fdd8de03c6b9c6bc59ca8765c2d11","userid":"ChainNewscom","cnt_comment":"0","content":"【北京轨道交通开启用数字人民币支付乘车体验测试】链闻消息，北京轨道交通今日起开启全路网数字人民币支付渠道刷闸乘车体验测试。已开通工商银行数字人民币业务的乘客，可在北京轨道交通已有 24 条运营线路及 4 条市郊铁路范围内，通…… https://t.co/auuG983xFC","url":"https://twitter.com/ChainNewscom/status/1410051493202300930","username":"链闻 ChainNews"},{"relevant_topic_guid":"d29a23934d5e19ee2364b52bbf3ee33b","cnt_retweet":"5","publish_time":"20210723173502","page_action_type":"07","cnt_agree":"7","topic_guid":"d29a23934d5e19ee2364b52bbf3ee33b","userid":"PANewsLab","cnt_comment":"0","content":"Here are key takeaways of China\u0027s e-CNY whitepaper, which elaborates the digital fiat currency issued by the central bank. https://t.co/tAQm9ud1No","url":"https://twitter.com/PANewsLab/status/1418504921666580484","username":"PANews"},{"relevant_topic_guid":"f0c69743e8cae7f8bb20b8ab138da91a","cnt_retweet":"0","publish_time":"20210723140131","page_action_type":"07","cnt_agree":"0","topic_guid":"f0c69743e8cae7f8bb20b8ab138da91a","userid":"coinbull6","cnt_comment":"0","content":"Shenzhen citizens can use e-CNY(#china CBDC） by bus and subway。","url":"https://twitter.com/coinbull6/status/1418451188912062466","username":"Coinbull Research"},{"relevant_topic_guid":"aa9558b78b0ca930ff22977487592101","cnt_retweet":"0","publish_time":"20210723114348","page_action_type":"07","cnt_agree":"1","topic_guid":"aa9558b78b0ca930ff22977487592101","userid":"HenriArslanian","cnt_comment":"8","content":"Sharing latest #China #CBDC e-CNY data on @CNBC: -been used in over 1.32m use cases, from utility payments \u0026amp; government devices to transportation \u0026amp; shopping- over 21m personal + 3.5m corporate wallets have been opened-over RMB34.5b (US$5.3b) of transaction value#Crypto","url":"https://twitter.com/HenriArslanian/status/1418416530912468996","username":"Henri Arslanian"},{"relevant_topic_guid":"77d92724976aa24e19c1fc041ae60d6b","cnt_retweet":"0","publish_time":"20210722232925","page_action_type":"07","cnt_agree":"0","topic_guid":"77d92724976aa24e19c1fc041ae60d6b","userid":"SanCompounding","cnt_comment":"0","content":"e-CNY, the digital version of the fiat currency issued by the People’s Bank of China. 1 e-CNY \u003d 1 RMB e-CNY follows principle of anonymity for small value and traceable for high value e-CNY allows programmability throu smart contracts for self-executing payments#China #Yuan","url":"https://twitter.com/SanCompounding/status/1418231718562177030","username":"Sandeep Anand"},{"relevant_topic_guid":"9a8ce576311e56c831bfa619978713ea","cnt_retweet":"1","publish_time":"20210630062607","page_action_type":"07","cnt_agree":"1","topic_guid":"9a8ce576311e56c831bfa619978713ea","userid":"MingJingNews","cnt_comment":"0","content":"王毅敦促G20大国勿将“五桩罪”殃及中国；中美拔河抢普金，布林肯：美国还是想与普金站一边；中俄联手日本紧张，称保护台湾民主国家被中国狠批；日本：中国数字人民币不可忽视；北京助力“中国制造，亚马逊销售” https://t.co/SvusHfAinE https://t.co/zDs2aaUxyO","url":"https://twitter.com/MingJingNews/status/1410001662073196549","username":"明鏡新聞網"},{"relevant_topic_guid":"8580c6cb840d5c674ae34cb9e2030230","cnt_retweet":"0","publish_time":"20210722203212","page_action_type":"07","cnt_agree":"0","topic_guid":"8580c6cb840d5c674ae34cb9e2030230","userid":"cryptoworldhead","cnt_comment":"0","content":"Ping An trials e-CNY; Core Scientific to go public https://t.co/J1WyTxqUx2","url":"https://twitter.com/cryptoworldhead/status/1418187119193960448","username":"Crypto World Headline"},{"relevant_topic_guid":"f7a100656a0235f262615cde81598b14","cnt_retweet":"6","publish_time":"20210723051917","page_action_type":"07","cnt_agree":"26","topic_guid":"f7a100656a0235f262615cde81598b14","userid":"hosseeb","cnt_comment":"2","content":"e-CNY white paper released: https://t.co/eb3xQ0eetYTidbits:1) It will be fully programmable w/ smart contracts (will anyone be able to create smart contracts?)2) \"Anonymity for small values, traceable for large values\" (hmm... structuring?)3) Tiered wallets w/ subaccounts https://t.co/CHcYmn2Mg5","url":"https://twitter.com/hosseeb/status/1418319763722231809","username":"Haseeb Qureshi"},{"relevant_topic_guid":"cbd788e4e1ad04616181390ed64d92a5","cnt_retweet":"1","publish_time":"20210723003202","page_action_type":"07","cnt_agree":"0","topic_guid":"cbd788e4e1ad04616181390ed64d92a5","userid":"hackernoon","cnt_comment":"0","content":"\"The People’s Bank of China and the new white paper on the e-CNY (Digital Yuan)\" https://t.co/AcPGIM6jQx #digitalyuan #digitalpayments","url":"https://twitter.com/hackernoon/status/1418247474276339721","username":"HackerNoon"},{"relevant_topic_guid":"4d5725434cad5099a3149afaaf3a2ec5","cnt_retweet":"0","publish_time":"20210723013304","page_action_type":"07","cnt_agree":"1","topic_guid":"4d5725434cad5099a3149afaaf3a2ec5","userid":"bitcns","cnt_comment":"0","content":"Via @RssBit:  The People’s Bank of China and the new white paper on the e-CNY (Digital Yuan) https://t.co/ahXxLICGKL","url":"https://twitter.com/bitcns/status/1418262834920574981","username":"BTCN.it"},{"relevant_topic_guid":"6ef8bf3b8eacd78d42320d89cdcc77df","cnt_retweet":"0","publish_time":"20210723051217","page_action_type":"07","cnt_agree":"1","topic_guid":"6ef8bf3b8eacd78d42320d89cdcc77df","userid":"ChinaBIGIdea1","cnt_comment":"0","content":"National Disposable Income ;\"Millennium Rain\" in Henan; Amazon closes some Chinese Retailers;E-CNY at Beijing Olympics;U.S\u0027s Taiwan Partnership Act; Bytedance under Watch;Unicorns. https://t.co/ZuMMg59c6o","url":"https://twitter.com/ChinaBIGIdea1/status/1418318003012317185","username":"China BIG Idea"},{"relevant_topic_guid":"3883841235f74173923f9d7dae46442b","cnt_retweet":"2","publish_time":"20210722213901","page_action_type":"07","cnt_agree":"0","topic_guid":"3883841235f74173923f9d7dae46442b","userid":"Forkast_News","cnt_comment":"0","content":"On today\u0027s #TheDailyForkast – Ping An trials e-CNY; Core Scientific to go public and more https://t.co/9IL7thjOlM","url":"https://twitter.com/Forkast_News/status/1418203934632517636","username":"Forkast News"},{"relevant_topic_guid":"c28b62f19a76dc79ee7e6be95ad8faba","cnt_retweet":"0","publish_time":"20210722095517","page_action_type":"07","cnt_agree":"0","topic_guid":"c28b62f19a76dc79ee7e6be95ad8faba","userid":"stonline_jp","cnt_comment":"0","content":"中国が保険証券のデジタル元（e-CNY）パイロットプロジェクトを発表｜NFTonline #note https://t.co/pkIXOkWa56","url":"https://twitter.com/stonline_jp/status/1418026832096464896","username":"STOnline＠NFT"},{"relevant_topic_guid":"57b86d4c1fbe75c2c8982197c2a92bd9","cnt_retweet":"0","publish_time":"20210722170016","page_action_type":"07","cnt_agree":"0","topic_guid":"57b86d4c1fbe75c2c8982197c2a92bd9","userid":"coinbull6","cnt_comment":"0","content":"Russian economist Alexei Mikheev say，The application of the e-CNY （#China CBDC）will fundamentally change the global financial landscape and help alleviate countries’ dependence on the U.S. dollar.","url":"https://twitter.com/coinbull6/status/1418133785489526786","username":"Coinbull Research"},{"relevant_topic_guid":"ffba1e073f00ebcae3432e65f0e6bdc4","cnt_retweet":"0","publish_time":"20210722204011","page_action_type":"07","cnt_agree":"1","topic_guid":"ffba1e073f00ebcae3432e65f0e6bdc4","userid":"CryptoTraderPro","cnt_comment":"0","content":"Crypto Panic: Ping An trials e-CNY; Core Scientific to go public https://t.co/NH5FoscZ9N * Bet with $BTC via ⟶ https://t.co/4h0cyuWSHk √ https://t.co/Gg8g990myS","url":"https://twitter.com/CryptoTraderPro/status/1418189129792196610","username":"Crypto Trader Pro **"},{"relevant_topic_guid":"4e7235cf5181ecc3a845e789d6267707","cnt_retweet":"0","publish_time":"20210721203833","page_action_type":"07","cnt_agree":"0","topic_guid":"4e7235cf5181ecc3a845e789d6267707","userid":"hashcove_utrade","cnt_comment":"0","content":"E-CNY Progress Report Reveals Telling Details About The #Chinese  Retail #CBDCs  Projecthttps://t.co/URnbdHj7mTAccording to one commentator technical underpinnings are still vague https://t.co/CB3tAEALHB","url":"https://twitter.com/hashcove_utrade/status/1417826328686985219","username":"Hashcove"},{"relevant_topic_guid":"93ee64901e75ef05b7cf6d262acccc5c","cnt_retweet":"0","publish_time":"20210721194243","page_action_type":"07","cnt_agree":"1","topic_guid":"93ee64901e75ef05b7cf6d262acccc5c","userid":"vertinski","cnt_comment":"0","content":"ĶTB uz CBD taisa e-CNY  ***","url":"https://twitter.com/vertinski/status/1417812278154600449","username":"Avalon “Vertinski” Dust"},{"relevant_topic_guid":"73ecd950bf7bd342f1318c7202894695","cnt_retweet":"0","publish_time":"20210722063007","page_action_type":"07","cnt_agree":"0","topic_guid":"73ecd950bf7bd342f1318c7202894695","userid":"BTCBros","cnt_comment":"0","content":"American Athletes Banned From Using China’s e-CNY During Beijing Olympics Is What U.S. Senators Wantshttps://t.co/dyk5vK14Nh#Crypto #BtcManager https://t.co/ZKR7SLduZw","url":"https://twitter.com/BTCBros/status/1417975202202402827","username":"BTC Bros"},{"relevant_topic_guid":"546386e436ba4f7dfc22e67bf911855d","cnt_retweet":"0","publish_time":"20210721181620","page_action_type":"07","cnt_agree":"2","topic_guid":"546386e436ba4f7dfc22e67bf911855d","userid":"ZakaSignals","cnt_comment":"0","content":"Digital Yuan (e-CNY), the Chinese soverign national digital currency is now being used as a settlement tool for insurance policies.#DIGITALCURRENCY #digitalyuan#Crypto https://t.co/DA1VbPbqZg","url":"https://twitter.com/ZakaSignals/status/1417790537885790208","username":"Zaka Signals"},{"relevant_topic_guid":"2ada97412b4e314f63a723c14a83313f","cnt_retweet":"3","publish_time":"20210721180921","page_action_type":"07","cnt_agree":"5","topic_guid":"2ada97412b4e314f63a723c14a83313f","userid":"val5linx","cnt_comment":"0","content":"Digital Yuan (e-CNY), the Chinese soverign national digital currency is now being used as a settlement tool for insurance policies.https://t.co/H0N5sqHoOC","url":"https://twitter.com/val5linx/status/1417788783282556928","username":"Michael"},{"relevant_topic_guid":"9e25d5e552f16342412b41a6074c8b41","cnt_retweet":"0","publish_time":"20210721183906","page_action_type":"07","cnt_agree":"0","topic_guid":"9e25d5e552f16342412b41a6074c8b41","userid":"MarginSyndicate","cnt_comment":"0","content":"China Mobile discloses virtual currency system patent, joins e-CNY team https://t.co/gkuIhdFXqn","url":"https://twitter.com/MarginSyndicate/status/1417796270232530951","username":"Freeman | Margin Syndicate"},{"relevant_topic_guid":"eceb0678bae33ebd881597b652473cd8","cnt_retweet":"0","publish_time":"20210721223743","page_action_type":"07","cnt_agree":"0","topic_guid":"eceb0678bae33ebd881597b652473cd8","userid":"Blogs_Kenya","cnt_comment":"0","content":"[TECH] Chinese Digital Yuan CBDC (e-CNY) Already Used in $5 Billion of Transactions: The value of transactons done in China\u0027s Central Bank Digital Currency (e-CNY) reached 34.5 billion Yuan or $5 billion, by.. https://t.co/JqCvwUJrrp via @BitcoinKE","url":"https://twitter.com/Blogs_Kenya/status/1417856319126654977","username":"Top Kenyan Blogs"},{"relevant_topic_guid":"03917855620f4e93654c3c23f55d788b","cnt_retweet":"0","publish_time":"20210721155628","page_action_type":"07","cnt_agree":"0","topic_guid":"03917855620f4e93654c3c23f55d788b","userid":"SilkChain_IO","cnt_comment":"0","content":"Purchasers who pay for their coronavirus coverage with e-CNY can receive discounts.https://t.co/LZBpLtI102 via @LinkedIn","url":"https://twitter.com/SilkChain_IO/status/1417755341702455296","username":"丝链SilkChain"},{"relevant_topic_guid":"5d32d7afb1176cba1752a43b3e2ed393","cnt_retweet":"1","publish_time":"20210722015921","page_action_type":"07","cnt_agree":"2","topic_guid":"5d32d7afb1176cba1752a43b3e2ed393","userid":"Bart_Broertjes","cnt_comment":"0","content":"Also, ConsenSys partners with the Flexa Network to secure fast and reliable payments using the $AMP blockchain.Flexa does not only support $ETH, but numerous other crypto assets, with the digital Yuan (E-CNY) to be added soon. A very promising thought.https://t.co/5UVKeVSjy9","url":"https://twitter.com/Bart_Broertjes/status/1417907063125168130","username":"Bart Broertjes"},{"relevant_topic_guid":"f3e0878769c8850ce2d7d19d5c8edcd8","cnt_retweet":"0","publish_time":"20210721124309","page_action_type":"07","cnt_agree":"3","topic_guid":"f3e0878769c8850ce2d7d19d5c8edcd8","userid":"UpbitID","cnt_comment":"3","content":"Berikut pilihan berita terkini dari dunia aset digital:* PayPal tingkatkan batas pembelian kripto hingga $100KSumber: https://t.co/d0Y2R7ij6f * China menerbitkan whitepaper e-CNY pertama yang mengonfirmasi kemampuan program smart contractSumber: https://t.co/pulbY8x53E https://t.co/TaVsy6daAn","url":"https://twitter.com/UpbitID/status/1417706691886424067","username":"Upbit Indonesia"},{"relevant_topic_guid":"ecddf9d80872788967f334fa2f638917","cnt_retweet":"2","publish_time":"20210721183910","page_action_type":"07","cnt_agree":"0","topic_guid":"ecddf9d80872788967f334fa2f638917","userid":"highrewardcoin","cnt_comment":"0","content":"China Mobile discloses virtual currency system patent, joins e-CNY team https://t.co/70SXsSKFN8","url":"https://twitter.com/highrewardcoin/status/1417796285004800008","username":"getHighRewards"},{"relevant_topic_guid":"4a7f8c60395bc0cfeaf2fe86cd83cb1f","cnt_retweet":"0","publish_time":"20210721130344","page_action_type":"07","cnt_agree":"0","topic_guid":"4a7f8c60395bc0cfeaf2fe86cd83cb1f","userid":"tokenandcrypto","cnt_comment":"0","content":"The three Republican senators raising objections have cited privacy and security concerns with the use of Digital Yuan.The lawmakers noted that the CCP can exploit the use of e-CNY as a surveillance tool.  #Bitcoin #btc #cryptocurrency #eth #Ethereumhttps://t.co/d9aBkmXPvw https://t.co/WJHFmGeUiX","url":"https://twitter.com/tokenandcrypto/status/1417711872829239300","username":"TokenAndCrypto.com"},{"relevant_topic_guid":"91118c2cb03cba4f5e1cc117a2807fb6","cnt_retweet":"0","publish_time":"20210721154355","page_action_type":"07","cnt_agree":"0","topic_guid":"91118c2cb03cba4f5e1cc117a2807fb6","userid":"webnowcompany","cnt_comment":"0","content":"Digital Yuan (e-CNY), the Chinese soverign national digital currency is now being used as a settlement tool for insurance policies. Insurance giant PingAn ...Read more: https://t.co/rNBqKtpNtQ","url":"https://twitter.com/webnowcompany/status/1417752181709680642","username":"webnow*"},{"relevant_topic_guid":"20d9eaa31536cb63b54c0c6947a38240","cnt_retweet":"1","publish_time":"20210721122631","page_action_type":"07","cnt_agree":"2","topic_guid":"20d9eaa31536cb63b54c0c6947a38240","userid":"BitcoinKE","cnt_comment":"0","content":"Chinese**Digital Yuan CBDC (e-CNY) Already Used in $5 Billion of Transactions:  https://t.co/SXTTYaKNLL #eCNY #DigitalYuan #CBDCs","url":"https://twitter.com/BitcoinKE/status/1417702505702739971","username":"BitKE"},{"relevant_topic_guid":"d4118320e655d622affb6b9d4a14dd2d","cnt_retweet":"0","publish_time":"20210721193046","page_action_type":"07","cnt_agree":"1","topic_guid":"d4118320e655d622affb6b9d4a14dd2d","userid":"bitcoinfonds","cnt_comment":"0","content":"Ķīnas Tautas banka (ĶTB) ir publicējusi digitālā juaņa (e-CNY) Balto grāmatu. Digitālā juaņa tehniskajā dokumentācijā norādīti priekšnosacījumi tā izveidei. Pirmie Latvijā publicējam dokumenta angļu valodas versiju!  #cbdchttps://t.co/8em1POwhQp https://t.co/tymO9UsZYO","url":"https://twitter.com/bitcoinfonds/status/1417809270716997633","username":"The Bitcoin Foundation Latvia"},{"relevant_topic_guid":"42a395a4328dab55ac8f4863c73f3feb","cnt_retweet":"1","publish_time":"20210720214018","page_action_type":"08","cnt_agree":"0","topic_guid":"b9ca7e4db8de831b0521e30fb38a4623","userid":"IreneKenyon4","cnt_comment":"0","content":"Many analysts believe the e-CNY will bolster the currency\u0027s global status as China seeks ultimately to break the dominance of the dollar settlement system.","url":"https://twitter.com/IreneKenyon4/status/1417479479279210498","username":"Irene Kenyon"},{"relevant_topic_guid":"9778b5fd3e8bc2a990fb68f87c57974e","cnt_retweet":"0","publish_time":"20210721001050","page_action_type":"08","cnt_agree":"0","topic_guid":"d2d3a91c2d4bd18423e465f4e8056a89","userid":"Leducanh1509","cnt_comment":"0","content":"@WuBlockchain can we use e-CNY to buy coins","url":"https://twitter.com/Leducanh1509/status/1417517365437222919","username":"Lê Đức Anh"},{"relevant_topic_guid":"9778b5fd3e8bc2a990fb68f87c57974e","cnt_retweet":"0","publish_time":"20210721001037","page_action_type":"08","cnt_agree":"0","topic_guid":"a25aaca7e1801810ccb4641e0bb8533f","userid":"YenVuHai1","cnt_comment":"0","content":"@WuBlockchain Use guns and bayonets to force people to use the e-CNY.","url":"https://twitter.com/YenVuHai1/status/1417517308440838146","username":"Yen Vu Hai"},{"relevant_topic_guid":"4db722302f3f1a12117854e51e32d261","cnt_retweet":"0","publish_time":"20210720171029","page_action_type":"08","cnt_agree":"3","topic_guid":"f17eef22ef9f5e798e4e301d46c105d7","userid":"Kriptocum4","cnt_comment":"0","content":"Özellikle, Birleşik Devletler Olimpiyat ve Paralimpik Komitesi’ne çağrıda bulunuyoruz. Sporcularımızın bu testlere alet olması engellenmeli ve e-CNY (Dijital Yuan) kullanımı yasaklanmalıdır.”","url":"https://twitter.com/Kriptocum4/status/1417411580761985024","username":"Son DAKİKA Kripto Haber"},{"relevant_topic_guid":"a735d4220a25634952babe37519f5471","cnt_retweet":"0","publish_time":"20210720105235","page_action_type":"08","cnt_agree":"1","topic_guid":"4f0e9b0e6a9851972d500069c9f5a06e","userid":"Forbes_TH","cnt_comment":"1","content":"เนื่องจากระบบค่อนข้างรวมศูนย์ ทาง PBOC ออกแบบระบบศูนย์ข้อมูลที่กระจายตัวหลายแห่ง รองรับเหตุภัยพิบัติระดับเมือง เพื่อให้แน่ใจว่าระบบทำงานได้ต่อเนื่อง.ฟีเจอร์สำคัญที่ e-CNY รับมาจากแนวคิดของเงินคริปโตคือ smart contract [4]","url":"https://twitter.com/Forbes_TH/status/1417316478823538690","username":"Forbes Thailand"},{"relevant_topic_guid":"1a9ac792c415d3f5d2be7f7801d66a4d","cnt_retweet":"0","publish_time":"20210720105235","page_action_type":"08","cnt_agree":"1","topic_guid":"a735d4220a25634952babe37519f5471","userid":"Forbes_TH","cnt_comment":"1","content":"แล้วจะสามารถโอนเงินมูลค่าสูงขึ้นแต่ก็ป้องกันการขอข้อมูลส่วนตัวโดยไม่จำเป็น.ความแตกต่างสำคัญของ e-CNY เทียบกับระบบโอนเงินในบัญชีธนาคารมีหลายอย่าง เช่น รายการจ่ายทั้งหมดไม่มีค่าธรรมเนียม และผู้ให้บริการจะถือว่าการชำระสิ้นสุดทันทีที่โอนเงินสำเร็จ (settlement upon payment)[3]","url":"https://twitter.com/Forbes_TH/status/1417316477254868994","username":"Forbes Thailand"},{"relevant_topic_guid":"cd3751289154a3aaf49fb7aa13264c24","cnt_retweet":"0","publish_time":"20210720105236","page_action_type":"08","cnt_agree":"1","topic_guid":"9ffd670e4354ead1d69b25fe906233a2","userid":"Forbes_TH","cnt_comment":"1","content":"ทาง PBOC ยังทดสอบฟีเจอร์อื่นๆ อีกจำนวนหนึ่ง เช่น ทดสอบการจ่ายเงินแบบออฟไลน์โดยพัฒนาร่วมกับผู้ผลิตโทรศัพท์มือถือ และทดสอบฮาร์ดแวร์อื่นเพื่อให้ใช้งาน e-CNY ได้โดยไม่ต้องมีโทรศัพท์ คาดว่าจะใช้งานจริงในโอลิมปิกฤดูหนาว 2022 [6].#ForbesThailand #ECNY","url":"https://twitter.com/Forbes_TH/status/1417316482283835393","username":"Forbes Thailand"},{"relevant_topic_guid":"0c6af5b207ec6bf9bdd6be19eb87e5eb","cnt_retweet":"0","publish_time":"20210720105234","page_action_type":"08","cnt_agree":"1","topic_guid":"1a9ac792c415d3f5d2be7f7801d66a4d","userid":"Forbes_TH","cnt_comment":"1","content":"โดยบัญชีในระบบ e-CNY นั้นมีหลายระดับขึ้นกับระดับการยืนยันตัวตน ตั้งแต่ระดับต่ำสุดที่สามารถใช้งานได้โดยไม่ต้องยืนยันตัวตนใดๆ (managed anonymity) แต่จะใช้งานได้เฉพาะการจ่ายเงินมูลค่าต่ำๆ ขณะที่บัญชีที่ยืนยันตัวตน [2]","url":"https://twitter.com/Forbes_TH/status/1417316475749101570","username":"Forbes Thailand"},{"relevant_topic_guid":"c74c44f419460ab397999168a971d21f","cnt_retweet":"16","publish_time":"20210716224000","page_action_type":"07","cnt_agree":"48","topic_guid":"c74c44f419460ab397999168a971d21f","userid":"CGTNOfficial","cnt_comment":"2","content":"#China will explore possibilities for launching pilot schemes for using the digital currency, e-CNY, for cross-border payments, the central bank said Friday.  https://t.co/NMEDPj42ii","url":"https://twitter.com/CGTNOfficial/status/1416044952706899969","username":"CGTN"},{"relevant_topic_guid":"334f0ca41eee43fa4e21fb338f410ffc","cnt_retweet":"4","publish_time":"20210716225516","page_action_type":"07","cnt_agree":"14","topic_guid":"334f0ca41eee43fa4e21fb338f410ffc","userid":"cbpaymentsnews","cnt_comment":"0","content":"The Working Group on e-CNY Research and Development of the People\u0027s Bank of China has issued \"Progress of Research \u0026amp; Development of e-CNY in China\" to clarify its position \u0026amp; explain the background, objectives, visions, design framework \u0026amp; policy considerations for the e-CNY #CBDC","url":"https://twitter.com/cbpaymentsnews/status/1416048794496487426","username":"Central Bank Payments News"},{"relevant_topic_guid":"14db4690632be0c41387e044fe087e8a","cnt_retweet":"0","publish_time":"20210716230006","page_action_type":"07","cnt_agree":"1","topic_guid":"14db4690632be0c41387e044fe087e8a","userid":"OmgaanMetCrypto","cnt_comment":"0","content":"New Post: China Releases e-CNY Whitepaper, Says Cryptos Have No Value \u0026amp; Pose Risks https://t.co/Bxw1R8yUEl#cryptonews #cryptocurrency #blockchain #crypto #ethereum #btc #eth #litecoin #altcoins #bitcoinnews #bitcoins #ripple #cryptomining #coinbase #cryptocurrencies #investing https://t.co/AUgixEyDtH","url":"https://twitter.com/OmgaanMetCrypto/status/1416050011469664262","username":"Crypto.Venture"},{"relevant_topic_guid":"55e53a1fd6639763ef480748dcb022d8","cnt_retweet":"0","publish_time":"20210716232406","page_action_type":"07","cnt_agree":"1","topic_guid":"55e53a1fd6639763ef480748dcb022d8","userid":"newsArgenChina","cnt_comment":"0","content":"El Banco Popular de China publicó un libro blanco sobre la moneda digital nacional o e-CNY donde anunció que se realizarán programas piloto de pagos en esta moneda por fuera de China.#NewsArgenChina #Actualidad #Economía #Chinahttps://t.co/MoiyCNWwDE","url":"https://twitter.com/newsArgenChina/status/1416056052743905287","username":"NewsArgenChina"},{"relevant_topic_guid":"ba2a4ffced3c273b12c76e8d4bf042ae","cnt_retweet":"0","publish_time":"20210716222600","page_action_type":"07","cnt_agree":"0","topic_guid":"ba2a4ffced3c273b12c76e8d4bf042ae","userid":"raisezhang","cnt_comment":"1","content":"Progress Progress Progress Progress of Research Research Research Research \u0026amp; Development Development Development Developmentof E-CNY in ChinaEnglish Version:https://t.co/G5cfrQEMoMChinese Version:https://t.co/Gxu68ZsfNK https://t.co/8X5cezG8ve","url":"https://twitter.com/raisezhang/status/1416041432352116737","username":"raisezhang"},{"relevant_topic_guid":"5ee9aba5e0f32c837494baf9a0fdbdf8","cnt_retweet":"0","publish_time":"20210716231754","page_action_type":"07","cnt_agree":"2","topic_guid":"5ee9aba5e0f32c837494baf9a0fdbdf8","userid":"HenriArslanian","cnt_comment":"0","content":"China\u0027s Central Bank just published a progress report on e-CNY. Will try to publish a summary in the next 12 hours so stay tuned.https://t.co/OIR2Cb5JQo#Bitcoin #Crypto #CBDC","url":"https://twitter.com/HenriArslanian/status/1416054491372146697","username":"Henri Arslanian"},{"relevant_topic_guid":"cbbbb56adcae43dcc447b72e4527dd81","cnt_retweet":"0","publish_time":"20210716234220","page_action_type":"07","cnt_agree":"0","topic_guid":"cbbbb56adcae43dcc447b72e4527dd81","userid":"cristianmuraru","cnt_comment":"0","content":"\"...various tests of the e-CNY in multiple Chinese cities have seen 70 million transactions totaling to 34.5 billion yuan, or $5.3 billion, through 20 million retail e-CNY wallets and 3.5 million business e-CNY wallets.\" China testing it\u0027s #cbdchttps://t.co/2IO9dN3tC6","url":"https://twitter.com/cristianmuraru/status/1416060640209391618","username":"Cristian Muraru"},{"relevant_topic_guid":"21934324ed5d8f5ad0a27a70ddfad11e","cnt_retweet":"0","publish_time":"20210716223326","page_action_type":"07","cnt_agree":"0","topic_guid":"21934324ed5d8f5ad0a27a70ddfad11e","userid":"PreevAlert","cnt_comment":"0","content":"Source: Adobe/nespixThe central People’s Bank of China (PBoC) released a digital yuan, e-CNY, whitepaper, in order to “explain the background, objectives, and visions” and to “seek public comments.”“E-CNYhttps://t.co/HiEyqOe8Mh https://t.co/JIHkqjpTgV","url":"https://twitter.com/PreevAlert/status/1416043299392135172","username":"Preev Alert"},{"relevant_topic_guid":"f938689b6c4bd8c57a26d3d3912d59cd","cnt_retweet":"11","publish_time":"20210716222549","page_action_type":"07","cnt_agree":"33","topic_guid":"f938689b6c4bd8c57a26d3d3912d59cd","userid":"XHNews","cnt_comment":"0","content":"China\u0027s central bank releases white paper on the purpose, progress and future outlook of digital yuan, saying that it will steadily push forward pilot schemes of e-CNY https://t.co/JWlNsEnUn7 https://t.co/aEp9LgHQlf","url":"https://twitter.com/XHNews/status/1416041384348307464","username":"China Xinhua News"},{"relevant_topic_guid":"4406e47889e2f72c1bb0d18168fb82fd","cnt_retweet":"0","publish_time":"20210716232915","page_action_type":"07","cnt_agree":"0","topic_guid":"4406e47889e2f72c1bb0d18168fb82fd","userid":"XHRomania","cnt_comment":"0","content":"Banca centrală a Chinei a publicat o carte albă cu privire la scopul, progresul și perspectivele yuanului digital, spunând că va promova în mod constant programe pilot de e-CNY. https://t.co/APHwJoLKNm https://t.co/jKZkRqrVyS","url":"https://twitter.com/XHRomania/status/1416057346116276226","username":"XinhuaRomania"},{"relevant_topic_guid":"40ec1620c3ce81ee547b3cba07a3628e","cnt_retweet":"0","publish_time":"20210716230238","page_action_type":"07","cnt_agree":"0","topic_guid":"40ec1620c3ce81ee547b3cba07a3628e","userid":"rycco12","cnt_comment":"0","content":"The central People’s Bank of China (PBoC) released a digital yuan, e-CNY, whitepaper, in order to \"explain the background, objectives, and visions\" and to \"seek public comments.\"https://t.co/1VoNZdHQPC","url":"https://twitter.com/rycco12/status/1416050648462864384","username":"rycco"},{"relevant_topic_guid":"99c8db955a56786d819c85f17c769335","cnt_retweet":"0","publish_time":"20210716222802","page_action_type":"07","cnt_agree":"0","topic_guid":"99c8db955a56786d819c85f17c769335","userid":"KetuKumarParmar","cnt_comment":"0","content":"#China\u0027s central bank releases white paper on the purpose, progress and future outlook of #DigitalYuan saying that it will steadily push forward pilot schemes of e-CNY #eCNY","url":"https://twitter.com/KetuKumarParmar/status/1416041941116932100","username":"Ketul Parmar ॐ #StayHome #ClimateActionNow"},{"relevant_topic_guid":"33c70646999688166a9a6da4e69c027d","cnt_retweet":"0","publish_time":"20210716224843","page_action_type":"07","cnt_agree":"0","topic_guid":"33c70646999688166a9a6da4e69c027d","userid":"1AngelsTeam","cnt_comment":"0","content":"Народный банк Китая (НБК) опубликовал Белую книгу разрабатываемого им цифрового юаня (e-CNY). В документе анонсировано использование смарт-контрактов.Подробнее: https://t.co/TKW8V5okEd https://t.co/U4Ci3vG9lq","url":"https://twitter.com/1AngelsTeam/status/1416047149180203008","username":"Angels Team"},{"relevant_topic_guid":"b6400ace4478f998bb644c89821a79b5","cnt_retweet":"1","publish_time":"20210716222047","page_action_type":"07","cnt_agree":"6","topic_guid":"b6400ace4478f998bb644c89821a79b5","userid":"CoinGapeMedia","cnt_comment":"3","content":"Breaking: Chinese Central Bank Releases White Paper For Digital Yuan (e-CNY).https://t.co/6PKRTc84Dt#Crypto #cryptocurrency #BTC #Ethereum","url":"https://twitter.com/CoinGapeMedia/status/1416040117215522816","username":"CoinGape News"},{"relevant_topic_guid":"4f79a842218b17335fc9240eb9f81de9","cnt_retweet":"2","publish_time":"20210716222548","page_action_type":"07","cnt_agree":"1","topic_guid":"4f79a842218b17335fc9240eb9f81de9","userid":"XHscitech","cnt_comment":"0","content":"China\u0027s central bank releases white paper on the purpose, progress and future outlook of digital yuan, saying that it will steadily push forward pilot schemes of e-CNY https://t.co/x34y3sUHBQ https://t.co/OdBJ87rUyG","url":"https://twitter.com/XHscitech/status/1416041381684924416","username":"China Xinhua Sci-Tech"},{"relevant_topic_guid":"601ef2878fab49970938b080f7f1256b","cnt_retweet":"0","publish_time":"20210716220639","page_action_type":"07","cnt_agree":"0","topic_guid":"601ef2878fab49970938b080f7f1256b","userid":"Khai_hehe","cnt_comment":"0","content":"Notes on China’s e-CNY white paperhttps://t.co/Kc65tPylWE https://t.co/nKUFVPJdEQ","url":"https://twitter.com/Khai_hehe/status/1416036559518781445","username":"Khai"},{"relevant_topic_guid":"46236d64934b4bc9bf99709d5cf57f63","cnt_retweet":"0","publish_time":"20210716212517","page_action_type":"07","cnt_agree":"0","topic_guid":"46236d64934b4bc9bf99709d5cf57f63","userid":"432XRP","cnt_comment":"0","content":"Digital Yuan (E-CNY) Update Released by PBoC: What\u0027s New? https://t.co/4mOZedFfr6","url":"https://twitter.com/432XRP/status/1416026150145560578","username":"432Hz XRP"},{"relevant_topic_guid":"472f0930f349e289f8a30b0b28f5eb4f","cnt_retweet":"0","publish_time":"20210716213410","page_action_type":"07","cnt_agree":"3","topic_guid":"472f0930f349e289f8a30b0b28f5eb4f","userid":"dialogueCHN_FRA","cnt_comment":"0","content":"La #Chine va prochainement explorer des programmes pilotes de paiements transfrontaliers de la monnaie fiduciaire numérique du pays nommée e-CNY, a déclaré vendredi la banque centrale.https://t.co/7l9Hx5li50 https://t.co/LpsiRXhioy","url":"https://twitter.com/dialogueCHN_FRA/status/1416028385617137665","username":"Dialogue Chine-France"},{"relevant_topic_guid":"10a6e9d81009516e0a0e65bd56b71b9a","cnt_retweet":"1","publish_time":"20210716215737","page_action_type":"07","cnt_agree":"0","topic_guid":"10a6e9d81009516e0a0e65bd56b71b9a","userid":"CGTNBusiness","cnt_comment":"0","content":"China will explore possibilities for launching pilot schemes for using the digital currency, e-CNY, for cross-border payments, the central bank said Friday. https://t.co/bpubQuVmJP","url":"https://twitter.com/CGTNBusiness/status/1416034288978382854","username":"CGTN Business"},{"relevant_topic_guid":"572a1baee394c9f7d8e6b945fbd5c964","cnt_retweet":"0","publish_time":"20210716212119","page_action_type":"07","cnt_agree":"2","topic_guid":"572a1baee394c9f7d8e6b945fbd5c964","userid":"ittaia","cnt_comment":"0","content":"Anonymity (managed anonymity):E-CNY follows the principle of “anonymity for small value and traceable for high value,”","url":"https://twitter.com/ittaia/status/1416025152861708301","username":"Ittai Abraham"},{"relevant_topic_guid":"4926f8774c5730eae1dfa53203ea3651","cnt_retweet":"0","publish_time":"20210612191301","page_action_type":"07","cnt_agree":"0","topic_guid":"4926f8774c5730eae1dfa53203ea3651","userid":"gosiah19","cnt_comment":"0","content":"中国有权使用数字人民币。 因为它是一个拥有14亿人口的大国。","url":"https://twitter.com/gosiah19/status/1403671675455954946","username":"林树立 Surith Lim"},{"relevant_topic_guid":"7baccf70a092ba3490a71115b5cd7086","cnt_retweet":"0","publish_time":"20210612043536","page_action_type":"07","cnt_agree":"0","topic_guid":"7baccf70a092ba3490a71115b5cd7086","userid":"WallStTV","cnt_comment":"0","content":"自欺欺人没人怕！习近平反制裁遭外媒嘲弄；特别小组成立！专揪反制裁对象；还是离不开马云！央行要支付宝参与数字人民币发行；中国最大比特币矿场新疆被停止挖矿；中国收紧1万亿美元理财市场规则 | 中国财经 https://t.co/UjlLJYMoc3 https://t.co/opUwQyRKc8","url":"https://twitter.com/WallStTV/status/1403450867848663047","username":"華爾街電視 Wall St TV"},{"relevant_topic_guid":"9d077e3a2681511191668a5b119b1111","cnt_retweet":"0","publish_time":"20210613122232","page_action_type":"07","cnt_agree":"1","topic_guid":"9d077e3a2681511191668a5b119b1111","userid":"V2KeHvXmcxwxNyM","cnt_comment":"1","content":"北京青年报：（北京）朝阳区建设法定数字货币试验区据北京青年报消息，“京彩奋斗者 数字嘉年华” 数字人民币试点活动启动以来，朝阳区结合已有消费场景，积极联合运营机构、商家，打造多个线下推广渠道，积极扩大数字人民币知晓度，让百姓感受数字消费的便捷...","url":"https://twitter.com/V2KeHvXmcxwxNyM/status/1403930764509540353","username":"商业共识"},{"relevant_topic_guid":"5ffd49c0196b96de5d7611153c3f8db5","cnt_retweet":"2","publish_time":"20210613021558","page_action_type":"07","cnt_agree":"7","topic_guid":"5ffd49c0196b96de5d7611153c3f8db5","userid":"anjiazixun","cnt_comment":"1","content":"数字人民币脉络逐步清晰：❤️你自己的钱将如何被“运营机构”管理呢？❤️你是哪个等级呢？❤️你的限额是什么呢？*抓紧行动吧，厄瓜多尔存款移民：存$4万美元在你自己账户，利息6-8%。保财、保命、有备无患✅ https://t.co/4v2f8GTlHL","url":"https://twitter.com/anjiazixun/status/1403778117718659081","username":"美洲米粒*厄瓜多尔之声（VOE）*厄瓜多尔移民教育投资生活"},{"relevant_topic_guid":"e579dda12d2f83cbfb4bae050f596d8d","cnt_retweet":"0","publish_time":"20210612063634","page_action_type":"07","cnt_agree":"0","topic_guid":"e579dda12d2f83cbfb4bae050f596d8d","userid":"WallStTV","cnt_comment":"0","content":"特别小组成立！专揪反制裁对象；自欺欺人没人怕！习近平反制裁遭外媒嘲弄；中国最大比特币矿场新疆被停止挖矿；还是离不开马云！央行要支付宝参与数字人民币发行；中国收紧1万亿美元理财市场规则 https://t.co/nxuBYhYjcj https://t.co/5lGTm7RNg6","url":"https://twitter.com/WallStTV/status/1403481310195109890","username":"華爾街電視 Wall St TV"},{"relevant_topic_guid":"6243438cd95e7745983beb92b15c24bd","cnt_retweet":"1","publish_time":"20210612231146","page_action_type":"07","cnt_agree":"2","topic_guid":"6243438cd95e7745983beb92b15c24bd","userid":"GeorgeZ44231116","cnt_comment":"0","content":"数字人民币原来变成了中共的计划货币或者可以控制的货币，按计划使用，让共匪决定你可以用多少，也可以不让你用，中共砖家可能认为老百姓都是傻瓜，人民币还不如幂纸","url":"https://twitter.com/GeorgeZ44231116/status/1403731760832204800","username":"George _Anti CCP 姜子牙"},{"relevant_topic_guid":"3016f8c29a02fdbed56ac3017c6e88d5","cnt_retweet":"137","publish_time":"20210612163044","page_action_type":"07","cnt_agree":"559","topic_guid":"3016f8c29a02fdbed56ac3017c6e88d5","userid":"Onebtcer","cnt_comment":"32","content":"1984  老大哥  数字人民币 https://t.co/e154yk1fCA","url":"https://twitter.com/Onebtcer/status/1403630837749497856","username":"武汉普通人"},{"relevant_topic_guid":"5a280267f6d21e2da3ed13dc2d08729a","cnt_retweet":"0","publish_time":"20210612230759","page_action_type":"07","cnt_agree":"1","topic_guid":"5a280267f6d21e2da3ed13dc2d08729a","userid":"nanyangpress","cnt_comment":"0","content":"中国央行数字货币研究所所长穆长春表示，中国的数字人民币钱包旨在确保每个人都可以以不同的形式使用它们。https://t.co/Tw0FrgffRH https://t.co/v79aqxn21X","url":"https://twitter.com/nanyangpress/status/1403730809907933191","username":"南洋商报eNanyang"},{"relevant_topic_guid":"5f2a30ab2c5d43f4b5fd16bb25837569","cnt_retweet":"0","publish_time":"20210612040813","page_action_type":"07","cnt_agree":"0","topic_guid":"5f2a30ab2c5d43f4b5fd16bb25837569","userid":"WallStTV","cnt_comment":"0","content":"自欺欺人没人怕！习近平反制裁遭外媒嘲弄；特别小组成立！专揪反制裁对象；还是离不开马云！央行要支付宝参与数字人民币发行；中国最大比特币矿场新疆被停止挖矿；中国收紧1万亿美元理财市场规则 | 中国财经 https://t.co/LBWd3FBxbp https://t.co/UmjiYpGD0v","url":"https://twitter.com/WallStTV/status/1403443978226200576","username":"華爾街電視 Wall St TV"},{"relevant_topic_guid":"3766c0ac54695e425d8f76a11bba4b7d","cnt_retweet":"0","publish_time":"20210612042133","page_action_type":"07","cnt_agree":"0","topic_guid":"3766c0ac54695e425d8f76a11bba4b7d","userid":"MingJingNews","cnt_comment":"1","content":"自欺欺人没人怕！习近平反制裁遭外媒嘲弄；特别小组成立！专揪反制裁对象；还是离不开马云！央行要支付宝参与数字人民币发行；中国最大比特币矿场新疆被停止挖矿；中国收紧1万亿美元理财市场规则 | 中国财经 https://t.co/pC4nZZINsn https://t.co/oU2u9rCYHD","url":"https://twitter.com/MingJingNews/status/1403447333115760640","username":"明鏡新聞網"},{"relevant_topic_guid":"07db54bca33e30b72f94d66bf9dd05d5","cnt_retweet":"0","publish_time":"20210612035904","page_action_type":"07","cnt_agree":"0","topic_guid":"07db54bca33e30b72f94d66bf9dd05d5","userid":"bsdscn","cnt_comment":"0","content":"中国陷入严重通货膨胀 数字人民币是颗烟雾弹 https://t.co/2A2d3jKrww","url":"https://twitter.com/bsdscn/status/1403441676153147395","username":"钧天"},{"relevant_topic_guid":"baf51d0bbb5d5d98281f41ead9e97e41","cnt_retweet":"0","publish_time":"20210721181644","page_action_type":"08","cnt_agree":"0","topic_guid":"355075b96535dc84d8644f6cf9b5da23","userid":"richardturrin","cnt_comment":"1","content":"@lajohnstondr @MESandbu @Noahpinion @JCMaswana @IikkaKorhonen Not possible for e-CNY  slow and deliberate roll-out same with uptake.","url":"https://twitter.com/richardturrin/status/1417790638628786177","username":"Richard Turrin"},{"relevant_topic_guid":"c31251f7d8977061299d74347fe676f0","cnt_retweet":"0","publish_time":"20210720194642","page_action_type":"07","cnt_agree":"0","topic_guid":"c31251f7d8977061299d74347fe676f0","userid":"ReviewInc101","cnt_comment":"0","content":"Privacy concerns prompt call for Americans to avoid e-CNY as lawmakers point to use of #WeChat app to ‘surveil, threaten and arrest Chinese citizens.’#Crypto #cryptocurrency #cryptocurious","url":"https://twitter.com/ReviewInc101/status/1417450891481915394","username":"#Crypto"},{"relevant_topic_guid":"46430250acd6a8de33fcd11df39221fd","cnt_retweet":"0","publish_time":"20210720204605","page_action_type":"07","cnt_agree":"0","topic_guid":"46430250acd6a8de33fcd11df39221fd","userid":"CryptoTraderPro","cnt_comment":"0","content":"Crypto Panic: Senators urge E-CNY ban; Russia woos crypto-miners https://t.co/j99O9mm5RK * Bet with $BTC via ⟶ https://t.co/4h0cyuWSHk √ https://t.co/kyUDdE5JEq","url":"https://twitter.com/CryptoTraderPro/status/1417465838680961024","username":"Crypto Trader Pro **"},{"relevant_topic_guid":"74c04f27f5358fb167e7901ba5a362a0","cnt_retweet":"0","publish_time":"20210720162151","page_action_type":"07","cnt_agree":"0","topic_guid":"74c04f27f5358fb167e7901ba5a362a0","userid":"BlockchainNewsM","cnt_comment":"0","content":"Three U.S. Republican senators urged USOPC Monday to ban American athletes from acquiring or using the Chinese Communist Party’s digital electronic currency Payment, or digital yuan (e-CNY), in @Beijing2022.#china #us #cbdc #olympics #digitalyuanhttps://t.co/TvsP3CSK6s","url":"https://twitter.com/BlockchainNewsM/status/1417399341019324417","username":"Blockchain.News"},{"relevant_topic_guid":"dbcb4a63ad8781f6cb59e4e239f84037","cnt_retweet":"0","publish_time":"20210720160239","page_action_type":"07","cnt_agree":"2","topic_guid":"dbcb4a63ad8781f6cb59e4e239f84037","userid":"Quantifeed","cnt_comment":"0","content":"Earlier this week, the PBOC released a new progress report on the development of e-CNY. As banks in #HongKong prepare for the #WealthManagement initiative, #China aims to expand domestic trials of the #DigitalYuan to affluent investors across the border.https://t.co/Cz9ldhWf3L","url":"https://twitter.com/Quantifeed/status/1417394508979793920","username":"Quantifeed | The Wealthcare Experts"},{"relevant_topic_guid":"6deb4e819def56e374de9cb7e1aa522e","cnt_retweet":"0","publish_time":"20210720170846","page_action_type":"07","cnt_agree":"7","topic_guid":"6deb4e819def56e374de9cb7e1aa522e","userid":"Kriptocum4","cnt_comment":"1","content":". Dijital Yuan veya yeni ismiyle e-CNY Çin’in bu yüzyıldaki en önemli projesi olabilir. Küresel bir dijital para birimi için gece gündüz mesai harcayan hükümet yoğun testler yapıyor.","url":"https://twitter.com/Kriptocum4/status/1417411147029008399","username":"Son DAKİKA Kripto Haber"},{"relevant_topic_guid":"295f0891c0d94b04b05fc50422ad3432","cnt_retweet":"0","publish_time":"20210720140231","page_action_type":"07","cnt_agree":"0","topic_guid":"295f0891c0d94b04b05fc50422ad3432","userid":"deathdisc0","cnt_comment":"1","content":"China released their whitepaper for digital yuan, named e-CNY. Summary:- large transfers traced, small psuedonymous (!)- cash analogue (non yielding)- 20 million wallets created so far- smart contractshttps://t.co/2GKT4KVXnF","url":"https://twitter.com/deathdisc0/status/1417364276063346688","username":"deathdisco *‍☠️"},{"relevant_topic_guid":"3c366cf86f0fd17a5771a9b840aa95bb","cnt_retweet":"1","publish_time":"20210720143426","page_action_type":"07","cnt_agree":"0","topic_guid":"3c366cf86f0fd17a5771a9b840aa95bb","userid":"Ryoji_info","cnt_comment":"0","content":"The first version? of e-CNY white paper is out.https://t.co/GbxYaOFINS","url":"https://twitter.com/Ryoji_info/status/1417372307991891975","username":"®️"},{"relevant_topic_guid":"afca8c3f84dbaa6c839338e8783e9673","cnt_retweet":"0","publish_time":"20210720085214","page_action_type":"07","cnt_agree":"0","topic_guid":"afca8c3f84dbaa6c839338e8783e9673","userid":"webnowcompany","cnt_comment":"0","content":"China’s central bank digital currency, the digital Yuan or e-CNY, is well on its way for full implementation. The People’s Bank of China (PBoC) release a W...Read more: https://t.co/i83j2yuscT","url":"https://twitter.com/webnowcompany/status/1417286189791420427","username":"webnow*"},{"relevant_topic_guid":"0c6af5b207ec6bf9bdd6be19eb87e5eb","cnt_retweet":"2","publish_time":"20210720105234","page_action_type":"07","cnt_agree":"1","topic_guid":"0c6af5b207ec6bf9bdd6be19eb87e5eb","userid":"Forbes_TH","cnt_comment":"1","content":"#ธนาคารกลางจีน (People\u0027s Bank of China - PBOC) ออกรายงานถึงความคืบหน้าของ #หยวนดิจิทัล หรือ #eCNY โครงการเงินดิจิทัล.#PBOC ให้บริการ e-CNY แบบสองชั้น หน่วยงานที่ได้รับอนุญาต (ซึ่งมักเป็นธนาคาร) สามารถเขียนแอป wallet สำหรับผู้ใช้ทั่วไป [1] https://t.co/4RyKnjmsC8","url":"https://twitter.com/Forbes_TH/status/1417316473207328768","username":"Forbes Thailand"},{"relevant_topic_guid":"e4acc95e6337c4cfd65915cfb400f714","cnt_retweet":"2","publish_time":"20210720095730","page_action_type":"07","cnt_agree":"4","topic_guid":"e4acc95e6337c4cfd65915cfb400f714","userid":"HenriArslanian","cnt_comment":"0","content":"US Senators now asking US athletes not to use the e-CNY during the Beijing Olympics.  “we urge the United States Olympic \u0026amp; Paralympic Committee to forbid American athletes from receiving or using digital yuan during the Beijing Olympics.”#Crypto #Bitcoin #CBDC https://t.co/aDnIT3gpwv","url":"https://twitter.com/HenriArslanian/status/1417302616955031552","username":"Henri Arslanian"},{"relevant_topic_guid":"dc6719fd048be2b1e7b0220028ee7766","cnt_retweet":"2","publish_time":"20210720092200","page_action_type":"07","cnt_agree":"5","topic_guid":"dc6719fd048be2b1e7b0220028ee7766","userid":"Forkast_News","cnt_comment":"0","content":"China\u0027s central bank confirmed in a white paper released on Friday that it had been using smart contracts to make the state-backed digital currency, the e-CNY, \"programmable, more expandable, and better integrated into various scenarios\" https://t.co/cQHxyLifYQ","url":"https://twitter.com/Forkast_News/status/1417293680587657217","username":"Forkast News"},{"relevant_topic_guid":"34fe57dc6f8f5d354fd7535a9f3d9265","cnt_retweet":"0","publish_time":"20210717232003","page_action_type":"07","cnt_agree":"0","topic_guid":"34fe57dc6f8f5d354fd7535a9f3d9265","userid":"Ben_s214","cnt_comment":"0","content":"数字人民币来了，美元霸权还剩几年？【一勺思想·刘扬声02（完结）】 https://t.co/oX91Dex1JK 来自 @YouTube","url":"https://twitter.com/Ben_s214/status/1416417421213126659","username":"Ben Scott"},{"relevant_topic_guid":"4693b2133c923c306938218a2423a6db","cnt_retweet":"2","publish_time":"20210718001633","page_action_type":"07","cnt_agree":"18","topic_guid":"4693b2133c923c306938218a2423a6db","userid":"82WztfvhHqZz0Ub","cnt_comment":"8","content":"数字人民币是一场财富大清洗。 https://t.co/KstC1yyMwC","url":"https://twitter.com/82WztfvhHqZz0Ub/status/1416431639899553797","username":"金融Angel"},{"relevant_topic_guid":"8ec92bc811ac76b23bac94acffe79abe","cnt_retweet":"9","publish_time":"20210718031313","page_action_type":"07","cnt_agree":"9","topic_guid":"8ec92bc811ac76b23bac94acffe79abe","userid":"HimalayaDC1","cnt_comment":"0","content":"#每日热点 财经资讯    编辑 ： #楚门门#东京奥运会 #中共国 #疫苗 #数字人民币 #塔利班 #阿富汉 #DeltaPlusVariant #特鲁多#接种疫苗  #APEC #一带一路 #台湾 #WHO #CCPVirus #TakeDownCCP #喜马拉雅华盛顿DC农场 出品 https://t.co/2vjuHZvstb","url":"https://twitter.com/HimalayaDC1/status/1416476097722544129","username":"Himalaya DC Club"},{"relevant_topic_guid":"98b3867edc639f066bd62717ecdf39e4","cnt_retweet":"1","publish_time":"20210717233152","page_action_type":"07","cnt_agree":"7","topic_guid":"98b3867edc639f066bd62717ecdf39e4","userid":"82WztfvhHqZz0Ub","cnt_comment":"4","content":"7月16日，中国人民银行发布《中国数字人民币的研发进展白皮书》。白皮书显示，截至2021年6月30日，数字人民币试点场景已经超过132万个，覆盖生活缴费、餐饮服务、交通出行、购物消费、政务服务等领域。下一轮财富大转移即将开始。","url":"https://twitter.com/82WztfvhHqZz0Ub/status/1416420395863904259","username":"金融Angel"},{"relevant_topic_guid":"9ea8c525f5d3977a7e97f8ea024d8636","cnt_retweet":"0","publish_time":"20210717180817","page_action_type":"07","cnt_agree":"0","topic_guid":"9ea8c525f5d3977a7e97f8ea024d8636","userid":"gedianshh","cnt_comment":"0","content":"在数字人民币白皮书的框架下，加密货币还有未来吗？币安交易所还能挺得住吗？#数字人民币#比特币#币安交易所 https://t.co/pUkuBVWKIq via @YouTube","url":"https://twitter.com/gedianshh/status/1416338963376214016","username":"格典生活"},{"relevant_topic_guid":"878b46db4ab63c92c4d6dafd80f20a78","cnt_retweet":"0","publish_time":"20210717223249","page_action_type":"07","cnt_agree":"0","topic_guid":"878b46db4ab63c92c4d6dafd80f20a78","userid":"swang20201","cnt_comment":"0","content":"有了数字人民币，以后贪官抄家时翻出成吨人民币的盛况恐怕是不会再现了。 https://t.co/BnOZXtXbpA","url":"https://twitter.com/swang20201/status/1416405532286541826","username":"Shawn"},{"relevant_topic_guid":"c49c60e7e8ee221f42314db6f62b45bb","cnt_retweet":"5","publish_time":"20210717221000","page_action_type":"07","cnt_agree":"145","topic_guid":"c49c60e7e8ee221f42314db6f62b45bb","userid":"XijinLi","cnt_comment":"14","content":"人民币消息：欧美的数字货币还没影子，我国数字人民币测试点已达135万个。 https://t.co/9ZZ5bgk5or","url":"https://twitter.com/XijinLi/status/1416399791207108608","username":"XIJIN LI"},{"relevant_topic_guid":"14a2f05c4dc9cf120b93e71eebb8d81b","cnt_retweet":"0","publish_time":"20210717204850","page_action_type":"07","cnt_agree":"0","topic_guid":"14a2f05c4dc9cf120b93e71eebb8d81b","userid":"0xzxcom","cnt_comment":"0","content":"中国发布数字人民币白皮书； 显示 CBDC 交易额高达 53 亿美元 https://t.co/WBunueUfXG","url":"https://twitter.com/0xzxcom/status/1416379366368419845","username":"0x资讯"},{"relevant_topic_guid":"bc38a6a316c25eb75f0c0d7b061b79fe","cnt_retweet":"0","publish_time":"20210630163120","page_action_type":"07","cnt_agree":"0","topic_guid":"bc38a6a316c25eb75f0c0d7b061b79fe","userid":"nMonster_Inc","cnt_comment":"0","content":"这还不如说亿通行支持“数字”人民币转账呢。","url":"https://twitter.com/nMonster_Inc/status/1410153970828341250","username":"Monster Inc."},{"relevant_topic_guid":"3f8a0f83cb697d4d38bd75da106612d8","cnt_retweet":"1","publish_time":"20210630203113","page_action_type":"07","cnt_agree":"13","topic_guid":"3f8a0f83cb697d4d38bd75da106612d8","userid":"chensi09848405","cnt_comment":"0","content":"北京地铁可刷数字人民币乘车自今日起，北京轨道交通开启全路网数字人民币支付渠道刷闸乘车体验测试。已开通工商银行数字人民币业务的乘客，可在北京轨道交通已有24条运营线路及4条市郊铁路范围内，通过亿通行APP参与数字人民币支付刷闸乘车体验测试。（北京交通） https://t.co/ZyGdto2H2m","url":"https://twitter.com/chensi09848405/status/1410214337801863174","username":"Coin Cosmos *币圈宇宙"},{"relevant_topic_guid":"f8b364fe45ab628c82e91b31e378e7c8","cnt_retweet":"10","publish_time":"20210630170416","page_action_type":"07","cnt_agree":"14","topic_guid":"f8b364fe45ab628c82e91b31e378e7c8","userid":"tGj6kq0sAMr4NWx","cnt_comment":"0","content":"七哥视频感想--擀面杖子经济硬撑的擀面杖子经济昭示着中共开始全面作假，这种假大空的经济形态势必会带来恶性连锁反应；这种连锁反应将进一步加大维稳的难度；习二深知中国将不可避免的陷入到经济困局之中；因此要通过数字人民币和供销社重新将中国人纳入到十几年前那场饿死无数冤魂的计划经济时代","url":"https://twitter.com/tGj6kq0sAMr4NWx/status/1410162256315240449","username":"新中国联邦公民（北评2025）"},{"relevant_topic_guid":"8188f051456ea4ecc189535533fd5cb7","cnt_retweet":"0","publish_time":"20210630123053","page_action_type":"07","cnt_agree":"2","topic_guid":"8188f051456ea4ecc189535533fd5cb7","userid":"TragedyInChina","cnt_comment":"1","content":"6月30日起北京地铁可刷数字人民币乘车！之前6月17号北京部分银行网点ATM机已启用数字人民币存取现功能！4月份的时候就有市民晒出北京最大的超市物美支持数字人民币支付的截图！.....7月1日，人们喜迎数字人民币走进千家万户，为党的诞辰献大礼！**** https://t.co/eWIB4NsxR4","url":"https://twitter.com/TragedyInChina/status/1410093458551803906","username":"中国悲剧档案"},{"relevant_topic_guid":"4901191fd38c9ed4020947668dc2488a","cnt_retweet":"0","publish_time":"20210630113305","page_action_type":"07","cnt_agree":"0","topic_guid":"4901191fd38c9ed4020947668dc2488a","userid":"NangongXinyu","cnt_comment":"0","content":"早报 | iPhone 13 更多细节曝光 / 苏州地铁支持数字人民币购票 / 华为申请「唇动解锁」专利 https://t.co/1ymGb9zumT https://t.co/yzew9Gi8x9","url":"https://twitter.com/NangongXinyu/status/1410078912898502660","username":"NangongXinyu"},{"relevant_topic_guid":"69a7d784dd2d16507e58f655e8c432ae","cnt_retweet":"0","publish_time":"20210723081109","page_action_type":"07","cnt_agree":"0","topic_guid":"69a7d784dd2d16507e58f655e8c432ae","userid":"Vivek_H_Vadgama","cnt_comment":"0","content":"The People’s Bank of China and the new white paper on the e-CNY (Digital Yuan) https://t.co/BYifxbZ1bf","url":"https://twitter.com/Vivek_H_Vadgama/status/1418363015896895493","username":"Vivek Vadgama"},{"relevant_topic_guid":"313a1f84afe8f92719d4254a2d4aafaf","cnt_retweet":"0","publish_time":"20210630090936","page_action_type":"07","cnt_agree":"0","topic_guid":"313a1f84afe8f92719d4254a2d4aafaf","userid":"ifanr","cnt_comment":"0","content":"【早报 | iPhone 13 更多细节曝光 / 苏州地铁支持数字人民币购票 / 华为申请「唇动解锁」专利】‍• 亚马逊货车司机：我被算法辞退了• Uber 调整复工计划：每年有一个月时间自由办公 https://t.co/IZTLl9yK9f https://t.co/38nJQ6yQTH","url":"https://twitter.com/ifanr/status/1410042805418823684","username":"ifanr.com 爱范儿"},{"relevant_topic_guid":"fcffd58893b1554ecef69605db655bb4","cnt_retweet":"0","publish_time":"20210630063237","page_action_type":"07","cnt_agree":"0","topic_guid":"fcffd58893b1554ecef69605db655bb4","userid":"WallStTV","cnt_comment":"0","content":"王毅敦促G20大国勿将“五桩罪”殃及中国；中美拔河抢普金，布林肯：美国还是想与普金站一边；中俄联手日本紧张，称保护台湾民主国家被中国狠批；日本：中国推数字人民币不可忽视；火币停止中国加密货币衍生品交易 https://t.co/6SqLjZDTwe https://t.co/RwJmEDdM0Z","url":"https://twitter.com/WallStTV/status/1410003299881742338","username":"華爾街電視 Wall St TV"},{"relevant_topic_guid":"c3a6322b683e20fa267f026a9e284c50","cnt_retweet":"5","publish_time":"20210630104243","page_action_type":"07","cnt_agree":"9","topic_guid":"c3a6322b683e20fa267f026a9e284c50","userid":"myfxtrader","cnt_comment":"4","content":"数字人民币今天起可以刷北京地铁了。但是，有点复杂。首先需要工行的账户，然后开通工行数字人民币业务，再下载数字人民币App子钱包，点开工行子选项，下载“亿通行 App”，再前往亿通行 App“数字人民币专区”开通乘车服务。","url":"https://twitter.com/myfxtrader/status/1410066238974218240","username":"外汇交易员"},{"relevant_topic_guid":"4bb42979a85b73e4026306c0e9eede81","cnt_retweet":"0","publish_time":"20210630104320","page_action_type":"07","cnt_agree":"1","topic_guid":"4bb42979a85b73e4026306c0e9eede81","userid":"RobertoStekman5","cnt_comment":"0","content":"Se viene el Yuan Digital (数字人民币) con fuerza.","url":"https://twitter.com/RobertoStekman5/status/1410066393609932803","username":"Roberto Stekman"},{"relevant_topic_guid":"7536e90fe5be70f76af25c0e548eba0d","cnt_retweet":"0","publish_time":"20210630063233","page_action_type":"07","cnt_agree":"0","topic_guid":"7536e90fe5be70f76af25c0e548eba0d","userid":"WallStTV","cnt_comment":"0","content":"王毅敦促G20大国勿将“五桩罪”殃及中国；中美拔河抢普金，布林肯：美国还是想与普金站一边；中俄联手日本紧张，称保护台湾民主国家被中国狠批；日本：中国数字人民币不可忽视；北京助力“中国制造，亚马逊销售” https://t.co/3DUjastlnv https://t.co/Xes7Sjc4a6","url":"https://twitter.com/WallStTV/status/1410003280420167685","username":"華爾街電視 Wall St TV"},{"relevant_topic_guid":"c3a6322b683e20fa267f026a9e284c50","cnt_retweet":"0","publish_time":"20210630112231","page_action_type":"08","cnt_agree":"1","topic_guid":"719d8c0e84f54d9edb88c49c3a07d4ed","userid":"BEKffSomSJGX","cnt_comment":"0","content":"@myfxtrader 下载app1--》下载app2--〉下载app3，加入专区，使用！","url":"https://twitter.com/BEKffSomSJGX/status/1410076254762459144","username":"Ephemeral"},{"relevant_topic_guid":"c3a6322b683e20fa267f026a9e284c50","cnt_retweet":"0","publish_time":"20210630112529","page_action_type":"08","cnt_agree":"0","topic_guid":"838d9fb03b6d85fb25945cd8c2d15f8c","userid":"Shanghai__sky","cnt_comment":"0","content":"@myfxtrader 沙雕才用，这么费劲。","url":"https://twitter.com/Shanghai__sky/status/1410077000807505922","username":"风林火山"},{"relevant_topic_guid":"c3a6322b683e20fa267f026a9e284c50","cnt_retweet":"0","publish_time":"20210630121504","page_action_type":"08","cnt_agree":"1","topic_guid":"0f140c77b55eb7b9392a529e75d923be","userid":"chaojunzhong","cnt_comment":"0","content":"@myfxtrader 怎么有点像app拉新","url":"https://twitter.com/chaojunzhong/status/1410089476563472385","username":"科西莫"},{"relevant_topic_guid":"c3a6322b683e20fa267f026a9e284c50","cnt_retweet":"0","publish_time":"20210630113820","page_action_type":"08","cnt_agree":"0","topic_guid":"8bb37ec8d7f3941f071783634390153e","userid":"SXAK8888","cnt_comment":"0","content":"@myfxtrader 我就想知道这个数字货币和现在的支付宝微信支付使用感受有啥区别","url":"https://twitter.com/SXAK8888/status/1410080232405565440","username":"自由智光"},{"relevant_topic_guid":"c3a6322b683e20fa267f026a9e284c50","cnt_retweet":"0","publish_time":"20210630112231","page_action_type":"08","cnt_agree":"1","topic_guid":"521b524ff2b1f32c21a088c5237bf0a7","userid":"QianJie8","cnt_comment":"0","content":"@myfxtrader 下载app1--》下载app2--〉下载app3，加入专区，使用！","url":"https://twitter.com/QianJie8/status/1410076254762459144","username":"Ephemeral"}]