[{"relevant_topic_guid":"ff8a50678b47df056918406725183535","cnt_retweet":"27","publish_time":"20210529193523","page_action_type":"07","cnt_agree":"286","topic_guid":"ff8a50678b47df056918406725183535","userid":"LiuXininBeijing","cnt_comment":"22","content":"Touring a night street in Changsha Central China\u0027s Hunan. A lively scene where people enjoy leisure at a low cost. Saw for the first time digital RMB in use! Note the sign: e-CNY.  Can\u0027t wait to try it out. No need to wait to try out signature local delicacy-smelly tofu though. https://t.co/AOGi0jl0a5","url":"https://twitter.com/LiuXininBeijing/status/1398603876106858498","username":"CGTN LIU Xin 刘欣"},{"relevant_topic_guid":"5a97f43dcfc8f3d17b28fd64065d6a51","cnt_retweet":"3","publish_time":"20210602135304","page_action_type":"07","cnt_agree":"0","topic_guid":"5a97f43dcfc8f3d17b28fd64065d6a51","userid":"highrewardcoin","cnt_comment":"0","content":"China to give away digital yuan worth US$6.3M in latest e-CNY test https://t.co/o1q60kiinM","url":"https://twitter.com/highrewardcoin/status/1399967278670569472","username":"getHighRewards"},{"relevant_topic_guid":"cb3f8295836b127bbde598266c958743","cnt_retweet":"0","publish_time":"20210529194639","page_action_type":"07","cnt_agree":"0","topic_guid":"cb3f8295836b127bbde598266c958743","userid":"xcz1957","cnt_comment":"0","content":"Good to know Digital RMB ig e-CNY on the market!","url":"https://twitter.com/xcz1957/status/1398606712957964292","username":"xiang zhang"},{"relevant_topic_guid":"9f5d6603cb869a90b7cae8fbe618eab5","cnt_retweet":"1","publish_time":"20210528161112","page_action_type":"07","cnt_agree":"2","topic_guid":"9f5d6603cb869a90b7cae8fbe618eab5","userid":"wilsonwychow","cnt_comment":"1","content":"Spoke to Reuters on China\u0027s national #digitalcurrency shaking up the payment market and drivers. e-CNY will digitise the \u0027last mile\u0027 of consumption, enabling banks \u0026amp; merchants to capture consumer data. #Digitalyuan can co-exist with Alipay and WeChat https://t.co/BTFlSRMDxG#CDBC","url":"https://twitter.com/wilsonwychow/status/1398190102531035138","username":"Wilson Chow"},{"relevant_topic_guid":"5dd7121b8fdf4d55280b30c955d3d8bd","cnt_retweet":"0","publish_time":"20210527125825","page_action_type":"07","cnt_agree":"0","topic_guid":"5dd7121b8fdf4d55280b30c955d3d8bd","userid":"azcoinnews","cnt_comment":"0","content":"Zhou Xiaochuan: China has no plan to use the e-CNY to replace the US dollar’s status as reserve currency or the international payments currency @azcoinnews https://t.co/unYVBg6AuD","url":"https://twitter.com/azcoinnews/status/1397779201999007747","username":"AZCoin News"},{"relevant_topic_guid":"6be450517ec055b8032c680eb3f25a13","cnt_retweet":"0","publish_time":"20210510141038","page_action_type":"08","cnt_agree":"0","topic_guid":"69eed4d85695b60dfca6ddf469b15bab","userid":"EddieDu5","cnt_comment":"0","content":"Meanwhile, People’s Bank of China Deputy Governor Li Bo told the Boao forum last month that the digital yuan, also known as the e-CNY, is aimed at domestic use and isn’t meant to replace the dollar.","url":"https://twitter.com/EddieDu5/status/1391636779564822529","username":"Eddie Du"},{"relevant_topic_guid":"5abb6ef21bbf4e76afe9a130a45e2841","cnt_retweet":"0","publish_time":"20210510151150","page_action_type":"08","cnt_agree":"0","topic_guid":"338a064758ca89eac7184b3717f1fb21","userid":"AILoves_Jackie9","cnt_comment":"0","content":"@crypto A WeChat and AliPay clone service payment copycat. E-CNY. E(Electronic)CN(China)Y-Yuan","url":"https://twitter.com/AILoves_Jackie9/status/1391652184069087233","username":"@iLoveTech®️⚜️*"},{"relevant_topic_guid":"83e341efff6ed7115167be279d342d08","cnt_retweet":"0","publish_time":"20210512122425","page_action_type":"08","cnt_agree":"0","topic_guid":"f38141a97beb055586532a04596ed054","userid":"finnomena","cnt_comment":"1","content":"Vera Lin พนักงานบริษัทการเงิน อายุ 25 ปี เปิดเผยว่า e-CNY แอปพลิเคชั่นสำหรับใช้จ่ายผ่านดิจิตอลหยวน ใช้งานไม่ยาก แต่ยังมีช่องทางการจ่ายเงินที่จำกัด และยังไม่เชื่อมโยงกับแพลตฟอร์มอื่นในโซเชียลมีเดีย และอีคอมเมิร์ซมากนัก","url":"https://twitter.com/finnomena/status/1392334824610750470","username":"finnomena"},{"relevant_topic_guid":"c781fdd512fcfb6f388b63e2b1a1084b","cnt_retweet":"0","publish_time":"20210511094738","page_action_type":"08","cnt_agree":"1","topic_guid":"c9e138e5b2148e59372d5377daa5f07c","userid":"wongkim728","cnt_comment":"0","content":"@aftergreatest 人民币发行并没有货币准备。数字人民币也没有。","url":"https://twitter.com/wongkim728/status/1391932982051627008","username":"王剑 Wong Kim"},{"relevant_topic_guid":"c4f3da5db347958c59f18cb837adb2c1","cnt_retweet":"0","publish_time":"20210607142132","page_action_type":"08","cnt_agree":"2","topic_guid":"b1b205afe6fc0ffbf0dde70415715d4b","userid":"richardturrin","cnt_comment":"1","content":"@SpirosMargaris @business @andymukherjee70 @psb_dc @helene_wpli Absolutely.  Looking more and more like #HongKong will be an international center for e-CNY distribution.","url":"https://twitter.com/richardturrin/status/1401786385313501187","username":"Richard Turrin"},{"relevant_topic_guid":"bfde0334b76e49b218ed697824af6a3c","cnt_retweet":"0","publish_time":"20210606093346","page_action_type":"08","cnt_agree":"0","topic_guid":"16c8e4eadb63d2d296e93f5c6fbc0aaf","userid":"kelvin_chanky","cnt_comment":"0","content":"@NonghuaNews 五毛 pay raise on the horizon for all nonghua staff? I want mine in e-CNY!","url":"https://twitter.com/kelvin_chanky/status/1401351575461826562","username":"Chank"},{"relevant_topic_guid":"16a501b2b4120eda23437e0be8f19382","cnt_retweet":"0","publish_time":"20210603115722","page_action_type":"08","cnt_agree":"1","topic_guid":"664691728b3c7f5fbc6dd3711ee16fc1","userid":"RichardJL7","cnt_comment":"1","content":"@haydentiff @JoelKatz @TheHodlerXRP clawback helps governments to issue CBDC. Sending funds to the wrong address can be taken back. This feature could very important for the Fed in issuing their e-USD right? Wonder whether the Chinese e-CNY issuing system has the same feature?","url":"https://twitter.com/RichardJL7/status/1400300553578688512","username":"Dr. Trump ❤ ALGO IOTX QNT XRP XDC XLM"},{"relevant_topic_guid":"195c0e7cab78ef58c4aee4fd64d60549","cnt_retweet":"0","publish_time":"20210603061354","page_action_type":"08","cnt_agree":"0","topic_guid":"8ae8db09cb77fdd7fed18f98e2b1a40f","userid":"digi051669","cnt_comment":"0","content":"@RichRogers_ @PeterSchiff E-CNY isn\u0027t bitcoin. It\u0027s also clearly stated by the PBOC being backed by gold (partial).","url":"https://twitter.com/digi051669/status/1400214114337701896","username":"digi"},{"relevant_topic_guid":"197ff33c7c34a433598ba3a968c7d39b","cnt_retweet":"0","publish_time":"20210603122234","page_action_type":"08","cnt_agree":"1","topic_guid":"1c3975a42c7f1f4d8e4de0850ba5d3d0","userid":"richardturrin","cnt_comment":"1","content":"@ruchern_chong @psb_dc @efipm @BrettKing @leimer @SpirosMargaris @BetaMoroney @JimMarous No absolutely fine.  Ethereum is simply carrying the CBDC.  Eventually its likely e-CNY will be \"carried\" on many different systems.   All however will have some connectivity to the central network.","url":"https://twitter.com/richardturrin/status/1400306894728802307","username":"Richard Turrin"},{"relevant_topic_guid":"ff8a50678b47df056918406725183535","cnt_retweet":"0","publish_time":"20210530170231","page_action_type":"08","cnt_agree":"1","topic_guid":"9615979fbe797f4066145049d3746408","userid":"KeenHu1","cnt_comment":"0","content":"@LiuXininBeijing I’m just wondering how e-CNY differs from WeChat pay.  By the way - you’re glowing in these photos LX..","url":"https://twitter.com/KeenHu1/status/1398927792809537542","username":"Keen Hu 胡文悍"},{"relevant_topic_guid":"ff8a50678b47df056918406725183535","cnt_retweet":"0","publish_time":"20210529194754","page_action_type":"08","cnt_agree":"2","topic_guid":"edf9ccf6051ab0a277862ad0d1dd999a","userid":"xcz1957","cnt_comment":"0","content":"@LiuXininBeijing Good to know Digital RMB ig e-CNY on the market!","url":"https://twitter.com/xcz1957/status/1398607024313798662","username":"xiang zhang"},{"relevant_topic_guid":"41e9c6c954243c66bd45010f46d56f5f","cnt_retweet":"1","publish_time":"20210527195353","page_action_type":"08","cnt_agree":"19","topic_guid":"21c1eb9d823287185549ba6b8ee31b5e","userid":"mattysino","cnt_comment":"2","content":"“why is e-CNY not on GitHub” is my nomination for American question of the day","url":"https://twitter.com/mattysino/status/1397883756342497291","username":"Matthew Graham"},{"relevant_topic_guid":"f759695b328f2966bc703ec62d928138","cnt_retweet":"0","publish_time":"20210527041926","page_action_type":"08","cnt_agree":"0","topic_guid":"3263614f09233420ee8771aaf5222f66","userid":"macrocredit","cnt_comment":"0","content":"@iwannaplytennis @bopinion It isn\u0027t - but normal monetary policy is targeted to sectors/regions already (as mentioned in the article). The e-CNY is also only available in some areas. Tiering is a possibility.","url":"https://twitter.com/macrocredit/status/1397648592656076803","username":"Alberto Gallo"},{"relevant_topic_guid":"c781fdd512fcfb6f388b63e2b1a1084b","cnt_retweet":"0","publish_time":"20210511100426","page_action_type":"08","cnt_agree":"1","topic_guid":"5a18c4d339fe411e69f11c4145bd26f2","userid":"dakache01","cnt_comment":"0","content":"@aftergreatest 数字人民币就是实现了离线支付的法币。","url":"https://twitter.com/dakache01/status/1391937211629719552","username":"李少明"},{"relevant_topic_guid":"81ecb037bb2fdbd8edd05bf14df961d6","cnt_retweet":"0","publish_time":"20210510220146","page_action_type":"08","cnt_agree":"1","topic_guid":"5d533d4a600b0b4a40b8507e33a2459d","userid":"Newsinchina","cnt_comment":"0","content":"“数字人民币 app“可以完全离线使用？ 这个有点厉害！","url":"https://twitter.com/Newsinchina/status/1391755345576423428","username":"推总"},{"relevant_topic_guid":"9fe68e6fd2a869217736301f79b9c65b","cnt_retweet":"0","publish_time":"20210510204648","page_action_type":"08","cnt_agree":"0","topic_guid":"3a07255b14ef8bee0f5c1819f322c3e4","userid":"1QZywpnuaW31qP7","cnt_comment":"0","content":"@IExaminer2 数字人民币制裁一切洗钱偷税","url":"https://twitter.com/1QZywpnuaW31qP7/status/1391736478896693250","username":"爱讨论"},{"relevant_topic_guid":"ed46543ccaf02b2293b71716cc62dfcf","cnt_retweet":"0","publish_time":"20210510144910","page_action_type":"08","cnt_agree":"1","topic_guid":"ea419c8b42f9229d1e7038e03bc7ae58","userid":"FofBubble","cnt_comment":"0","content":"@riverscn @waylybaye 要不，咱用数字人民币付一下","url":"https://twitter.com/FofBubble/status/1391646477697503234","username":"起啵器"},{"relevant_topic_guid":"1c1c75e69b70fd080bbb4e2762b49c41","cnt_retweet":"0","publish_time":"20210510161303","page_action_type":"08","cnt_agree":"0","topic_guid":"a8643eb08051f0a96020cd61052ecab5","userid":"USFUXXALL","cnt_comment":"1","content":"@XinhuaChinese 你就说有数字人民币有什么不能买的吧，真要好用大家肯定支持啊是不是","url":"https://twitter.com/USFUXXALL/status/1391667587935653888","username":"凡事就怪美帝吧"},{"relevant_topic_guid":"bf65da1befd9334f9e9659bd7673d57c","cnt_retweet":"0","publish_time":"20210510152314","page_action_type":"08","cnt_agree":"0","topic_guid":"5bc59440f6db448333eca1c1e901a2f7","userid":"Tiger63753338","cnt_comment":"0","content":"@bitcoinorghk 请搞清楚那是数字人民币","url":"https://twitter.com/Tiger63753338/status/1391655051387539456","username":"Tiger"},{"relevant_topic_guid":"ad3e9202507875a831c2f8f222467c1c","cnt_retweet":"0","publish_time":"20210510103318","page_action_type":"08","cnt_agree":"0","topic_guid":"face45152286b26230c50e89232a05a5","userid":"jike_collection","cnt_comment":"1","content":"…. 数字人民币接入支付宝7. SpaceX 接受狗狗币支付8. 我国成功研制 62 比特量子计算原型机「祖冲之号」9. OPPO Reno6 即将发布10. 夏普 Aquos R6 渲染图曝光11. 辉瑞 CEO 坚决反对放弃新冠疫苗知识产权12. Epic 计划…","url":"https://twitter.com/jike_collection/status/1391582086239117316","username":"即刻精选"},{"relevant_topic_guid":"a06b3ffeef483e6d5b244d594498d6e3","cnt_retweet":"0","publish_time":"20210511200140","page_action_type":"08","cnt_agree":"0","topic_guid":"7b0819261563cee21aa3dabf69985f30","userid":"pstAsiatech","cnt_comment":"0","content":"ICBC\u0027s new wallet UI also contains educational video and an FAQ sub-page. Video highlights: strategic purpose of e-CNY is to \"proactively react to the shockwave brought by global private cryptocurrencies towards sovereign currencies\" and \"to maintain order of financial markets.\"","url":"https://twitter.com/pstAsiatech/status/1392087507634950150","username":"Paul Triolo"},{"relevant_topic_guid":"929d70126d0c399204ab2e456fddf6f2","cnt_retweet":"0","publish_time":"20210521194033","page_action_type":"08","cnt_agree":"6","topic_guid":"4792d991292a949086a5db8c08567456","userid":"jamesplloyd","cnt_comment":"2","content":"@balajis Always interested in what you have to say but I really feel like the “E-CNY internationalisation” angle is bonkers. This has nothing to do with tech, and (almost) everything to do with a non-convertible currency entirely predicated on capital controls.","url":"https://twitter.com/jamesplloyd/status/1395706073168842756","username":"James Lloyd"},{"relevant_topic_guid":"b8d8d359e8dc6e9abf7187fd67a34a1c","cnt_retweet":"0","publish_time":"20210520184723","page_action_type":"08","cnt_agree":"0","topic_guid":"6b8515697fefabc68d132f6953206fbd","userid":"fr_schaeffer","cnt_comment":"1","content":"La #Chine veut être le premier grand pays à émettre une monnaie numérique souveraine. Les tests se multiplient depuis un an avec le « yuan numérique », également désigné e-CNY. #bitcoins #cryptocrash 2/... https://t.co/tQNlPVtE76","url":"https://twitter.com/fr_schaeffer/status/1395330305867739137","username":"Frédéric Schaeffer"},{"relevant_topic_guid":"991da6d51c53add7038a76cf72b4111d","cnt_retweet":"0","publish_time":"20210521052108","page_action_type":"08","cnt_agree":"0","topic_guid":"e6b610f591c874f97a6d0b9f4468d7b5","userid":"CitadelHyperion","cnt_comment":"0","content":"@insiliconot CBDCs are the way to establish a social credit system.Just look at e-CNY.","url":"https://twitter.com/CitadelHyperion/status/1395489793207939072","username":"CitadelHyperion ∞/21M SATS Maxi #FreeRoss"},{"relevant_topic_guid":"4a1231541fb06b16629b433726813fc8","cnt_retweet":"0","publish_time":"20210513232320","page_action_type":"08","cnt_agree":"1","topic_guid":"c8142db427a9c72d3c7a8b59daacd708","userid":"MochiMeringue","cnt_comment":"1","content":"@DylanWa56233515 @AwaitingTanks @TheL3wajouh @ConversationEDU @RMIT @ResearchRMIT \"For the upcoming Beijing Winter Olympics, we were trying to make e-CNY available not only to domestic users, but also to international athletes and like visitors\" they are writing like tourism will be allowed. If visitors in any number are allowed over students that is sad.","url":"https://twitter.com/MochiMeringue/status/1392863037669974022","username":"mocha mochi"},{"relevant_topic_guid":"e8f55102e7a194e2d5b3b4f1366157e2","cnt_retweet":"0","publish_time":"20210501142540","page_action_type":"08","cnt_agree":"0","topic_guid":"6863497e84ec52ef9daefc07fdb42967","userid":"Sy6aFBMJDGtTUZe","cnt_comment":"0","content":"@ABCChinese 数字人民币国际化的必由之路","url":"https://twitter.com/Sy6aFBMJDGtTUZe/status/1388379073911562240","username":"隔壁王爷"},{"relevant_topic_guid":"7d3d8468c9204528a7332bfa3cb105db","cnt_retweet":"0","publish_time":"20210502015247","page_action_type":"08","cnt_agree":"0","topic_guid":"47bb9a37e625b84dd60ab5c9eda20907","userid":"G2_1988","cnt_comment":"0","content":"锚定数字人民币的最大好处是可以大大降低平台、买家、卖家三方的交易成本。","url":"https://twitter.com/G2_1988/status/1388551989777158154","username":"秦妄漢舞"},{"relevant_topic_guid":"e8f55102e7a194e2d5b3b4f1366157e2","cnt_retweet":"0","publish_time":"20210501111507","page_action_type":"08","cnt_agree":"2","topic_guid":"8045c8d4289e1d7d0283a670aeb01452","userid":"66_flying","cnt_comment":"0","content":"@ABCChinese 现在才报道  无语  澳洲maskman在2020初就已经做了数字人民币视频","url":"https://twitter.com/66_flying/status/1388331118349361165","username":"Flying bird 66"},{"relevant_topic_guid":"055269e066a21c216018fcaaa174af4c","cnt_retweet":"0","publish_time":"20210501222308","page_action_type":"08","cnt_agree":"0","topic_guid":"c2bca4e204ecb9f63f9170ff9a97cc35","userid":"rptWbvghHQneWhl","cnt_comment":"0","content":"@maomi121 @emsikcir 可以一招制敌，赦免所有20年以前的贪腐，官员财产公开，或者最起码要做到财产申报到党内最高层，政府开支全部有数字人民币。就能大幅度减少腐败。","url":"https://twitter.com/rptWbvghHQneWhl/status/1388499232827461634","username":"曼陀罗"},{"relevant_topic_guid":"9fa58d110c7ff340471660df4cbc19bd","cnt_retweet":"1","publish_time":"20210430163107","page_action_type":"08","cnt_agree":"0","topic_guid":"ad0025a2548f58a2587eda136aa00240","userid":"nanzhaboy","cnt_comment":"0","content":"@lidangzzz 推数字人民币不就是为了一键印钞吗？管你多少债务，我5G微内核鸿蒙区块链“认证”的数字人民币光速给你还上。","url":"https://twitter.com/nanzhaboy/status/1388048254219165704","username":"渣楠gg"},{"relevant_topic_guid":"c50e73df1fde816b9ee1a692ae2627b1","cnt_retweet":"2","publish_time":"20210510131844","page_action_type":"08","cnt_agree":"7","topic_guid":"956a9427aa1f8028756cc8211fdf1b24","userid":"Byron_Wan","cnt_comment":"1","content":"with **’s state-owned enterprises. A programmable version of the currency would enable regulators to instantly turn off the e-wallet of anyone who runs afoul of Beijing. Global adoption of e-CNY could help the CCP weaken the impact of international sanctions.2/n","url":"https://twitter.com/Byron_Wan/status/1391623720058245123","username":"Byron Wan"},{"relevant_topic_guid":"5f610f14da1df29d3d53da17a9bae92f","cnt_retweet":"0","publish_time":"20210510031412","page_action_type":"08","cnt_agree":"1","topic_guid":"0e515c9a7399166596f1f2e685fa7446","userid":"Duck2021Duck","cnt_comment":"1","content":"@GrabowskiDylan has any relationship Neo with e-CNY?https://t.co/oLHz42vIEe","url":"https://twitter.com/Duck2021Duck/status/1391471582225256448","username":"Duck"},{"relevant_topic_guid":"aa933932a543565deff211249e82a002","cnt_retweet":"0","publish_time":"20210509044155","page_action_type":"08","cnt_agree":"0","topic_guid":"34cd81fdaa11b1817f595d545a7ad0b6","userid":"Teddy21btc","cnt_comment":"0","content":"@SteveMatthews12 What about the USD declining due to debt, unfunded liabilities, YCC, e-CNY, Russian gold transactions, \u0026amp; the rising US trade deficit?","url":"https://twitter.com/Teddy21btc/status/1391131272177721344","username":"BTC is the only remaining free market"},{"relevant_topic_guid":"cb6ed220beaa615d1496becaab3d0f7a","cnt_retweet":"0","publish_time":"20210508191951","page_action_type":"08","cnt_agree":"3","topic_guid":"d83221f61f73457ade79bdc4cea78a6e","userid":"Cappadonna32","cnt_comment":"1","content":"@dahongfei e-CNY is running on NEO blockchain.","url":"https://twitter.com/Cappadonna32/status/1390989820617531392","username":"Bitcoin Religion"},{"relevant_topic_guid":"00acc289f5c125929e110ea2bcac5f98","cnt_retweet":"0","publish_time":"20210509044254","page_action_type":"08","cnt_agree":"0","topic_guid":"d64395a48203941026e4973a2a5d4efa","userid":"Teddy21btc","cnt_comment":"0","content":"@DianeSwonk What about the USD declining due to debt, unfunded liabilities, YCC, e-CNY, Russian gold transactions, \u0026amp; the rising US trade deficit?","url":"https://twitter.com/Teddy21btc/status/1391131518769188872","username":"BTC is the only remaining free market"},{"relevant_topic_guid":"cb6ed220beaa615d1496becaab3d0f7a","cnt_retweet":"1","publish_time":"20210508130414","page_action_type":"08","cnt_agree":"8","topic_guid":"0b050384fb9a578152bea7270844a4b8","userid":"lexmiljo","cnt_comment":"0","content":"@dahongfei But do you own $xCNY already @dahongfei ? It’s the anonymous counterpart of the e-CNY?$XHV https://t.co/iuQydRjfmz","url":"https://twitter.com/lexmiljo/status/1390895294460669953","username":"xLothar ~"},{"relevant_topic_guid":"c6ae5be6cfcc959e880d1e851bcfaef1","cnt_retweet":"1","publish_time":"20210508125314","page_action_type":"08","cnt_agree":"12","topic_guid":"c38e82358ee3c31f0b2547d1b336e6e4","userid":"MaxMcOrion1","cnt_comment":"0","content":"@Joris79D @dahongfei $neo with e-CNY ?","url":"https://twitter.com/MaxMcOrion1/status/1390892527977385985","username":"MaxMcOrion"},{"relevant_topic_guid":"a2b1fcbe34f3f52bd886185bc742bb96","cnt_retweet":"0","publish_time":"20210504204613","page_action_type":"08","cnt_agree":"0","topic_guid":"3c1d29cc85d75cb0743f2aa67960fad2","userid":"david73936962","cnt_comment":"0","content":"@USA_China_Talk 管你排名不排名，我们中国没有疫情了，我们五一可以全国到处游玩了，我们想吃就吃想喝就喝，想和朋友聚会就和朋友聚会，而且不必担心被传染。排名算个鸟，能吃能喝吗，能让经济发展吗？我们5G已经流行了，数字人民币也开始使用了，大半夜出来也不必担心安全问题，标榜自由的你们可以吗？","url":"https://twitter.com/david73936962/status/1389562006169026565","username":"My whimsy"},{"relevant_topic_guid":"b76ac2dfbff1d0e2d9572f1ce29f422a","cnt_retweet":"0","publish_time":"20210503130551","page_action_type":"08","cnt_agree":"0","topic_guid":"2f6c85853aca980e3cf31e40203587f0","userid":"Jer1dah","cnt_comment":"1","content":"China has been developing its electronic yuan, or e-CNY, since 2014 with an aim to replace some of the cash in circulation. In lieu of a timetable for its official launch, the digital cash will first be used for retail payments domestically before it is used abroad,","url":"https://twitter.com/Jer1dah/status/1389083760608616451","username":"Miss IFRS 88"},{"relevant_topic_guid":"adb24d2b2b63c03f6e67761d2268ce3a","cnt_retweet":"1","publish_time":"20210503141830","page_action_type":"08","cnt_agree":"2","topic_guid":"03d18399cc6a09eee945f67b146e691a","userid":"KawasanSadai","cnt_comment":"1","content":"#RMBdigital 15. As a key feature of e-CNY, controllable anonymity not only helps guarantee individuals’ legitimate anonymous transactions and personal information security, but also contributes to preventing,","url":"https://twitter.com/KawasanSadai/status/1389102046821842945","username":"KAWASAN INDUSTRI SADAI"},{"relevant_topic_guid":"41f69e607dc3c6e7b1d07e0d602b1a1c","cnt_retweet":"1","publish_time":"20210503141947","page_action_type":"08","cnt_agree":"2","topic_guid":"8a23909b7a9be0798a0b68a61e349a2d","userid":"KawasanSadai","cnt_comment":"1","content":"#RMBdigital 17. With multiple banks in the pilot areas testing the innovative payment method, e-CNY has been applied in a variety of scenarios ranging from catering services and daily payment to shopping and transportation.@WowBabel #Sadai #BangkaBelitung","url":"https://twitter.com/KawasanSadai/status/1389102366977261568","username":"KAWASAN INDUSTRI SADAI"},{"relevant_topic_guid":"83a85281c68469f0fff53eb7638eb5c2","cnt_retweet":"0","publish_time":"20210502025156","page_action_type":"08","cnt_agree":"1","topic_guid":"dee934fa64333515a360940827316ccd","userid":"YCuiARK","cnt_comment":"1","content":"@AdamHussain01 From what I’m hearing economics will be market rate but right now doesn’t charge anything. Acquirers are gradually setting up to accept e-cny QR code.","url":"https://twitter.com/YCuiARK/status/1388566876876419074","username":"Yulong Cui"},{"relevant_topic_guid":"bd596283d4f1987d400d3db12061ea19","cnt_retweet":"1","publish_time":"20210503140822","page_action_type":"08","cnt_agree":"3","topic_guid":"1ead03a528dc30fe662be7f2e26034e7","userid":"KawasanSadai","cnt_comment":"1","content":"#RMBdigital 02. A Chinese senior citizen surnamed Liu was recently surprised by the convenience of digital RMB, or e-CNY, during a visit to Bo’ao, south China’s #Hainan province. @WowBabel #Sadai #BangkaBelitung","url":"https://twitter.com/KawasanSadai/status/1389099494424285193","username":"KAWASAN INDUSTRI SADAI"},{"relevant_topic_guid":"3fa301b233c9fc6d756349ded13f312a","cnt_retweet":"0","publish_time":"20210502015441","page_action_type":"08","cnt_agree":"0","topic_guid":"83a85281c68469f0fff53eb7638eb5c2","userid":"AdamHussain01","cnt_comment":"1","content":"@YCuiARK Thanks for replying. Agreed. Behavioural entrenchment re Alipay/WeChat Pay \u003d high. If e-CNY \u003d wallet then merchant acquirers etc needed/interact with e-CNY issuers in the same way as normal? Economics remain similar? I think yes but interested if you have any thoughts on this?","url":"https://twitter.com/AdamHussain01/status/1388552468187987969","username":"Adam Hussain"},{"relevant_topic_guid":"2f6c85853aca980e3cf31e40203587f0","cnt_retweet":"0","publish_time":"20210503130551","page_action_type":"08","cnt_agree":"0","topic_guid":"6116ad51984e7365ca7a1d2fd67cf3bf","userid":"Jer1dah","cnt_comment":"0","content":"Chinese authorities have said.The two sides will jointly promote the development of the e-CNY, based on Ant’s database, Ocean Base, and its mobile development platform, mPaaS, according to the state tabloid Global Times.","url":"https://twitter.com/Jer1dah/status/1389083762714099712","username":"Miss IFRS 88"},{"relevant_topic_guid":"a0e6d88291c8188d612b6422c7ea9c92","cnt_retweet":"0","publish_time":"20210424182944","page_action_type":"08","cnt_agree":"0","topic_guid":"345ab8e8c7eafa881fea2fb74de3675a","userid":"TlnjHMTzuq21Irk","cnt_comment":"0","content":"@Kibonohana_8964 这有啥好洗的？数字人民币GKD。","url":"https://twitter.com/TlnjHMTzuq21Irk/status/1385903779409661960","username":"第一性"},{"relevant_topic_guid":"ac79b04fe3c2c88b23419450395a3cb2","cnt_retweet":"0","publish_time":"20210424133811","page_action_type":"08","cnt_agree":"0","topic_guid":"6787c0c4edc91bd6f026e45ef794e3c4","userid":"AA_88888888","cnt_comment":"1","content":"@CqKDWLPh9Lbhm5Y @AsiaFinance 纸币都能绕开，数字人民币在建设之初就充分考虑了所有的可能性。你说能不能绕开？","url":"https://twitter.com/AA_88888888/status/1385830407090806785","username":"推特强迫我起名"},{"relevant_topic_guid":"861a8039c81873b260969d00081e2e10","cnt_retweet":"27","publish_time":"20210424104342","page_action_type":"08","cnt_agree":"44","topic_guid":"46c427c1557ee18671ec055fd9657436","userid":"HimalayaMayflo1","cnt_comment":"1","content":"6. 一旦当了皇帝，亲兄妹不行也没辙，是行不行的问题，跟信不信任没关系。军事上不能中途退场，让美日军队羞辱成这个样子，收什么台湾。智囊没了，军队完蛋了，经济上：数字人民币已经被列为对美元的威胁，欧元、日元不觉得是威胁么？日本欧洲明确绝不允许数字人民币进入本国，澳大利亚最积极。 https://t.co/9rrDa8Rgas","url":"https://twitter.com/HimalayaMayflo1/status/1385786498906214401","username":"喜马拉雅波士顿五月花农场 (Himalaya Mayflower)"},{"relevant_topic_guid":"46c427c1557ee18671ec055fd9657436","cnt_retweet":"26","publish_time":"20210424104411","page_action_type":"08","cnt_agree":"44","topic_guid":"cf69864edfb91705a24bd7a7982da83e","userid":"HimalayaMayflo1","cnt_comment":"1","content":"7. 8，90%的有效GDP国家要封杀数字人民币。郭树清是73马仔，但XI不敢换。人行副行长，外管局潘功胜也是73的人。数字人民币是中国噩梦币，敢用这个就是共产党。栗战书1年前就靠边站了。丁薛祥、王沪宁、许其亮、何总参谋长、郭树清、潘功胜、栗战书失信，还剩谁了？ https://t.co/DD4OwqgR5W","url":"https://twitter.com/HimalayaMayflo1/status/1385786620645941250","username":"喜马拉雅波士顿五月花农场 (Himalaya Mayflower)"},{"relevant_topic_guid":"403cbf8b186d87290c67af6183beb26e","cnt_retweet":"0","publish_time":"20210424092355","page_action_type":"08","cnt_agree":"0","topic_guid":"84aeb1e433ae361d40c9c7bc9f1edc47","userid":"RayTrue3","cnt_comment":"1","content":"#郭文贵爆料革命 #MilesKwok 2021年4月23日 郭文贵先生直播：習的智囊团失信，军事被美打击，数字人民币DCEP被全世界抵制，习成孤家寡人；国内政治变化正在发生中；此次开庭希望能让新中国联联邦人认识到媒体和法律的力量 https://t.co/Q6rtQP8BYQ via @YouTube","url":"https://twitter.com/RayTrue3/status/1385766421318311943","username":"真的勇士Ⅱ"},{"relevant_topic_guid":"6f27d37d255cdcea6fdd42dc93d55005","cnt_retweet":"0","publish_time":"20210501034732","page_action_type":"08","cnt_agree":"0","topic_guid":"0bd1c2522d34048395465a72980ae6fc","userid":"AdamHussain01","cnt_comment":"1","content":"@YCuiARK Hi Yulong - Any thoughts as to the potential scope of e-CNY to devalue/disintermediate parts of the payments value-chain/ecosystem? Areas of greatest potential disruption if any at all? Or think of as just a quasi-issuer in existing issuer/network/merchant acquirer structure?","url":"https://twitter.com/AdamHussain01/status/1388218482563637262","username":"Adam Hussain"},{"relevant_topic_guid":"29a38c922a1410a7737c2509d4c8f6df","cnt_retweet":"0","publish_time":"20210501041331","page_action_type":"08","cnt_agree":"0","topic_guid":"a8efb5ae3d6a891ac3b8553c7d942b9d","userid":"jonteviggo","cnt_comment":"0","content":"@moneenvrsleeps Vilka banker det är vet man inte. Men gissar det varit svinstora Kinesiska banker. Ungefär exakt som nu när Kina pilotar e-cny bpc med Idex.","url":"https://twitter.com/jonteviggo/status/1388225019789074436","username":"Sommarviggo******"},{"relevant_topic_guid":"88d6b9b8deeb3985c6be87a79b605e7f","cnt_retweet":"0","publish_time":"20210425004158","page_action_type":"08","cnt_agree":"1","topic_guid":"0f480436713319611f93274b50df49a7","userid":"p72284157","cnt_comment":"0","content":"@Mgaro_517 @ChinaEmbSL 综合上述，工业制造业让中部红脖子不爽，发展新兴科技产业让西海岸不满，试图建立亚元的形成，及在伊朗石头结算使用数字人民币等苗头，让东海岸也感到愤怒，所以你明白了吧？大国博弈，看的是你什么制度？意识形态？搞毛呢？利益博弈才是永恒的真理","url":"https://twitter.com/p72284157/status/1385997455146184707","username":"欢迎推特无脊椎爬虫对着祖坟开炮"},{"relevant_topic_guid":"08aa4679591105921f303dc9e798a308","cnt_retweet":"0","publish_time":"20210501195100","page_action_type":"08","cnt_agree":"1","topic_guid":"ebee77a53a5118e87bc107362cd34735","userid":"cryptofraga","cnt_comment":"1","content":"@Merov1ngian Do you think we will see the e-CNY become a trading option on Plian\u0027s DEX?So how is the BUSD pUSD USDT would we see a digital pE-CNY yuan on the Plian network?with investment funds providing great liquidity for DEX and DEFI Enterprise projects?","url":"https://twitter.com/cryptofraga/status/1388460945333235715","username":"CryptoFraga \"Plian STRONG HOLD\""},{"relevant_topic_guid":"14d4dd81e34325be603265b591111670","cnt_retweet":"0","publish_time":"20210430113814","page_action_type":"08","cnt_agree":"1","topic_guid":"3e521ac96b7d8513cb129ac1c09345ba","userid":"Kakimg","cnt_comment":"0","content":"@business @nicolesyLIVE @Quicktake E-CNY doesn\u0027t need to compete with AliPay and WeChat. It\u0027s made by the government, all it takes is one SMS from Xi that says anybody not using E-CNY and using other digital payment services will be arrested, or just force closure of said digital services. Simple as that.","url":"https://twitter.com/Kakimg/status/1387974547970748423","username":"Mikey Mike and the Funky Bunch"},{"relevant_topic_guid":"882508c0e29bdef4462efe7b8f1e7b68","cnt_retweet":"0","publish_time":"20210429200251","page_action_type":"08","cnt_agree":"1","topic_guid":"21104796ee372dbbc29801cf262748de","userid":"wholesale4vapes","cnt_comment":"1","content":"@Quicktake @nicolesyLIVE The e-CNY won\u0027t make me rich..... #dogecoin is the future! I\u0027m all in on #doge, I do not need the e-CNY ** 12 years of e-CNY will keep me equally poor, yet 12 years of DOGE.... now that\u0027s exciting!!! #dogecoin","url":"https://twitter.com/wholesale4vapes/status/1387739151043342339","username":"Chinese Doge Girl"},{"relevant_topic_guid":"882508c0e29bdef4462efe7b8f1e7b68","cnt_retweet":"0","publish_time":"20210429125322","page_action_type":"08","cnt_agree":"0","topic_guid":"937c96cc59091d742f94bab10cae7431","userid":"ChloeYa59889735","cnt_comment":"0","content":"@Quicktake @nicolesyLIVE e-CNY is a kind of cryptocurrency. The main reason for its implementation is to prevent hackers‘ security impact on the existing electronic payment after the popularization of quantum computing. Supercomputers can\u0027t compete with quantum computers at all.","url":"https://twitter.com/ChloeYa59889735/status/1387631068610629634","username":"Chloe Yang"},{"relevant_topic_guid":"09e0e1325e9bc780a3f6b1dcafe1f25d","cnt_retweet":"0","publish_time":"20210428145002","page_action_type":"08","cnt_agree":"1","topic_guid":"e35f000eb9a5b0bcbd8c76dc154129bd","userid":"AybeyBerkay","cnt_comment":"1","content":"Haberde Huawei\u0027nin e-CNY\u0027nin kullanım alanına bir örneği de görülebiliyor. Videoda, kullanıcı herhangi bir otel görevlisiyle iletişim kurmadan doğrudan odanın kapısına telefonunu okutarak e-CNY ile ödeme yapıp kapıyı açabiliyorhttps://t.co/SJvl71bGhP","url":"https://twitter.com/AybeyBerkay/status/1387298041615560707","username":"Berkay Aybey"},{"relevant_topic_guid":"5e0011d2d726f7e0ed70c3716f0c6215","cnt_retweet":"0","publish_time":"20210428145001","page_action_type":"08","cnt_agree":"0","topic_guid":"08c9a673bca28e4d587b38b66b5574e9","userid":"AybeyBerkay","cnt_comment":"1","content":"PBoC dışında Tencent, Huawei, https://t.co/eOz3WAhYov, AntGroup gibi birçok dev kuruluş da kendi e-CNY(CBDC) servisleri için özel standlar hazırladı. Aşağıdaki fotoğraf bir e-CNY kartı ve soğuk cüzdan gibi düşünülebilir. https://t.co/CrgCzsz682","url":"https://twitter.com/AybeyBerkay/status/1387298036850774021","username":"Berkay Aybey"},{"relevant_topic_guid":"7ad5c7ffe8a6c7f267ec3fe3df4716ae","cnt_retweet":"0","publish_time":"20210428045807","page_action_type":"08","cnt_agree":"11","topic_guid":"b287c745dccbad29e584c4ae28531ea2","userid":"YCuiARK","cnt_comment":"3","content":"Apparently the child-wallet payment is encrypted and this enables \"controllable anonymity\" (可控匿名), meaning 3P apps can no longer collect user info.This is clear as mud to me...if I pay for a Didi ride w/ encrypted e-CNY, Didi should still know I hailed the ride!","url":"https://twitter.com/YCuiARK/status/1387149079197650947","username":"Yulong Cui"},{"relevant_topic_guid":"b287c745dccbad29e584c4ae28531ea2","cnt_retweet":"0","publish_time":"20210428045807","page_action_type":"08","cnt_agree":"21","topic_guid":"de8d18e5047574abd5afcce299ab6a88","userid":"YCuiARK","cnt_comment":"4","content":"Regardless, e-CNY\u0027s push to be a central wallet is interesting, and to what extent they can execute on this will directly impact Alipay/Wechat Pay.  So far, approved 3P apps include JD, Didi, Meituan, Bili, SF Express.The duopoly are not welcomed yet.More to come...","url":"https://twitter.com/YCuiARK/status/1387149080233664526","username":"Yulong Cui"},{"relevant_topic_guid":"2e82508e636e4f2287a710527cd868cf","cnt_retweet":"0","publish_time":"20210425060743","page_action_type":"08","cnt_agree":"0","topic_guid":"fa29a69edc3cbda971786caa08dd7d03","userid":"RichardJL7","cnt_comment":"0","content":"@darrinlewisjr Which one did China choose to create their e-CNY?","url":"https://twitter.com/RichardJL7/status/1386079434042531844","username":"Dr. Trump ❤ ALGO IOTX QNT XRP XDC XLM"},{"relevant_topic_guid":"3e52ce019d813bd7255dabe31daa58f5","cnt_retweet":"0","publish_time":"20210420094048","page_action_type":"08","cnt_agree":"4","topic_guid":"c6206befaa36569b0f12136f7c7d0bde","userid":"avasthiniranjan","cnt_comment":"1","content":"The Chinese are believed to be distributing e-CNY to banks who will bring them into distribution.Citizens can exchange their physical currency for e-CNY.","url":"https://twitter.com/avasthiniranjan/status/1384321115951042560","username":"Niranjan Avasthi"},{"relevant_topic_guid":"c6206befaa36569b0f12136f7c7d0bde","cnt_retweet":"0","publish_time":"20210420094048","page_action_type":"08","cnt_agree":"4","topic_guid":"704bc2b3d93f20b8ce4cf0280dda8b15","userid":"avasthiniranjan","cnt_comment":"1","content":"Since digital currency is traceable government can use it well to control tax evasion, money laundering or any illegal activities using money.It can help access to people who don\u0027t have bank accountsSome cities in China has already started using e-CNY on experimental basis.","url":"https://twitter.com/avasthiniranjan/status/1384321118052384771","username":"Niranjan Avasthi"},{"relevant_topic_guid":"704bc2b3d93f20b8ce4cf0280dda8b15","cnt_retweet":"0","publish_time":"20210420094049","page_action_type":"08","cnt_agree":"4","topic_guid":"e08ddce44f310ddf461d4e0c3e4f6568","userid":"avasthiniranjan","cnt_comment":"0","content":"China believes that crypto currencies like Bitcoins are investment alternatives and not currency. It can create serious financial stability risk and hence, had ban it in 2017.It will be interesting to see the adoption for e-CNY in coming years.","url":"https://twitter.com/avasthiniranjan/status/1384321120132759554","username":"Niranjan Avasthi"},{"relevant_topic_guid":"1de26f765a0d9b8977366e04212bf366","cnt_retweet":"0","publish_time":"20210419112857","page_action_type":"08","cnt_agree":"0","topic_guid":"f6f6aa9cfd7c38b13d1cd1feb46fa126","userid":"BelluscioJohn","cnt_comment":"0","content":"@Manpree31938145 What’s the difference between a     RMB (Chinese Yuan Renminbi) and a            e-CNY ?","url":"https://twitter.com/BelluscioJohn/status/1383985947801395200","username":"SAiNt_JP"},{"relevant_topic_guid":"350093af645eec92b287016531ddd715","cnt_retweet":"0","publish_time":"20210419124721","page_action_type":"08","cnt_agree":"10","topic_guid":"c870972788e23a6559db6a80f9287953","userid":"diakopter","cnt_comment":"1","content":"@AngletonsMerits @thespybrief \"The e-CNY is aimed at replacing cash and coins in circulation and boosting cashless payments in China. It is not a cryptocurrency and not designed like bitcoin.\"HOWEVER, I fully agree the e-CNY apps should not be installed on any visitors\u0027 devices...","url":"https://twitter.com/diakopter/status/1384005675752194050","username":"⏎ no, you\u0027re a cargo cult"},{"relevant_topic_guid":"bcd861876eb79a654345d17d7aa7c72d","cnt_retweet":"0","publish_time":"20210420001442","page_action_type":"08","cnt_agree":"0","topic_guid":"e69c7c70637a81fb0b019feab86f7148","userid":"JenniferXie12","cnt_comment":"0","content":"2/2\"\u0027For the upcoming Beijing Winter Olympics, we were trying to make e-CNY available not only to domestic users, but also to international athletes and like visitors,\u0027 Li said during a panel moderated by CNBC at the Boao Forum for Asia on the island of Hainan.\"","url":"https://twitter.com/JenniferXie12/status/1384178653395767303","username":"Jennifer 谢"},{"relevant_topic_guid":"b5b330d3bda6a63fee0b58cbe6780e5c","cnt_retweet":"0","publish_time":"20210327063356","page_action_type":"08","cnt_agree":"0","topic_guid":"a0c822a374ae85ac64232dc7db7bce3d","userid":"liangjiahechun","cnt_comment":"2","content":"@ChenQuesera @zlj517 暖心了！总书记体恤人民，全面推行数字人民币，买不起房的以后租房，一租就是70年。https://t.co/biBIJhsBQW","url":"https://twitter.com/liangjiahechun/status/1375576784217989122","username":"梁家河清华双博士习禁评刁太大"},{"relevant_topic_guid":"a05d21282a9679e03df79a7a9070fd73","cnt_retweet":"0","publish_time":"20210326193902","page_action_type":"08","cnt_agree":"3","topic_guid":"296275de511fb4edcb3a23460d7a5f0a","userid":"shuiqiuhan","cnt_comment":"0","content":"@435Hz 想起前不久说可以兑5万美元用来炒外股，会不会是个坑啊？到时候换成数字人民币给你","url":"https://twitter.com/shuiqiuhan/status/1375411971823050759","username":"shui"},{"relevant_topic_guid":"70649a59b2f7e53fc65f6843f38c33c9","cnt_retweet":"0","publish_time":"20210325235401","page_action_type":"08","cnt_agree":"1","topic_guid":"1e26772891ed279cdc5839c696b2a536","userid":"Okletsgou","cnt_comment":"1","content":"@Sanguiwu3 我一直在担心我居住的城市以后也这样我和家人怎么办 按照健康码一年的时间就推进到全国各地农村的进度来看 疫苗通行证绝对不会等多久 目前我还没注册健康码 平时都是想方设法进出商场 不知道我还能拖多久 而且数字人民币也出来了 按照以前支付宝扫码支付的流行速度来看  由政府推广的数字人民币会更快","url":"https://twitter.com/Okletsgou/status/1375113753927184390","username":"无"},{"relevant_topic_guid":"3a94fabed3156a9f25d53cb6ba09dd36","cnt_retweet":"0","publish_time":"20210326094051","page_action_type":"08","cnt_agree":"16","topic_guid":"c31015ac2923d29fca5425f16d512581","userid":"America_Capt_","cnt_comment":"1","content":"@stupidwz 回到原始社会不至于，回到1980年就行了，而且现在有数字人民币，连粮票布票什么都省了。到时候全国卡其布外套配新疆棉内衣，一色的军绿色，脖子上用月经带左右相衬，绿帽子中间挂上鲜血染红的五角星。。。","url":"https://twitter.com/America_Capt_/status/1375261433345290246","username":"米国**怼长"},{"relevant_topic_guid":"70649a59b2f7e53fc65f6843f38c33c9","cnt_retweet":"0","publish_time":"20210325235940","page_action_type":"08","cnt_agree":"3","topic_guid":"7e2b5b6bb6f875ac1c545f9d3cef2701","userid":"Okletsgou","cnt_comment":"1","content":"@Sanguiwu3 我对以后的生活 特别是等有了孩子后 一直感到很忧虑  外面到处的监控摄像头  健康码 疫苗通行证 数字人民币买包烟都会被记录终身  想到不久之后的这些就感到深深的恐惧和无力感  而周围的人总是会来一句 你又不犯法你还担心这些干什么","url":"https://twitter.com/Okletsgou/status/1375115173883568128","username":"无"},{"relevant_topic_guid":"fbfe7fe3a5a28b5e0833149844cb6ce3","cnt_retweet":"0","publish_time":"20210328003945","page_action_type":"08","cnt_agree":"1","topic_guid":"2ff6e0f8c154cd45ef454fe56ce79c2b","userid":"Whosyourdie","cnt_comment":"0","content":"@AndrewC86186 这份协议中最值得关注的有三点：1，中国在伊朗能源和基础设施领域的投资；2，石油和贸易用人民币和数字人民币结算；3，北斗全球卫星定位系统支持伊朗的导弹。","url":"https://twitter.com/Whosyourdie/status/1375850037427630081","username":"哒哒熊霸"},{"relevant_topic_guid":"00f84e17fa7d3f59261e801f286569fc","cnt_retweet":"0","publish_time":"20210328003832","page_action_type":"08","cnt_agree":"3","topic_guid":"8a87e45c809fe87fec9cb06ead137f15","userid":"Whosyourdie","cnt_comment":"0","content":"@David24834267 @RFI_Cn @AndrewC86186 是价值4000亿，不是使用400亿。是用人民币和数字人民币结算。","url":"https://twitter.com/Whosyourdie/status/1375849731117572100","username":"哒哒熊霸"},{"relevant_topic_guid":"bca56ffb4e81fb264999b6f8fb9e4f78","cnt_retweet":"1","publish_time":"20210328010849","page_action_type":"08","cnt_agree":"11","topic_guid":"7914cf03c406b79b73e394d7537492fc","userid":"ILoveCNPanda","cnt_comment":"2","content":"@David24834267 @RFI_Cn @AndrewC86186 我只是陈述伊朗媒体的事而已。第一中国投资能源和基建。第二，石油和贸易用人民币和数字人民币结算。第三，北斗卫星支持伊朗导弹。","url":"https://twitter.com/ILoveCNPanda/status/1375857352709189637","username":"民主大國是大熊貓************台湾傻事推特分支部"},{"relevant_topic_guid":"8140b426e647ff6907b45d8b316ab986","cnt_retweet":"2","publish_time":"20210328003729","page_action_type":"08","cnt_agree":"8","topic_guid":"d66d73cd2260f931efc5179cbd80dc23","userid":"Whosyourdie","cnt_comment":"1","content":"@RFI_Cn 这份协议中最值得关注的有三点：1，中国在伊朗能源和基础设施领域的投资；2，石油和贸易用人民币和数字人民币结算；3，北斗全球卫星定位系统支持伊朗的导弹。 https://t.co/tK47jFDSh7","url":"https://twitter.com/Whosyourdie/status/1375849467606265857","username":"哒哒熊霸"},{"relevant_topic_guid":"9b3d9373e2296e1424bdc753bf5a3b0b","cnt_retweet":"0","publish_time":"20210328000959","page_action_type":"08","cnt_agree":"2","topic_guid":"710754afd8f88fa12b5b9ec71ac93fdd","userid":"tinywator","cnt_comment":"0","content":"@minamot73416649 @RFI_Cn 据说是人民币和数字人民币","url":"https://twitter.com/tinywator/status/1375842544869732354","username":"Chico"},{"relevant_topic_guid":"f298988b8290f9943706420c6e83d17a","cnt_retweet":"0","publish_time":"20210327215931","page_action_type":"08","cnt_agree":"2","topic_guid":"d23d68e12fe4dffd71956ba4404868e2","userid":"duke09555","cnt_comment":"0","content":"@dw_chinese 协议就两个核心，长期石油供应，用人民币及数字人民币结算；北斗导航系统为伊朗军事用途开放，刀刀见血。","url":"https://twitter.com/duke09555/status/1375809712394936326","username":"duke"},{"relevant_topic_guid":"371077b5e9cf56ca83993551fb101155","cnt_retweet":"0","publish_time":"20210325142556","page_action_type":"08","cnt_agree":"0","topic_guid":"960a7750c69805f2258d2d1d6dbe1417","userid":"shalaimaviv","cnt_comment":"0","content":"@caijingxiang 数字人民币的目标就是废掉swift及相应的美元监管。金融监管可以造假，但是实体的物流监管是不能造假的。此外，数字毛币就是摧毁美元的武器，届时美元会大量贬值。世界货币无一幸免，swift也不例外。而且这个电报系统也不再具有公信力。很难想象swift为何要去做自掘坟墓的事情。","url":"https://twitter.com/shalaimaviv/status/1374970789649281025","username":"Shalaim aviv"},{"relevant_topic_guid":"46f794691785efbe91043129bebbcb73","cnt_retweet":"0","publish_time":"20210324091656","page_action_type":"07","cnt_agree":"0","topic_guid":"46f794691785efbe91043129bebbcb73","userid":"F1JB5yuKnE9Z6kP","cnt_comment":"0","content":"上海个人可向六大行申请数字人民币钱包相关上市公司中，神州信息（000555）参与了某国有银行的DCEP测试及相关推广工作，涉及加密数字货币的电子支付场景，公司完成了自有知识产权的数字钱包系统的研发。信息发展（300469）组织专门的团队对数字货币的相关技术进行了跟踪研究。支付等。","url":"https://twitter.com/F1JB5yuKnE9Z6kP/status/1374530637017673736","username":"股市解盘--职业操盘手"},{"relevant_topic_guid":"d555e3dd3fe0ed21105e2285ae96dcf7","cnt_retweet":"1","publish_time":"20210324104807","page_action_type":"07","cnt_agree":"29","topic_guid":"d555e3dd3fe0ed21105e2285ae96dcf7","userid":"GMPLY5555","cnt_comment":"5","content":"走到挑战美元霸权这一步，就真的“没有撤退可言了”，数字人民币结算要走起来了。","url":"https://twitter.com/GMPLY5555/status/1374553587687116800","username":"公民评论员⁵"},{"relevant_topic_guid":"d2eaa9f73f1c372fb3c58fba1d8580a5","cnt_retweet":"1","publish_time":"20210324083121","page_action_type":"07","cnt_agree":"2","topic_guid":"d2eaa9f73f1c372fb3c58fba1d8580a5","userid":"lvv2com","cnt_comment":"0","content":"多家银行竞跑数字人民币钱包 实探北京地区试点进展 https://t.co/nqXTuMToiO","url":"https://twitter.com/lvv2com/status/1374519167500488709","username":"Lvv2.com"},{"relevant_topic_guid":"d3a80b09cc46dd5a1f6a97bf2540d9ef","cnt_retweet":"0","publish_time":"20210324113950","page_action_type":"07","cnt_agree":"0","topic_guid":"d3a80b09cc46dd5a1f6a97bf2540d9ef","userid":"GEj1CLT0s1ukhQH","cnt_comment":"0","content":"和全世界做生意，几乎是全世界所有主要国家的前一两名贸易伙伴，数字人民币国际化可谓地利人和，就看这天时什么时候成熟","url":"https://twitter.com/GEj1CLT0s1ukhQH/status/1374566601375158274","username":"隆且"},{"relevant_topic_guid":"fe0c21d691993605c1338cd60cadeb1c","cnt_retweet":"1","publish_time":"20210324081946","page_action_type":"07","cnt_agree":"5","topic_guid":"fe0c21d691993605c1338cd60cadeb1c","userid":"rijingzhongwen","cnt_comment":"3","content":"【中美竞争数字货币】西村博之：围绕央行发行的数字货币，在拜登政权下，出现中美竞争启动的迹象。中国着眼于国内外的数字人民币的利用，进行各种测试。此前一直静观其变的美国也终于坐不住了。这必将对世界各国央行的应对措施产生影响……https://t.co/VEwDVZSP9n https://t.co/UOgoEN2XDQ","url":"https://twitter.com/rijingzhongwen/status/1374516252874469377","username":"日经中文网"},{"relevant_topic_guid":"4ec0897c1821edb7ad8dad098589d8e6","cnt_retweet":"0","publish_time":"20210324101913","page_action_type":"07","cnt_agree":"0","topic_guid":"4ec0897c1821edb7ad8dad098589d8e6","userid":"XiaoZhen0537","cnt_comment":"0","content":"早报 | 一加 9 系列发布 / 上海个人可申请数字人民币钱包 / 香港超 40 万人接种新冠疫苗 https://t.co/mdApiUFXDe","url":"https://twitter.com/XiaoZhen0537/status/1374546313845604359","username":"每日头条 - 时事百科抢先看"},{"relevant_topic_guid":"70e1bbdb769ab64d8836014405221044","cnt_retweet":"0","publish_time":"20210324041453","page_action_type":"07","cnt_agree":"0","topic_guid":"70e1bbdb769ab64d8836014405221044","userid":"XiaoZhen0537","cnt_comment":"0","content":"上海个人可向六大行申请数字人民币钱包，有银行还发体验红包 https://t.co/RMaF0yTV8f","url":"https://twitter.com/XiaoZhen0537/status/1374454626448146432","username":"每日头条 - 时事百科抢先看"},{"relevant_topic_guid":"d2f2695ab3ad84593efbc5d723a1a8fd","cnt_retweet":"0","publish_time":"20210324090703","page_action_type":"07","cnt_agree":"0","topic_guid":"d2f2695ab3ad84593efbc5d723a1a8fd","userid":"6donews","cnt_comment":"0","content":"数字人民币试点提速：北京地区银行已开放 https://t.co/zOqAfVYKrV","url":"https://twitter.com/6donews/status/1374528149883555846","username":"六度新闻"},{"relevant_topic_guid":"0114432d3c407908b35f1857d538ecbb","cnt_retweet":"0","publish_time":"20210323235243","page_action_type":"07","cnt_agree":"0","topic_guid":"0114432d3c407908b35f1857d538ecbb","userid":"Japanamu","cnt_comment":"0","content":"马云与马化腾命运各有不同；投资中国科技下个风口在哪里？张一鸣痴迷成功学；华为TikTok在美命运不同；数字人民币的未来|李其专访硅谷投资人、Te... https://t.co/WkZr7HpyNX 来自 @YouTube","url":"https://twitter.com/Japanamu/status/1374388651073794054","username":"阿木"},{"relevant_topic_guid":"179baa672e083dc1838541907fdba526","cnt_retweet":"0","publish_time":"20210323195501","page_action_type":"07","cnt_agree":"0","topic_guid":"179baa672e083dc1838541907fdba526","userid":"0xzxcom","cnt_comment":"0","content":"中国人民银行表示，数字人民币不会完全匿名 https://t.co/dM4pYp8fWD","url":"https://twitter.com/0xzxcom/status/1374328829422964741","username":"0x资讯"},{"relevant_topic_guid":"61f433151e4cb733c9a3885cdfbca0ef","cnt_retweet":"0","publish_time":"20210323222314","page_action_type":"07","cnt_agree":"0","topic_guid":"61f433151e4cb733c9a3885cdfbca0ef","userid":"sunguiyue","cnt_comment":"0","content":"纽约之家：印度虚拟币与数字人民币 https://t.co/bXQxNTVbDS 来自 @YouTube","url":"https://twitter.com/sunguiyue/status/1374366130375131141","username":"孙志刚（pi邀请码sunzhigang1971）"},{"relevant_topic_guid":"cfad6e479d7992483f3d2f34d2c72999","cnt_retweet":"1","publish_time":"20210323100607","page_action_type":"07","cnt_agree":"2","topic_guid":"cfad6e479d7992483f3d2f34d2c72999","userid":"ChainNewscom","cnt_comment":"0","content":"【六大国有银行已开始推广数字人民币货币钱包】链闻消息，据上海证券报报道，六大国有银行已经开始推广数字人民币货币钱包。在国有银行营业网点中，客户只需要提出申请，便可以申请白名单，在央行数字人民币 APP 中以设立银行子钱包方式…… https://t.co/OKoYxYTer9","url":"https://twitter.com/ChainNewscom/status/1374180627877072898","username":"链闻 ChainNews"},{"relevant_topic_guid":"972a59f3284fee16b8d69bb6bcab712d","cnt_retweet":"1","publish_time":"20210323100750","page_action_type":"07","cnt_agree":"5","topic_guid":"972a59f3284fee16b8d69bb6bcab712d","userid":"myfxtrader","cnt_comment":"1","content":"上证报：六大国有银行已开始推广数字人民币货币钱包在国有银行营业网点中，客户只需要提出申请，便可以申请白名单，在央行数字人民币APP中以设立银行子钱包方式参与测试。#数字人民币 #DCEP","url":"https://twitter.com/myfxtrader/status/1374181061740032001","username":"外汇交易员"},{"relevant_topic_guid":"e7c3ddf8508376aa6e16f5d12f2e00ab","cnt_retweet":"0","publish_time":"20210322092032","page_action_type":"07","cnt_agree":"0","topic_guid":"e7c3ddf8508376aa6e16f5d12f2e00ab","userid":"zlmalliance","cnt_comment":"0","content":"央行会通过手机号查用户隐私？数字人民币不够安全？穆长春一一回应 https://t.co/qrrMHHVnWE https://t.co/Qeu6SrO9oO","url":"https://twitter.com/zlmalliance/status/1373806767700901889","username":"Axiox News"},{"relevant_topic_guid":"1351563710a5395566f829543151f3fd","cnt_retweet":"1","publish_time":"20210323075140","page_action_type":"07","cnt_agree":"2","topic_guid":"1351563710a5395566f829543151f3fd","userid":"EOXO9zCujKpSmCv","cnt_comment":"0","content":"3/22/2021 《灭共杂谈》43 期： 【金圆券】是咋样的？数字人民币就是金圆券对吗？全方位深度剖析【中美外交骂战】 https://t.co/zRY3amP16Z 來自 @YouTube","url":"https://twitter.com/EOXO9zCujKpSmCv/status/1374146793949171712","username":"小蚂蚁1028"},{"relevant_topic_guid":"972a59f3284fee16b8d69bb6bcab712d","cnt_retweet":"1","publish_time":"20210323113408","page_action_type":"08","cnt_agree":"0","topic_guid":"fdf7a1c4ba7be596979aa0fcb3848068","userid":"MartinLau1978","cnt_comment":"0","content":"@myfxtrader 不理解这个到底价值在哪儿。跟你银行上的现金账户有啥区别。本来就都是数字……","url":"https://twitter.com/MartinLau1978/status/1374202780273938437","username":"不二法门"}]