[{"relevant_topic_guid":"3291533551fef42676d033a74e00ca80","cnt_retweet":"0","publish_time":"20210112012012","page_action_type":"08","cnt_agree":"0","topic_guid":"6958f5c35d01860fd66ee6e0902cb295","userid":"yitiantian996","cnt_comment":"0","content":"@Y9BAOIWFK1lWgD2 数字人民币有大量黄金支持？是真正的虚拟硬货币？？？WOW 真是打开新世界的大门啊","url":"https://twitter.com/yitiantian996/status/1348681125674278913","username":"wenwen"},{"relevant_topic_guid":"beb2dd6af316a039ad9ae43f35856f1c","cnt_retweet":"0","publish_time":"20210110093856","page_action_type":"08","cnt_agree":"0","topic_guid":"44584380655346d6bf0bc1ba4062d76d","userid":"briankuo","cnt_comment":"1","content":"@globaltimesnews 中邮有可能会并购拼多多，形成电商三强格局。① 淘宝 #支付宝② 京东 #微信支付③ 中邮 #数字人民币#国进民进 #做大做强 #捅破天 https://t.co/uyl5Ewx3CG","url":"https://twitter.com/briankuo/status/1348081859524136960","username":"无定创客 Brian"},{"relevant_topic_guid":"a14eea16947633e0c0c587b898d0d278","cnt_retweet":"0","publish_time":"20210102164123","page_action_type":"08","cnt_agree":"1","topic_guid":"eb1b254681f5454fb85eb347e42b082e","userid":"shangO_O2021","cnt_comment":"0","content":"@Jn1vAe @PDChinese 等待泡沫击穿时刻，量化宽松，货币贬值。数字人民币要来了，数字人民币可以跨过美元进行货币交易兑换，时代在变化，美元的霸权在未来就会消失。","url":"https://twitter.com/shangO_O2021/status/1345289072944717825","username":"憨憨丿浩‎・ࡇ・"},{"relevant_topic_guid":"2a54c9717bcf42f7af149e0d82b4076a","cnt_retweet":"1","publish_time":"20201231223606","page_action_type":"08","cnt_agree":"5","topic_guid":"9efd918992a9dfb221a8b7e85e77cb27","userid":"cat_517","cnt_comment":"0","content":"@zlj517 数字人民币时代来了，为科技中国******点赞******","url":"https://twitter.com/cat_517/status/1344653563025268739","username":"小cat玉儿"},{"relevant_topic_guid":"f15482ca8273631fafae29d264d1bc2a","cnt_retweet":"0","publish_time":"20210112090530","page_action_type":"07","cnt_agree":"0","topic_guid":"f15482ca8273631fafae29d264d1bc2a","userid":"ifanr","cnt_comment":"0","content":"【早报 | 三星展示会做家务的机器人 / 新 ATM 可存取数字人民币 / 袁隆平对抖音账号不知情，抖音回应】‍• 苹果发布 iOS 12.5.1 正式版，可供旧版机型更新 https://t.co/U1HGQbrL69 https://t.co/sywRMgcrXf","url":"https://twitter.com/ifanr/status/1348798221766643716","username":"ifanr.com 爱范儿"},{"relevant_topic_guid":"eb27a5c1d572e65ef361238fb28fbce8","cnt_retweet":"0","publish_time":"20210112183309","page_action_type":"07","cnt_agree":"0","topic_guid":"eb27a5c1d572e65ef361238fb28fbce8","userid":"ChainNewscom","cnt_comment":"0","content":"【移动支付网：数字人民币或支持跨境支付场景】链闻消息，据移动支付网，网友在中行手机银行开通的数字人民币钱包发现，通过手机号或邮箱转数币可以看到「中国大陆」、「中国香港」、「新加坡」的常用国家或地区的选择，间接透露了数字人民币…… https://t.co/jlwXRd1axl","url":"https://twitter.com/ChainNewscom/status/1348941077496156160","username":"链闻 ChainNews"},{"relevant_topic_guid":"a0017cad19961a348e8e9c73ef76c3f6","cnt_retweet":"3","publish_time":"20210111230852","page_action_type":"07","cnt_agree":"2","topic_guid":"a0017cad19961a348e8e9c73ef76c3f6","userid":"asusmt","cnt_comment":"1","content":"划重点——“数字人民币能够加强国家对社会的控制”","url":"https://twitter.com/asusmt/status/1348648076962013189","username":"SN"},{"relevant_topic_guid":"d895d345db7bd5e9ffbf675363ba166b","cnt_retweet":"0","publish_time":"20210111171056","page_action_type":"07","cnt_agree":"0","topic_guid":"d895d345db7bd5e9ffbf675363ba166b","userid":"XiaoZhen0537","cnt_comment":"0","content":"【农行推出ATM机数字人民币存取现功能】 https://t.co/E8D0mJvkGs","url":"https://twitter.com/XiaoZhen0537/status/1348557998696837121","username":"每日头条 - 时事百科抢先看"},{"relevant_topic_guid":"0b9eef16406a260d5f14c1f255d25f20","cnt_retweet":"0","publish_time":"20210111204652","page_action_type":"07","cnt_agree":"2","topic_guid":"0b9eef16406a260d5f14c1f255d25f20","userid":"Jing_0327","cnt_comment":"0","content":"脱离手机支付，数字人民币 上海试点开始了*❣️","url":"https://twitter.com/Jing_0327/status/1348612341374492674","username":"J.SUN"},{"relevant_topic_guid":"323837eb38bda2a12e232d043daebc6f","cnt_retweet":"0","publish_time":"20210111224010","page_action_type":"07","cnt_agree":"0","topic_guid":"323837eb38bda2a12e232d043daebc6f","userid":"siambir1","cnt_comment":"0","content":"数字人民币发行稳步推进，资产流动透明化日益明显，配置全球资产势在必行！最后一套正大可5年回购公寓！！！见上篇 https://t.co/6Vj5hseXTc","url":"https://twitter.com/siambir1/status/1348640853162655745","username":"暹罗飞鸟"},{"relevant_topic_guid":"032c919c8b2c63b10d7b00bfa197bc22","cnt_retweet":"0","publish_time":"20210111230104","page_action_type":"07","cnt_agree":"0","topic_guid":"032c919c8b2c63b10d7b00bfa197bc22","userid":"godfroykone","cnt_comment":"0","content":"* China: the digital yuan soon to attack the dollar* 中国：数字人民币很快就会袭击美元* Chine: le yuan numérique bientôt à l’attaque du dollar https://t.co/oEfUwFakzd via @asialyst","url":"https://twitter.com/godfroykone/status/1348646111070855170","username":"GODFROY KONE"},{"relevant_topic_guid":"be3ce9822558d12ce99d82a16583c336","cnt_retweet":"0","publish_time":"20210111184309","page_action_type":"07","cnt_agree":"0","topic_guid":"be3ce9822558d12ce99d82a16583c336","userid":"ChainNewscom","cnt_comment":"0","content":"【农行在深圳成立总行级数字人民币创新实验室，为数字人民币的特性开展创新与试点】链闻消息，据深圳特区报报道，农行今年在深圳成立了总行级的「数字人民币创新实验室」，重点围绕数字人民币的特性开展新领域的创新与试点，而建行在深圳分行…… https://t.co/XsrdqFZYAb","url":"https://twitter.com/ChainNewscom/status/1348581207538364417","username":"链闻 ChainNews"},{"relevant_topic_guid":"a55fb2be5bbd5bcaefd98462e4a282ee","cnt_retweet":"0","publish_time":"20210111094405","page_action_type":"07","cnt_agree":"16","topic_guid":"a55fb2be5bbd5bcaefd98462e4a282ee","userid":"Tmomonono","cnt_comment":"4","content":"中行刚刚电话让我去开通数字人民币*，具体用途还得签保密协议才知道～","url":"https://twitter.com/Tmomonono/status/1348445543001772035","username":"Tmono"},{"relevant_topic_guid":"f48447286d0f7efcc4eae480051eb4ad","cnt_retweet":"0","publish_time":"20210109141408","page_action_type":"07","cnt_agree":"0","topic_guid":"f48447286d0f7efcc4eae480051eb4ad","userid":"ChainNewscom","cnt_comment":"0","content":"【深圳发放 2000 万元数字人民币红包，已有超 1 万余家商户试点数字人民币】链闻消息，据央视网报道，从 1 月 7 日起，「福田有礼数字人民币红包」活动的中签者，可在深圳一万多家指定商户进行消费，使用有效期为 11 天。…… https://t.co/vDfuqehGx8","url":"https://twitter.com/ChainNewscom/status/1347788730493493248","username":"链闻 ChainNews"},{"relevant_topic_guid":"d20c0c70fc4945da1dc3882a4babcdad","cnt_retweet":"2","publish_time":"20210111004616","page_action_type":"07","cnt_agree":"3","topic_guid":"d20c0c70fc4945da1dc3882a4babcdad","userid":"maskman47338380","cnt_comment":"0","content":"要命了！数字人民币硬钱包落地，中国开启狗链模式，房租税房产税，双管齐下！拼多多小伙赚钱还房贷，猝死工作岗位！ https://t.co/pv6t7GCuUT 来自 @YouTube","url":"https://twitter.com/maskman47338380/status/1348310197802962944","username":"mask man面具人"},{"relevant_topic_guid":"3cd6d777250eaf4c4167ab6219168bbc","cnt_retweet":"0","publish_time":"20210109111208","page_action_type":"07","cnt_agree":"0","topic_guid":"3cd6d777250eaf4c4167ab6219168bbc","userid":"XiaoZhen0537","cnt_comment":"0","content":"与苏州和深圳相比 这次上海试点的数字人民币有何不同？ https://t.co/NOkf6jK1QN","url":"https://twitter.com/XiaoZhen0537/status/1347742925833334784","username":"每日头条 - 时事百科抢先看"},{"relevant_topic_guid":"a6d7469a14fb884bbd5ee5af442c9ad8","cnt_retweet":"1","publish_time":"20210108074630","page_action_type":"07","cnt_agree":"1","topic_guid":"a6d7469a14fb884bbd5ee5af442c9ad8","userid":"salasen","cnt_comment":"0","content":"牛牛！！深圳政务数字人民币APP https://t.co/XusdAkcobt","url":"https://twitter.com/salasen/status/1347328789043298305","username":"salasen"},{"relevant_topic_guid":"9ef835c02ae4205fc17a9ed54c8d091c","cnt_retweet":"0","publish_time":"20210107224912","page_action_type":"07","cnt_agree":"0","topic_guid":"9ef835c02ae4205fc17a9ed54c8d091c","userid":"godfroykone","cnt_comment":"0","content":"* China: the digital yuan soon to attack the dollar* 中国：数字人民币很快就会袭击美元* Chine: le yuan numérique bientôt à l’attaque du dollar https://t.co/oEfUwFakzd via @asialyst","url":"https://twitter.com/godfroykone/status/1347193572613906435","username":"GODFROY KONE"},{"relevant_topic_guid":"e1a4b82f6f86aa7a1888c4a36eb20f79","cnt_retweet":"0","publish_time":"20210110161608","page_action_type":"07","cnt_agree":"1","topic_guid":"e1a4b82f6f86aa7a1888c4a36eb20f79","userid":"ChainNewscom","cnt_comment":"0","content":"【农行推出 ATM 机数字人民币存取现功能】链闻消息，在深圳市福田区数字人民币试点过程中，中国农业银行推出 ATM 机的数字人民币存取现功能。农行数字人民币创新实验室（深圳）经理邹华称， 「农行在同业率先推出了 ATM 机的…… https://t.co/uqdQLD8tnD","url":"https://twitter.com/ChainNewscom/status/1348181820806934528","username":"链闻 ChainNews"},{"relevant_topic_guid":"27b6c1576ebc0f04fbb0a776f0906ee3","cnt_retweet":"0","publish_time":"20210108155106","page_action_type":"07","cnt_agree":"1","topic_guid":"27b6c1576ebc0f04fbb0a776f0906ee3","userid":"ChainNewscom","cnt_comment":"0","content":"【数字人民币内部试点现身陆家嘴，普通用户暂时无法使用】链闻消息，据第一财经报道，继上海同仁医院之后，数字人民币在上海的试点又增加一处。近日，有市民发现数字人民币试点已经来到陆家嘴。陆家嘴中心商场里的一家奶茶店可以支持数字人民…… https://t.co/b22ezn3rqO","url":"https://twitter.com/ChainNewscom/status/1347450745755471872","username":"链闻 ChainNews"},{"relevant_topic_guid":"a04d4f1f740a54263d10f56d57441863","cnt_retweet":"0","publish_time":"20210107142802","page_action_type":"07","cnt_agree":"0","topic_guid":"a04d4f1f740a54263d10f56d57441863","userid":"nyau_maomao","cnt_comment":"0","content":"数字人民币于上海试点！脱离手机的硬钱包支付模式首现 https://t.co/N13wcFOROL via @YouTube","url":"https://twitter.com/nyau_maomao/status/1347067451477872640","username":"Klaus Lochinber"},{"relevant_topic_guid":"13f4ce605f4271d852d7c02a2054f4c5","cnt_retweet":"0","publish_time":"20210107111500","page_action_type":"07","cnt_agree":"0","topic_guid":"13f4ce605f4271d852d7c02a2054f4c5","userid":"ReznovHuang","cnt_comment":"0","content":"数字人民币摸奖再失败（ https://t.co/blsDz24xL3","url":"https://twitter.com/ReznovHuang/status/1347018874105942016","username":"llllIIlIIllll"},{"relevant_topic_guid":"c701bb6705467480aba516ca60245ff7","cnt_retweet":"0","publish_time":"20210107142122","page_action_type":"07","cnt_agree":"0","topic_guid":"c701bb6705467480aba516ca60245ff7","userid":"nyau_maomao","cnt_comment":"0","content":"深圳：数字人民币试点 政府联合央行派红包 |《中国新闻》CCTV中文国际 https://t.co/hWSrnqivcI via @YouTube","url":"https://twitter.com/nyau_maomao/status/1347065773110435842","username":"Klaus Lochinber"},{"relevant_topic_guid":"8cf06e9feeca34927489d1e2f527f206","cnt_retweet":"1","publish_time":"20210107041026","page_action_type":"07","cnt_agree":"0","topic_guid":"8cf06e9feeca34927489d1e2f527f206","userid":"JiaLovedbyEvery","cnt_comment":"1","content":"央行：稳妥开展数字人民币试点测试2021年01月06日 17:14 央行不能歪曲我的意思，数字人民币是非常重要。但是我说的生活费每月清零是重要中的最重要。","url":"https://twitter.com/JiaLovedbyEvery/status/1346912026942087168","username":"Jia"},{"relevant_topic_guid":"a9089b077db82215011b97f246b2f04e","cnt_retweet":"0","publish_time":"20210106162728","page_action_type":"07","cnt_agree":"0","topic_guid":"a9089b077db82215011b97f246b2f04e","userid":"zhiiker","cnt_comment":"0","content":"王永利：数字人民币定位 M0 将发展受限，应归于 M1 或 M2 - 链闻 ChainNews https://t.co/ScCGqR1O3R 来自 @ChainNewscom","url":"https://twitter.com/zhiiker/status/1346735118673530881","username":"zhiiker"},{"relevant_topic_guid":"fe1009d12c4f9d312a3c05d89f9cbe5b","cnt_retweet":"0","publish_time":"20210107005159","page_action_type":"07","cnt_agree":"1","topic_guid":"fe1009d12c4f9d312a3c05d89f9cbe5b","userid":"wangfen56454009","cnt_comment":"0","content":"数字人民币本次试点是继深圳、苏州手机扫码、碰一碰支付之后第一次实现脱离手机的可视卡式的硬钱包支付模式这为运用智能终端困难的人群使用数字人民币、跨越数字鸿沟 https://t.co/IB9Lk9Shgy","url":"https://twitter.com/wangfen56454009/status/1346862085586767872","username":"wangfeng"},{"relevant_topic_guid":"518495658b4332e4ecec9f11e1de8050","cnt_retweet":"15","publish_time":"20210106140000","page_action_type":"07","cnt_agree":"85","topic_guid":"518495658b4332e4ecec9f11e1de8050","userid":"CNS1952","cnt_comment":"11","content":"【數字人民幣“硬錢包”來了！可視卡首亮相】1月5日，脫離手機的数字人民币可視卡式“硬錢包”首次亮相上海一員工食堂。卡片右上角的水墨屏窗口中，消費金額、卡片餘額、支付次數一目了然。卡片錢包為運用智能終端困難的人群使用數字人民幣提供了可能。 https://t.co/AUwcULtoMP","url":"https://twitter.com/CNS1952/status/1346698008679706626","username":"中國新聞社"},{"relevant_topic_guid":"b74a5f3faefcadf317fcd5f51de73823","cnt_retweet":"4","publish_time":"20210106131117","page_action_type":"07","cnt_agree":"10","topic_guid":"b74a5f3faefcadf317fcd5f51de73823","userid":"myfxtrader","cnt_comment":"3","content":"数字人民币进展一瞥：根据上海长宁微信公众号推文，数字人民币 “硬钱包”实体卡片右上角配有水墨屏窗口，可以显示消费金额、卡片余额、离线支付次数等信息。这种 “可视卡”底层技术是芯片加 NFC（近场支付）技术，主要针对不愿意或者使用手机困难的人设计。#数字人民币 #DCEP https://t.co/fQxTsD16Ps","url":"https://twitter.com/myfxtrader/status/1346685749794459648","username":"外汇交易员"},{"relevant_topic_guid":"b2cadcc206d1dc7681ef6b851ebce830","cnt_retweet":"0","publish_time":"20210106120957","page_action_type":"07","cnt_agree":"0","topic_guid":"b2cadcc206d1dc7681ef6b851ebce830","userid":"XiaoZhen0537","cnt_comment":"0","content":"与苏州和深圳相比 这次上海试点的数字人民币有何不同？ https://t.co/9cWD9Kg1Nb","url":"https://twitter.com/XiaoZhen0537/status/1346670312738455552","username":"每日头条 - 时事百科抢先看"},{"relevant_topic_guid":"bc246da9366a2c9a6698265f0f0bc9b2","cnt_retweet":"4","publish_time":"20210106113956","page_action_type":"07","cnt_agree":"10","topic_guid":"bc246da9366a2c9a6698265f0f0bc9b2","userid":"jike_collection","cnt_comment":"0","content":"数字人民币…硬钱包……直呼内行 https://t.co/qwaeQ93D4j","url":"https://twitter.com/jike_collection/status/1346662758419337216","username":"即刻精选"},{"relevant_topic_guid":"b7438c73c2fa66a8566711079f8e819b","cnt_retweet":"0","publish_time":"20210107025229","page_action_type":"07","cnt_agree":"0","topic_guid":"b7438c73c2fa66a8566711079f8e819b","userid":"china_com_au","cnt_comment":"0","content":"澳大利亚 – 数字人民币“硬钱包”来了！可视卡首亮相-澳洲唐人街 https://t.co/KHglgqmPNX","url":"https://twitter.com/china_com_au/status/1346892411348385795","username":"澳洲唐人街 - 媒体"},{"relevant_topic_guid":"847a7c914fbb40e07a3aebfe59593c27","cnt_retweet":"0","publish_time":"20210106111233","page_action_type":"07","cnt_agree":"0","topic_guid":"847a7c914fbb40e07a3aebfe59593c27","userid":"NangongXinyu","cnt_comment":"0","content":"早报 | 苹果 CEO 去年薪酬公布 / 数字人民币在上海试点 / 哔哩哔哩或将在香港二次上市 https://t.co/bKgbIN0bcN https://t.co/XgTpeiIyfQ","url":"https://twitter.com/NangongXinyu/status/1346655868864008193","username":"NangongXinyu"},{"relevant_topic_guid":"16dbedfc4fdeda6f09fd8716b4ad43b8","cnt_retweet":"0","publish_time":"20210106094509","page_action_type":"07","cnt_agree":"0","topic_guid":"16dbedfc4fdeda6f09fd8716b4ad43b8","userid":"BrianShih_SH","cnt_comment":"0","content":"数字人民币在上海同仁医院开展试点测试，一名医生用医院新办理的屏显卡式硬钱包，在员工餐厅的支付终端上完成了支付。 https://t.co/XowHVbDUIu","url":"https://twitter.com/BrianShih_SH/status/1346633876202868737","username":"吉檀伽利"},{"relevant_topic_guid":"7506fdcfb0d738044d3e7c407e464fc2","cnt_retweet":"1","publish_time":"20210106175856","page_action_type":"07","cnt_agree":"0","topic_guid":"7506fdcfb0d738044d3e7c407e464fc2","userid":"_o_x_0_","cnt_comment":"1","content":"刚接到银行通知，数字人民币红包中了200元，要我尽快去花掉。前几天才说这次福田区有180万登记抽10万个红包，18：1的比例估计中签机会很小，没想到就有红包的消息来了","url":"https://twitter.com/_o_x_0_/status/1346758138624581633","username":"*"},{"relevant_topic_guid":"399f0d020d824dd5532c803d2a18dfa2","cnt_retweet":"0","publish_time":"20210106171205","page_action_type":"07","cnt_agree":"0","topic_guid":"399f0d020d824dd5532c803d2a18dfa2","userid":"ChainNewscom","cnt_comment":"0","content":"【央行：稳妥开展数字人民币试点测试】链闻消息，2021 年中国人民银行工作会议召开，会议要求，稳妥开展数字人民币试点测试。推动国库高质量发展。深化征信在数字金融和经济治理中的应用。提高反洗钱调查和监测工作效率。 https://t.co/eo9nW786kd","url":"https://twitter.com/ChainNewscom/status/1346746350621380608","username":"链闻 ChainNews"},{"relevant_topic_guid":"08188d4bc41d247fab1b90c63de6799f","cnt_retweet":"0","publish_time":"20210106174305","page_action_type":"07","cnt_agree":"0","topic_guid":"08188d4bc41d247fab1b90c63de6799f","userid":"ChainNewscom","cnt_comment":"0","content":"【数字人民币「可视卡」可匿名可实名，可通过相关机具或手机充值】链闻消息，据财联社援引知情人士消息，数字人民币「可视卡」硬钱包可匿名也可实名。按照匿名或实名程度的不同，对相关钱包金额上限有不同要求。该硬钱包可在银行或相应机具及…… https://t.co/eKpXh4rTTt","url":"https://twitter.com/ChainNewscom/status/1346754151804510208","username":"链闻 ChainNews"},{"relevant_topic_guid":"e93d04fe18fd034ef9658f285b5672c2","cnt_retweet":"0","publish_time":"20210106010918","page_action_type":"07","cnt_agree":"0","topic_guid":"e93d04fe18fd034ef9658f285b5672c2","userid":"XiaoZhen0537","cnt_comment":"0","content":"数字人民币在上海试点使用，三主线关注产业链投资机会丨牛熊眼 https://t.co/bimGB9ghTl","url":"https://twitter.com/XiaoZhen0537/status/1346504055191957507","username":"每日头条 - 时事百科抢先看"},{"relevant_topic_guid":"81031ee65e513c76a86db747c6451ca0","cnt_retweet":"0","publish_time":"20210105230107","page_action_type":"07","cnt_agree":"0","topic_guid":"81031ee65e513c76a86db747c6451ca0","userid":"BlwvmJfMhBsLtdM","cnt_comment":"0","content":"@eagleofhouston @PDChinese 信用卡美国佬盯着：！用这个，发展好了，国外认可，比如伊朗，委瑞内拉，毛子！米帝干瞪眼。石油美国，至少四成变石油数字人民币了。","url":"https://twitter.com/BlwvmJfMhBsLtdM/status/1346471798540390405","username":"芯儿"},{"relevant_topic_guid":"4b59612dd1f08203c21159d1af3f1ba9","cnt_retweet":"0","publish_time":"20210106085721","page_action_type":"07","cnt_agree":"0","topic_guid":"4b59612dd1f08203c21159d1af3f1ba9","userid":"ifanr","cnt_comment":"0","content":"【早报 | 苹果 CEO 去年薪酬公布 / 数字人民币在上海试点 / 哔哩哔哩或将在香港二次上市】‍• 特斯拉车主以「全自动驾驶」横跨洛杉矶至旧金山 https://t.co/ZwFBrKML6B https://t.co/l88rj5GRpB","url":"https://twitter.com/ifanr/status/1346621845437464576","username":"ifanr.com 爱范儿"},{"relevant_topic_guid":"127c59e52bce2d08d19c96f41d22ad8b","cnt_retweet":"0","publish_time":"20210106122210","page_action_type":"07","cnt_agree":"0","topic_guid":"127c59e52bce2d08d19c96f41d22ad8b","userid":"ChainNewscom","cnt_comment":"0","content":"【王永利：数字人民币定位 M0 将发展受限，应归于 M1 或 M2】王永利认为，数字人民币不再是现金，理应在统计上将其归类到 M1、M2 之中。 https://t.co/r32xzFagbd","url":"https://twitter.com/ChainNewscom/status/1346673388635496455","username":"链闻 ChainNews"},{"relevant_topic_guid":"83e47d13a9cb0ef80325909b6cb1d941","cnt_retweet":"0","publish_time":"20210106111203","page_action_type":"07","cnt_agree":"0","topic_guid":"83e47d13a9cb0ef80325909b6cb1d941","userid":"beta7boo","cnt_comment":"0","content":"数字币应用-饭卡，牛x的数字人民币，尽然可以显示数字。 https://t.co/auFa6NO2hY","url":"https://twitter.com/beta7boo/status/1346655744075075584","username":"7boo"},{"relevant_topic_guid":"4e8683b32b9024aaf94d1a21a40d9dbf","cnt_retweet":"19","publish_time":"20210106095834","page_action_type":"07","cnt_agree":"139","topic_guid":"4e8683b32b9024aaf94d1a21a40d9dbf","userid":"XinhuaChinese","cnt_comment":"27","content":"数字人民币“硬钱包”来了！可视卡首亮相。本次试点是继深圳、苏州手机扫码、碰一碰支付之后，第一次实现脱离手机的可视卡式的硬钱包支付模式，这为运用智能终端困难的人群使用数字人民币、跨越数字鸿沟提供了可能。 https://t.co/L5u1a5Tudm","url":"https://twitter.com/XinhuaChinese/status/1346637250021392384","username":"New China 中文"},{"relevant_topic_guid":"1cd06fa3be744463a8b499f809fe9456","cnt_retweet":"0","publish_time":"20210106001707","page_action_type":"07","cnt_agree":"0","topic_guid":"1cd06fa3be744463a8b499f809fe9456","userid":"shangO_O2021","cnt_comment":"0","content":"数字人民币好处1发行成本低，省去印钞机和纸张费，节省财力2减少了假币的盛行，有利于降低通货膨胀，减少残币，以防重复造钱的浪费3监控钱的流向，及时追回赃款，减少犯罪4利于养老金等发放5无网状态也可用6能对抗美元霸权体系，通过数字人民币跳过美元结算7公共交通全国统一用数字人民币支付","url":"https://twitter.com/shangO_O2021/status/1346490925329960960","username":"憨憨丿浩‎・ࡇ・"},{"relevant_topic_guid":"18b508b51f0a8310474fe2260e24d66f","cnt_retweet":"0","publish_time":"20210106051135","page_action_type":"07","cnt_agree":"0","topic_guid":"18b508b51f0a8310474fe2260e24d66f","userid":"XiaoZhen0537","cnt_comment":"0","content":"脱离手机也能用！数字人民币可穿戴钱包、“硬钱包”相继亮相 https://t.co/107qahx7cA","url":"https://twitter.com/XiaoZhen0537/status/1346565030372847616","username":"每日头条 - 时事百科抢先看"},{"relevant_topic_guid":"a029fe4176ef7f47ab831e355d58c39c","cnt_retweet":"0","publish_time":"20210105222510","page_action_type":"07","cnt_agree":"0","topic_guid":"a029fe4176ef7f47ab831e355d58c39c","userid":"daily_article","cnt_comment":"0","content":"数字人民币在上海试点使用 https://t.co/4sKhNe7D5F https://t.co/oyISQQajkp","url":"https://twitter.com/daily_article/status/1346462751682670592","username":"華盛頓郵報中文"},{"relevant_topic_guid":"64341f72e86ab7258d5206668269cd54","cnt_retweet":"0","publish_time":"20210106234900","page_action_type":"07","cnt_agree":"2","topic_guid":"64341f72e86ab7258d5206668269cd54","userid":"wangfen56454009","cnt_comment":"0","content":"上海交通大学医学院附属同仁医院员工食堂，一位医生率先借助数字人民币可视卡硬钱包，实现点餐、消费、支付一站式体验。从外观上看，可视卡硬钱包为卡片形状，右上角有一个水墨屏窗口，可以清楚看到消费金额、卡片余额和支付次数。 https://t.co/ILY2vj758v","url":"https://twitter.com/wangfen56454009/status/1346846235718725634","username":"wangfeng"},{"relevant_topic_guid":"e4cb6aee76a1121039fe3caf25156889","cnt_retweet":"0","publish_time":"20210105214937","page_action_type":"07","cnt_agree":"2","topic_guid":"e4cb6aee76a1121039fe3caf25156889","userid":"lvv2com","cnt_comment":"0","content":"【上海试点使用数字人民币：“硬钱包”配水墨屏，实现脱离手机支付】数字人民币在上海同仁医院开展试点测试，一名医生用医院新办理的屏显卡式硬钱包，在员工餐厅的支付终端上完成了支付。 https://t.co/fD7PP0rs94","url":"https://twitter.com/lvv2com/status/1346453803789410314","username":"Lvv2.com"},{"relevant_topic_guid":"242e73b661f60d920905118371153f00","cnt_retweet":"0","publish_time":"20210105081234","page_action_type":"07","cnt_agree":"0","topic_guid":"242e73b661f60d920905118371153f00","userid":"InvestOnJapan","cnt_comment":"0","content":"数字人民币来了 - 新华网","url":"https://twitter.com/InvestOnJapan/status/1346248188311842825","username":"数字货币 視頻與新聞"},{"relevant_topic_guid":"ae42f935bfa6afe034ce0c90c1ad23fd","cnt_retweet":"0","publish_time":"20210104162109","page_action_type":"07","cnt_agree":"1","topic_guid":"ae42f935bfa6afe034ce0c90c1ad23fd","userid":"ChainNewscom","cnt_comment":"0","content":"【回顾 2020 CBDC 进展 ：中国开展多处试点，欧美日雷声大雨点小】数字人民币已在深圳、苏州等地展开试点，欧美地区民间探索更为激进。 https://t.co/SSZpTr2DQL","url":"https://twitter.com/ChainNewscom/status/1346008754530222080","username":"链闻 ChainNews"},{"relevant_topic_guid":"0d23d437b4c4163a0fe76eabeaca820a","cnt_retweet":"0","publish_time":"20210105211042","page_action_type":"07","cnt_agree":"1","topic_guid":"0d23d437b4c4163a0fe76eabeaca820a","userid":"zaihuame","cnt_comment":"0","content":"数字人民币在上海试点使用，首次实现脱离手机硬钱包支付模式1 月 5 日，在上海交通大学医学院附属同仁医院员工食堂，一位医生使用中国邮政储蓄银行提供的技术，率先借助数字人民币「硬钱包」，实现点餐、消费、支付一站式体验。via 郭德纲 相声","url":"https://twitter.com/zaihuame/status/1346444009418481664","username":"在花"},{"relevant_topic_guid":"70fe4328a54f40775577729c8d736804","cnt_retweet":"0","publish_time":"20210105173006","page_action_type":"07","cnt_agree":"0","topic_guid":"70fe4328a54f40775577729c8d736804","userid":"ChainNewscom","cnt_comment":"0","content":"【数字人民币在上海试点使用】链闻消息，据人民日报，在上海交通大学医学院附属同仁医院员工食堂，一位医生正在使用中国邮政储蓄银行提供的技术，率先借助数字人民币「硬钱包」，实现点餐、消费、支付一站式体验。 https://t.co/pimgqta6T8","url":"https://twitter.com/ChainNewscom/status/1346388496752193537","username":"链闻 ChainNews"},{"relevant_topic_guid":"7c91da599be4879306c07d9ae1d8dd47","cnt_retweet":"0","publish_time":"20201214202510","page_action_type":"07","cnt_agree":"0","topic_guid":"7c91da599be4879306c07d9ae1d8dd47","userid":"hermesstrategy","cnt_comment":"0","content":"数字人民币试点功能再升级 落地脚步加快 https://t.co/I6JGWDCHaH","url":"https://twitter.com/hermesstrategy/status/1338460019189276673","username":"Hermes strategygroup"},{"relevant_topic_guid":"3c51dca6146b6417fe5e6d903746892b","cnt_retweet":"0","publish_time":"20201230093157","page_action_type":"07","cnt_agree":"0","topic_guid":"3c51dca6146b6417fe5e6d903746892b","userid":"jun_bit","cnt_comment":"0","content":"明年还有 IPFS 和 Filecoin 的机会，加密市场的托管商会有一波上市潮。国内会全面启用数字人民币的使用。","url":"https://twitter.com/jun_bit/status/1344093835794604034","username":"币圈将军"},{"relevant_topic_guid":"5f6b4012e313e4ac62fbabf503ca986e","cnt_retweet":"0","publish_time":"20201215034554","page_action_type":"07","cnt_agree":"0","topic_guid":"5f6b4012e313e4ac62fbabf503ca986e","userid":"kilakila233","cnt_comment":"0","content":"中国观察309【苏州数字人民币红包正式上线】苏州双12数字人民币消费红包总额2000万元，单个金额200元，红包数量共计10万个。红包有效期从12月11日20时至12月27日24时，支持使用的商户有1万余家，其中苏州相城区5000余家。相比于深圳，本次测试有两大亮点：一是电商线上支付；二是双离线支付——36氪","url":"https://twitter.com/kilakila233/status/1338570933246824456","username":"kilakila"},{"relevant_topic_guid":"6c7b0399a8f5806b3c294741450016b0","cnt_retweet":"0","publish_time":"20210205205752","page_action_type":"08","cnt_agree":"0","topic_guid":"bb0b8f41e97fe67282f15227eb769e57","userid":"CPC19210701","cnt_comment":"0","content":"@VOAChinese 数字人民币是干掉美元霸权的一把利剑，颤抖吧","url":"https://twitter.com/CPC19210701/status/1357674803629486082","username":"深海局局座"},{"relevant_topic_guid":"6c7b0399a8f5806b3c294741450016b0","cnt_retweet":"0","publish_time":"20210205103456","page_action_type":"08","cnt_agree":"1","topic_guid":"3e162d8acb32c7b15326545022498cbf","userid":"wanhongdu","cnt_comment":"0","content":"@VOAChinese 早晚会有那么一天，美元霸权被数字人民币取代。","url":"https://twitter.com/wanhongdu/status/1357518040246620161","username":"Wanhong"},{"relevant_topic_guid":"7a0047920aec523cf5f421195098a155","cnt_retweet":"0","publish_time":"20210203121307","page_action_type":"08","cnt_agree":"0","topic_guid":"458e32c0383646ee2e0c230e92d3f734","userid":"hudandan3","cnt_comment":"0","content":"@libijian2 我还在想数字人民币什么时候全面发行哦","url":"https://twitter.com/hudandan3/status/1356817971344068608","username":"胡丹丹 Hu Dandan"},{"relevant_topic_guid":"55f727b0b69ab2d28d4d0121b1d9cbfe","cnt_retweet":"0","publish_time":"20210204230103","page_action_type":"08","cnt_agree":"9","topic_guid":"d0f3acb0d568df8553fdae203776ace6","userid":"miduobiduo","cnt_comment":"1","content":"@caijingxiang 挑战美元？想多了。数字人民币最大的作用是看住奴才们的钱，想收走随时收走。法币都是废纸，数字法币一样是废纸。现在还幻想主权信用背书的都是傻瓜。","url":"https://twitter.com/miduobiduo/status/1357343416800092170","username":"米多币多"},{"relevant_topic_guid":"42ce8b039ec10aac048944c57362bb5f","cnt_retweet":"0","publish_time":"20210202195319","page_action_type":"08","cnt_agree":"1","topic_guid":"553740e16f28adcdfddca5e962c5112e","userid":"qxyunn233","cnt_comment":"0","content":"@sanzhao41 墙国人在这种事事情上不傻，至于这些年吹嘘的数字人民币，我又感觉到一种眼高、嘴快、手活不行的即视感。","url":"https://twitter.com/qxyunn233/status/1356571396269170688","username":"qunx"},{"relevant_topic_guid":"781a2cb597402db160361553a81327d0","cnt_retweet":"0","publish_time":"20210203094940","page_action_type":"08","cnt_agree":"0","topic_guid":"c56e71f88f183c7aaf8d500df3616687","userid":"Vincent_Kyobh","cnt_comment":"0","content":"@sanzhao41 食堂饭卡不就是数字人民币么*","url":"https://twitter.com/Vincent_Kyobh/status/1356781870214639617","username":"猫耳朵@歴史記憶について呟く"},{"relevant_topic_guid":"8b46040b05c9f40c27eb24a23c1f9d07","cnt_retweet":"0","publish_time":"20210202050335","page_action_type":"08","cnt_agree":"1","topic_guid":"2d0994d656a4c8c3dfdebaef66b633b5","userid":"20190125huang","cnt_comment":"0","content":"@southam72439772 数字人民币不是中共为了更好的监督中国人的钱和管控消费吗?中共对于自己有利的事，做的飞快，对自己不利的，就各种拖，","url":"https://twitter.com/20190125huang/status/1356347489041829888","username":"K"},{"relevant_topic_guid":"088c1e07a0ca7cbc8305715c1de32f55","cnt_retweet":"1","publish_time":"20210205194923","page_action_type":"07","cnt_agree":"4","topic_guid":"088c1e07a0ca7cbc8305715c1de32f55","userid":"abskoop","cnt_comment":"1","content":"看到药店都便利店都支持数字人民币了我还没有用过**试试数字人民币app不给截图并且app背景全部是用账号信息做水印 https://t.co/TEfbC9bV8M","url":"https://twitter.com/abskoop/status/1357657571323039746","username":"ahhhhfs"},{"relevant_topic_guid":"35ba85395cef5a369859b514cf1d4b98","cnt_retweet":"2","publish_time":"20210205133805","page_action_type":"07","cnt_agree":"5","topic_guid":"35ba85395cef5a369859b514cf1d4b98","userid":"MingJingNews","cnt_comment":"0","content":"数字人民币成监控新招，专家：中共让你有钱不能花；少先队出征港澳台传红基因；林郑急立功，强推立法逼区议员效忠；香港拒加拿大探监：不认双国籍；三名中国人尼日利亚遭绑 | 中国新闻01（20210205） https://t.co/QvZJ46mJ05 https://t.co/lNdyX8gOjH","url":"https://twitter.com/MingJingNews/status/1357564127682514945","username":"明鏡新聞網"},{"relevant_topic_guid":"a233d49eea078b90b21c7fe56480e332","cnt_retweet":"0","publish_time":"20210205151341","page_action_type":"07","cnt_agree":"0","topic_guid":"a233d49eea078b90b21c7fe56480e332","userid":"TimednewsC","cnt_comment":"0","content":"【北京再次行动 着眼人民币国际化 减少对美元依赖】现阶段还不清楚SWIFT与中国人民银行下属的数字货币研究所，以及中国国家清算中心之间的合资企业范围，但分析人士表示，数字人民币的发展，有助于促进其在国际上的应用 https://t.co/JXQlr9tKgy https://t.co/d3eK24X0X2","url":"https://twitter.com/TimednewsC/status/1357588187451850758","username":"TimedNews.com"},{"relevant_topic_guid":"94f42773b324bc4c4e8b2c3dcba2e5da","cnt_retweet":"0","publish_time":"20210205115455","page_action_type":"07","cnt_agree":"1","topic_guid":"94f42773b324bc4c4e8b2c3dcba2e5da","userid":"QuanQiuLianBao","cnt_comment":"0","content":"人民币数字化成北京监控新招，专家：中共让你有钱不能花。#数字人民币 #中共 https://t.co/J3q9a4ylZQ https://t.co/eJ5cAkiHjk","url":"https://twitter.com/QuanQiuLianBao/status/1357538167629500416","username":"全球新闻连报"},{"relevant_topic_guid":"d04a7d196930e691d56e0a744409096d","cnt_retweet":"0","publish_time":"20210205071225","page_action_type":"07","cnt_agree":"0","topic_guid":"d04a7d196930e691d56e0a744409096d","userid":"InvestOnJapan","cnt_comment":"0","content":"数字人民币优化我国货币支付体系|数字货币|数字人民币|数字经济_新浪科技_新浪网 - 新浪网","url":"https://twitter.com/InvestOnJapan/status/1357467074445066241","username":"数字货币 視頻與新聞"},{"relevant_topic_guid":"725c34c117d9825762c941fa4e3c8e10","cnt_retweet":"0","publish_time":"20210205111228","page_action_type":"07","cnt_agree":"0","topic_guid":"725c34c117d9825762c941fa4e3c8e10","userid":"InvestOnJapan","cnt_comment":"0","content":"数字人民币优化我国货币支付体系 - 光明网","url":"https://twitter.com/InvestOnJapan/status/1357527481985732609","username":"数字货币 視頻與新聞"},{"relevant_topic_guid":"ef28202b0ad7bd4548b5f5b3cc355447","cnt_retweet":"79","publish_time":"20210205132544","page_action_type":"07","cnt_agree":"162","topic_guid":"ef28202b0ad7bd4548b5f5b3cc355447","userid":"caijingxiang","cnt_comment":"22","content":"新成立的数字人民币结算处理公司—金融网关，swift股权为55%，是最大的股东，中共央行清算中心为第二大股东，占比为34%；央行数字研究所占为3%；swift表面上看为大股东，但真正的话语权还是在中共央行手里，这样的结构是中共推进数字人民币国际化进行利益勾兑的结果！点击 https://t.co/e0Mv1r58JJ https://t.co/roEv6wmqFt","url":"https://twitter.com/caijingxiang/status/1357561022949642241","username":"财经真相"},{"relevant_topic_guid":"2d699aa01ceaa66f8a6509ef5ddee1fa","cnt_retweet":"0","publish_time":"20210204162147","page_action_type":"07","cnt_agree":"13","topic_guid":"2d699aa01ceaa66f8a6509ef5ddee1fa","userid":"Dinastiachip","cnt_comment":"1","content":"Para popularizar poco a poco el yuan digital, el e-RMB (数字人民币), China tiene varios programas piloto en los que una ciudad reparte dinero mediante lotería. Chengdu lo va a hacer por primera vez. Repartirá entre los ciudadanos 7,7 millones de dólares en esta moneda digital. https://t.co/S1ZTITBLsv","url":"https://twitter.com/Dinastiachip/status/1357242937168416769","username":"Dinastía Chip"},{"relevant_topic_guid":"d768bac84aa474963bcf851a39ebe946","cnt_retweet":"0","publish_time":"20210205043431","page_action_type":"07","cnt_agree":"14","topic_guid":"d768bac84aa474963bcf851a39ebe946","userid":"Hoyooyoo","cnt_comment":"2","content":"#秋生黄金 聊聊基本面：为什么多头有理由继续看涨黄金？1、1.9万亿美元方案预期还在2、刺激方案落地，大大利空美股3、美国单方面控制不了黄金走势2021的推演：1、美股下跌、美元指数上升2、贵金属企稳上涨，发挥避险属性3、大宗商品和农产品爆涨4、中国数字人民币上场5、台海战争爆发","url":"https://twitter.com/Hoyooyoo/status/1357427334635163648","username":"秋生"},{"relevant_topic_guid":"9e36beea121dc75bb3093a6730cc1ee0","cnt_retweet":"1","publish_time":"20201229144349","page_action_type":"07","cnt_agree":"1","topic_guid":"9e36beea121dc75bb3093a6730cc1ee0","userid":"FootprintsFox","cnt_comment":"0","content":"【#北京首个央行数字货币应用场景落户丰台# #北京能用数字货币了#】北京市首个央行数字货币应用场景在丰台丽泽落地啦！今天上午，丽泽桥西的金唐大厦，一家名为漫猫咖啡的咖啡店内启动了数字人民币应用场景测试，获得授权的消费者已经可以用数字人民币钱包支付购买各类商品了。 https://t.co/KDhLJslOtI","url":"https://twitter.com/FootprintsFox/status/1343809934002069504","username":"狐狸的脚印*"},{"relevant_topic_guid":"c01bcdd5adeaa04c69c9719ce8c34fb1","cnt_retweet":"0","publish_time":"20201229132134","page_action_type":"07","cnt_agree":"7","topic_guid":"c01bcdd5adeaa04c69c9719ce8c34fb1","userid":"NalaGinrut","cnt_comment":"3","content":"过两天马云没事了，又领导起数字人民币推广了，看那些人又怎么说咯","url":"https://twitter.com/NalaGinrut/status/1343789233744572416","username":"卖内裤的大叔"},{"relevant_topic_guid":"e5d972f0f2d356e640e58b90bb785bcc","cnt_retweet":"0","publish_time":"20201213192628","page_action_type":"07","cnt_agree":"1","topic_guid":"e5d972f0f2d356e640e58b90bb785bcc","userid":"infoqchina","cnt_comment":"0","content":"区块链周报：数字人民币首笔电商消费产生；王兴：加密货币可能是人类历史上最大的财富转移；东南亚最大银行推出数字交易所  https://t.co/ZuIrvGXRrS https://t.co/ZPnpafMaG6","url":"https://twitter.com/infoqchina/status/1338082856908718080","username":"InfoQ中国"},{"relevant_topic_guid":"30cf61a7750292f424978c9032a55855","cnt_retweet":"0","publish_time":"20201230141509","page_action_type":"07","cnt_agree":"0","topic_guid":"30cf61a7750292f424978c9032a55855","userid":"ChainNewscom","cnt_comment":"0","content":"【一国有大行在沪面向特定客户提供数字人民币钱包开户】链闻消息，据每日经济新闻报道，某国有大行近期在上海面向部分特定客户提供数字人民币钱包开户。知情人士称，此举重在开户体验，目前暂未有相关使用场景落地。该行此次提供的数字人民币…… https://t.co/rxNbHdY7Vo","url":"https://twitter.com/ChainNewscom/status/1344165105416736770","username":"链闻 ChainNews"},{"relevant_topic_guid":"cc1a85c156d005524e7ffec263e29233","cnt_retweet":"0","publish_time":"20201229140612","page_action_type":"07","cnt_agree":"0","topic_guid":"cc1a85c156d005524e7ffec263e29233","userid":"ChainNewscom","cnt_comment":"0","content":"【「双 12 苏州购物节」数字人民币消费红包试点结束，已消费红包金额占总发放金额的近 95%】链闻消息，据苏州发布，「双 12 苏州购物节」数字人民币消费红包试点活动正式结束。截至 12 月 27 日 24 时，中签市民已领…… https://t.co/MQiB3YaOrz","url":"https://twitter.com/ChainNewscom/status/1343800467864891392","username":"链闻 ChainNews"},{"relevant_topic_guid":"2ea9c2845acdf9166082ba5aea4ad896","cnt_retweet":"4","publish_time":"20201229100653","page_action_type":"07","cnt_agree":"12","topic_guid":"2ea9c2845acdf9166082ba5aea4ad896","userid":"wongkim728","cnt_comment":"1","content":"2020年12月26日，人民银行等金融管理部门联合约谈了蚂蚁集团。本期节目分析人民银行针对蚂蚁集团的表态，结论是马云的处境出现了转机，本期节目分析形成转机的原因和背景。另外，本期节目报告数字人民币的进展，预期数字人民币面世的几个关键时间节点。https://t.co/DGEdcl81Ur","url":"https://twitter.com/wongkim728/status/1343740240859717640","username":"王剑 Wong Kim"},{"relevant_topic_guid":"d3e52d6e0a82ad2a6138f3656ebdfd4e","cnt_retweet":"4","publish_time":"20201229062339","page_action_type":"07","cnt_agree":"6","topic_guid":"d3e52d6e0a82ad2a6138f3656ebdfd4e","userid":"SoundOfHope_SOH","cnt_comment":"0","content":"【数字人民币在中国苏州结束测试】继2020年10月上旬在深圳首次测试数字人民币之后，12月12日， #中共央行 在 #苏州 进行了 #第二次数字人民币测试，并在27日结束。此次测试除了网上商店支付测试，还测试了离线支付功能https://t.co/qt9WbkSBDd https://t.co/YdUZJRwvOl","url":"https://twitter.com/SoundOfHope_SOH/status/1343684062754574336","username":"希望之聲 - 中國時局"},{"relevant_topic_guid":"13de4aff3421a305ec1da0f4109d7d00","cnt_retweet":"0","publish_time":"20201229011029","page_action_type":"07","cnt_agree":"0","topic_guid":"13de4aff3421a305ec1da0f4109d7d00","userid":"NuevoMundoPE","cnt_comment":"0","content":"美媒：苏州试点数字人民币，“太奇妙了” https://t.co/UDhDRQreEt https://t.co/7Aza9z7LbT","url":"https://twitter.com/NuevoMundoPE/status/1343605250121486337","username":"Diario Nuevo Mundo"},{"relevant_topic_guid":"76a216739d4a6b47d4b976ba16d99077","cnt_retweet":"0","publish_time":"20201230083814","page_action_type":"07","cnt_agree":"0","topic_guid":"76a216739d4a6b47d4b976ba16d99077","userid":"ifanr","cnt_comment":"0","content":"【早报 | 新 AirPods Pro 或将有两个尺寸 / 美团遭遇反垄断诉讼 / 波音 737 MAX 完成复飞后首次商业飞行】‍• 美国基因编辑猪获批上市，对肉类过敏人群可食用• 苏州数字人民币红包总消费金额为 1896 万元 https://t.co/3jDdFkMVT7 https://t.co/QlepbVkrnr","url":"https://twitter.com/ifanr/status/1344080318156849153","username":"ifanr.com 爱范儿"},{"relevant_topic_guid":"86f35121c7c31edb54bb09b161c0d7af","cnt_retweet":"0","publish_time":"20201213234311","page_action_type":"07","cnt_agree":"0","topic_guid":"86f35121c7c31edb54bb09b161c0d7af","userid":"8worldnews","cnt_comment":"0","content":"【视频】继10月在中国深圳试行数字人民币红包之后，苏州市也展开数字人民币体验计划。当局发放了总计2000万元数字人民币红包，让部分民众率先体验电子货币的便利。https://t.co/oUjehGvzzj https://t.co/wVpNSsYiqb","url":"https://twitter.com/8worldnews/status/1338147462033203207","username":"8world News 8视界新闻"},{"relevant_topic_guid":"f5fa282aa8cf528e45fa8123afd5b724","cnt_retweet":"0","publish_time":"20201228114504","page_action_type":"07","cnt_agree":"0","topic_guid":"f5fa282aa8cf528e45fa8123afd5b724","userid":"MM39901268","cnt_comment":"0","content":"的确有此因素。同时如何利用蚂蚁窝来将来拓展数字人民币会是一个渠道。","url":"https://twitter.com/MM39901268/status/1343402562175660035","username":"缠缠PP"},{"relevant_topic_guid":"481f2c884661461b54e1997a1186d05d","cnt_retweet":"0","publish_time":"20201228174132","page_action_type":"07","cnt_agree":"0","topic_guid":"481f2c884661461b54e1997a1186d05d","userid":"godfroykone","cnt_comment":"0","content":"* Can the digital yuan dethrone WeChat Pay and AliPay in China?* 数字人民币能否在中国取代微信支付和支付宝？* Le yuan numérique peut-il détrôner WeChat Pay et AliPay en Chine ? https://t.co/H1YrYp9aqg via @siecledigital","url":"https://twitter.com/godfroykone/status/1343492268188184581","username":"GODFROY KONE"},{"relevant_topic_guid":"6ada1230783ae59d0da5b36e977654dd","cnt_retweet":"2","publish_time":"20201228120435","page_action_type":"07","cnt_agree":"5","topic_guid":"6ada1230783ae59d0da5b36e977654dd","userid":"JChengWSJ","cnt_comment":"1","content":"中国结束第二次数字人民币试点: 中国央行周日结束了第二次数字人民币试点，意味着该行可能接近正式推出该货币，这有望使中国成为全球首个引入此类系统的主要经济体。@yifanxie @TByGraceZhuhttps://t.co/tMKdqJ5GeB","url":"https://twitter.com/JChengWSJ/status/1343407471121952774","username":"Jonathan Cheng"},{"relevant_topic_guid":"e857f473046dcba13bd15f5eacad58f0","cnt_retweet":"63","publish_time":"20201227084747","page_action_type":"07","cnt_agree":"106","topic_guid":"e857f473046dcba13bd15f5eacad58f0","userid":"aliah0031","cnt_comment":"1","content":"12/26/2020 墨博士解读新闻：中共新闻1.澎湃网12月21日专题报道数字货币的优越性，为中共即将全面实行的数字人民币散播舆论；美国新闻5. 蓬佩奥称12港人只为逃避暴政应立即释放 港府回应表示强烈不满;疫情和其他新闻9. 中共国疫苗「成功」幕后的乱象和争议https://t.co/NVPlYQgedw","url":"https://twitter.com/aliah0031/status/1342995557615161344","username":"艾丽"},{"relevant_topic_guid":"b7dbbe5802d9fd75b9089d1c0c885e75","cnt_retweet":"0","publish_time":"20201226000336","page_action_type":"07","cnt_agree":"0","topic_guid":"b7dbbe5802d9fd75b9089d1c0c885e75","userid":"bc012345678","cnt_comment":"0","content":"数字人民币","url":"https://twitter.com/bc012345678/status/1342501254270910464","username":"bekki"},{"relevant_topic_guid":"6f553be1708145c7246267610381b2a2","cnt_retweet":"0","publish_time":"20201228082154","page_action_type":"07","cnt_agree":"0","topic_guid":"6f553be1708145c7246267610381b2a2","userid":"CausMoney","cnt_comment":"0","content":"中国结束数字人民币苏州试点，商家无手续费和不需联网成最大卖点，可服务于追踪洗钱https://t.co/yJtpVRIIin https://t.co/iHAuR6p7qI","url":"https://twitter.com/CausMoney/status/1343351433723322368","username":"加美财经"},{"relevant_topic_guid":"ca1c357a619bc48d5c2c8bce8db2f7a0","cnt_retweet":"1","publish_time":"20201228162343","page_action_type":"07","cnt_agree":"1","topic_guid":"ca1c357a619bc48d5c2c8bce8db2f7a0","userid":"xujie950331","cnt_comment":"0","content":"外储减外债2020年一季度跌破万亿；二季度持续稳定下跌、三季度再创新低！这还是在经济数据复苏，管控强化的情况下；慢半拍第1766期----习近平内控乏力、数字人民币加速的背景：外储减外债2020年一季度跌破万亿、二季度持续稳定下跌、三季度跌破8500亿，再创新低！https://t.co/aOK0OZw7DT","url":"https://twitter.com/xujie950331/status/1343472686052368385","username":"徐杰慢半拍"},{"relevant_topic_guid":"2c1fbc34a13a9fb197907e791dc3bd5d","cnt_retweet":"0","publish_time":"20201224185011","page_action_type":"07","cnt_agree":"0","topic_guid":"2c1fbc34a13a9fb197907e791dc3bd5d","userid":"ChainNewscom","cnt_comment":"0","content":"【全面解析数字人民币进展：深圳与苏州两次试点有何不同？】数字人民币今年开始在深圳、苏州、雄安、成都推进试点，并在 2022 年冬奥会试点后再考虑正式推出。 https://t.co/58cNo9is51","url":"https://twitter.com/ChainNewscom/status/1342059993881841666","username":"链闻 ChainNews"},{"relevant_topic_guid":"6a275d78a5708fb26a80d214dedb48e9","cnt_retweet":"0","publish_time":"20201224213305","page_action_type":"07","cnt_agree":"0","topic_guid":"6a275d78a5708fb26a80d214dedb48e9","userid":"ChainNewscom","cnt_comment":"0","content":"【数据：截至 2020 年 8 月底，数字人民币全国落地试点场景已超 6700 个】链闻消息，据第一财经报道，截至 2020 年 8 月底，数字人民币在全国共落地试点场景 6700 多个，覆盖生活缴费、餐饮服务、交通出行、购…… https://t.co/tO70zXQ8mt","url":"https://twitter.com/ChainNewscom/status/1342100989441175555","username":"链闻 ChainNews"},{"relevant_topic_guid":"027372c40449677aca51ed49072aa0ce","cnt_retweet":"0","publish_time":"20201224182610","page_action_type":"07","cnt_agree":"0","topic_guid":"027372c40449677aca51ed49072aa0ce","userid":"ChainNewscom","cnt_comment":"0","content":"【全国首张数字人民币保单于 12 月 15 日成功出单】链闻消息，据中国金融新闻网报道，全国首张使用数字人民币支付的保单成功出单，由众安保险 APP 提供。众安保险自 11 月与中国建设银行启动数字人民币在保险线上场景应用的…… https://t.co/ZcTSIqb7Jd","url":"https://twitter.com/ChainNewscom/status/1342053951580082176","username":"链闻 ChainNews"},{"relevant_topic_guid":"6825841cea351fb2372079415c4b5df9","cnt_retweet":"0","publish_time":"20201222101226","page_action_type":"07","cnt_agree":"0","topic_guid":"6825841cea351fb2372079415c4b5df9","userid":"InvestOnJapan","cnt_comment":"0","content":"各类数字货币群雄逐鹿数字人民币呼之欲出 - 新浪网","url":"https://twitter.com/InvestOnJapan/status/1341204920624685057","username":"数字货币 視頻與新聞"},{"relevant_topic_guid":"2371ccf1aae3908e37530ba44e957706","cnt_retweet":"0","publish_time":"20201222220236","page_action_type":"07","cnt_agree":"1","topic_guid":"2371ccf1aae3908e37530ba44e957706","userid":"ryxtony","cnt_comment":"0","content":"#PLUSTOKEN #DCEP PLUS TOKEN_穆长春~数字人民币解读培训会议https://t.co/PSNhBigGh1","url":"https://twitter.com/ryxtony/status/1341383640815710211","username":"美国恩典与希望留学饶博士"},{"relevant_topic_guid":"bfc26625cb77aeba9e12d5037d7d4760","cnt_retweet":"0","publish_time":"20201221091222","page_action_type":"07","cnt_agree":"0","topic_guid":"bfc26625cb77aeba9e12d5037d7d4760","userid":"InvestOnJapan","cnt_comment":"0","content":"数字人民币手册：各类数字货币群雄逐鹿数字人民币呼之欲出 - 新浪网","url":"https://twitter.com/InvestOnJapan/status/1340827418517450753","username":"数字货币 視頻與新聞"},{"relevant_topic_guid":"298819410134a0656879f92bbc860490","cnt_retweet":"0","publish_time":"20201218114547","page_action_type":"07","cnt_agree":"0","topic_guid":"298819410134a0656879f92bbc860490","userid":"shajiabiji","cnt_comment":"0","content":"沃尔玛支持数字人民币支付了","url":"https://twitter.com/shajiabiji/status/1339778862939398144","username":"Sha Jia"},{"relevant_topic_guid":"d76cde776ba9ad4afa6c67d363e5aa23","cnt_retweet":"0","publish_time":"20201221083906","page_action_type":"07","cnt_agree":"0","topic_guid":"d76cde776ba9ad4afa6c67d363e5aa23","userid":"nyau_maomao","cnt_comment":"0","content":"数字人民币首次面向公众测试 深圳发出1,000万元“数字人民币红包” https://t.co/ZdCoQk59kv","url":"https://twitter.com/nyau_maomao/status/1340819048079138816","username":"Klaus Lochinber"},{"relevant_topic_guid":"d6ed73660ca16af556f551bad3caed5c","cnt_retweet":"0","publish_time":"20201216142908","page_action_type":"07","cnt_agree":"0","topic_guid":"d6ed73660ca16af556f551bad3caed5c","userid":"ChainNewscom","cnt_comment":"0","content":"【区块链应用乘风破浪的 2020：DeFi、NFT、CBDC 与 Diem】数字人民币不断扩大试点，DeFi 领域 AMM 兴起，Diem 最早于明年 1 月推出，NFT 基础设施在持续完善。 https://t.co/OBVzPN0Jm5","url":"https://twitter.com/ChainNewscom/status/1339095195795787778","username":"链闻 ChainNews"},{"relevant_topic_guid":"39a8aabc84faee34fe6bd2a1706451fd","cnt_retweet":"0","publish_time":"20201218191308","page_action_type":"07","cnt_agree":"1","topic_guid":"39a8aabc84faee34fe6bd2a1706451fd","userid":"ChainNewscom","cnt_comment":"0","content":"【苏州数字人民币试点进行时，梳理 4 个支付场景】苏州数字人民币红包测试涉及双离线支付、线下支付、线上支付和货到付款这些应用场景。 https://t.co/XRld8ceamm","url":"https://twitter.com/ChainNewscom/status/1339891441607340033","username":"链闻 ChainNews"},{"relevant_topic_guid":"e2b9c8c63880653aaa98d98daa0898ae","cnt_retweet":"0","publish_time":"20201216202119","page_action_type":"07","cnt_agree":"0","topic_guid":"e2b9c8c63880653aaa98d98daa0898ae","userid":"ChainNewscom","cnt_comment":"0","content":"【数字人民币入选「2020 年度中国媒体十大新词语」】链闻消息，国家语言资源监测与研究中心发布「2020 年度中国媒体十大新词语」，依次是：复工复产、新冠疫情、无症状感染者、方舱医院、健康码、数字人民币、服贸会、双循环、天问…… https://t.co/kQvnpqNx8y","url":"https://twitter.com/ChainNewscom/status/1339183825520390144","username":"链闻 ChainNews"},{"relevant_topic_guid":"4ced29868147c2527a5101e9f396d4f6","cnt_retweet":"0","publish_time":"20201219124027","page_action_type":"07","cnt_agree":"8","topic_guid":"4ced29868147c2527a5101e9f396d4f6","userid":"Nobel_Chow","cnt_comment":"3","content":"第一次遇到收数字人民币的 https://t.co/2JFHWoIBc1","url":"https://twitter.com/Nobel_Chow/status/1340155009556606978","username":"Nobel Chow"},{"relevant_topic_guid":"c9859d4c8ef39ad6b5e2620ce9f61f67","cnt_retweet":"0","publish_time":"20201218010038","page_action_type":"07","cnt_agree":"0","topic_guid":"c9859d4c8ef39ad6b5e2620ce9f61f67","userid":"Howard34978173","cnt_comment":"1","content":"DCEP最应该解决的是支付工具的问题，而不是把关注的重点放在监管支付宝和卡住清洁算的问题上。现在的实体银行卡是“存钱罐”，支付宝才是“钱包”。通过DCEP解决支付工具问题，用户是发卡行的，这样才能激发市场活力。指望所有用户用数字人民币钱包替代支付宝，是既贪婪又蠢的想法。","url":"https://twitter.com/Howard34978173/status/1339616505147707392","username":"Howard"},{"relevant_topic_guid":"c9859d4c8ef39ad6b5e2620ce9f61f67","cnt_retweet":"0","publish_time":"20201218023028","page_action_type":"08","cnt_agree":"0","topic_guid":"e84ad601009fe700643dde935184bbd1","userid":"pmbian","cnt_comment":"0","content":"@Howard34978173 没任何价值","url":"https://twitter.com/pmbian/status/1339639111733424130","username":"bian"}]