[{"relevant_topic_guid":"08a6c07cae498b0e16c90497b1965ced","cnt_retweet":"0","publish_time":"20210910131408","page_action_type":"07","cnt_agree":"1","topic_guid":"08a6c07cae498b0e16c90497b1965ced","userid":"1646051850","cnt_comment":"0","content":"#数字货币不能照搬纸币去要求#【范一飞谈数字货币：既不完全按照账户去管理 也不能照搬纸币去要求】9月10日，2021中国（北京）数字金融论坛上，中国人民银行副行长范一飞表示，中国的数字人民币取得了阶段性成果。同时，一些问题亟待解决。比如数字人民币规则制度有待完善、受理环境有待优化、支付体系有待健全等。下一步，央行将坚持开放包容原则，从供需两方面发力，组织持续优化数字人民币底层业务能力和基础技术平台，积极对外赋能，共同打造数字人民币生态体系。 在规则制定方面，以中心化管理、统一认知、实现防伪为前提，充分发挥数字人民币结算效率高、隐私保护强等优势，既不能完全按照账户去管理，也不能照搬纸币去要求，该打破的要打破，该约束的要约束。在技术实现方面，发挥好指定运营机构各自优势和专业经验，持续开展技术迭代保持整体先进性，充分利用现有金融基础设施，支持与传统电子支付系统间交互，推动不同运营机构钱包间、数字人民币钱包与银行账户间的互联互通，实现安全与便捷的统一。在生态建设方面，坚持双层运营体系，研究既能激发创新活力又能提升服务质效的长效机制，营造激励相容、公平公正的市场环境，充分发挥参与各方的积极性和创造性，探索产业主体共同参与、竞争选优的可持续发展模式，满足更广泛用户群体和不同场景需求，提升数字人民币普惠性和可得性。","url":"https://m.weibo.cn/status/4679867608075161","username":"新京报贝壳财经"},{"relevant_topic_guid":"7426816d13dbbe211751ec48fa51ce21","cnt_retweet":"0","publish_time":"20210910124701","page_action_type":"07","cnt_agree":"0","topic_guid":"7426816d13dbbe211751ec48fa51ce21","userid":"6514230740","cnt_comment":"0","content":"在美团看到数字人民币，点进去然后下载了APP，然后总共得了19，这怎么用啊","url":"https://m.weibo.cn/status/4679860784726773","username":"岁月长衣裳薄___"},{"relevant_topic_guid":"c4655eac37293a25d8930f37fcd1bd36","cnt_retweet":"1","publish_time":"20210910131319","page_action_type":"07","cnt_agree":"0","topic_guid":"c4655eac37293a25d8930f37fcd1bd36","userid":"5051077448","cnt_comment":"0","content":"实时播报：【范一飞谈数字货币：既不完全按照账户去管理也不能照搬纸币去要求】在今日举办的2021中国（北京）数字金融论坛上，中国人民银行副行长范一飞表示，下一步，央行将坚持开放包容原则，从供需两方面发力，组织持续优化数字人民币底层业务能力和基础技术平台，积极对外赋能，共同打造数字人民币生态体系。在规则制定方面，以中心化管理、统一认知、实现防伪为前提，充分发挥数字人民币结算效率高、隐私保护强等优势，既不能完全按照账户去管理，也不能照搬纸币去要求，该打破的要打破，该约束的要约束。（新京报）","url":"https://m.weibo.cn/status/4679867407007828","username":"快兰斯24小时财经直播"},{"relevant_topic_guid":"708f42d42c1b11dd34ec129ab5abd779","cnt_retweet":"0","publish_time":"20210910131402","page_action_type":"07","cnt_agree":"0","topic_guid":"708f42d42c1b11dd34ec129ab5abd779","userid":"6788499283","cnt_comment":"0","content":"【范一飞：推动不同运营机构钱包间、数字人民币钱包与银行账户间的互联互通】在今日举办的2021中国（北京）数字金融论坛上，中国人民银行副行长范一飞表示，在技术实现方面，发挥好指定运营机构各自优势和专业经验，持续开展技术迭代保持整体先进性，充分利用现有金融基础设施，支持与传统电子支付系统间交互，推动不同运营机构钱包间、数字人民币钱包与银行账户间的互联互通，实现安全与便捷的统一。（新京报） 网页链接","url":"https://m.weibo.cn/status/4679867583433157","username":"微博财经7X24小时"},{"relevant_topic_guid":"27b2122a494144bfb463b8e976654b56","cnt_retweet":"0","publish_time":"20210910131302","page_action_type":"07","cnt_agree":"0","topic_guid":"27b2122a494144bfb463b8e976654b56","userid":"6788499283","cnt_comment":"0","content":"【范一飞谈数字货币：既不完全按照账户去管理也不能照搬纸币去要求】在今日举办的2021中国（北京）数字金融论坛上，中国人民银行副行长范一飞表示，下一步，央行将坚持开放包容原则，从供需两方面发力，组织持续优化数字人民币底层业务能力和基础技术平台，积极对外赋能，共同打造数字人民币生态体系。在规则制定方面，以中心化管理、统一认知、实现防伪为前提，充分发挥数字人民币结算效率高、隐私保护强等优势，既不能完全按照账户去管理，也不能照搬纸币去要求，该打破的要打破，该约束的要约束。（新京报） 网页链接","url":"https://m.weibo.cn/status/4679867330727348","username":"微博财经7X24小时"},{"relevant_topic_guid":"df6eb91586d16ccc575536f9bdcd22d1","cnt_retweet":"0","publish_time":"20210910122739","page_action_type":"07","cnt_agree":"0","topic_guid":"df6eb91586d16ccc575536f9bdcd22d1","userid":"1655611550","cnt_comment":"0","content":"【深圳：拟创新彩票销售管理 开发数字人民币有关彩票购买支付及小奖兑付方式】深圳市民政局日前发布《深圳市民政事业发展“十四五”规划（征求意见稿）》。意见提出，拟创新彩票销售管理。推进中间业务平台建设并加快接入广东省统一身份认证平台，推进采用智能网络系统建设，实现定向数据存证与公证、数据统计分析、可自动追溯的深圳责任彩票联盟链。创新应用区块链技术服务彩民回馈抽奖活动，开发数字人民币有关彩票购买支付及小奖兑付方式。","url":"https://m.weibo.cn/status/4679855909898844","username":"投行事儿哥"},{"relevant_topic_guid":"808b87e013f9bbaa369fb41fdc56492d","cnt_retweet":"0","publish_time":"20210910123503","page_action_type":"07","cnt_agree":"0","topic_guid":"808b87e013f9bbaa369fb41fdc56492d","userid":"3241571192","cnt_comment":"0","content":"【#成都可用数字人民币免费骑单车# 附攻略！】#什么是成都生活#又有数字人民币红包了！即日起至12月31日，成都市民打开美团App搜索“数字人民币”，完成报名就可以获得10元数字人民币红包，用于支付美团单车骑行费用！据了解，此次活动不设户籍限制，以手机GPS定位为准，只要报名时所处的地理位置在成都就能参与。大家快去试试！","url":"https://m.weibo.cn/status/4679857773216893","username":"武侯共青团"},{"relevant_topic_guid":"64069675c10c9b47d4928794cf0b8c48","cnt_retweet":"1","publish_time":"20210910143619","page_action_type":"11","cnt_agree":"1","topic_guid":"64069675c10c9b47d4928794cf0b8c48","userid":"1668726803","cnt_comment":"0","content":"Repost RT:@CGTNGlobalBusiness 【范一飞：推动不同运营机构钱包间、数字人民币钱包与银行账户间的互联互通】在9月10日举办的2021中国（北京）数字金融论坛上，中国人民银行副行长范一飞表示，在技术实现方面，发挥好指定运营机构各自优势和专业经验，持续开展技术迭代保持整体先进性，充分利用现有金融基础设施，支持与传统电子支付 ...全文","url":"https://m.weibo.cn/status/4679888290972897","username":"Vetrax嚣张卫视"},{"relevant_topic_guid":"a72b1c37d97dbae02cc1bdde0aab35be","cnt_retweet":"0","publish_time":"20210910143923","page_action_type":"07","cnt_agree":"0","topic_guid":"a72b1c37d97dbae02cc1bdde0aab35be","userid":"1650916832","cnt_comment":"0","content":"9月份的全家数字人民币羊毛又薅好了。","url":"https://m.weibo.cn/status/4679889062464275","username":"m3gaf0rce"},{"relevant_topic_guid":"ca63daec93a0bde0a207eed82816aefa","cnt_retweet":"0","publish_time":"20210910144657","page_action_type":"07","cnt_agree":"0","topic_guid":"ca63daec93a0bde0a207eed82816aefa","userid":"1894434582","cnt_comment":"0","content":"【新国都产品亮相国家级展会 助力金融服务业数字化转型】深圳2021年9月10日 /美通社/ -- 9月3日至7日，2021年中国国际服务贸易交易会（简称“服贸会”）在北京举办。新国都出品的多款数字人民币应用成果也在此次服贸会上亮相。...网页链接","url":"https://m.weibo.cn/status/4679890970345512","username":"美通社活动资讯"},{"relevant_topic_guid":"a6554b44839dbadc348698ca202189a4","cnt_retweet":"0","publish_time":"20210910144636","page_action_type":"07","cnt_agree":"0","topic_guid":"a6554b44839dbadc348698ca202189a4","userid":"1729503667","cnt_comment":"0","content":"【新国都产品亮相国家级展会 助力金融服务业数字化转型】深圳2021年9月10日 /美通社/ -- 9月3日至7日，2021年中国国际服务贸易交易会（简称“服贸会”）在北京举办。新国都出品的多款数字人民币应用成果也在此次服贸会上亮相。...网页链接","url":"https://m.weibo.cn/status/4679890878597496","username":"美通社IT资讯"},{"relevant_topic_guid":"90ea5b0ab36aae534e5fd1ff07d8f0bc","cnt_retweet":"0","publish_time":"20210910144645","page_action_type":"07","cnt_agree":"0","topic_guid":"90ea5b0ab36aae534e5fd1ff07d8f0bc","userid":"1733310493","cnt_comment":"0","content":"【新国都产品亮相国家级展会 助力金融服务业数字化转型】深圳2021年9月10日 /美通社/ -- 9月3日至7日，2021年中国国际服务贸易交易会（简称“服贸会”）在北京举办。新国都出品的多款数字人民币应用成果也在此次服贸会上亮相。...网页链接","url":"https://m.weibo.cn/status/4679890915299020","username":"美通社财经资讯"},{"relevant_topic_guid":"735882f424a5772c262e4926e4c3b619","cnt_retweet":"4","publish_time":"20210910143003","page_action_type":"07","cnt_agree":"0","topic_guid":"735882f424a5772c262e4926e4c3b619","userid":"6179517662","cnt_comment":"0","content":"【范一飞：推动不同运营机构钱包间、数字人民币钱包与银行账户间的互联互通】在9月10日举办的2021中国（北京）数字金融论坛上，中国人民银行副行长范一飞表示，在技术实现方面，发挥好指定运营机构各自优势和专业经验，持续开展技术迭代保持整体先进性，充分利用现有金融基础设施，支持与传统电子支付系统间交互，推动不同运营机构钱包间、数字人民币钱包与银行账户间的互联互通，实现安全与便捷的统一。","url":"https://m.weibo.cn/status/4679886713915969","username":"CGTNGlobalBusiness"},{"relevant_topic_guid":"bea5d46197cf28aa18655678fa483169","cnt_retweet":"0","publish_time":"20210910142442","page_action_type":"07","cnt_agree":"0","topic_guid":"bea5d46197cf28aa18655678fa483169","userid":"1913382117","cnt_comment":"0","content":"#九省市可用数字人民币免费骑车#【深圳人可用数字人民币免费骑车 完成报名即可领取10元数字人民币红包，用于支付美团单车骑行费用】数字人民币又迎低碳新玩法，深圳市民可用数字人民币免费骑单车啦！深晚记者获悉，即日起至12月31日，深圳市民打开美团App搜索“数字人民币”，完成报名即可领取10元数字人民币红包，用于支付美团单车骑行费用，之后再骑行还能额外获得相应的数字人民币低碳红包奖励，用于更多低碳出行。 自央行推出数字人民币以来，各地纷纷掀起“法定数字货币热”，深圳作为首个数字人民币大规模试点城市，在开展和推进数字人民币应用试点工作上积极走在创新前列。此次美团单车试点活动，把数字人民币应用与低碳出行相结合，这种碳中和公益主题的新玩法一上线就备受市民追捧。 美团相关负责人介绍，“我们的设想是以低碳出行为突破口，利用数字人民币独特的场景技术优势，通过正向激励，让用户在感受数字人民币便捷体验的同时，提升对碳减排的认知度和参与度。” 罗湖居民李先生刚刚完成领数字人民币单车红包体验，“不用等着抽签，报名就领到了，很方便。”李先生表示自己之前也有幸中签过数字人民币，但还是第一次使用低碳主题的数字人民币红包，“这种主题挺有意义的，大家在生活日常的小细节里，就参与了一场全城规模的环境保护行动。”据了解，此次试点不设户籍限制，以手机GPS定位为准，只要报名时所处的地理位置在活动地区就能参与；同时，红包也没有份数限制，不用等待抽签，只需在活动周期内完成报名就能即时领取到数字人民币红包奖励。（深圳晚报记者 董玉含）","url":"https://m.weibo.cn/status/4679885366759947","username":"深圳晚报"},{"relevant_topic_guid":"d1f819f110bd2ca3db9c7ac711c67e87","cnt_retweet":"1","publish_time":"20210910142808","page_action_type":"07","cnt_agree":"0","topic_guid":"d1f819f110bd2ca3db9c7ac711c67e87","userid":"6115560351","cnt_comment":"0","content":"【#北京将稳步推进数字人民币全场景试点#】北京市副市长卢映川今天在京出席“2021中国（北京）数字金融论坛”时称，北京是国家金融管理中心，金融业是北京第一大支柱产业，也是构建北京新发展格局、推动高质量发展的重要领域。今年上半年，北京的金融业实现增加值3698亿元，占地区生产总值的比重超过19%，金融业对稳定全市经济发挥了重要的支撑作用。在央行的指导下，北京将加快推进法定数字货币实验区和数字金融体系建设，稳步推进数字人民币全场景试点。（记者 夏宾）","url":"https://m.weibo.cn/status/4679886235762875","username":"国是直通车"},{"relevant_topic_guid":"4935e428f7ea24de1b31f1625eff207c","cnt_retweet":"0","publish_time":"20210910142207","page_action_type":"07","cnt_agree":"1","topic_guid":"4935e428f7ea24de1b31f1625eff207c","userid":"6350001753","cnt_comment":"0","content":"中国人民银行副行长范一飞表示，下一步，央行将坚持开放包容原则，从供需两方面发力，组织持续优化数字人民币底层业务能力和基础技术平台，积极对外赋能，共同打造数字人民币生态体系。在规则制定方面，以中心化管理、统一认知、实现防伪为前提，充分发挥数字人民币结算效率高、隐私保护强等优势，既不能完全按照账户去管理，也不能照搬纸币去要求，该打破的要打破，该约束的要约束。 中国人民银行副行长范一飞表示，在技术实现方面，发挥好指定运营机构各自优势和专业经验，持续开展技术迭代保持整体先进性，充分利用现有金融基础设施，支持与传统电子支付系统间交互，推动不同运营机构钱包间、数字人民币钱包与银行账户间的互联互通，实现安全与便捷的统一。（新京报）","url":"https://m.weibo.cn/status/4679884716641879","username":"星球日报Odaily"},{"relevant_topic_guid":"597e9cc4d486259f3fb46657602d324a","cnt_retweet":"0","publish_time":"20210910143046","page_action_type":"07","cnt_agree":"0","topic_guid":"597e9cc4d486259f3fb46657602d324a","userid":"7574203734","cnt_comment":"0","content":"比特币# 数字人民币 # 2021.09.10 14:26 中国人民银行副行长范一飞：数字人民币既不完全按照账户去管理也不能照搬纸币去要求 链闻消息，中国人民银行副行长范一飞在今日举办的 2021 中国（北京）数字金融论坛上表示，中国的数字人民币取得了阶段性成果，但同时也有一些问题亟待解决，比如数字人民币规则制度有待完善、受理环境有待优化、支付体系有待健全等。 范一飞表示，对于数字人民币接下来的工作，在规则制定方面，要充分发挥数字人民币结算效率高、隐私保护强等优势，既不能完全按照账户去管理，也不能照搬纸币去要求； 在技术实现方面，要充分利用现有金融基础设施，支持与传统电子支付系统间交互，推动不同运营机构钱包间、数字人民币钱包与银行账户间的互联互通； 在生态建设方面，坚持双层运营体系，研究既能激发创新活力又能提升服务质效的长效机制，营造激励相容、公平公正的市场环境，充分发挥参与各方的积极性和创造性，探索产业主体共同参与、竞争选优的可持续发展模式，满足更广泛用户群体和不同场景需求，提升数字人民币普惠性和可得性。","url":"https://m.weibo.cn/status/4679886892960130","username":"波段猎人"},{"relevant_topic_guid":"c48e6378cbdbe48b1b78c29ce99247f2","cnt_retweet":"3","publish_time":"20210910151503","page_action_type":"07","cnt_agree":"0","topic_guid":"c48e6378cbdbe48b1b78c29ce99247f2","userid":"2677967663","cnt_comment":"0","content":"#发展动态#【锦江国际集团升级支付体验 上线数字人民币支付功能】近日，锦江国际集团全球互联网共享平台“锦江WeHotel”携手工商银行共同开展的数字人民币支付业务，旗下“锦江酒店”APP顺利上线，并率先完成境外酒店在线支付场景的落地，实现了数字人民币在酒店行业应用的创新性突破。未来，锦江WeHotel将持续提升锦江会员及广大用户更为优质、安全的支付体验，进⼀步拓展数字人民币支付业务的酒店品牌覆盖范围，全面深化支付业务在各旅行消费场景的延伸应用，助力数字经济与实体经济融合发展。详见↓网页链接","url":"https://m.weibo.cn/status/4679898038011257","username":"上海国资发布"},{"relevant_topic_guid":"86e159426537fb1a38084fc2125bbf2c","cnt_retweet":"0","publish_time":"20210910144515","page_action_type":"07","cnt_agree":"0","topic_guid":"86e159426537fb1a38084fc2125bbf2c","userid":"6460409821","cnt_comment":"0","content":"发布了头条文章：《央行副行长范一飞：数字人民币既不能完全按照账户去管理》 央行副行长范一飞：数字人民币既不能完全按照账户去管理","url":"https://m.weibo.cn/status/4679890538335362","username":"世链财经"},{"relevant_topic_guid":"e6299a9aa01b101a6445f3e63a7d27ba","cnt_retweet":"0","publish_time":"20210910150205","page_action_type":"07","cnt_agree":"0","topic_guid":"e6299a9aa01b101a6445f3e63a7d27ba","userid":"5305757517","cnt_comment":"0","content":"【官方福利红包又来了！赶紧码住】即日起至12月31日，北京市民可在美团App搜索“数字人民币”报名参加试点，完成报名即可领取10元数字人民币红包，用于支付美团单车骑行费用，免费骑共享单车。同时，累计的骑行次数还可换取更多数字人民币奖励，用于支付后续的骑行费用，用于更多低碳出行，进而形成“低碳骑行-数字人民币激励-更多低碳骑行”的正循环。 笔者了解到，本次试点由美团联合中国邮政储蓄银行、中国农业银行、中国建设银行共同发起，将一直持续至年底。试点不设中奖名额限制，报名成功就能即时获得奖励。活动方表示，此举旨在用最大范围的正向激励，让北京市民在了解体验#数字人民币#消费便捷性、高效性和安全性的同时，积极投身全民减排的绿色生活方式。 据悉，除北京以外，上海、深圳、苏州、西安、成都、长沙、海南、雄安新区等试点地区也在活动覆盖范围内。用数字人民币免费骑单车 北京市民全国首批试用","url":"https://m.weibo.cn/status/4679894774582587","username":"中华网官微"},{"relevant_topic_guid":"466f1a94b2d1c2f49d30b4186074122f","cnt_retweet":"0","publish_time":"20210910150016","page_action_type":"07","cnt_agree":"0","topic_guid":"466f1a94b2d1c2f49d30b4186074122f","userid":"7053748958","cnt_comment":"0","content":"据新京报消息，中国人民银行副行长范一飞表示，下一步，央行将坚持开放包容原则，从供需两方面发力，组织持续优化数字人民币底层业务能力和基础技术平台，积极对外赋能，共同打造数字人民币生态体系。在规则制定方面，以中心化管理、统一认知、实现防伪为前提，充分发挥数字人民币结算效率高、隐私保护强等优势，既不能完全按照账户去管理，也不能照搬纸币去要求，该打破的要打破，该约束的要约束。 中国人民银行副行长范一飞表示，在技术实现方面，发挥好指定运营机构各自优势和专业经验，持续开展技术迭代保持整体先进性，充分利用现有金融基础设施，支持与传统电子支付系统间交互，推动不同运营机构钱包间、数字人民币钱包与银行账户间的互联互通，实现安全与便捷的统一。","url":"https://m.weibo.cn/status/4679894317141292","username":"胡安科技"},{"relevant_topic_guid":"6f146812f846fd0b6d93350af2bb39b7","cnt_retweet":"0","publish_time":"20210910150713","page_action_type":"11","cnt_agree":"0","topic_guid":"6f146812f846fd0b6d93350af2bb39b7","userid":"6075742381","cnt_comment":"0","content":"#数字人民币##妙笔生花看丰台#@国际数字钱包DCEP全球支付 开拓数字支付新途径，让生活变得更精彩。 RT:@北京丰台 #妙笔生花看丰台##数字人民币#软钱包、可视芯片钱包、数字人民币兑换机、可穿戴设备无网支付，在2021中国（北京）数字金融论坛上，数字人民币的应用新场景让人目不暇接，请大家跟随主播的镜头一起体验数字人民币的魅力。 北京丰台的微博视频","url":"https://m.weibo.cn/status/4679896067213650","username":"大红门街道光彩路社区"},{"relevant_topic_guid":"cfaa93d24557eb57593755d644e0140a","cnt_retweet":"0","publish_time":"20210910145155","page_action_type":"11","cnt_agree":"0","topic_guid":"cfaa93d24557eb57593755d644e0140a","userid":"6613346767","cnt_comment":"0","content":"鼓励低碳出行 成都市民今起报名可领数字人民币红包用于单车骑行】 RT:@成都青白江 【鼓励低碳出行 成都市民今起报名可领数字人民币红包用于单车骑行】#成都市民数字人民币使用又有新场景#啦！9月9日，记者获悉，为了增加成都地区数字人民币的使用频率，拓展应用人群，即日起至12月31日，成都市民打开美团App搜索“数字人民币”，完成报名即可领取数字人民币红包，用于APP内单车骑行费 ...全文","url":"https://m.weibo.cn/status/4679892216581092","username":"欧洲产业城"},{"relevant_topic_guid":"4e2a2b3b64b4012772b53ee907bdc8b9","cnt_retweet":"0","publish_time":"20210910163436","page_action_type":"07","cnt_agree":"0","topic_guid":"4e2a2b3b64b4012772b53ee907bdc8b9","userid":"1832856763","cnt_comment":"0","content":"数字人民币定向使用到美团APP，有点意思","url":"https://m.weibo.cn/status/4679918057687699","username":"淘主妇"},{"relevant_topic_guid":"0b32af20c9878e413f323afdfb17b549","cnt_retweet":"0","publish_time":"20210910163527","page_action_type":"07","cnt_agree":"0","topic_guid":"0b32af20c9878e413f323afdfb17b549","userid":"2992050891","cnt_comment":"0","content":"【#9省市居民可用数字人民币免费骑共享单车# 】数字人民币测试引入首个多地联动开展的碳中和公益主题试点。9月9日，由美团联合中国邮政储蓄银行、中国农业银行、中国建设银行共同发起的“用数字人民币，享低碳骑行季”试点活动正式开启报名通道。北京、上海、深圳等9个省市居民可通过报名参加活动，用数字人民币免费骑共享单车，累计的骑行次数还可以换取更多数字人民币奖励，用于支付后续的骑行费用，进而形成“低碳骑行—数字人民币激励—更多低碳骑行”的正向循环。 根据中国人民银行近期发布的《中国数字人民币的研发进展白皮书》，数字人民币研发试点省市已基本涵盖长三角、珠三角、京津冀、中部、西部等不同地区，有利于试验评估数字人民币在我国不同区域的应用前景。活动主办方表示，该活动旨在通过“用数字人民币免费骑单车，骑得越多奖得越多”这种贴近老百姓日常生活的激励方式，让试点地区居民在了解和体验数字人民币消费便捷性、高效性和安全性的同时，积极投身低碳减排的绿色生活方式。 “2019年末以来，数字人民币在全国多个城市进行了多轮测试，但测试范围大多限于一个城市或者一个区域。此次活动在全国9个试点地区全面铺开、多地联动，这说明数字人民币技术和性能在前期测试中经受住了考验，为下一步更大规模、更多场景的测试和应用奠定了基础。”招联金融首席研究员、复旦大学金融研究院兼职研究员董希淼表示。 全国人大财经委委员、中国互联网金融协会区块链研究组组长、中国银行原行长李礼辉认为，从以前多地相对独立的“单点”试点模式逐步向多地联动的“区域网”试点模式过渡，意味着数字人民币的底层技术和运营体系已经达到中等规模可靠运行的基本需求。数字人民币在交通出行场景的密集试点，说明当前数字人民币的底层技术和运营体系已相对成熟，正在进入从早期注重体验覆盖面转向中期注重测试深入度的新阶段。 值得一提的是，此次试点有别于过往试点活动中常见的“摇号抽签”，创新性地采取了“阶梯奖励+使用返现”的三重奖励发放方式。在业内专家看来，数字人民币还处于试点阶段，用户使用习惯尚未养成，存在中签市民红包用完后未再使用数字人民币的情况。创新性的奖励发放方式，能够激励用户更高频使用，有利于培养公众对数字人民币的使用习惯，促进数字人民币常态化使用，使得数字人民币测试更加深入。#数字人民币的魅力# （新华社 经济日报）","url":"https://m.weibo.cn/status/4679918271074694","username":"北京时间"},{"relevant_topic_guid":"55d78d01fc64205d041f25f8ae38106b","cnt_retweet":"0","publish_time":"20210910080020","page_action_type":"07","cnt_agree":"0","topic_guid":"55d78d01fc64205d041f25f8ae38106b","userid":"2174978162","cnt_comment":"0","content":"中国互联网金融协会区块链研究组组长、中国银行原行长李礼辉认为，从以前多地相对独立的“单点”试点模式逐步向多地联动的“区域网”试点模式过渡，意味着数字人民币的底层技术和运营体系已经达到中等规模可靠运行的基本需求。数字人民币在交通出行场景的密集试点，说明当前数字人民币的底层技术和运营体系已相对成熟，正在进入从早期注重体验覆盖面转向中期注重测试深入度的新阶段。","url":"https://m.weibo.cn/status/4679788638243410","username":"魔贝"},{"relevant_topic_guid":"589208887d1f6d6f6d795de2b434f257","cnt_retweet":"0","publish_time":"20210910102134","page_action_type":"07","cnt_agree":"0","topic_guid":"589208887d1f6d6f6d795de2b434f257","userid":"2590506142","cnt_comment":"1","content":"#妙笔生花看丰台##数字人民币#软钱包、可视芯片钱包、数字人民币兑换机、可穿戴设备无网支付，在2021中国（北京）数字金融论坛上，数字人民币的应用新场景让人目不暇接，请大家跟随主播的镜头一起体验数字人民币的魅力。 北京丰台的微博直播","url":"https://m.weibo.cn/status/4679824179727254","username":"北京丰台"},{"relevant_topic_guid":"5ca942cda4223b91958cc7cf50115a08","cnt_retweet":"0","publish_time":"20210910103251","page_action_type":"07","cnt_agree":"3","topic_guid":"5ca942cda4223b91958cc7cf50115a08","userid":"6167824365","cnt_comment":"0","content":"【深圳市：拟创新彩票销售管理 开发数字人民币有关彩票购买支付及小奖兑付方式】9月10日电，深圳市民政局日前发布《深圳市民政事业发展“十四五”规划（征求意见稿）》：拟创新彩票销售管理。推进中间业务平台建设并加快接入广东省统一身份认证平台，推进采用智能网络系统建设，实现定向数据存证与公证、数据统计分析、可自动追溯的深圳责任彩票联盟链。创新应用区块链技术服务彩民回馈抽奖活动，开发数字人民币有关彩票购买支付及小奖兑付方式。建立“轮候准入制”的投注站设立及配套管理机制，布局彩票便捷式销售终端渠道。优化彩票游戏品种，探索开发“文化+”主题网点即开票，激发市场新活力。","url":"https://m.weibo.cn/status/4679827019795857","username":"操奇制胜"},{"relevant_topic_guid":"6e8d9dddfd8e17bd84a58da40026ed55","cnt_retweet":"1","publish_time":"20210910103301","page_action_type":"07","cnt_agree":"1","topic_guid":"6e8d9dddfd8e17bd84a58da40026ed55","userid":"5051077448","cnt_comment":"0","content":"实时播报：★★【深圳：拟创新彩票销售管理 开发数字人民币有关彩票购买支付及小奖兑付方式】深圳市民政局日前发布《深圳市民政事业发展“十四五”规划（征求意见稿）》。意见提出，拟创新彩票销售管理。推进中间业务平台建设并加快接入广东省统一身份认证平台，推进采用智能网络系统建设，实现定向数据存证与公证、数据统计分析、可自动追溯的深圳责任彩票联盟链。创新应用区块链技术服务彩民回馈抽奖活动，开发数字人民币有关彩票购买支付及小奖兑付方式。","url":"https://m.weibo.cn/status/4679827061473838","username":"快兰斯24小时财经直播"},{"relevant_topic_guid":"c71796acadc64d1a9503d4c69d13d37c","cnt_retweet":"0","publish_time":"20210910103140","page_action_type":"07","cnt_agree":"1","topic_guid":"c71796acadc64d1a9503d4c69d13d37c","userid":"6522911909","cnt_comment":"0","content":"【深圳市：拟创新彩票销售管理 开发数字人民币有关彩票购买支付及小奖兑付方式】深圳市民政局日前发布《深圳市民政事业发展“十四五”规划（征求意见稿）》：拟创新彩票销售管理。推进中间业务平台建设并加快接入广东省统一身份认证平台，推进采用智能网络系统建设，实现定向数据存证与公证、数据统计分析、可自动追溯的深圳责任彩票联盟链。创新应用区块链技术服务彩民回馈抽奖活动，开发数字人民币有关彩票购买支付及小奖兑付方式。建立“轮候准入制”的投注站设立及配套管理机制，布局彩票便捷式销售终端渠道。优化彩票游戏品种，探索开发“文化+”主题网点即开票，激发市场新活力。网页链接","url":"https://m.weibo.cn/status/4679826726191932","username":"新浪区块链"},{"relevant_topic_guid":"cdf1ee2d7a82f0eb7363cd065ead7212","cnt_retweet":"0","publish_time":"20210910103300","page_action_type":"07","cnt_agree":"0","topic_guid":"cdf1ee2d7a82f0eb7363cd065ead7212","userid":"1189639642","cnt_comment":"0","content":"深圳市：拟创新彩票销售管理 开发数字人民币有关彩票购买支付及小奖兑付方式","url":"https://m.weibo.cn/status/4679827058068525","username":"山云布衣"},{"relevant_topic_guid":"56ee5cb93ed4dc7c036d922b7e7f0479","cnt_retweet":"0","publish_time":"20210910103022","page_action_type":"07","cnt_agree":"0","topic_guid":"56ee5cb93ed4dc7c036d922b7e7f0479","userid":"6788499283","cnt_comment":"0","content":"【深圳市：拟创新彩票销售管理 开发数字人民币有关彩票购买支付及小奖兑付方式】深圳市民政局日前发布《深圳市民政事业发展“十四五”规划（征求意见稿）》：拟创新彩票销售管理。推进中间业务平台建设并加快接入广东省统一身份认证平台，推进采用智能网络系统建设，实现定向数据存证与公证、数据统计分析、可自动追溯的深圳责任彩票联盟链。创新应用区块链技术服务彩民回馈抽奖活动，开发数字人民币有关彩票购买支付及小奖兑付方式。 网页链接","url":"https://m.weibo.cn/status/4679826395106655","username":"微博财经7X24小时"},{"relevant_topic_guid":"7b41fd0a04eafd8889d2e106bbf796c1","cnt_retweet":"3","publish_time":"20210910102003","page_action_type":"07","cnt_agree":"0","topic_guid":"7b41fd0a04eafd8889d2e106bbf796c1","userid":"1916780343","cnt_comment":"3","content":"【#成都可用数字人民币免费骑单车# 附攻略！】#什么是成都生活#又有数字人民币红包了！即日起至12月31日，成都市民打开美团App搜索“数字人民币”，完成报名就可以获得10元数字人民币红包，用于支付美团单车骑行费用！据@爱看头条 报道，此次活动不设户籍限制，以手机GPS定位为准，只要报名时所处的地理位置在成都就能参与。大家快去试试！","url":"https://m.weibo.cn/status/4679823798568951","username":"微成都"},{"relevant_topic_guid":"5ee01e1220a3743e30891dab6354ac65","cnt_retweet":"0","publish_time":"20210910100826","page_action_type":"07","cnt_agree":"0","topic_guid":"5ee01e1220a3743e30891dab6354ac65","userid":"1702806611","cnt_comment":"0","content":"【鼓励低碳出行！成都市民近日报名可领数字人民币红包用于单车骑行】为了增加成都地区数字人民币的使用频率，拓展应用人群，即日起至12月31日，成都市民打开美团App搜索“数字人民币”，完成报名即可领取数字人民币红包，用于APP内单车骑行费用。","url":"https://m.weibo.cn/status/4679820878807474","username":"峨眉微博"},{"relevant_topic_guid":"9aafc348b1fd856bff764898ed9433de","cnt_retweet":"1","publish_time":"20210910103346","page_action_type":"07","cnt_agree":"3","topic_guid":"9aafc348b1fd856bff764898ed9433de","userid":"2868676035","cnt_comment":"2","content":"【深圳：拟创新彩票销售管理 开发数字人民币有关彩票购买支付及小奖兑付方式】财联社9月10日电，深圳市民政局日前发布《深圳市民政事业发展“十四五”规划（征求意见稿）》。意见提出，拟创新彩票销售管理。推进中间业务平台建设并加快接入广东省统一身份认证平台，推进采用智能网络系统建设，实现定向数据存证与公证、数据统计分析、可自动追溯的深圳责任彩票联盟链。创新应用区块链技术服务彩民回馈抽奖活动，开发数字人民币有关彩票购买支付及小奖兑付方式。","url":"https://m.weibo.cn/status/4679827249955318","username":"财联社APP"},{"relevant_topic_guid":"3c12c4ad0d792a4bf5bbdf3027e753e1","cnt_retweet":"0","publish_time":"20210910103758","page_action_type":"07","cnt_agree":"0","topic_guid":"3c12c4ad0d792a4bf5bbdf3027e753e1","userid":"3121600265","cnt_comment":"0","content":"#中国财经通##深圳拟开发数字人民币购买兑付彩票#【深圳市：拟创新彩票销售管理 开发数字人民币有关彩票购买支付及小奖兑付方式】深圳市民政局日前发布《深圳市民政事业发展“十四五”规划（征求意见稿）》：拟创新彩票销售管理。推进中间业务平台建设并加快接入广东省统一身份认证平台，推进采用智能网络系统建设，实现定向数据存证与公证、数据统计分析、可自动追溯的深圳责任彩票联盟链。创新应用区块链技术服务彩民回馈抽奖活动，开发数字人民币有关彩票购买支付及小奖兑付方式。建立“轮候准入制”的投注站设立及配套管理机制，布局彩票便捷式销售终端渠道。优化彩票游戏品种，探索开发“文化+”主题网点即开票，激发市场新活力。（财联社）","url":"https://m.weibo.cn/status/4679828311638222","username":"澳门商报官方"},{"relevant_topic_guid":"7c7fb0c504a9d67bda47ad1a717d37a5","cnt_retweet":"7","publish_time":"20210910103302","page_action_type":"07","cnt_agree":"2","topic_guid":"7c7fb0c504a9d67bda47ad1a717d37a5","userid":"1642088277","cnt_comment":"3","content":"#深圳拟开发数字人民币购买兑付彩票#【深圳市：拟创新彩票销售管理 开发数字人民币有关彩票购买支付及小奖兑付方式】深圳市民政局日前发布《深圳市民政事业发展“十四五”规划（征求意见稿）》：拟创新彩票销售管理。推进中间业务平台建设并加快接入广东省统一身份认证平台，推进采用智能网络系统建设，实现定向数据存证与公证、数据统计分析、可自动追溯的深圳责任彩票联盟链。创新应用区块链技术服务彩民回馈抽奖活动，开发数字人民币有关彩票购买支付及小奖兑付方式。建立“轮候准入制”的投注站设立及配套管理机制，布局彩票便捷式销售终端渠道。优化彩票游戏品种，探索开发“文化+”主题网点即开票，激发市场新活力。（财联社）","url":"https://m.weibo.cn/status/4679827066454547","username":"财经网"},{"relevant_topic_guid":"25a522aa03428e8db48e221f504b4255","cnt_retweet":"0","publish_time":"20210910102151","page_action_type":"07","cnt_agree":"0","topic_guid":"25a522aa03428e8db48e221f504b4255","userid":"2030806735","cnt_comment":"0","content":"【数字人民币应用测试多地联动】数字人民币测试引入首个多地联动开展的碳中和公益主题试点。9月9日，由美团联合中国邮政储蓄银行、中国农业银行、中国建设银行共同发起的“用数字人民币，享低碳骑行季”试点活动正式开启报名通道。北京、上海、深圳等9个省市居民可通过报名参加活动，用数字人民币免费骑共享单车，累计的骑行次数还可以换取更多数字人民币奖励，用于支付后续的骑行费用，进而形成“低碳骑行—数字人民币激励—更多低碳骑行”的正向循环。数字人民币应用测试多地联动","url":"https://m.weibo.cn/status/4679824251553752","username":"北方新报"},{"relevant_topic_guid":"4e6d3133868adcf93328c239d8f7deb9","cnt_retweet":"0","publish_time":"20210910102827","page_action_type":"07","cnt_agree":"0","topic_guid":"4e6d3133868adcf93328c239d8f7deb9","userid":"6381658751","cnt_comment":"0","content":"【#成都可用数字人民币免费骑单车# 附攻略！】#什么是成都生活#又有数字人民币红包了！即日起至12月31日，成都市民打开美团App搜索“数字人民币”，完成报名就可以获得10元数字人民币红包，用于支付美团单车骑行费用！据爱看头条 报道，此次活动不设户籍限制，以手机GPS定位为准，只要报名时所处的地理位置在成都就能参与。大家快去试试！（微成都）#四川的秋天到底有多甜#","url":"https://m.weibo.cn/status/4679825912499601","username":"成都人防"},{"relevant_topic_guid":"70e373fe9c0872e8f712fbb69204dd74","cnt_retweet":"0","publish_time":"20210910103718","page_action_type":"07","cnt_agree":"1","topic_guid":"70e373fe9c0872e8f712fbb69204dd74","userid":"1885454921","cnt_comment":"1","content":"#深圳拟开发数字人民币买兑彩票#【深圳：拟创新彩票销售管理，开发数字人民币有关彩票购买支付及小奖兑付方式】 深圳市民政局日前发布《深圳市民政事业发展“十四五”规划（征求意见稿）》。意见提出，拟创新彩票销售管理。推进中间业务平台建设并加快接入广东省统一身份认证平台，推进采用智能网络系统建设，实现定向数据存证与公证、数据统计分析、可自动追溯的深圳责任彩票联盟链。创新应用区块链技术服务彩民回馈抽奖活动，开发数字人民币有关彩票购买支付及小奖兑付方式。(证券时报)","url":"https://m.weibo.cn/status/4679828139149572","username":"蓝鲸财经记者工作平台"},{"relevant_topic_guid":"2d32258fb7c87f78ab94ac3463f4177e","cnt_retweet":"0","publish_time":"20210910103237","page_action_type":"07","cnt_agree":"0","topic_guid":"2d32258fb7c87f78ab94ac3463f4177e","userid":"2772291221","cnt_comment":"0","content":"【深圳市：拟创新彩票销售管理 开发数字人民币有关彩票购买支付及小奖兑付方式】 深圳市民政局日前发布《深圳市民政事业发展“十四五”规划（征求意见稿）》：拟创新彩票销售管理。推进中间业务平台建设并加快接入广东省统一身份认证平台，推进采用智能网络系统建设，实现定向数据存证与公证、数据统计分析、可自动追溯的深圳责任彩票联盟链。创新应用区块链技术服务彩民回馈抽奖活动，开发数字人民币有关彩票购买支付及小奖兑付方式。建立“轮候准入制”的投注站设立及配套管理机制，布局彩票便捷式销售终端渠道。优化彩票游戏品种，探索开发“文化+”主题网点即开票，激发市场新活力。","url":"https://m.weibo.cn/status/4679826961598168","username":"见闻实时新闻"},{"relevant_topic_guid":"f3954922d1a72f3ce0912983c68525ea","cnt_retweet":"0","publish_time":"20210910105348","page_action_type":"11","cnt_agree":"0","topic_guid":"f3954922d1a72f3ce0912983c68525ea","userid":"1872005590","cnt_comment":"0","content":"转发微博 RT:@第一财经日报 #深圳拟开发数字人民币买兑彩票#【深圳：拟创新彩票销售管理，开发数字人民币有关彩票购买支付及小奖兑付方式】深圳市民政局日前发布《深圳市民政事业发展“十四五”规划（征求意见稿）》。意见提出，拟创新彩票销售管理。推进中间业务平台建设并加快接入广东省统一身份认证平台，推进采用智能网络系 ...全文","url":"https://m.weibo.cn/status/4679832295965356","username":"国际金融报"},{"relevant_topic_guid":"7a46ff1878c677c0cfcaa9ef072f8601","cnt_retweet":"0","publish_time":"20210910104240","page_action_type":"07","cnt_agree":"0","topic_guid":"7a46ff1878c677c0cfcaa9ef072f8601","userid":"1781287307","cnt_comment":"0","content":"【数字人民币应用测试多地联动】数字人民币测试引入首个多地联动开展的碳中和公益主题试点。9月9日，由美团联合中国邮政储蓄银行、中国农业银行、中国建设银行共同发起的“用数字人民币，享低碳骑行季”试点活动正式开启报名通道。北京、上海、深圳等9个省市居民可通过报名参加活动，用数字人民币免费骑共享单车，累计的骑行次数还可以换取更多数字人民币奖励，用于支付后续的骑行费用，进而形成“低碳骑行—数字人民币激励—更多低碳骑行”的正向循环。数字人民币应用测试多地联动","url":"https://m.weibo.cn/status/4679829491026118","username":"正北方网"},{"relevant_topic_guid":"321d9a86719caddd6b6a8d8755d1057a","cnt_retweet":"0","publish_time":"20210910105304","page_action_type":"07","cnt_agree":"0","topic_guid":"321d9a86719caddd6b6a8d8755d1057a","userid":"5643987943","cnt_comment":"0","content":"【数字人民币应用测试多地联动】#数字人民币# 测试引入首个多地联动开展的碳中和公益主题试点。9月9日，由#美团# 联合中国邮政储蓄银行、中国农业银行、中国建设银行共同发起的“用数字人民币，享低碳骑行季”试点活动正式开启报名通道。北京、上海、深圳等9个省市居民可通过报名参加活动，用数字人民币免费骑共享单车，累计的骑行次数还可以换取更多数字人民币奖励，用于支付后续的骑行费用，进而形成“低碳骑行—数字人民币激励—更多低碳骑行”的正向循环。网页链接","url":"https://m.weibo.cn/status/4679832107223212","username":"织金检察"},{"relevant_topic_guid":"4279ac6f28e446ce502db57bd5af4237","cnt_retweet":"0","publish_time":"20210910110236","page_action_type":"07","cnt_agree":"2","topic_guid":"4279ac6f28e446ce502db57bd5af4237","userid":"6450367173","cnt_comment":"0","content":"实时播报：【北京市副市长卢映川：北京将稳步推进数字人民币全场景试点】在2021中国（北京）数字金融论坛上，北京市副市长卢映川表示，北京市将在央行指导下，加快推进法定数字货币实验区和数字金融体系建设，稳步推进数字人民币全场景试点。同时，将深入推进数字金融底层技术、关键技术研发，支持大型科技企业联合金融机构开展技术攻关，力争在数字金融底层技术研发上取得关键性突破，实现数字金融的标准创制和标准输出。","url":"https://m.weibo.cn/status/4679834506104465","username":"快兰斯24小时财经直播2"},{"relevant_topic_guid":"3d05a21c8a7126d45bc858d8d68194e6","cnt_retweet":"0","publish_time":"20210910105721","page_action_type":"07","cnt_agree":"0","topic_guid":"3d05a21c8a7126d45bc858d8d68194e6","userid":"6788499283","cnt_comment":"0","content":"【北京市副市长卢映川：北京将稳步推进数字人民币全场景试点】在2021中国（北京）数字金融论坛上，北京市副市长卢映川表示，北京市将在央行指导下，加快推进法定数字货币实验区和数字金融体系建设，稳步推进数字人民币全场景试点。同时，将深入推进数字金融底层技术、关键技术研发，支持大型科技企业联合金融机构开展技术攻关，力争在数字金融底层技术研发上取得关键性突破，实现数字金融的标准创制和标准输出。 网页链接","url":"https://m.weibo.cn/status/4679833184899210","username":"微博财经7X24小时"},{"relevant_topic_guid":"43453ceeb75f45935f1b4b8f34fb4dbe","cnt_retweet":"0","publish_time":"20210910104546","page_action_type":"07","cnt_agree":"0","topic_guid":"43453ceeb75f45935f1b4b8f34fb4dbe","userid":"1682825112","cnt_comment":"0","content":"深圳：拟创新彩票销售管理 开发数字人民币有关彩票购买支付及小奖兑付方式 网页链接","url":"https://m.weibo.cn/status/4679830270379904","username":"股市思索哥"},{"relevant_topic_guid":"3dff175d318ad20af147ea494f47a21e","cnt_retweet":"0","publish_time":"20210910104830","page_action_type":"07","cnt_agree":"0","topic_guid":"3dff175d318ad20af147ea494f47a21e","userid":"6399193384","cnt_comment":"0","content":"#深圳拟开发数字人民币买兑彩票#【深圳：拟创新彩票销售管理，开发数字人民币有关彩票购买支付及小奖兑付方式】 深圳市民政局日前发布《深圳市民政事业发展“十四五”规划（征求意见稿）》。意见提出，拟创新彩票销售管理。推进中间业务平台建设并加快接入广东省统一身份认证平台，推进采用智能网络系统建设，实现定向数据存证与公证、数据统计分析、可自动追溯的深圳责任彩票联盟链。创新应用区块链技术服务彩民回馈抽奖活动，开发数字人民币有关彩票购买支付及小奖兑付方式。(证券时报)","url":"https://m.weibo.cn/status/4679830962700815","username":"花朵财经"},{"relevant_topic_guid":"1f89c8ad6195d0a49b37071b2777cd35","cnt_retweet":"0","publish_time":"20210910104808","page_action_type":"07","cnt_agree":"0","topic_guid":"1f89c8ad6195d0a49b37071b2777cd35","userid":"5953758071","cnt_comment":"0","content":"深圳：拟创新彩票销售管理 开发数字人民币有关彩票购买支付及小奖兑付方式","url":"https://m.weibo.cn/status/4679830865972217","username":"百家云股"},{"relevant_topic_guid":"8106413dbc045f84988b5f7eb5fbe4fd","cnt_retweet":"0","publish_time":"20210910104755","page_action_type":"07","cnt_agree":"0","topic_guid":"8106413dbc045f84988b5f7eb5fbe4fd","userid":"5953758071","cnt_comment":"0","content":"周小川：要加强国际合作 为数字人民币的发展争取良好的国际环境","url":"https://m.weibo.cn/status/4679830811448135","username":"百家云股"},{"relevant_topic_guid":"d8a4eeae46db19f7f62c231f3488f26c","cnt_retweet":"0","publish_time":"20210910104016","page_action_type":"07","cnt_agree":"0","topic_guid":"d8a4eeae46db19f7f62c231f3488f26c","userid":"1599786681","cnt_comment":"1","content":"新华网客户端：数字人民币应用测试多地联动 9省市居民可用数字人民币免费骑共享单车网页链接","url":"https://m.weibo.cn/status/4679828886784690","username":"律師魏鐵軍"},{"relevant_topic_guid":"748b7a539b50bdf5292829b0a2fc3148","cnt_retweet":"0","publish_time":"20210910104604","page_action_type":"07","cnt_agree":"1","topic_guid":"748b7a539b50bdf5292829b0a2fc3148","userid":"3396921562","cnt_comment":"1","content":"#东方财富#深圳市：拟创新彩票销售管理 开发数字人民币有关彩票购买支付及小奖兑付方式深圳市：拟创新彩票销售管理 开发数字人民币有关彩票购买支付及小奖兑付方式东方财富","url":"https://m.weibo.cn/status/4679830346665645","username":"宏观经济学者"},{"relevant_topic_guid":"b077925dfaddb2e73795beb816c26ccb","cnt_retweet":"0","publish_time":"20210910105301","page_action_type":"07","cnt_agree":"152","topic_guid":"b077925dfaddb2e73795beb816c26ccb","userid":"6466310659","cnt_comment":"19","content":"#今日大盘# 互联网彩票板块异动拉升，鸿博股份一度涨停，安妮股份、粤传媒等纷纷跟涨，消息上，深圳拟创新彩票销售管理，开发数字人民币有关彩票购买支付及小奖兑付方式，指数冲关后短线资金还是较为活跃，围绕着近期的热点进行参与，只不过属于是少量个股的拉升表现，整体来看没有出现涨停潮的板块。","url":"https://m.weibo.cn/status/4679832094378392","username":"A股小师姐"},{"relevant_topic_guid":"33972d4b345b9543f9e07cdbf160f4ed","cnt_retweet":"0","publish_time":"20210910114952","page_action_type":"07","cnt_agree":"0","topic_guid":"33972d4b345b9543f9e07cdbf160f4ed","userid":"1887282917","cnt_comment":"0","content":"深圳：拟创新彩票销售管理 开发数字人民币有关彩票购买支付及小奖兑付方式 → 深圳：拟创新彩票销售管理 开发数字人民币有关彩票购买支付及小奖兑付方式 @新浪财经","url":"https://m.weibo.cn/status/4679846401415013","username":"定个目标2025"},{"relevant_topic_guid":"a7db604736098eca069c20fac3ab4a2c","cnt_retweet":"0","publish_time":"20210910115111","page_action_type":"07","cnt_agree":"0","topic_guid":"a7db604736098eca069c20fac3ab4a2c","userid":"6926438705","cnt_comment":"0","content":"热点汇总(11时)1、【36氪独家，消息人士称小米汽车计划2024年上半年出车，小米回应：不予置评】(694.29万)2、【周知！国家助学贷款申请额度上调】(663.38万)3、【深圳市：拟创新彩票销售管理，开发数字人民币有关彩票购买支付及小奖兑..原文 网页链接","url":"https://m.weibo.cn/status/4679846733023655","username":"全网重点"},{"relevant_topic_guid":"cec1afc6d3a1ee8c97a3996b1c536aa5","cnt_retweet":"0","publish_time":"20210909202231","page_action_type":"07","cnt_agree":"0","topic_guid":"cec1afc6d3a1ee8c97a3996b1c536aa5","userid":"1278485542","cnt_comment":"0","content":"【美团版数字人民币红包来了~】美团今日启动数字人民币低碳出行试点，用数字人民币可以免费骑单车。 IT168官方微博的微博视频","url":"https://m.weibo.cn/status/4679613026142833","username":"IT168官方微博"},{"relevant_topic_guid":"6678705ebff5f5a2a1d2f7db19754a67","cnt_retweet":"0","publish_time":"20210909195022","page_action_type":"07","cnt_agree":"0","topic_guid":"6678705ebff5f5a2a1d2f7db19754a67","userid":"6639624657","cnt_comment":"0","content":"DCEP央行数字货币邮储又发数字人民币红包了","url":"https://m.weibo.cn/status/4679604935066630","username":"比特币丶币无限"},{"relevant_topic_guid":"4f37fcb15c399a2ef5696c0574f9fa22","cnt_retweet":"0","publish_time":"20210909192858","page_action_type":"07","cnt_agree":"0","topic_guid":"4f37fcb15c399a2ef5696c0574f9fa22","userid":"3798493792","cnt_comment":"0","content":"【香港在新发展格局中助推数字人民币国际化】 #币圈##比特币##以太坊##区块链##狗狗币##合约#作为人民币最大离岸市场，香港可在新发展格局中助推数字人民币国际化，数字人民币的跨境支付可应用于境外旅游、生活、消费等多个场景。数字人民币的跨境支付不仅使得整个跨境支付的过程更加经济、安全，还可以提高人民币在境外的使用度和认可度。香港金融管理局的消息显示，当前香港正在与内地研究使用数字人民币进行跨境支付的技术测试，将通过发展金融基础设施，提供多币种、多层面的平台，把支付系统与周边地区及国际系统联网，搭建跨境数字人民币支付网络。跨境数字人民币支付网络的建立可拓展人民币在跨境商品和服务贸易中结算计价的基础性需求，同时有利于促进支付体系的多元化，成为人民币在国际使用中的支柱支付平台。","url":"https://m.weibo.cn/status/4679599550108304","username":"币圈飞哥1号"},{"relevant_topic_guid":"a589ba314e753cfa368902082e2c7c8f","cnt_retweet":"2","publish_time":"20210910165222","page_action_type":"07","cnt_agree":"4","topic_guid":"a589ba314e753cfa368902082e2c7c8f","userid":"1315587597","cnt_comment":"0","content":"【数字人民币与鸿蒙生态合作场景演示首次亮相】9月10日，2021中国（北京）数字金融论坛在北京举行。在本次数字金融论坛中，数字人民币与鸿蒙生态的合作场景演示首次亮相。数字人民币与鸿蒙生态合作场景演示首次亮相","url":"https://m.weibo.cn/status/4679922531959249","username":"中国证券报"},{"relevant_topic_guid":"f2b5201541bb5e648ea56a4f3fe5371d","cnt_retweet":"0","publish_time":"20210910165209","page_action_type":"07","cnt_agree":"1","topic_guid":"f2b5201541bb5e648ea56a4f3fe5371d","userid":"6279804563","cnt_comment":"0","content":"【#北京等九地居民可用数字人民币骑单车# 】据人民网消息，#数字人民币# 又迎低碳新玩法，从即日起至12月31日，消费者可在北京、上海、海南、深圳、苏州、西安、长沙、成都、雄安新区等9大数字人民币试点地区，通过@美团 app搜索“数字人民币”，报名参与活动并领取数字人民币低碳红包奖励。活动规则显示，用户完成活动报名可即时领取10元数字人民币低碳红包，日常骑行还能额外获得相应返现红包奖励。 大佬时间的微博视频","url":"https://m.weibo.cn/status/4679922473767569","username":"大佬时间"},{"relevant_topic_guid":"fb6ef4ae42df6ce8d7f29ee436c12f7d","cnt_retweet":"0","publish_time":"20210910172123","page_action_type":"07","cnt_agree":"0","topic_guid":"fb6ef4ae42df6ce8d7f29ee436c12f7d","userid":"5345314772","cnt_comment":"0","content":"最后在85度C花掉了我的数字人民币","url":"https://m.weibo.cn/status/4679929831097052","username":"凉眸ck"},{"relevant_topic_guid":"37529d5ac95b43bab8acfa315d41ece7","cnt_retweet":"0","publish_time":"20210910172109","page_action_type":"07","cnt_agree":"0","topic_guid":"37529d5ac95b43bab8acfa315d41ece7","userid":"2540408364","cnt_comment":"0","content":"【央行将出台新阶段金融科技发展规划：布局数字基建，打造数字人民币生态】9月10日，在2021中国（北京）数字金融论坛上，人民银行副行长范一飞表示，人民银行将在前期工作基础上出台新阶段金融科技发展规划，引导金融业稳妥发展金融科技、加快数字化转型。央行将出台新阶段金融科技发展规划：布局数字基建，打造数字人民币生态","url":"https://m.weibo.cn/status/4679929772380396","username":"亿欧"},{"relevant_topic_guid":"b0720ae6db98a9af784dce285f32800f","cnt_retweet":"0","publish_time":"20210910173621","page_action_type":"07","cnt_agree":"0","topic_guid":"b0720ae6db98a9af784dce285f32800f","userid":"7506984709","cnt_comment":"0","content":"【Visa将为北京2022年冬奥会量身定制适合的数字人民币产品】 奥运会和残奥会全球合作伙伴Visa与中国银行宣布携手支持北京2022年冬奥会和冬残奥会数字支付及金融服务，为北京2022年冬奥会和冬残奥会提供便捷安全的数字金融服务。中国银行与Visa双方共同发挥各自全球化的集团优势，为北京2022年冬奥会和冬残奥会数字人民币服务贡献智慧并量身定制适合的数字人民币产品，合作完成冬奥相关场馆受理环境建设。","url":"https://m.weibo.cn/status/4679933597323956","username":"区块新视点"},{"relevant_topic_guid":"a0f85c036cf7a2ef9f4c6652cabbb76d","cnt_retweet":"0","publish_time":"20210910173306","page_action_type":"07","cnt_agree":"0","topic_guid":"a0f85c036cf7a2ef9f4c6652cabbb76d","userid":"3765127173","cnt_comment":"0","content":"【北京：稳步推进数字人民币全场景试点 打造现代化数字金融体系】9月10日，2021中国（北京）数字金融论坛在北京举办。记者获悉，北京市将发挥全国科技创新中心和国家金融管理中心的双重优势，集中打造面向未来的现代化数字金融体系。 记者了解到，今年上半年，北京金融业实现增加值3698亿元，占地区生产总值的比重超过19%，金融业对稳定全市经济发挥了重要的支撑作用。 近年来，首都金融业认真落实建设服务业扩大开放示范区和自由贸易试验区“两区”政策，积极把握数字化、智能化、绿色化、融合化发展趋势，着力培育壮大金融市场体系，加快推进金融基础设施建设，持续拓展前沿科技应用，高水平推进双向开放，持续优化金融营商环境，厚植数字金融发展根基。金融业发展呈现出许多新的重要变化和良好的态势，特别是数字金融已成为首都金融业高质量发展的重要助推器。","url":"https://m.weibo.cn/status/4679932779431211","username":"人民网北京频道"},{"relevant_topic_guid":"7984177851947e9553429743a1a31e42","cnt_retweet":"1","publish_time":"20210910171256","page_action_type":"07","cnt_agree":"6","topic_guid":"7984177851947e9553429743a1a31e42","userid":"2479435945","cnt_comment":"1","content":"中证网讯（记者 彭扬）9月10日，2021中国（北京）数字金融论坛在北京举行。在本次数字金融论坛中，数字人民币与鸿蒙生态的合作场景演示首次亮相。 据了解，该演示展示了基于HarmonyOS的数字人民币原子化服务能够实现数字人民币收款、付款的功能。未来，消费者可以将数字人民币服务卡片直接添加到桌面上，只需点击一下即可收付款，为使用数字人民币的消费者带来便捷的体验。同时，数字人民币卡片还可以一键流转到手表等智能设备上，为鸿蒙生态下实现万物皆可支付的愿景打下了坚实的一步。数字人民币原子化服务将在央行的指导下，跟随数字人民币整体推广节奏，不断完善更新，更多万物互联的支付新体验，在不久的将来会逐步将上线体验。 除原子化服务外，数字人民币未来还可以利用HarmonyOS超级终端的优势，探讨在支持HarmonyOS分布式功能的第三方设备上直接享受数字人民币服务的可能性。 华为消费者业务AI与智慧全场景副总裁段孟然介绍了未来鸿蒙生态与数字人民币生态合作可能带来的更多新场景的碰撞，例如未来支持HarmonyOS分布式功能的带屛的冰箱、跑步机、家居中控等智能家居设备，充电桩、POS机、ATM等智能终端设备，均有可能实现万物互联下的数字人民币的便捷支付、收款，带来万物互联，物物支付的时代。华为鸿蒙生态团队将在央行的支持和指导下，充分发挥HarmonyOS泛终端操作系统的优势，为数字人民币的繁荣贡献力量。同时，也希望有越来越多的生态合作伙伴和产业链上下游能够加入，打造面向万物互联无处不在的支付体验。天方夜谭《股票与期货》","url":"https://m.weibo.cn/status/4679927704587560","username":"期货_丝路"},{"relevant_topic_guid":"4ba84eca9199606465480869380dd620","cnt_retweet":"0","publish_time":"20210910203020","page_action_type":"07","cnt_agree":"1","topic_guid":"4ba84eca9199606465480869380dd620","userid":"2541763545","cnt_comment":"0","content":"【带你体验！直接用数字人民币骑共享单车，还有10元红包拿！】#关注静安# 骑共享单车可以用数字人民币结账？还有10元数字人民币红包拿？今天，记者带大家体验一把！具体操作跟着小静来看：带你体验！直接用数字人民币骑共享单车，还有10元红包拿！","url":"https://m.weibo.cn/status/4679977385853981","username":"上海静安"},{"relevant_topic_guid":"537d5564e2b8527ccd41da8864d0f80b","cnt_retweet":"0","publish_time":"20210910173622","page_action_type":"07","cnt_agree":"0","topic_guid":"537d5564e2b8527ccd41da8864d0f80b","userid":"3458288384","cnt_comment":"0","content":"【Visa和中国银行将共同为北京2022年冬奥会量身定制适合的数字人民币产品】金色财经报道，奥运会和残奥会全球合作伙伴Visa与中国银行宣布携手支持北京2022年冬奥会和冬残奥会数字支付及金融服务，为北京2022年冬奥会和冬残奥会提供便捷安全的数字金融服务。中国银行与Visa双方共同发挥各自全球化的集团优势，为北京2022年冬奥会和冬残奥会数字人民币服务贡献智慧并量身定制适合的数字人民币产品，合作完成冬奥相关场馆受理环境建设。 全球头部的数字货币交易平台: 【币安网】入口：网页链接 【火币网】入口：网页链接","url":"https://m.weibo.cn/status/4679933597585457","username":"币圈大事件123"},{"relevant_topic_guid":"1955f5ce3ad376e4b827c6eb0510edae","cnt_retweet":"0","publish_time":"20210910182104","page_action_type":"07","cnt_agree":"0","topic_guid":"1955f5ce3ad376e4b827c6eb0510edae","userid":"5105460195","cnt_comment":"0","content":"#新闻看点# 成立跨条线研究工作组 渤海银行积极研究推进数字人民币业务上线运行 成立跨条线研究工作组 渤海银行积极推进数字人民币业务上线运行","url":"https://m.weibo.cn/status/4679944854831839","username":"财视传媒"},{"relevant_topic_guid":"43d0a57b371e9c0274775c97d55777e5","cnt_retweet":"0","publish_time":"20210910180116","page_action_type":"07","cnt_agree":"0","topic_guid":"43d0a57b371e9c0274775c97d55777e5","userid":"6456772530","cnt_comment":"0","content":"$渤海银行 hk09668$ 渤海银行积极研究推进数字人民币业务上线运行，点击链接查看更多-\u003e渤海银行积极研究推进数字人民币业务上线运行","url":"https://m.weibo.cn/status/4679939867545338","username":"个股资讯"},{"relevant_topic_guid":"02cef1eb336db695de990e41b0d77246","cnt_retweet":"0","publish_time":"20210910172100","page_action_type":"07","cnt_agree":"0","topic_guid":"02cef1eb336db695de990e41b0d77246","userid":"2132238224","cnt_comment":"0","content":"央行谈数字货币：既不完全按照账户去管理，也不能照搬纸币去要求 9月10日消息，中国人民银行副行长范一飞表示，央行将坚持开放包容原则，组织持续优化数字人民币底层业务能力和基础技术平台，共同打造数字人民币生态体系。在规则制定方面，以中心化管理、统一认知、实现防伪为前提，充分发挥数字人民币结算效率高、隐私保护强等优势，既不能完全按照账户去管理，也不能照搬纸币去要求。","url":"https://m.weibo.cn/status/4679929734107441","username":"内心戏很足的不苟言笑"},{"relevant_topic_guid":"0ee4f4bf375515c641d7cdd273d56207","cnt_retweet":"0","publish_time":"20210910212222","page_action_type":"07","cnt_agree":"0","topic_guid":"0ee4f4bf375515c641d7cdd273d56207","userid":"6788499283","cnt_comment":"0","content":"【央行狄刚：数字货币研究所积极探索数字人民币区块链应用】人民银行数字货币研究所副所长狄刚表示，数字货币研究所积极探索数字人民币区块链应用，在发行层基于区块链构建了统一分布式账本，提升了对账效率；同时在国际清算银行创新中心的支持下，开展多边央行数字货币桥项目，探索使用分布式账本；同时也建设了贸易金融区块链平台，还承担了国家重点研发计划重大专项。（上证报） 网页链接","url":"https://m.weibo.cn/status/4679990476801364","username":"微博财经7X24小时"},{"relevant_topic_guid":"8706298e7ba28d8fa09a52eac6e3addf","cnt_retweet":"0","publish_time":"20210910212333","page_action_type":"07","cnt_agree":"0","topic_guid":"8706298e7ba28d8fa09a52eac6e3addf","userid":"3458288384","cnt_comment":"0","content":"【央行狄刚：数字货币研究所积极探索数字人民币区块链应用】金色财经报道，9月10日消息，人民银行数字货币研究所副所长狄刚表示，数字货币研究所积极探索数字人民币区块链应用，在发行层基于区块链构建了统一分布式账本，提升了对账效率；同时在国际清算银行创新中心的支持下，开展多边央行数字货币桥项目，探索使用分布式账本；同时也建设了贸易金融区块链平台，还承担了国家重点研发计划重大专项。（上证报） 全球头部的数字货币交易平台: 【币安网】入口：网页链接 【火币网】入口：网页链接","url":"https://m.weibo.cn/status/4679990773814832","username":"币圈大事件123"},{"relevant_topic_guid":"718d1b77ec472e59860cf040f6e83f1a","cnt_retweet":"0","publish_time":"20210910211448","page_action_type":"07","cnt_agree":"1","topic_guid":"718d1b77ec472e59860cf040f6e83f1a","userid":"2430033060","cnt_comment":"0","content":"财联社9月10日消息，今日，在2021中国（北京）数字金融论坛上，人民银行副行长范一飞表示，人民银行将稳步研发数字货币，提升金融服务普惠水平。下一步，从供需两方面发力，将持续优化数字人民币底层业务能力和基础技术平台，积极对外赋能，共同打造数字人民币生态体系。在规则制定方面，充分发挥数字人民币结算效率高、隐私保护强等优势，既不能完全按照账户去管理，也不能照搬纸币去要求，该打破的要打破，该约束的要约束。在技术实现方面，将充分利用现有金融基础设施，支持以传统电子支付系统之间的交互，推动不同运营机构钱包间、数字人民币、钱包与银行账户间的互联互通，实现安全与便捷的统一。在生态建设方面，充分发挥参与各方的积极性和创造性，探索产业主体共同参与、竞争选优的可持续发展模式。","url":"https://m.weibo.cn/status/4679988572591139","username":"马尹酒R"},{"relevant_topic_guid":"c885536a46a5f7fbdeb4db1d688bd6f9","cnt_retweet":"0","publish_time":"20210910215849","page_action_type":"11","cnt_agree":"0","topic_guid":"c885536a46a5f7fbdeb4db1d688bd6f9","userid":"1076684233","cnt_comment":"0","content":"转发微博 RT:@上海证券报 【鸿蒙生态场景，数字人民币来了！】9月10日，2021中国（北京）数字金融论坛在京举办。在“数字人民币与鸿蒙生态对话”分论坛上，数字人民币与鸿蒙生态的合作场景首次亮相！上海证券报微信公众号(ID：shzqbwx)，未经授权，不得转载，否则追究法律责任！鸿蒙生态场景，数字人民币来了！","url":"https://m.weibo.cn/status/4679999652626664","username":"中国证券网"},{"relevant_topic_guid":"2e382d099b9d7113ca8f7335299d0aee","cnt_retweet":"1","publish_time":"20210910214814","page_action_type":"07","cnt_agree":"2","topic_guid":"2e382d099b9d7113ca8f7335299d0aee","userid":"1315587597","cnt_comment":"0","content":"【央行数研所狄刚：积极探索数字人民币区块链应用】中国人民银行数字货币研究所副所长狄刚9月10日在2021中国（北京）数字金融论坛的平行论坛“区块链赋能数字经济高质量发展”上表示，从区块链在金融领域的行业应用看，主要包括内生改良和外部赋能两方面。央行数研所狄刚：积极探索数字人民币区块链应用","url":"https://m.weibo.cn/status/4679996986101702","username":"中国证券报"},{"relevant_topic_guid":"d0014bc6672b25e806972daf0ed3e494","cnt_retweet":"0","publish_time":"20210910211250","page_action_type":"07","cnt_agree":"0","topic_guid":"d0014bc6672b25e806972daf0ed3e494","userid":"3567657865","cnt_comment":"0","content":"感谢数字人民币","url":"https://m.weibo.cn/status/4679988076876208","username":"CRun666-UP"},{"relevant_topic_guid":"decd070629a5523f9d46bdfbbe314ad8","cnt_retweet":"0","publish_time":"20210910213731","page_action_type":"07","cnt_agree":"0","topic_guid":"decd070629a5523f9d46bdfbbe314ad8","userid":"1869600031","cnt_comment":"0","content":"2019年：老铁帮我完成个etc任务吗？2020年：小哥哥办个电子医保卡呗2021年：小姐姐办个数字人民币啊？再办张青年联名卡吧？反假币题答一下吗？等会别走我想想还有啥","url":"https://m.weibo.cn/status/4679994288379610","username":"赵蔬菜"},{"relevant_topic_guid":"f65d257cb312470e6ebb450452bd213b","cnt_retweet":"2","publish_time":"20210910215828","page_action_type":"07","cnt_agree":"1","topic_guid":"f65d257cb312470e6ebb450452bd213b","userid":"1905628462","cnt_comment":"0","content":"【鸿蒙生态场景，数字人民币来了！】9月10日，2021中国（北京）数字金融论坛在京举办。在“数字人民币与鸿蒙生态对话”分论坛上，数字人民币与鸿蒙生态的合作场景首次亮相！上海证券报微信公众号(ID：shzqbwx)，未经授权，不得转载，否则追究法律责任！鸿蒙生态场景，数字人民币来了！","url":"https://m.weibo.cn/status/4679999561139762","username":"上海证券报"},{"relevant_topic_guid":"73c53060a2b1724aad69e3f5ea306990","cnt_retweet":"9","publish_time":"20210910223003","page_action_type":"07","cnt_agree":"345","topic_guid":"73c53060a2b1724aad69e3f5ea306990","userid":"5698814585","cnt_comment":"46","content":"鸿蒙#数码资讯##数码##华为# 华为鸿蒙 HarmonyOS 将推出数字人民币原子化服务，支持收付款，卡片一键流转到智能手表","url":"https://m.weibo.cn/status/4680007509873215","username":"望北阳"},{"relevant_topic_guid":"a680d19366af8cb840bdcee1a107f45a","cnt_retweet":"38","publish_time":"20210910221803","page_action_type":"07","cnt_agree":"45","topic_guid":"a680d19366af8cb840bdcee1a107f45a","userid":"3295924870","cnt_comment":"33","content":"【央行狄刚：数字货币研究所积极探索数字人民币区块链应用】人民银行数字货币研究所副所长狄刚表示，数字货币研究所积极探索数字人民币区块链应用，在发行层基于区块链构建了统一分布式账本，提升了对账效率；同时在国际清算银行创新中心的支持下，开展多边央行数字货币桥项目，探索使用分布式账本；同时也建设了贸易金融区块链平台，还承担了国家重点研发计划重大专项。","url":"https://m.weibo.cn/status/4680004489709825","username":"东子论币"},{"relevant_topic_guid":"9b747bf513ab89c62c5ad230f4e0808b","cnt_retweet":"0","publish_time":"20210923122658","page_action_type":"11","cnt_agree":"0","topic_guid":"9b747bf513ab89c62c5ad230f4e0808b","userid":"3694121280","cnt_comment":"0","content":"电脑系统里人民币数字总量增加那么多，冲淡了存款，负数存款即贷款的人赚了，所以要投资，安全投资除了房子还有哪些 RT:@新浪山东 【#山东将上调最低工资标准# 九月底前酝酿实施】进入2021年，至少15省份最低工资标准密集上调。自2018年以来，山东实行第一档1910元、第二档1730元、第三档1550元的最低工资标准。目前，山东明确9月底前将上调最低工资标准。（中华网山东）","url":"https://m.weibo.cn/status/4684566784377432","username":"于欣_博士"},{"relevant_topic_guid":"3c271d8346438b4633e6aeb582016764","cnt_retweet":"3","publish_time":"20210923122347","page_action_type":"07","cnt_agree":"22","topic_guid":"3c271d8346438b4633e6aeb582016764","userid":"1440523370","cnt_comment":"12","content":"今天测试了一下数字人民币钱包，首先用中行APP，一打开数字人民币就需要输入支付密码，我没设置过密码呀，输错了4次就提示再错1次就锁钱包，吓死了，赶紧换建行的APP，先申请再设置支付密码，一路操作逻辑通顺，最终钱包就是长这个样子。数字人民币宣传没有账户慨念，实际上换个马甲仍有账户的慨念在里面，只不过不再是银行存款账户的慨念了。 这个数字人民币钱我也推荐使用。数字人民币背后的本质都是央行发行的法币，都是人民币基础货币。未来央行资产负债表下的储备货币将可能分成4个子项目，它们是货币发行（现金实物钞票），其它存款性公司存款（准备金存款），非金融机构存款（第3方支付100％超额储备金存款），数字人民币。从这个结构看，数字人民币规模增大，会产生对其它存款性公司存款的一种挤兑流出现象。会导致银行流动性更加紧张。 我国的数字人民币E－CNY还会继续演变。","url":"https://m.weibo.cn/status/4684565979337180","username":"BLUEHOT_LX"},{"relevant_topic_guid":"1bf3bd6e08d93d54228744fe3a937bbf","cnt_retweet":"0","publish_time":"20210923151420","page_action_type":"07","cnt_agree":"0","topic_guid":"1bf3bd6e08d93d54228744fe3a937bbf","userid":"1784598023","cnt_comment":"0","content":"去银行开会太爽啦，不用待在公司，我们这里也开始推广数字人民币啦","url":"https://m.weibo.cn/status/4684608899125909","username":"bvuvu"},{"relevant_topic_guid":"27201d9efcb89280ec460e733ef4b31d","cnt_retweet":"0","publish_time":"20210923150746","page_action_type":"07","cnt_agree":"0","topic_guid":"27201d9efcb89280ec460e733ef4b31d","userid":"2094029477","cnt_comment":"0","content":"【交行成功落地临港新片区首条氢能源公交线】近日，交通银行上海新片区分行联合上海市分行827项目组、交银金科与临港交通开展合作，顺利完成新片区首条氢能源公交线及中运量示范线数币设备的加载与调试，率先实现数字人民币在临港智能.. 网页链接","url":"https://m.weibo.cn/status/4684607247616640","username":"新能源网官方"},{"relevant_topic_guid":"cd3c90edf017ee577a70b3d93f54ec1d","cnt_retweet":"0","publish_time":"20210923152006","page_action_type":"07","cnt_agree":"0","topic_guid":"cd3c90edf017ee577a70b3d93f54ec1d","userid":"1803278047","cnt_comment":"0","content":"#蓝蓝送福利#深圳的小伙伴看过来，打开美团 App 首页搜索”数字人民币”，报名参与活动并领取相应的数字人民币低碳红包奖励，直接可以抵扣美团单车骑行费用哦！","url":"https://m.weibo.cn/status/4684610355593223","username":"中国建设银行"},{"relevant_topic_guid":"5d81349f3f3bec729456715e0f46d1d6","cnt_retweet":"1","publish_time":"20210923144403","page_action_type":"07","cnt_agree":"3","topic_guid":"5d81349f3f3bec729456715e0f46d1d6","userid":"5051077448","cnt_comment":"0","content":"实时播报：【紫光国微：与微网优联达成战略合作】9月23日，微网优联科技（成都）有限公司与紫光国微在成都签署战略合作协议。双方将在移动通信、数字人民币、物联网与智慧生活等领域深化合作，实现业务升级转型，共同探索万物智联时代发展新机遇。","url":"https://m.weibo.cn/status/4684601278333983","username":"快兰斯24小时财经直播"},{"relevant_topic_guid":"00acf6abe257b4ff8a37344a3c435fcb","cnt_retweet":"0","publish_time":"20210923145128","page_action_type":"07","cnt_agree":"0","topic_guid":"00acf6abe257b4ff8a37344a3c435fcb","userid":"1761004027","cnt_comment":"0","content":"拉卡拉助力三亚数字人民币试点活动，期间还有拉卡拉数字人民币手环免费赢！快来现场看看吧！#数字人民币##三亚##手环##拉卡拉# 拉卡拉支付的微博视频","url":"https://m.weibo.cn/status/4684603145588758","username":"拉卡拉支付"},{"relevant_topic_guid":"0e3fd14f89fa47b68d824f8e7b4d80d0","cnt_retweet":"0","publish_time":"20210923152831","page_action_type":"07","cnt_agree":"1","topic_guid":"0e3fd14f89fa47b68d824f8e7b4d80d0","userid":"7509696296","cnt_comment":"0","content":"其实大部分人跟你吹嘘自己怎么牛逼有钱的人，TM连一个月10W都挣不到 ；我15岁上网那年（1996年）一个月就挣到30万人民币了（且这辈子从那时起，每个月的收入就没有再比这个数字低过），而那个时候上海市中心2室1厅的房价是3万多点一套……","url":"https://m.weibo.cn/status/4684612469001397","username":"晨昀说情感"},{"relevant_topic_guid":"ca5df2e661cba27b19932e1cf9278503","cnt_retweet":"0","publish_time":"20210923091355","page_action_type":"07","cnt_agree":"0","topic_guid":"ca5df2e661cba27b19932e1cf9278503","userid":"6488873896","cnt_comment":"0","content":"#火讯早报# 【中国进出口银行高管：中国发行数字人民币是应对世界货币形势变化而做出的必要抉择】 火讯财经讯，中国进出口银行客户服务管理部营销政策指导处副处长刘义华在接受俄罗斯卫星通讯社记者采访时表示，中国发行数字人民币是应对世界货币形势变化而做出的必要抉择，既是为了本国货币免于非法定数字货币的冲击，也是为建立中国数字货币金融体系提供基础保障，还为世界各国发行法定数字货币积累宝贵经验。中国数字人民币在核心技术、基础设施、应用场景等方面均处于领先地位，在境外使用具有较强的国际竞争力。","url":"https://m.weibo.cn/status/4684518197300328","username":"火讯财经官方微博"},{"relevant_topic_guid":"f2014dd015b23b840fad614d9332e949","cnt_retweet":"0","publish_time":"20210923091237","page_action_type":"07","cnt_agree":"0","topic_guid":"f2014dd015b23b840fad614d9332e949","userid":"6488873896","cnt_comment":"0","content":"【汇丰集团CEO支持用央行数字货币对抗稳定币和加密货币】#数字货币# 火讯财经讯，汇丰集团首席执行官 Noel Quinn撰写了一篇文章，指出央行数字货币提供了透明的法定货币，可以规避加密货币和稳定币“许多风险”。Noel Quinn在文章中表示，像中国数字人民币这样的全球 CBDC是“数字货币的新形式”，反而像稳定币等私人货币本身“并不是什么新鲜事”，因为商业银行货币其实也是私人创造且被广泛使用，但商业银行货币都必须以央行货币为锚定并受到严密监管。所以，随着行业采用率的进一步提高，稳定币和加密货币将需要与相关风险程度相当的监管。Noel Quinn透露，汇丰银行一直积极与包括英国、法国、加拿大、新加坡、中国、泰国和阿拉伯联合酋长国在内的许多中央银行合作，为其 CBDC 项目做出贡献。","url":"https://m.weibo.cn/status/4684517875384388","username":"火讯财经官方微博"},{"relevant_topic_guid":"4263463c1982c13e9d04a414a0890dce","cnt_retweet":"0","publish_time":"20210922160711","page_action_type":"07","cnt_agree":"0","topic_guid":"4263463c1982c13e9d04a414a0890dce","userid":"1589415142","cnt_comment":"0","content":"数字人民币中签了已经可以用了","url":"https://m.weibo.cn/status/4684259811396928","username":"享受人生___"},{"relevant_topic_guid":"ff969203e484a2ae6a6c4d09f28dbe12","cnt_retweet":"0","publish_time":"20210922154803","page_action_type":"07","cnt_agree":"0","topic_guid":"ff969203e484a2ae6a6c4d09f28dbe12","userid":"1624178367","cnt_comment":"0","content":"发布了头条文章：《数字人民币进一步助力普惠金融服务》 数字人民币进一步助力普惠金融服务","url":"https://m.weibo.cn/status/4684255001314756","username":"热搜商丘"},{"relevant_topic_guid":"9a85e0e73deaa5b6501f0fb2c798a924","cnt_retweet":"0","publish_time":"20210922153908","page_action_type":"07","cnt_agree":"1","topic_guid":"9a85e0e73deaa5b6501f0fb2c798a924","userid":"5651216648","cnt_comment":"0","content":"如果没有荣耀，魅族估计也不会特意在这场发布会说一句3月接入数字人民币吧","url":"https://m.weibo.cn/status/4684252752643911","username":"苏苏Pro"},{"relevant_topic_guid":"ed5664061c49fb96a3e83cd58a481830","cnt_retweet":"2","publish_time":"20210922153455","page_action_type":"07","cnt_agree":"32","topic_guid":"ed5664061c49fb96a3e83cd58a481830","userid":"1353923294","cnt_comment":"10","content":"魅族首发高通平台的数字人民币，这次和银联合作可以云绑定，一次绑定多张。","url":"https://m.weibo.cn/status/4684251695415651","username":"Geek_Cao"},{"relevant_topic_guid":"9c01b0fc9f6a76f4a6931eb0ddb59970","cnt_retweet":"1","publish_time":"20210922153426","page_action_type":"07","cnt_agree":"103","topic_guid":"9c01b0fc9f6a76f4a6931eb0ddb59970","userid":"6533874763","cnt_comment":"2","content":"魅族18系列｜首款接入数字人民币的骁龙机我这么说总不会被荣耀删微博吧？","url":"https://m.weibo.cn/status/4684251570899366","username":"科技小宣"},{"relevant_topic_guid":"fd478047df572ca3fc5e586fb0bf5653","cnt_retweet":"0","publish_time":"20210922160242","page_action_type":"07","cnt_agree":"0","topic_guid":"fd478047df572ca3fc5e586fb0bf5653","userid":"2665496671","cnt_comment":"0","content":"【数字人民币订酒店，这批年轻人最热衷→】#数字化申活# 旅游已从奢侈品变成生活必需品。在丰富的数字人民币消费场景下，叠加部分企业的营销优惠，很多市民游客纷纷开启首次数字人民币文旅消费体验之旅。【数字化申活】数字人民币订酒店，这批年轻人最热衷→","url":"https://m.weibo.cn/status/4684258684178354","username":"经济和信息化在线-上海"},{"relevant_topic_guid":"7109ee72d850dd64f6e2a7a61b191f44","cnt_retweet":"0","publish_time":"20210922155928","page_action_type":"07","cnt_agree":"0","topic_guid":"7109ee72d850dd64f6e2a7a61b191f44","userid":"1638781061","cnt_comment":"0","content":"“量子科技，产业革命”，近日举办的首届量子产业大会，紫光国微量子通信芯片项目亮相——量子安全超级SIM卡！ 量子安全超级SIM卡，兼具SIM与大容量安全存储功能，基于高性能国产芯片的安全加密与身份鉴权认证等能力，已形成物联网终端、数字人民币、工业互联网、云卡一体等领域的落地应用。未来还将更广泛地应用基于量子技术的加密通话、视频会议、隧道、移动办公以及量子安全金融支付等技术场景……（IT之家）","url":"https://m.weibo.cn/status/4684257870482280","username":"科技频道"},{"relevant_topic_guid":"cfee364e3db64bcc82f170dd61dd9d09","cnt_retweet":"1","publish_time":"20210922153801","page_action_type":"07","cnt_agree":"6","topic_guid":"cfee364e3db64bcc82f170dd61dd9d09","userid":"1642720480","cnt_comment":"5","content":"#爱范儿云现场# 在魅族发布会上，魅族也号召大家下载国家反诈中心 App。 魅族 18 系列在今年 3 月也已经接入了数字人民币 e-CNY，如今 MEIZU Pay 联手银联基于 Token 2.0 首发实现银行卡云同步功能。 魅族还表示，Flyme 换机助手现已支持苹果 iCloud 数据迁移。方便 iPhone 用户更轻易地转变到 Android 手机阵营。 接下来，魅族要发布新一代魅族 18 系列：魅族 18s Pro 和 魅族 18s。","url":"https://m.weibo.cn/status/4684252472411634","username":"爱范儿"},{"relevant_topic_guid":"81cdc08feb46effc1ce88b9c358b5bcd","cnt_retweet":"0","publish_time":"20210922152313","page_action_type":"07","cnt_agree":"0","topic_guid":"81cdc08feb46effc1ce88b9c358b5bcd","userid":"1570532764","cnt_comment":"0","content":"专家：中国数字人民币可以在境外使用 具有较强的国际竞争力 专家：中国数字人民币可以在境外使用 具有较强的国际竞争力","url":"https://m.weibo.cn/status/4684248748131462","username":"心眼"},{"relevant_topic_guid":"6913925046d403ae4f1107e076801294","cnt_retweet":"2","publish_time":"20210922151041","page_action_type":"07","cnt_agree":"3","topic_guid":"6913925046d403ae4f1107e076801294","userid":"1697486122","cnt_comment":"1","content":"北京市海淀区数字人民币试点场景已超5000个，拉卡拉是第一家开通数字人民币受理服务的支付机构，中秋前夕，继用数字人民币形式发放工资后，首次将数字人民币作为节日福利发放到每位员工的数币钱包APP中，让员工们能在节日里和家人去景区游玩或商圈时体验更加便利的消费。后续，拉卡拉将持续加大投入，积极配合人民银行和各地政府部门，将数字人民币推广应用工作推上新的阶段。#数字人民币# 拉卡拉的微博视频","url":"https://m.weibo.cn/status/4684245598208244","username":"拉卡拉"},{"relevant_topic_guid":"6913925046d403ae4f1107e076801294","publish_time":"20210922154103","page_action_type":"08","topic_guid":"4f646d31df6d6934055df6f0f17a4904","userid":"5078905193","content":"恭喜超过5000个","url":"https://m.weibo.cn/status/4684245598208244/###4684253482189659","username":"夏季啤酒节"}]