[{"relevant_topic_guid":"2cb22e335b3f08fded33e6069b96b07c","cnt_retweet":"0","publish_time":"20210914231631","page_action_type":"08","cnt_agree":"1","topic_guid":"750ed0acdaf4ae42a6b8251e059022fa","userid":"flowtao","cnt_comment":"0","content":"@SinoGlobalCap Nice overview. Thanks for sharing. Just FYI, on slide 3 you use \"cowrie shells\" twice.","url":"https://twitter.com/flowtao/status/1437797414677762051","username":"Luisao"},{"relevant_topic_guid":"79c1b1413ecfc5fbbc53eb3f027ec56c","cnt_retweet":"0","publish_time":"20210911232017","page_action_type":"08","cnt_agree":"1","topic_guid":"da9a0085fcf02a9406f35f9ffbb5a629","userid":"BetaMoroney","cnt_comment":"0","content":"@richardturrin @abhishekbhaya @psb_dc @efipm @BrettKing @leimer @SpirosMargaris @JimMarous Congrats, Richard","url":"https://twitter.com/BetaMoroney/status/1436711198985162766","username":"Tony Moroney"},{"relevant_topic_guid":"10637b90bab481293ea9cae0304bc372","cnt_retweet":"0","publish_time":"20210908021520","page_action_type":"08","cnt_agree":"0","topic_guid":"5d95d5f31992e23ea4f94de2bee45593","userid":"Deepain_1","cnt_comment":"0","content":"@d0o4DPDSMErqvjl 有蓝牙还需要充电，这他妈跟手机钱包有什么区别？浪费时间","url":"https://twitter.com/Deepain_1/status/1435305701837004800","username":"Deepain"},{"relevant_topic_guid":"b5f257a9d7f564c6ad3be405ae091edc","cnt_retweet":"0","publish_time":"20210821235132","page_action_type":"08","cnt_agree":"0","topic_guid":"40827bd46a4d40aa3a2881fc75fd29a5","userid":"exiledsurfer","cnt_comment":"0","content":"@arbedout ditto.","url":"https://twitter.com/exiledsurfer/status/1429108919155236868","username":"exiled.jpeg"},{"relevant_topic_guid":"b5f257a9d7f564c6ad3be405ae091edc","cnt_retweet":"0","publish_time":"20210822043348","page_action_type":"08","cnt_agree":"1","topic_guid":"92992a1ca4e12b3550f0ba3b79006e3f","userid":"nomemenomoney","cnt_comment":"0","content":"@arbedout Isn\u0027t it no crisis, no cooperation therefore competing monetary blocs?","url":"https://twitter.com/nomemenomoney/status/1429179951736139776","username":"Juan Gutiérrez"},{"relevant_topic_guid":"9071d31ac95128aa5db1b2e42eb057a6","cnt_retweet":"0","publish_time":"20210821121337","page_action_type":"08","cnt_agree":"2","topic_guid":"5871ce9dcbd2eb53fb5589e5796c9d51","userid":"frenxbt","cnt_comment":"0","content":"@mattysino yeyyyyyy cant wait https://t.co/PxphBIkXZH","url":"https://twitter.com/frenxbt/status/1428933281039462407","username":"frenxbt°°°"},{"relevant_topic_guid":"457532a6b5ded3933af2ce24da83d519","cnt_retweet":"0","publish_time":"20210822135712","page_action_type":"08","cnt_agree":"0","topic_guid":"afb2547bb1d9efb97dbdf5e504d0ad2a","userid":"SubodhAtreya","cnt_comment":"0","content":"@rameshore Thank you sharing the document, which is worth applying in present context.","url":"https://twitter.com/SubodhAtreya/status/1429321739771650051","username":"Subodh Sharma"},{"relevant_topic_guid":"9071d31ac95128aa5db1b2e42eb057a6","cnt_retweet":"0","publish_time":"20210821121226","page_action_type":"08","cnt_agree":"12","topic_guid":"bb911f59a4a58e6eb02aed37fb240bc4","userid":"mattysino","cnt_comment":"0","content":"we just...give it away https://t.co/YQsC3JwRcN","url":"https://twitter.com/mattysino/status/1428932982627205121","username":"Matthew Graham"},{"relevant_topic_guid":"9071d31ac95128aa5db1b2e42eb057a6","cnt_retweet":"0","publish_time":"20210821130539","page_action_type":"08","cnt_agree":"5","topic_guid":"47b8ba38c9c9ed67709b112867a8e5b4","userid":"Soul070_","cnt_comment":"0","content":"@mattysino Sino is basically like the Avengers but for #Solana https://t.co/e6UR0bcBhJ","url":"https://twitter.com/Soul070_/status/1428946376948391942","username":"*Sir Soul of Turtle Island*"},{"relevant_topic_guid":"9071d31ac95128aa5db1b2e42eb057a6","cnt_retweet":"0","publish_time":"20210821121818","page_action_type":"08","cnt_agree":"2","topic_guid":"affc8c41438f03b7d23b52f8cb527219","userid":"jamesxv_t","cnt_comment":"0","content":"@mattysino Casually dropping alphas woooot","url":"https://twitter.com/jamesxv_t/status/1428934459059961861","username":"JamesT"},{"relevant_topic_guid":"b5f257a9d7f564c6ad3be405ae091edc","cnt_retweet":"0","publish_time":"20210821235418","page_action_type":"08","cnt_agree":"6","topic_guid":"ec286d4a8fb0bd4f80c2f0c6691e1060","userid":"arbedout","cnt_comment":"0","content":"The TL;DR summary for scenario four in the paper is:* Increased use of cryptocurrency across the board* Broken pegs, no guarantee of convertibility for weaker fiat currencies* Lack of international cooperation to deal with crises; CB swap lines still exist but rarely used","url":"https://twitter.com/arbedout/status/1429109615996846086","username":"arbed_out"},{"relevant_topic_guid":"8d37911df9e813c12c2d989e6e957540","cnt_retweet":"0","publish_time":"20210821053038","page_action_type":"08","cnt_agree":"3","topic_guid":"264f922d19414706f99b7db7953f4597","userid":"NoCatharsis4u","cnt_comment":"0","content":"yani markete o cihazı okutup npc özelliğiyle offline bir şekilde çattt diye digital yuan ile ödeme yapabiliyorsunuz. İçeriden aldığım duyumlara göre bazı amerikalı çakallar çin ile iş yapmış gibi göstererek kısmi vatandaşlık hakkı ile digital yuan depolayıp el altından satmaya","url":"https://twitter.com/NoCatharsis4u/status/1428831869311856651","username":"Ali Ege ➐"},{"relevant_topic_guid":"602c2e7d8de5124896403e80fd78f123","cnt_retweet":"0","publish_time":"20210824202503","page_action_type":"08","cnt_agree":"2","topic_guid":"c7c2cc569c98836f459c39237e4eb47c","userid":"cocogachilove","cnt_comment":"0","content":"@klryuC0C0 说得大水灾能用纸钱买一样*","url":"https://twitter.com/cocogachilove/status/1430144118047445000","username":"C*C*CoCo No.2"},{"relevant_topic_guid":"68379397e2397ebe70f531c869446600","cnt_retweet":"0","publish_time":"20210820142647","page_action_type":"08","cnt_agree":"0","topic_guid":"4ddd0dff942f79e9dd2f06e3fe08c6b3","userid":"Athenains_off","cnt_comment":"0","content":"@CoinDesk @egreechee https://t.co/5M1yaKNGny","url":"https://twitter.com/Athenains_off/status/1428604406975635459","username":"ATHENA INS /Revolutionizing the world of insurance"},{"relevant_topic_guid":"d6b7e9766d3c87e1c49e817ebe4d99be","cnt_retweet":"0","publish_time":"20210825181125","page_action_type":"08","cnt_agree":"0","topic_guid":"99374deb753a82785837cbea3c10e1b5","userid":"Barrypp_ZZX","cnt_comment":"0","content":"@Transistor00 @riverscn 数字货币有很强的优点么？","url":"https://twitter.com/Barrypp_ZZX/status/1430472876902084608","username":"Barrypp.zzx"},{"relevant_topic_guid":"68379397e2397ebe70f531c869446600","cnt_retweet":"0","publish_time":"20210820142642","page_action_type":"08","cnt_agree":"1","topic_guid":"fd8cc0db5fbb1691dee0454e5a65f5a0","userid":"cryptogamingpro","cnt_comment":"0","content":"@CoinDesk @egreechee https://t.co/IzS3Lfh8ss","url":"https://twitter.com/cryptogamingpro/status/1428604386977013762","username":"cryptogaming.eth"},{"relevant_topic_guid":"d6b7e9766d3c87e1c49e817ebe4d99be","cnt_retweet":"0","publish_time":"20210825151659","page_action_type":"08","cnt_agree":"0","topic_guid":"34181637bcfb3061fd59b719ebbbe661","userid":"VincentMucid","cnt_comment":"0","content":"@Transistor00 @riverscn 还是得用吧，aa和点餐之类","url":"https://twitter.com/VincentMucid/status/1430428978116894721","username":"Vincent Mucid"},{"relevant_topic_guid":"602c2e7d8de5124896403e80fd78f123","cnt_retweet":"0","publish_time":"20210824212119","page_action_type":"08","cnt_agree":"4","topic_guid":"2bb6b9161bf4d8a2472255754ad5d988","userid":"MERAYEN3","cnt_comment":"0","content":"@klryuC0C0 水灾断电那会不是政府供应生活物资吗，太君又来一知半解了","url":"https://twitter.com/MERAYEN3/status/1430158279355731968","username":"梅尔卡瓦"},{"relevant_topic_guid":"68379397e2397ebe70f531c869446600","cnt_retweet":"0","publish_time":"20210820142741","page_action_type":"08","cnt_agree":"0","topic_guid":"1c28b94831d738630072004f1071fdc1","userid":"yacub91","cnt_comment":"0","content":"@CoinDesk @egreechee Whats is e-CNY","url":"https://twitter.com/yacub91/status/1428604631928737793","username":"investors"},{"relevant_topic_guid":"68379397e2397ebe70f531c869446600","cnt_retweet":"0","publish_time":"20210820170339","page_action_type":"08","cnt_agree":"0","topic_guid":"654a29c56b8184b4d3d173494d0dc928","userid":"EAlmirakis","cnt_comment":"0","content":"@CoinDesk @egreechee **‍♂️ Healthcare Heroes $HERO**‍♂️https://t.co/pm5K8sK23pJoin us helping healthcare heroes all around the world   #healthcareworkers #cryptocurrency #bitcoin #crypto #blockchain #forex #money #ethereum #trading #bitcoinmining #investment #forextrader #business #hospitals #covid19","url":"https://twitter.com/EAlmirakis/status/1428643884180049926","username":"GREEK SXM CRYPTO"},{"relevant_topic_guid":"019b8a4d1c23f2159d96a7617c1c11da","cnt_retweet":"0","publish_time":"20210824014429","page_action_type":"08","cnt_agree":"0","topic_guid":"dbc83c930bd2c2f170e71b724582c80a","userid":"dragrnovlayins","cnt_comment":"0","content":"@jamespan002 Bingo。挤出民间财富的目的，越来越清晰，都不是“犹抱琵琶半遮面”了。包括对于地下洗钱活动的打击，对于数字币挖矿的打击。都是要节流，把流出的阀门关到最小。向海外转移资金，就好像宋向辽和金交的岁币，算是对中国进入全球化体系交的入场会员费。既然要退出全球化，自然要断供这点姨又看准了。","url":"https://twitter.com/dragrnovlayins/status/1429862120695287808","username":"走曲线的猫***"},{"relevant_topic_guid":"bc8534616bd8f7b4e547e9b063cb3d71","cnt_retweet":"0","publish_time":"20210818123057","page_action_type":"08","cnt_agree":"0","topic_guid":"1984f62a2481a30c7b9d30039634f664","userid":"usfcx","cnt_comment":"0","content":"China has done an amazing job of using digital banking to increase financial inclusion; it\u0027s simply that Big Chinese Tech dominated early efforts. Regulators will likely be delighted if the digital yuan succeeds in limiting Alipay and WeChat Pay\u0027s dominance, he believes.","url":"https://twitter.com/usfcx/status/1427850482161127424","username":"USFCX Center"},{"relevant_topic_guid":"22ac42b7217190522180d2ef06c9d896","cnt_retweet":"0","publish_time":"20210819001628","page_action_type":"08","cnt_agree":"1","topic_guid":"f55faedbddcc8ef4572003fc41519dd1","userid":"geogao","cnt_comment":"0","content":"@pstAsiatech I got a wallet from my ICBC app. Did in a second (mobile phone verification code, set password and done).  Transferred money into it and now looking forward to using it at the convenient store at my office lobby.  They have a sign indicating acceptance.","url":"https://twitter.com/geogao/status/1428028030602121216","username":"Geo"},{"relevant_topic_guid":"1e78ecdfb5701baa80958af57a5d99e3","cnt_retweet":"0","publish_time":"20210816125325","page_action_type":"08","cnt_agree":"0","topic_guid":"0d579baa57e232a1362d30eeba3116ef","userid":"usfcx","cnt_comment":"0","content":"The growth of other CBDCs may also bring more international transactions closer to central banks\u0027 state power.#usfcxcenter #omgworldfoundation","url":"https://twitter.com/usfcx/status/1427131360318083075","username":"USFCX Center"},{"relevant_topic_guid":"300e4fa7ca11482e56f7af192d0d361d","cnt_retweet":"0","publish_time":"20210816125323","page_action_type":"08","cnt_agree":"0","topic_guid":"b4a355f7c30aff73583f927b9d31ef51","userid":"usfcx","cnt_comment":"0","content":"What the government can and should do with this new form of money is uncertain. According to the Chinese central bank, it collects less transaction data than regular electronic payments.","url":"https://twitter.com/usfcx/status/1427131348964167684","username":"USFCX Center"},{"relevant_topic_guid":"58a548602a4187440de771591a86af45","cnt_retweet":"0","publish_time":"20210820202501","page_action_type":"08","cnt_agree":"0","topic_guid":"aeec5aa7d0254c487f64bb9184345c9a","userid":"tianfuxuaoyao","cnt_comment":"0","content":"@LiHengqing 不现实↣老人小孩用不了↣而且他们买东西的时候很多……","url":"https://twitter.com/tianfuxuaoyao/status/1428694560641671172","username":"男人会做菜没有人爱"},{"relevant_topic_guid":"fb042133522f2617eb75976ddb500f81","cnt_retweet":"0","publish_time":"20210820105715","page_action_type":"08","cnt_agree":"1","topic_guid":"09be49356f233791dfabd5cbdfba0477","userid":"OkTelegraph","cnt_comment":"0","content":"除了国有六大行，还包括中信、光大、招行、浦发、民生、平安、广发和浙商等股份制银行，以及北京、上海、江苏、南京、苏州、杭州、华融湘江、长沙、重庆、泸州、西安、宁波、青岛等银行。此外，河北农信、苏州农商行、江苏农信、成都农商行、四川农信及深圳农商行等位列其中。","url":"https://twitter.com/OkTelegraph/status/1428551677410373637","username":"OK Telegraph"},{"relevant_topic_guid":"dcba379780b63891788f40166c18e868","cnt_retweet":"0","publish_time":"20210820124634","page_action_type":"08","cnt_agree":"0","topic_guid":"70d0704ca26ca566f14f37ba2ec6d7d0","userid":"dasha_jiangqing","cnt_comment":"0","content":"@QiangXu15 这个社会还有隐私吗","url":"https://twitter.com/dasha_jiangqing/status/1428579185711226884","username":"大厦将倾"},{"relevant_topic_guid":"8311ed3a153c8ee0f5db71672e6840eb","cnt_retweet":"0","publish_time":"20210822114149","page_action_type":"08","cnt_agree":"0","topic_guid":"aaba91272adeb968bba4c28215aaa3be","userid":"yoonkook771","cnt_comment":"0","content":"@Kirk__Matt 请问有截图吗？还没来得及围观就ban了","url":"https://twitter.com/yoonkook771/status/1429287666126790657","username":"yoonkook77"},{"relevant_topic_guid":"15818acc86e34dd21cad8f4faba718f8","cnt_retweet":"0","publish_time":"20210821193933","page_action_type":"08","cnt_agree":"0","topic_guid":"9e9d0a86106519c2584f17d37456ac4a","userid":"Alexjandro990","cnt_comment":"0","content":"@WolrdBlue 我觉得咱们讨论的不是一个问题。或者这么理解吧，他对传统货币学提出了挑战，如果解决了这个问题，我觉得值得一个诺贝尔。","url":"https://twitter.com/Alexjandro990/status/1429045505628147717","username":"Alexjandro Bernard"},{"relevant_topic_guid":"68379397e2397ebe70f531c869446600","cnt_retweet":"0","publish_time":"20210820164509","page_action_type":"08","cnt_agree":"0","topic_guid":"a08876024db306e80f5aae03387be175","userid":"JonasNissen9","cnt_comment":"0","content":"@CoinDesk @egreechee U.S is shaking","url":"https://twitter.com/JonasNissen9/status/1428639227617726468","username":"Jonas Nissen"},{"relevant_topic_guid":"68379397e2397ebe70f531c869446600","cnt_retweet":"0","publish_time":"20210820142801","page_action_type":"08","cnt_agree":"0","topic_guid":"dcedf9b2e98eda3a5f7978e762a514c8","userid":"KevinAl10180229","cnt_comment":"0","content":"@CoinDesk @egreechee https://t.co/pEzNnalTPe","url":"https://twitter.com/KevinAl10180229/status/1428604719291936769","username":"Kaz Alvarez"},{"relevant_topic_guid":"68379397e2397ebe70f531c869446600","cnt_retweet":"0","publish_time":"20210820143840","page_action_type":"08","cnt_agree":"0","topic_guid":"4258328725691ac7e3816900e89bb30d","userid":"MidasXrp","cnt_comment":"0","content":"@CoinDesk @egreechee U.S will no longer be at the top. Maybe its time they rank down low. .","url":"https://twitter.com/MidasXrp/status/1428607398541889536","username":"Grei Counts"},{"relevant_topic_guid":"68379397e2397ebe70f531c869446600","cnt_retweet":"0","publish_time":"20210820165805","page_action_type":"08","cnt_agree":"0","topic_guid":"b87193a81f6ea76f82ceaa0abc23da1d","userid":"Stephstallion21","cnt_comment":"0","content":"@CoinDesk @egreechee ****","url":"https://twitter.com/Stephstallion21/status/1428642483056087040","username":"Stephanie Stallion"},{"relevant_topic_guid":"68379397e2397ebe70f531c869446600","cnt_retweet":"0","publish_time":"20210820182218","page_action_type":"08","cnt_agree":"0","topic_guid":"32c8e44cb273488c9c9bac606e5c3db5","userid":"Jeremia21983331","cnt_comment":"0","content":"@CoinDesk @egreechee Hope U.S does the same thing but I\u0027m pretty its a nah.","url":"https://twitter.com/Jeremia21983331/status/1428663676286865413","username":"Jeremiah Nicholson"},{"relevant_topic_guid":"d316ff0b7d72ac404234d08f3c48b2be","cnt_retweet":"0","publish_time":"20210820011224","page_action_type":"08","cnt_agree":"0","topic_guid":"02bbf9ae648ceb6fbdca0c3589d18da4","userid":"thelittlenomnom","cnt_comment":"0","content":"@ChinaStealthWar * i would trust my money to a duck than Chinese \"virtual\" currency **","url":"https://twitter.com/thelittlenomnom/status/1428404493612355586","username":"The Little NomNomNom"},{"relevant_topic_guid":"68379397e2397ebe70f531c869446600","cnt_retweet":"0","publish_time":"20210822183018","page_action_type":"08","cnt_agree":"0","topic_guid":"a6f404b08fdc1e065f8ecd16a3b23d09","userid":"janedoejnr","cnt_comment":"0","content":"@CoinDesk @egreechee China needs to rise up against the CC, and take their country \u0026amp; lives back...#CCPOutOfUSPolitics#CCPOutOfUSMedia#CCPoutOfUSSchools#CCPOutOfTheUSA#DeathToTheCCP#TrumpWasRight","url":"https://twitter.com/janedoejnr/status/1429390465602781187","username":"janedoejnr"},{"relevant_topic_guid":"55c6e5231a1205fd8c908cb5d349e00f","cnt_retweet":"0","publish_time":"20210820153257","page_action_type":"08","cnt_agree":"0","topic_guid":"e8f385ad26c8c0e1e92f1277476d04bf","userid":"wurutoraman","cnt_comment":"0","content":"@MoodysInvSvc Digital currency would be a nuke weapon for a totalitarian regime as they can invalidate the assets of anyone they deemed as against them.","url":"https://twitter.com/wurutoraman/status/1428621059398332416","username":"91 Ultraman"},{"relevant_topic_guid":"265d61975932e022396506db52cd34ff","cnt_retweet":"0","publish_time":"20210825162924","page_action_type":"08","cnt_agree":"0","topic_guid":"48d5a368cb40ce8c1a3ba53ad59f98ea","userid":"Chr1stmas98176","cnt_comment":"0","content":"@Bullshit_105_01 意味着我手机里的钱都称得上是零钱了","url":"https://twitter.com/Chr1stmas98176/status/1430447202497826820","username":"贫嘴户-郝同志"},{"relevant_topic_guid":"15ea52e16149cd9cca218adef83f8b0c","cnt_retweet":"0","publish_time":"20210813234335","page_action_type":"08","cnt_agree":"0","topic_guid":"65d2f1f8b6f121ce393600d8d654926d","userid":"kulczers1979","cnt_comment":"0","content":"@BogatyMen @LukasKobierski @jagodagrondecka @PulsLewantu @KWojczal @FilippDM @MStefan92 @pawel_behrendt @BoguslawPacek @PKugiel @A_Swidzinski @PiotrZychowicz Czytaj ,Somalia teraz...","url":"https://twitter.com/kulczers1979/status/1426207817040605189","username":"P.K. **"},{"relevant_topic_guid":"c40066ca0409976232ce19349ab8898e","cnt_retweet":"0","publish_time":"20210822133737","page_action_type":"08","cnt_agree":"0","topic_guid":"1a3f7d80aae718048bcfc41bbecaac86","userid":"swallow727","cnt_comment":"0","content":"@wxjsxf 赞*","url":"https://twitter.com/swallow727/status/1429316808922722304","username":"swallow727（互fo**必回）"},{"relevant_topic_guid":"692d9625502d50ef73b2e263cdf5ff83","cnt_retweet":"0","publish_time":"20210811213027","page_action_type":"08","cnt_agree":"0","topic_guid":"6bed3a2df3dfe7807ede8e584c229633","userid":"thechinaguys","cnt_comment":"0","content":"* Foreign distressed debt managers are welcoming China\u0027s risky debt with open arms. Warburg Pincus, a US$60 billion dollar PE fund, is launching a JV in China to target distressed opportunities. The firm has committed US$600 million to non-performing loans and rescue financing.","url":"https://twitter.com/thechinaguys/status/1425449534533120006","username":"The China Guys"},{"relevant_topic_guid":"3221a739e46a0a356c050aaeb0c2d221","cnt_retweet":"0","publish_time":"20210821194439","page_action_type":"08","cnt_agree":"1","topic_guid":"a4ef4970af754da44132b52771f62131","userid":"shhgs","cnt_comment":"0","content":"@WolrdBlue @Alexjandro990 我以前推过比特币的一点东西，包括区块链是什么东西，你们可以去看看。","url":"https://twitter.com/shhgs/status/1429046787088728074","username":"雪夜读书"},{"relevant_topic_guid":"93e4161845a63da5528d6b3ce8b367b0","cnt_retweet":"0","publish_time":"20210818123058","page_action_type":"08","cnt_agree":"0","topic_guid":"331acca5729b93fa070706fba45587c9","userid":"usfcx","cnt_comment":"0","content":"The adoption of a digital yen has the potential to increase the efficiency of Japan\u0027s payment and settlement systems. It would allow payments to be made outside of usual banking hours and offline.","url":"https://twitter.com/usfcx/status/1427850486644760583","username":"USFCX Center"},{"relevant_topic_guid":"dcba379780b63891788f40166c18e868","cnt_retweet":"1","publish_time":"20210820231054","page_action_type":"08","cnt_agree":"2","topic_guid":"897e46555812675739dc284975742137","userid":"QiangXu15","cnt_comment":"0","content":"https://t.co/kER0syielq","url":"https://twitter.com/QiangXu15/status/1428736305840549895","username":"文强 wen qiang"},{"relevant_topic_guid":"ed59698c0d8c343d370d310ff4a8c6a4","cnt_retweet":"0","publish_time":"20210823152206","page_action_type":"08","cnt_agree":"0","topic_guid":"0328ce8c9d07644934ad1704f3689507","userid":"OkTelegraph","cnt_comment":"0","content":"（36氪）#Bitcoin","url":"https://twitter.com/OkTelegraph/status/1429705490473230336","username":"OK Telegraph"},{"relevant_topic_guid":"b31ce044b97a0220b405a154e9516ff5","cnt_retweet":"1","publish_time":"20210823104822","page_action_type":"08","cnt_agree":"2","topic_guid":"822a5b0f72d2d9d0a1f0572e837bcf29","userid":"forrest_chu1","cnt_comment":"0","content":"@caixin_news 我个人瞎猜: 有一些当年只是对计划生育政策不满的华人移民，是不是会决定回国呢？因为海外的生存现状不一定比国内好。","url":"https://twitter.com/forrest_chu1/status/1429636603513696260","username":"Forrest(阿甘，禮尚往來，淡推中)"},{"relevant_topic_guid":"9307d39cf2f6bab31aba9c4bca17db6b","cnt_retweet":"0","publish_time":"20210824112559","page_action_type":"08","cnt_agree":"0","topic_guid":"bef6af800bfd51caa8fe3d089d77bb8a","userid":"OkTelegraph","cnt_comment":"0","content":"加快与量子计算、区块链技术融合发展，提供多层次智能算力服务，实现数据中心从数据存储型向计算型转变；重点支持区块链技术及支撑系统、量子科技等新一代信息技术研发应用；","url":"https://twitter.com/OkTelegraph/status/1430008459089436675","username":"OK Telegraph"},{"relevant_topic_guid":"c9f351b8d6984c8b647fa7644f472e75","cnt_retweet":"0","publish_time":"20201009095150","page_action_type":"07","cnt_agree":"0","topic_guid":"c9f351b8d6984c8b647fa7644f472e75","userid":"liz9993","cnt_comment":"0","content":"深圳在发数字人民币红包，预约摇号制，然后到罗湖区指定商家消费。大批群众对这福利欢欣雀跃，感谢党感谢政府之情溢于言表。","url":"https://twitter.com/liz9993/status/1314383034355859456","username":"Lee"},{"relevant_topic_guid":"83ce075952e9830e3b70fa42918063ac","cnt_retweet":"0","publish_time":"20201009135144","page_action_type":"07","cnt_agree":"2","topic_guid":"83ce075952e9830e3b70fa42918063ac","userid":"boyhdl","cnt_comment":"0","content":"深圳罗湖区数字人民币消费红包来了，iOS数字人民币app还没上架！#数字人民币 https://t.co/OMDixD0Xhg","url":"https://twitter.com/boyhdl/status/1314443410741231622","username":"酷纳马塔塔"},{"relevant_topic_guid":"af9c663b8b4402a7147814d276d5ce94","cnt_retweet":"0","publish_time":"20201009150241","page_action_type":"07","cnt_agree":"0","topic_guid":"af9c663b8b4402a7147814d276d5ce94","userid":"eurochdaily","cnt_comment":"0","content":"深圳发放1000万元数字人民币红包】为推进粤港澳大湾区建设，结合本地促消费政策，深圳市人民政府近期联合人民银行开展了数字人民币红包试点。10月8日，记者从深圳市政务服务数据管理局获悉，此次活动面向在深个人发放1000万元数字人民币红包，每个红包金额为200元，红包数量共计5万个。","url":"https://twitter.com/eurochdaily/status/1314461265855688705","username":"欧洲侨报"},{"relevant_topic_guid":"e68dc91a07249a4a7db739fe87c69cc9","cnt_retweet":"0","publish_time":"20210909104038","page_action_type":"08","cnt_agree":"0","topic_guid":"be0f89791cd40575c758de86014a1d51","userid":"OkTelegraph","cnt_comment":"0","content":"中国非常适合采用数字货币，原因是中国当前普遍使用类似的产品，比如微信支付和支付宝，这些数字支付系统是世界上使用最多的支付系统。在北京等大城市，这些资金转移支付的方法非常普遍，反倒是使用现金变得非常罕见，甚至街头的乞讨者还随身带二维码接受捐赠。","url":"https://twitter.com/OkTelegraph/status/1435795252556664834","username":"OK Telegraph"},{"relevant_topic_guid":"db9855887f914db079c5c539506180bc","cnt_retweet":"0","publish_time":"20210922104220","page_action_type":"08","cnt_agree":"0","topic_guid":"2caecae2cb5cae2c631ff59f2c63fdaa","userid":"SpartansHold","cnt_comment":"0","content":"@CurrencyWar1 @Lingling_Wei @WSJ The question is how many DCEP did they send to Gensler’s wallet monday?","url":"https://twitter.com/SpartansHold/status/1440506721915400195","username":"Johnny Whitaker"},{"relevant_topic_guid":"9ac7be3283d2562041e955da0041805c","cnt_retweet":"0","publish_time":"20210922212613","page_action_type":"08","cnt_agree":"1","topic_guid":"ddaa6a2c78f95eb5f5cd8905dbc65673","userid":"JourneyTrade","cnt_comment":"0","content":"@CurrencyWar1 @GaryGensler @SecYellen I thought @garygensler was somewhat supportive of blockchain and crypto, with China digitallizing their economy, I dont think they should rule out crypto.","url":"https://twitter.com/JourneyTrade/status/1440668762336677891","username":"Trade the journey"},{"relevant_topic_guid":"5180a3337c629702164a9ba83d294d0c","cnt_retweet":"0","publish_time":"20210919155231","page_action_type":"08","cnt_agree":"0","topic_guid":"f828cc9aab8a58a0c41d013df0c10be3","userid":"Jaiyed2","cnt_comment":"0","content":"@Crypto_Freakie wadu hek","url":"https://twitter.com/Jaiyed2/status/1439497617721884674","username":"Jaiyed"},{"relevant_topic_guid":"e7ec78147e5df6c312fb731a0d701f38","cnt_retweet":"0","publish_time":"20210920132042","page_action_type":"08","cnt_agree":"2","topic_guid":"6d6989d51b06e9179545a2334bce5400","userid":"FrancoisOuell15","cnt_comment":"0","content":"@wmhuo168 Countries under US sanctions will be the first adopters of the DCEP. Iran, Russia. Once it is seen to be successful, others will follow.","url":"https://twitter.com/FrancoisOuell15/status/1439821800720920581","username":"Francois Ouellette 方老师"},{"relevant_topic_guid":"2cb22e335b3f08fded33e6069b96b07c","cnt_retweet":"0","publish_time":"20210914001613","page_action_type":"08","cnt_agree":"5","topic_guid":"4d091c8971beb94fa5f1264b4a20042c","userid":"SinoGlobalCap","cnt_comment":"0","content":"Also available on:Medium - https://t.co/hNytu7gwtXGithub - https://t.co/G2RhDPgzGASino - https://t.co/5L9fG9comBResearch by @dermotmcg","url":"https://twitter.com/SinoGlobalCap/status/1437450049567412225","username":"Sino Global Capital"},{"relevant_topic_guid":"a7b6f607c8848f7b6441dceea9583f5f","cnt_retweet":"0","publish_time":"20210914111106","page_action_type":"08","cnt_agree":"0","topic_guid":"40f15c949328eb4949d641dd30c11e13","userid":"iamwaaaan","cnt_comment":"0","content":"@biantaisuobiao 厉害！！！！！","url":"https://twitter.com/iamwaaaan/status/1437614856857956352","username":"wanwan"},{"relevant_topic_guid":"a32e7de2330546565dd59cde350ad6a5","cnt_retweet":"0","publish_time":"20210915111302","page_action_type":"08","cnt_agree":"0","topic_guid":"0919ae6c91b758d6622f90e39b278a5c","userid":"Getrealorelse","cnt_comment":"0","content":"@earlatt 你自己读读https://t.co/FZd3s4TgAD","url":"https://twitter.com/Getrealorelse/status/1437977732441427980","username":"Get Real"},{"relevant_topic_guid":"133579bb83a2aba23d8fa1e8b7b6730b","cnt_retweet":"0","publish_time":"20210920103839","page_action_type":"08","cnt_agree":"1","topic_guid":"7085d3c8b0e380cb2b4aea7d585c28f9","userid":"richardturrin","cnt_comment":"0","content":"@nafisalam @thetokenist @Xbond49 @ravidugh Thanks for sharing!","url":"https://twitter.com/richardturrin/status/1439781020606373892","username":"Richard Turrin"},{"relevant_topic_guid":"726d56600bc11729bbec3c7cff3ff1fb","cnt_retweet":"0","publish_time":"20210920232123","page_action_type":"08","cnt_agree":"2","topic_guid":"d97ab6b6978c84e58abb099b2d6fbb31","userid":"tomcat16888","cnt_comment":"0","content":"@Hoyooyoo 当年看到个用酒瓶子盖的房子。 多喝酒争取用酒瓶子盖个房子。","url":"https://twitter.com/tomcat16888/status/1439972966775902208","username":"tomcat"},{"relevant_topic_guid":"46d839a72c25c2e52add5825199ca03d","cnt_retweet":"0","publish_time":"20210922194130","page_action_type":"08","cnt_agree":"0","topic_guid":"7b03246e037e0005240b1d9e6d8f26b8","userid":"MihaStele","cnt_comment":"0","content":"@richardturrin @SpirosMargaris @timmyhmshen @ForKastNews @psb_dc @efipm @BrettKing @leimer @BetaMoroney *","url":"https://twitter.com/MihaStele/status/1440642407666642958","username":"Miha Stele"},{"relevant_topic_guid":"726d56600bc11729bbec3c7cff3ff1fb","cnt_retweet":"0","publish_time":"20210921061430","page_action_type":"08","cnt_agree":"1","topic_guid":"779b32c9d02b0b83cfe0d1c5daea7e7d","userid":"Targaryen_Lucif","cnt_comment":"0","content":"@Hoyooyoo 不会是白酒了吧，你没看到新闻吗？茅台现货暴跌","url":"https://twitter.com/Targaryen_Lucif/status/1440076932545081351","username":"Go"},{"relevant_topic_guid":"2787dc66e2558b92d10bc657f0dff616","cnt_retweet":"0","publish_time":"20210918220645","page_action_type":"08","cnt_agree":"4","topic_guid":"0e3d28ad78b9c0670a2bfa7c39ab3ff6","userid":"tanvi_ratna","cnt_comment":"0","content":"The scenario of having a #DigitalRupee in India has advanced from ideation to implementation, though it is currently in the research stage. According to the Governor of #RBI, India may be ready to test a digital rupee as 2021 comes to a close","url":"https://twitter.com/tanvi_ratna/status/1439229408447905792","username":"Tanvi Ratna"},{"relevant_topic_guid":"726d56600bc11729bbec3c7cff3ff1fb","cnt_retweet":"0","publish_time":"20210921203030","page_action_type":"08","cnt_agree":"0","topic_guid":"ebfd81b777ac90fc6cd00e2e20c2d6ea","userid":"johnyupd","cnt_comment":"0","content":"@Hoyooyoo 借酒消愁？*","url":"https://twitter.com/johnyupd/status/1440292352396955655","username":"周云"},{"relevant_topic_guid":"726d56600bc11729bbec3c7cff3ff1fb","cnt_retweet":"0","publish_time":"20210921081807","page_action_type":"08","cnt_agree":"0","topic_guid":"55d0c40546857bfe61715f2dba36a259","userid":"HopesoGlobalist","cnt_comment":"0","content":"@Hoyooyoo 这个确实经典，今年酒类饮料的消费绝对暴增，尤其烈性酒。","url":"https://twitter.com/HopesoGlobalist/status/1440108042717057028","username":"ABCDE"},{"relevant_topic_guid":"3216487a30fc503bbcd4e78c3eb680a6","cnt_retweet":"0","publish_time":"20210917212449","page_action_type":"08","cnt_agree":"0","topic_guid":"9896a683245d1789fda5f1538bac0b9f","userid":"yanghuibin3980","cnt_comment":"0","content":"@myfxtrader 青天白日阿弥陀佛","url":"https://twitter.com/yanghuibin3980/status/1438856470120984580","username":"yanghuibin3980"},{"relevant_topic_guid":"726d56600bc11729bbec3c7cff3ff1fb","cnt_retweet":"0","publish_time":"20210921081326","page_action_type":"08","cnt_agree":"1","topic_guid":"31f82baa740c7476e600282c7f392e35","userid":"ake88048955","cnt_comment":"0","content":"@Hoyooyoo 只能喝酒了。*","url":"https://twitter.com/ake88048955/status/1440106860804120580","username":"Trader L"},{"relevant_topic_guid":"726d56600bc11729bbec3c7cff3ff1fb","cnt_retweet":"0","publish_time":"20210920231739","page_action_type":"08","cnt_agree":"0","topic_guid":"849b59f7d6dc139c34ff7de6d1d592c8","userid":"hz13fs","cnt_comment":"0","content":"@Hoyooyoo 为啥是白酒板块呢","url":"https://twitter.com/hz13fs/status/1439972029952712710","username":"Tiddler"},{"relevant_topic_guid":"174d54bc323b50600af1a12b116dc566","cnt_retweet":"0","publish_time":"20210914204057","page_action_type":"08","cnt_agree":"0","topic_guid":"32286f4837313411140f2dd6c8fad54a","userid":"hee_sophia","cnt_comment":"0","content":"@davidgerard https://t.co/UgAKhpDFdy","url":"https://twitter.com/hee_sophia/status/1437758266356862976","username":"Sophia Hee"},{"relevant_topic_guid":"c7f1ea3723af2d21eef239070136977b","cnt_retweet":"0","publish_time":"20210919154542","page_action_type":"08","cnt_agree":"0","topic_guid":"b8f9c29a13ab6562e3832f26fb3e0959","userid":"LucaProsperi","cnt_comment":"0","content":"7/ Central banks are trying to minimise monetary policy implications, with a simple substitution of reserve balances for w-CBDC for project Helvetia, and a non-interest paying nature for retail CBDCs","url":"https://twitter.com/LucaProsperi/status/1439495903023411200","username":"Luca Prosperi"},{"relevant_topic_guid":"e9a5d061e93f328acd2025f529333730","cnt_retweet":"0","publish_time":"20210910143121","page_action_type":"08","cnt_agree":"1","topic_guid":"36ea2c54570115b5bb8faada70c17ec4","userid":"ruchern_chong","cnt_comment":"0","content":"@richardturrin E-Yuan in the form of crypto is an obvious fake. Hope people don’t fall for it.","url":"https://twitter.com/ruchern_chong/status/1436215701769916439","username":"Ru Chern Chong"},{"relevant_topic_guid":"de933e2f208d195bc2e8cdea457e7f9a","cnt_retweet":"0","publish_time":"20210825173528","page_action_type":"08","cnt_agree":"0","topic_guid":"9c37972c1e02166661f49e16e70a29fa","userid":"Venox31710","cnt_comment":"0","content":"@leboncoincrypto Get BTC by joining Coinbase Party on @coinbaseparty site *","url":"https://twitter.com/Venox31710/status/1430463831059222537","username":"@exslavebutnowyking"},{"relevant_topic_guid":"de933e2f208d195bc2e8cdea457e7f9a","cnt_retweet":"0","publish_time":"20210825173525","page_action_type":"08","cnt_agree":"0","topic_guid":"0aaee5f819c4d652623cf40e93378d2e","userid":"maripero13","cnt_comment":"0","content":"@leboncoincrypto Get BTC by joining Coinbase Party on @coinbaseparty site *","url":"https://twitter.com/maripero13/status/1430463818077855749","username":"Angie"},{"relevant_topic_guid":"966f024a427a1b0fe3fee2650ef67938","cnt_retweet":"0","publish_time":"20210826150413","page_action_type":"08","cnt_agree":"0","topic_guid":"97eec735bd7bcac649cca2c0936439d1","userid":"RadekGiz","cnt_comment":"0","content":"@ChinaScience Super :)","url":"https://twitter.com/RadekGiz/status/1430788156090105856","username":"Radek Giz"},{"relevant_topic_guid":"c4729cec9bf5234577f3f05b0a7d6278","cnt_retweet":"0","publish_time":"20210827191105","page_action_type":"08","cnt_agree":"2","topic_guid":"dfe12b39e126b1710ee2a2419a2c23ec","userid":"RamsSulli","cnt_comment":"0","content":"@antont71 Goodbuy banks, hello control?","url":"https://twitter.com/RamsSulli/status/1431212667306381316","username":"Ramsey Sullivan"},{"relevant_topic_guid":"966f024a427a1b0fe3fee2650ef67938","cnt_retweet":"0","publish_time":"20210826150851","page_action_type":"08","cnt_agree":"0","topic_guid":"f9a23ace3129384c2ba11a33d2d7fda7","userid":"ZardozD","cnt_comment":"0","content":"@ChinaScience Whatever !  It is necessarily obtained from Real currency before !","url":"https://twitter.com/ZardozD/status/1430789322530304005","username":"René Levae"},{"relevant_topic_guid":"a142f78950444fbcfc487772c45537d2","cnt_retweet":"0","publish_time":"20210830183315","page_action_type":"08","cnt_agree":"0","topic_guid":"6be9c932d5c68667db61db69fc90f641","userid":"digitalbnkr","cnt_comment":"0","content":"Above chart sourced from attached @MoneyWeek article by @dominicfrisby. Good thoughtful piece on a topic that surprisingly hasn\u0027t had much air time of late. BTC/Crypto read across seems logical.https://t.co/OxFkPEvfE2","url":"https://twitter.com/digitalbnkr/status/1432290310256738307","username":"Digital BankΞr"},{"relevant_topic_guid":"c4729cec9bf5234577f3f05b0a7d6278","cnt_retweet":"0","publish_time":"20210828210522","page_action_type":"08","cnt_agree":"0","topic_guid":"0648218651bc401b710d2650ee1c5ab4","userid":"Benson95Dav","cnt_comment":"0","content":"@antont71 Let\u0027s wait and see!","url":"https://twitter.com/Benson95Dav/status/1431603818471493635","username":"David Benson"},{"relevant_topic_guid":"c4729cec9bf5234577f3f05b0a7d6278","cnt_retweet":"0","publish_time":"20210828082213","page_action_type":"08","cnt_agree":"0","topic_guid":"84dff4e744e9f89ed5896a3e7b6b1a11","userid":"DanWhit58721178","cnt_comment":"0","content":"@antont71 It\u0027ll become more centralizated","url":"https://twitter.com/DanWhit58721178/status/1431411762952278020","username":"Dan White"},{"relevant_topic_guid":"c4729cec9bf5234577f3f05b0a7d6278","cnt_retweet":"0","publish_time":"20210827222354","page_action_type":"08","cnt_agree":"2","topic_guid":"1980c7b515eb032c647aa9de9c09ab56","userid":"BaileyRedg","cnt_comment":"0","content":"@antont71 @antont71 what do you think about this? How will this affect the current leaders in mobile payments in the PRC - #Alipay, and #WeChat?","url":"https://twitter.com/BaileyRedg/status/1431261191909879809","username":"Reggie Bailey"},{"relevant_topic_guid":"c4729cec9bf5234577f3f05b0a7d6278","cnt_retweet":"0","publish_time":"20210828193915","page_action_type":"08","cnt_agree":"0","topic_guid":"d19a4ae517c7ef2b6f6bd47348ad2885","userid":"ChristophBu77","cnt_comment":"0","content":"@antont71 To much centralizations","url":"https://twitter.com/ChristophBu77/status/1431582145710116867","username":"Christopher Butler"},{"relevant_topic_guid":"c4729cec9bf5234577f3f05b0a7d6278","cnt_retweet":"0","publish_time":"20210829004029","page_action_type":"08","cnt_agree":"0","topic_guid":"5e1d6b894c8243d16a099bf75549cb7e","userid":"RobertsssDave","cnt_comment":"0","content":"@antont71 This will clearly make their situation worse!","url":"https://twitter.com/RobertsssDave/status/1431657950867824642","username":"Dave Roberts"},{"relevant_topic_guid":"966f024a427a1b0fe3fee2650ef67938","cnt_retweet":"0","publish_time":"20210826194324","page_action_type":"08","cnt_agree":"0","topic_guid":"b8c51eba0513f9bc0fb41bc6a3598850","userid":"shemezimanaAim2","cnt_comment":"0","content":"@ChinaScience ok","url":"https://twitter.com/shemezimanaAim2/status/1430858412791848963","username":"shemezimana Aimable"},{"relevant_topic_guid":"c4729cec9bf5234577f3f05b0a7d6278","cnt_retweet":"0","publish_time":"20210828004441","page_action_type":"08","cnt_agree":"2","topic_guid":"2b815b469c2322f4004d19dbe73fb790","userid":"ShaineClark","cnt_comment":"0","content":"@antont71 They ban #Bitcoin but provide the digital #yuan interesting","url":"https://twitter.com/ShaineClark/status/1431296620864446471","username":"Shaine Clark"},{"relevant_topic_guid":"c4729cec9bf5234577f3f05b0a7d6278","cnt_retweet":"0","publish_time":"20210827191152","page_action_type":"08","cnt_agree":"3","topic_guid":"dd46fbb75ebeea26af7108eb50f197ef","userid":"NKositsyn","cnt_comment":"0","content":"@antont71 I don\u0027t think that\u0027s the good way","url":"https://twitter.com/NKositsyn/status/1431212867097931778","username":"Nick_Kositsyn"},{"relevant_topic_guid":"c4729cec9bf5234577f3f05b0a7d6278","cnt_retweet":"0","publish_time":"20210828070131","page_action_type":"08","cnt_agree":"0","topic_guid":"2225a7909a66a2469f7870726f5e1386","userid":"SamFish83870513","cnt_comment":"0","content":"@antont71 Good question","url":"https://twitter.com/SamFish83870513/status/1431391454979575812","username":"Sam Fisher"},{"relevant_topic_guid":"3a7e2605daa1120db34e4b5679a41bce","cnt_retweet":"0","publish_time":"20210826160400","page_action_type":"08","cnt_agree":"0","topic_guid":"f4de828eaee4ef81602037c3c6c8103b","userid":"Anna_Steve_07","cnt_comment":"0","content":"@SilingWu https://t.co/5oT6AnJtzR","url":"https://twitter.com/Anna_Steve_07/status/1430803197812043781","username":"Anna Steve"},{"relevant_topic_guid":"c4729cec9bf5234577f3f05b0a7d6278","cnt_retweet":"0","publish_time":"20210829054856","page_action_type":"08","cnt_agree":"0","topic_guid":"c423833aca02263f9a0d249dcfbc257d","userid":"Evs_Tommy","cnt_comment":"0","content":"@antont71 Time will show","url":"https://twitter.com/Evs_Tommy/status/1431735575342628867","username":"Thomas Evans"},{"relevant_topic_guid":"c4729cec9bf5234577f3f05b0a7d6278","cnt_retweet":"0","publish_time":"20210830015133","page_action_type":"08","cnt_agree":"0","topic_guid":"7e4364a963e4ad0258f0c54119a0fc63","userid":"WeberMiklos","cnt_comment":"0","content":"@antont71 Bad affect","url":"https://twitter.com/WeberMiklos/status/1432038224462028805","username":"Miklos Weber"},{"relevant_topic_guid":"c4729cec9bf5234577f3f05b0a7d6278","cnt_retweet":"0","publish_time":"20210829233859","page_action_type":"08","cnt_agree":"0","topic_guid":"2b783957a0db59c7a6c26c0fa2d40a15","userid":"MJDavisson","cnt_comment":"0","content":"@antont71 They try to centralize the #crypto market?","url":"https://twitter.com/MJDavisson/status/1432004861676204036","username":"Michael Davison"},{"relevant_topic_guid":"39916e297d69ce83e50077ba3c825b07","cnt_retweet":"0","publish_time":"20210826044817","page_action_type":"08","cnt_agree":"1","topic_guid":"1115ed83a63771865a2a6f6911462139","userid":"samstargazer","cnt_comment":"0","content":"@RizWanKenobi_ well that\u0027s the thing, I don\u0027t think the Chinese will float it freely as stable coins. very likely it\u0027ll operate in a permissioned network and only available if you\u0027re buying or selling them something.","url":"https://twitter.com/samstargazer/status/1430633151953580032","username":"samiayub.eth"},{"relevant_topic_guid":"c4729cec9bf5234577f3f05b0a7d6278","cnt_retweet":"0","publish_time":"20210830004032","page_action_type":"08","cnt_agree":"0","topic_guid":"fec1865ca48398f8d8ab910d2bd55cd7","userid":"CarlLopes007","cnt_comment":"0","content":"@antont71 will not be reflected in any way at the beginning. It takes time to adapt!","url":"https://twitter.com/CarlLopes007/status/1432020351555416067","username":"Carl Lopes"},{"relevant_topic_guid":"c4729cec9bf5234577f3f05b0a7d6278","cnt_retweet":"0","publish_time":"20210829190000","page_action_type":"08","cnt_agree":"0","topic_guid":"d1db731e8799793ab36a70203269c12a","userid":"MeryBooBoo","cnt_comment":"0","content":"@antont71 Will they oblige Olympic guests to purchase local digital currency?","url":"https://twitter.com/MeryBooBoo/status/1431934655079620611","username":"Mery Boo"},{"relevant_topic_guid":"c4729cec9bf5234577f3f05b0a7d6278","cnt_retweet":"0","publish_time":"20210830191647","page_action_type":"08","cnt_agree":"0","topic_guid":"81c2160aeaac30f653a82b00630e0562","userid":"wilfrid_morris","cnt_comment":"0","content":"@antont71 It\u0027ll crash them","url":"https://twitter.com/wilfrid_morris/status/1432301267930390529","username":"Wilfrid Morris"},{"relevant_topic_guid":"c4729cec9bf5234577f3f05b0a7d6278","cnt_retweet":"0","publish_time":"20210829214439","page_action_type":"08","cnt_agree":"0","topic_guid":"95af683a82ee32771225726d1e80196c","userid":"JoHigster","cnt_comment":"0","content":"@antont71 Buy #Bitcoin","url":"https://twitter.com/JoHigster/status/1431976092622102530","username":"Joseph Higgins"},{"relevant_topic_guid":"f464ff3d031c26f9fe43cc87a47be23a","cnt_retweet":"0","publish_time":"20210826043444","page_action_type":"08","cnt_agree":"0","topic_guid":"a51bf2c93929d0d074276488a07269c4","userid":"samstargazer","cnt_comment":"0","content":"BSN in theory can extend towards all countries of the B\u0026amp;R project, allowing for instant banking and monetary interoperability","url":"https://twitter.com/samstargazer/status/1430629739237154821","username":"samiayub.eth"},{"relevant_topic_guid":"c4729cec9bf5234577f3f05b0a7d6278","cnt_retweet":"0","publish_time":"20210831180602","page_action_type":"08","cnt_agree":"0","topic_guid":"c068b08d522d6f00fffb88e2bf4a24eb","userid":"IdrisBroParker","cnt_comment":"0","content":"@antont71 It\u0027s hard to say","url":"https://twitter.com/IdrisBroParker/status/1432645850124128268","username":"Idris Parker"},{"relevant_topic_guid":"c4729cec9bf5234577f3f05b0a7d6278","cnt_retweet":"0","publish_time":"20210830030827","page_action_type":"08","cnt_agree":"0","topic_guid":"d564c3a3bd78eab53863b041e7cb32fd","userid":"DannyMo13891837","cnt_comment":"0","content":"@antont71 Let\u0027s see","url":"https://twitter.com/DannyMo13891837/status/1432057579442692104","username":"Danny Moss"},{"relevant_topic_guid":"cfa53b656b85ca370f69868836c8cc18","cnt_retweet":"0","publish_time":"20210909181206","page_action_type":"08","cnt_agree":"1","topic_guid":"35864e06f88b839c84e25e37800d3f79","userid":"pear14525902","cnt_comment":"0","content":"@sunxiao0228 @CrabNJ @sylichao1 不重要，别人还能肉偿呢，怎么都可以","url":"https://twitter.com/pear14525902/status/1435908868119224325","username":"革命中的*老师**"}]