[{"relevant_topic_guid":"ec0dece4462f5277460086147593d3f6","cnt_retweet":"0","publish_time":"20210717073243","page_action_type":"07","cnt_agree":"0","topic_guid":"ec0dece4462f5277460086147593d3f6","userid":"ryanjclements","cnt_comment":"0","content":"Link to the PBoC\u0027s Whitepaper for the e-CNY (digital currency) - just released today https://t.co/xLwele7eCl","url":"https://twitter.com/ryanjclements/status/1416179016915054593","username":"Ryan Clements"},{"relevant_topic_guid":"0cf923acc93882ec68e74e0af0547140","cnt_retweet":"1","publish_time":"20210716154046","page_action_type":"07","cnt_agree":"5","topic_guid":"0cf923acc93882ec68e74e0af0547140","userid":"myfxtrader","cnt_comment":"2","content":"《中国数字人民币的研发进展白皮书》新内容：可编程性。数字人民币通过加载不影响货币功能的智能合约实现可编程性，使数字人民币在确保安全与合规的前提下，可根据交易双方商定的条件、规则进行自动支付交易。e-CNY的技术路线选择是一个长期演进、持续迭代、动态升级的过程https://t.co/GCiL5LegOL","url":"https://twitter.com/myfxtrader/status/1415939450522144775","username":"外汇交易员"},{"relevant_topic_guid":"05f0f6895322c30e421f03d532dccefa","cnt_retweet":"0","publish_time":"20210716195835","page_action_type":"07","cnt_agree":"0","topic_guid":"05f0f6895322c30e421f03d532dccefa","userid":"leiphone_com","cnt_comment":"0","content":"中国央行：未来将探索数字人民币跨境支付试点 https://t.co/mJ0dr7JLus https://t.co/N6248lpue1 https://t.co/r457KjbQqk","url":"https://twitter.com/leiphone_com/status/1416004332324102147","username":"雷锋网"},{"relevant_topic_guid":"aa23bb8d5e734643541fbec6555086d3","cnt_retweet":"0","publish_time":"20210716160258","page_action_type":"07","cnt_agree":"0","topic_guid":"aa23bb8d5e734643541fbec6555086d3","userid":"hsz825482","cnt_comment":"0","content":"中国人民银行：数字人民币具有匿名性（可控匿名） https://t.co/elUTmCFJ98","url":"https://twitter.com/hsz825482/status/1415945038832361473","username":"hsz"},{"relevant_topic_guid":"012e96f5deff551a961e3d4f1ccbe4f7","cnt_retweet":"0","publish_time":"20210716151506","page_action_type":"07","cnt_agree":"0","topic_guid":"012e96f5deff551a961e3d4f1ccbe4f7","userid":"ChainNewscom","cnt_comment":"0","content":"【中国数字人民币的研发进展白皮书：继续数字人民币研发试点不预设推出时间表】链闻消息，中国人民银行研发工作组发布《中国数字人民币的研发进展白皮书》。白皮书中表示，研发试验已基本完成顶层设计、功能研发、系统调试等工作，正遵循稳步…… https://t.co/xbxacRjkIG","url":"https://twitter.com/ChainNewscom/status/1415932992401330179","username":"链闻 ChainNews"},{"relevant_topic_guid":"54c6fb5e138b1c5d47fef893442b68e4","cnt_retweet":"0","publish_time":"20210716163507","page_action_type":"07","cnt_agree":"0","topic_guid":"54c6fb5e138b1c5d47fef893442b68e4","userid":"cherryMin8","cnt_comment":"0","content":"我已在赛道上。中国数字人民币的研发进展白皮书：https://t.co/oMNve9HNVI https://t.co/C79eqa2PAa","url":"https://twitter.com/cherryMin8/status/1415953129682526211","username":"cherryMin"},{"relevant_topic_guid":"fe211729b5a2a9b53be867291f2cb6c5","cnt_retweet":"0","publish_time":"20210716200844","page_action_type":"07","cnt_agree":"0","topic_guid":"fe211729b5a2a9b53be867291f2cb6c5","userid":"gedianshh","cnt_comment":"0","content":"数字人民币“硬钱包”提速测试会影响虚拟货币吗？比特币还有未来吗？#数字人民币#区块链#比特币 https://t.co/R6EbtDhVAP via @YouTube","url":"https://twitter.com/gedianshh/status/1416006885837131776","username":"格典生活"},{"relevant_topic_guid":"0377dfb6df253f21493bae45f0c40da5","cnt_retweet":"0","publish_time":"20210717064655","page_action_type":"07","cnt_agree":"0","topic_guid":"0377dfb6df253f21493bae45f0c40da5","userid":"BitcoinFNewsES","cnt_comment":"0","content":"China considera explorar e-CNY para pagos transfronterizos https://t.co/gBG5v6LCvl","url":"https://twitter.com/BitcoinFNewsES/status/1416167490212835334","username":"Bitcoin Feed News ES"},{"relevant_topic_guid":"aac93a8b76d4d847cc89d4ec70e4abb9","cnt_retweet":"1","publish_time":"20210717073433","page_action_type":"07","cnt_agree":"2","topic_guid":"aac93a8b76d4d847cc89d4ec70e4abb9","userid":"CEGVwdqCiXLJjbj","cnt_comment":"0","content":"中国央行周五表示，将探索启动使用数字货币 e-CNY 进行跨境支付试点计划的可能性。","url":"https://twitter.com/CEGVwdqCiXLJjbj/status/1416179476208173057","username":"Chun yu 春雨"},{"relevant_topic_guid":"38a14c3359461873543cffdd150d149e","cnt_retweet":"0","publish_time":"20210717054124","page_action_type":"07","cnt_agree":"0","topic_guid":"38a14c3359461873543cffdd150d149e","userid":"cryptosrocket","cnt_comment":"0","content":"People’s Bank of China (PBOC) Published the First e-CNY Whitepaper, Confirms Smart C... https://t.co/vcicSm8n2R #cny #pboc #whitepaper","url":"https://twitter.com/cryptosrocket/status/1416151001506189318","username":"Cryptos Rocket"},{"relevant_topic_guid":"167e224afeb43eba6a94e2ff0d5e9737","cnt_retweet":"0","publish_time":"20210717070538","page_action_type":"07","cnt_agree":"0","topic_guid":"167e224afeb43eba6a94e2ff0d5e9737","userid":"ElVrother","cnt_comment":"0","content":"China’s first e-CNY whitepaper confirms smart contract programmability https://t.co/u1zZ8nDlNA","url":"https://twitter.com/ElVrother/status/1416172200030244866","username":"El Vrother"},{"relevant_topic_guid":"625677628dbc7a1a9e62949102ac6158","cnt_retweet":"0","publish_time":"20210716162721","page_action_type":"07","cnt_agree":"1","topic_guid":"625677628dbc7a1a9e62949102ac6158","userid":"DeFi666","cnt_comment":"0","content":"【DeFi123今日资讯】-第46天1、 以太坊基金会官方公告：伦敦升级将于8月3日至5日之间在主网激活；2、灰度增持ZEN、ZEC3、5月21日以来持有100-10000 BTC的地址增持10万枚BTC4、上海银行首批数字人民币试点商户成功落地；5、Uniswap推出六项改进及新功能，包括自动收费等级选择等；","url":"https://twitter.com/DeFi666/status/1415951174818177024","username":"DeFi123"},{"relevant_topic_guid":"8cfdaeb625510ed02602809b24ca4b65","cnt_retweet":"0","publish_time":"20210717062808","page_action_type":"07","cnt_agree":"1","topic_guid":"8cfdaeb625510ed02602809b24ca4b65","userid":"johnmorganFL","cnt_comment":"0","content":"China considers exploring e-CNY for cross-border paymentshttps://t.co/QusnetbNtY","url":"https://twitter.com/johnmorganFL/status/1416162763517407237","username":"John Morgan"},{"relevant_topic_guid":"7895021924c30aaf4f9bfe7e6f8f98df","cnt_retweet":"0","publish_time":"20210716154432","page_action_type":"07","cnt_agree":"0","topic_guid":"7895021924c30aaf4f9bfe7e6f8f98df","userid":"hermesstrategy","cnt_comment":"0","content":"7月16日，中国人民银行发布《中国数字人民币的研发进展白皮书》 https://t.co/ii7Doy5fKi https://t.co/j3yMGAhKhl","url":"https://twitter.com/hermesstrategy/status/1415940398552424448","username":"Hermes strategygroup"},{"relevant_topic_guid":"e5ab31cd1f977b88f7f2830783d0f175","cnt_retweet":"0","publish_time":"20210717065335","page_action_type":"07","cnt_agree":"2","topic_guid":"e5ab31cd1f977b88f7f2830783d0f175","userid":"mundo_china","cnt_comment":"0","content":"A China irá explorar possibilidades para o lançamento de esquemas-piloto para usar a moeda digital, e-CNY, para pagamentos internacionais, disse o banco central na sexta-feira. https://t.co/I1oByGP4ir","url":"https://twitter.com/mundo_china/status/1416169168437747717","username":"Mundo China"},{"relevant_topic_guid":"97ea2df6e38e5add5f4eed3a6b4f6882","cnt_retweet":"0","publish_time":"20210716153456","page_action_type":"07","cnt_agree":"0","topic_guid":"97ea2df6e38e5add5f4eed3a6b4f6882","userid":"WayneNj","cnt_comment":"0","content":"央行发布中国数字人民币研发进展白皮书 https://t.co/Da88q5i87A","url":"https://twitter.com/WayneNj/status/1415937980729110529","username":"wayne_lc"},{"relevant_topic_guid":"4167b810585e48d26ede6d632deb12ab","cnt_retweet":"0","publish_time":"20210717054103","page_action_type":"07","cnt_agree":"0","topic_guid":"4167b810585e48d26ede6d632deb12ab","userid":"LatestcryptoN","cnt_comment":"0","content":"China considers exploring e-CNY for cross-border payments https://t.co/VUTsFb0gVH","url":"https://twitter.com/LatestcryptoN/status/1416150914377863169","username":"Latestcrypto.news - Latest Crypto News 24/7 **"},{"relevant_topic_guid":"80495b6c5042c053be9253af6441635a","cnt_retweet":"0","publish_time":"20210717054935","page_action_type":"07","cnt_agree":"1","topic_guid":"80495b6c5042c053be9253af6441635a","userid":"m4ktub2","cnt_comment":"0","content":"The best feature of e-CNY is its \"managed anonymity\".","url":"https://twitter.com/m4ktub2/status/1416153062037762049","username":"Cláudio Gil"},{"relevant_topic_guid":"bab6f5e9aa1eb95f5a4ff88bf174b805","cnt_retweet":"0","publish_time":"20210717053748","page_action_type":"07","cnt_agree":"0","topic_guid":"bab6f5e9aa1eb95f5a4ff88bf174b805","userid":"ambcrypto_sp","cnt_comment":"0","content":"China considera explorar e-CNY para pagos transfronterizos https://t.co/ttd545QtD8","url":"https://twitter.com/ambcrypto_sp/status/1416150094961856514","username":"AMBCrypto Spanish"},{"relevant_topic_guid":"74ba55e02b4b306513032ab1a239c756","cnt_retweet":"0","publish_time":"20210717053739","page_action_type":"07","cnt_agree":"0","topic_guid":"74ba55e02b4b306513032ab1a239c756","userid":"DerekTMcKinney","cnt_comment":"0","content":"*** #knownews #AMBCrypto #bitcoin #bnb #CryptoCurrency #ethereum #xrp China considers exploring e-CNY for  https://t.co/EExbqqdnzu","url":"https://twitter.com/DerekTMcKinney/status/1416150057737285632","username":"DTM"},{"relevant_topic_guid":"af48a6460952e7df06abc6efced629d3","cnt_retweet":"0","publish_time":"20210717061812","page_action_type":"07","cnt_agree":"0","topic_guid":"af48a6460952e7df06abc6efced629d3","userid":"criptikoES","cnt_comment":"0","content":"China dará un paso más en su misión de lanzar la moneda electrónica digital del país. Según un informe reciente que cita el PBoC, el país explorará posibilidades relacionadas con el lanzamiento de esquemas piloto para usar la moneda digital, e-CNY, para … https://t.co/lseLpRtESA","url":"https://twitter.com/criptikoES/status/1416160263980691459","username":"cripto-noticias"},{"relevant_topic_guid":"62114a79c99919ff5aa217fcaf873e2b","cnt_retweet":"3","publish_time":"20210717053918","page_action_type":"07","cnt_agree":"3","topic_guid":"62114a79c99919ff5aa217fcaf873e2b","userid":"btc_manager","cnt_comment":"0","content":"#China’s e-CNY White Paper Criticizes Bitcoin; Reveals #CBDC Project Uses Smart Contract BY: Anthonia Isicheihttps://t.co/n29eEFIAVO #CentralBankDigitalCurrency #DigitalYuan #ECNY #PBOC https://t.co/OVeBRsTHvv","url":"https://twitter.com/btc_manager/status/1416150473934098437","username":"BTCMANAGER"},{"relevant_topic_guid":"1958431a8b4ceed7f295e000904693c9","cnt_retweet":"4","publish_time":"20210717053347","page_action_type":"07","cnt_agree":"5","topic_guid":"1958431a8b4ceed7f295e000904693c9","userid":"CryptoAmb","cnt_comment":"4","content":"#China considers exploring e-CNY for cross-border paymentshttps://t.co/2YKn9oXrnE","url":"https://twitter.com/CryptoAmb/status/1416149085590069252","username":"AMBCrypto"},{"relevant_topic_guid":"24939ec7a734eb68729658f3849867e8","cnt_retweet":"0","publish_time":"20210717061347","page_action_type":"07","cnt_agree":"0","topic_guid":"24939ec7a734eb68729658f3849867e8","userid":"kevin_bhz","cnt_comment":"0","content":"La chine a release le whitepaper du Yuan digital le e-CNYI love the fact that people without bank accounts or foreigners/travellers will be able to open an e-CNY wallet to meet daily payments  https://t.co/nyKjpUalV8","url":"https://twitter.com/kevin_bhz/status/1416159152628453382","username":"Rakim jah"},{"relevant_topic_guid":"26268129322b67cf1045cdc0d5893281","cnt_retweet":"0","publish_time":"20210717051804","page_action_type":"07","cnt_agree":"0","topic_guid":"26268129322b67cf1045cdc0d5893281","userid":"pompcoin","cnt_comment":"0","content":"China\u0027s first e-CNY whitepaper confirms smart contract programmability - The Block Crypto https://t.co/jltF9bmcov","url":"https://twitter.com/pompcoin/status/1416145131762159616","username":"Pompcoin"},{"relevant_topic_guid":"0da9f3f8abb257dc67e7072eaf481f16","cnt_retweet":"0","publish_time":"20210717053505","page_action_type":"07","cnt_agree":"0","topic_guid":"0da9f3f8abb257dc67e7072eaf481f16","userid":"roccodallas","cnt_comment":"0","content":"China considers exploring e-CNY for cross-border payments https://t.co/cT7Pxph3JE #News #News1 #Social #TradingView https://t.co/4z5bgUiHZb","url":"https://twitter.com/roccodallas/status/1416149411990802433","username":"bit.trail"},{"relevant_topic_guid":"bb95956c97041dde087e894b17b99b1b","cnt_retweet":"0","publish_time":"20210717050204","page_action_type":"07","cnt_agree":"0","topic_guid":"bb95956c97041dde087e894b17b99b1b","userid":"rhbtoday","cnt_comment":"0","content":"China\u0027s e-CNY White Paper Criticizes Bitcoin; Reveals CBDC Project Uses Smart Contract https://t.co/U4zEqystBK","url":"https://twitter.com/rhbtoday/status/1416141104865431553","username":"Hourly latest on Crypto, Fintech and Blockchain"},{"relevant_topic_guid":"c01f8883bf2071a2af5fd0b768a66879","cnt_retweet":"0","publish_time":"20210717033202","page_action_type":"07","cnt_agree":"0","topic_guid":"c01f8883bf2071a2af5fd0b768a66879","userid":"kentimsit","cnt_comment":"0","content":"China’s e-CNY whitepaper confirms programmability, defined as \"smart contracts that don\u0027t impair monetary functions, such as self-executing payments according to predefined conditions or terms agreed between two sides\". Interested to see use cases.https://t.co/8P5CUJrnyU https://t.co/hvDM0qnmuv","url":"https://twitter.com/kentimsit/status/1416118446732029960","username":"ken timsit"},{"relevant_topic_guid":"5cdb84210fc13dfaf73b728a7ee21fc1","cnt_retweet":"1","publish_time":"20210717034355","page_action_type":"07","cnt_agree":"3","topic_guid":"5cdb84210fc13dfaf73b728a7ee21fc1","userid":"alcotex6688","cnt_comment":"0","content":"China to explore e-CNY cross-border payment programs: central bank https://t.co/w7v9KuG1Ig","url":"https://twitter.com/alcotex6688/status/1416121438738817027","username":"George Papp"},{"relevant_topic_guid":"b3f93f2604169c9a046c151a6f6f30de","cnt_retweet":"0","publish_time":"20210717031121","page_action_type":"07","cnt_agree":"0","topic_guid":"b3f93f2604169c9a046c151a6f6f30de","userid":"DanielSzego3","cnt_comment":"0","content":"Digital Yuan (E-CNY) whitepaper has been published.Progress Progress of Research Research Research Research \u0026amp; Development Development Development Developmentof E-CNY in China: https://t.co/cHLZMQg1vx","url":"https://twitter.com/DanielSzego3/status/1416113240891867139","username":"Daniel Szego"},{"relevant_topic_guid":"3e12389e1ee01207c12f94294d804d39","cnt_retweet":"0","publish_time":"20210717024535","page_action_type":"07","cnt_agree":"0","topic_guid":"3e12389e1ee01207c12f94294d804d39","userid":"crypto_news_19","cnt_comment":"1","content":"Breaking: Chinese Central Bank Releases White Paper For Digital Yuan (e-CNY) - https://t.co/wXvLpS9Nt1","url":"https://twitter.com/crypto_news_19/status/1416106758297300993","username":"Crypto News 19 ❁"},{"relevant_topic_guid":"61e207dfdb793708a5f670abb6f0a626","cnt_retweet":"0","publish_time":"20210823001755","page_action_type":"08","cnt_agree":"1","topic_guid":"854fdf1a1c16c93725f1955179870917","userid":"none56_67","cnt_comment":"0","content":"@Gaitondu @SurenderMotiXi One thing only thing but I won\u0027t name it, who knows it might get banned ...I typed banned , it was autocorrected to BANGED .. I must say autocorrect was not wrong..BTW it\u0027s e-CNY","url":"https://twitter.com/none56_67/status/1429477946121625607","username":"none56"},{"relevant_topic_guid":"cd5b372738da128b9cb7e2b4caec857b","cnt_retweet":"0","publish_time":"20210821164527","page_action_type":"08","cnt_agree":"1","topic_guid":"c3d4710609214d8b1c64792c302af12e","userid":"tommag127","cnt_comment":"0","content":"@kvsfinance The People\u0027s Bank of China (PBOC) stated in a new whitepaper that it is using smart contracts for its digital Yuan or e-CNY.","url":"https://twitter.com/tommag127/status/1429001689898618882","username":"The hunter"},{"relevant_topic_guid":"b6f0db37fad585d9235ed56f8890705c","cnt_retweet":"0","publish_time":"20210907165604","page_action_type":"07","cnt_agree":"0","topic_guid":"b6f0db37fad585d9235ed56f8890705c","userid":"jingbojingbo88","cnt_comment":"0","content":"数字人民币已支持跨省缴纳电费 - 金色财经报道，网上国网“云终端”昨日顺利上线数字人民币跨省电费缴纳功能，在国网电商公司的大力支持下，数字人民币跨省缴纳电费功能顺利实现。这意味着不仅是苏州市内的用户，长三角青吴嘉三地乃至全国的所有电力用户均可以通过网上国网云终端，使用数字人民币为","url":"https://twitter.com/jingbojingbo88/status/1435164956484411392","username":"景博"},{"relevant_topic_guid":"d2d7a01aeec78d33266d5b0203a76da1","cnt_retweet":"0","publish_time":"20210907231213","page_action_type":"07","cnt_agree":"0","topic_guid":"d2d7a01aeec78d33266d5b0203a76da1","userid":"6FZlqFNPUgCoCy0","cnt_comment":"0","content":"聚焦2021服贸会 | 数字人民币飞入寻常百姓家https://t.co/al1hg8rwY8","url":"https://twitter.com/6FZlqFNPUgCoCy0/status/1435259619903885314","username":"郑钱"},{"relevant_topic_guid":"a87838acb498343ac34e0fafd614641f","cnt_retweet":"0","publish_time":"20210907171237","page_action_type":"07","cnt_agree":"0","topic_guid":"a87838acb498343ac34e0fafd614641f","userid":"OkTelegraph","cnt_comment":"1","content":"【数字人民币已支持跨省缴纳电费】9月7日消息，网上国网“云终端”昨日顺利上线数字人民币跨省电费缴纳功能，在国网电商公司的大力支持下，数字人民币跨省缴纳电费功能顺利实现。#digitalcurrency","url":"https://twitter.com/OkTelegraph/status/1435169122627698690","username":"OK Telegraph"},{"relevant_topic_guid":"33553442ae899be3fc82b87ea60eed00","cnt_retweet":"0","publish_time":"20210907210552","page_action_type":"07","cnt_agree":"0","topic_guid":"33553442ae899be3fc82b87ea60eed00","userid":"PEkCEeZFG4M6p3A","cnt_comment":"0","content":"用数字人民币消费、看“黑科技”护航北京冬奥会……这届服贸会有哪些“科技感”？https://t.co/RX3M4IZQGr","url":"https://twitter.com/PEkCEeZFG4M6p3A/status/1435227821970837507","username":"在路上"},{"relevant_topic_guid":"4099988c5edff903a59d486dc13feffd","cnt_retweet":"0","publish_time":"20210908165338","page_action_type":"07","cnt_agree":"0","topic_guid":"4099988c5edff903a59d486dc13feffd","userid":"OkTelegraph","cnt_comment":"1","content":"【数字人民币首个养老服务场景落地】9月8日消息，北京大家保险养老社区成为数字人民币落地的首个养老服务场景。大家保险养老社区展位在北京首钢园区“数字金融示范区”亮相，服贸会期间，大家保险数字人民币展位接待咨询者近千人次，接待智能胸卡体验者三百余人。#Bitcoin #Blockchain","url":"https://twitter.com/OkTelegraph/status/1435526733113950209","username":"OK Telegraph"},{"relevant_topic_guid":"63a4501344df6a5d4bd5d6eaa322df15","cnt_retweet":"1","publish_time":"20210907090447","page_action_type":"07","cnt_agree":"3","topic_guid":"63a4501344df6a5d4bd5d6eaa322df15","userid":"li16620344","cnt_comment":"0","content":"数字人民币正在全力推广中 https://t.co/YZinULhMyg","url":"https://twitter.com/li16620344/status/1435046355664195587","username":"雷鸣（雅典娜圣斗士）"},{"relevant_topic_guid":"d61be1e1ae224e8100ecdd3f3971b174","cnt_retweet":"0","publish_time":"20210909081004","page_action_type":"07","cnt_agree":"0","topic_guid":"d61be1e1ae224e8100ecdd3f3971b174","userid":"jingbojingbo88","cnt_comment":"0","content":"天喻信息计划在数据安全及数字人民币系列产品产业化项目投资 6.1 亿元 - 金色财经报道，9 月 8 日晚，天喻信息发布公告称，公司拟以 10.99 元 / 股价格，向闫春雨锁价定增募资不超过 13.5 亿元，用于数据安全及数字人民币系列产品产业化及物联网安全模组产品产业化两个项","url":"https://twitter.com/jingbojingbo88/status/1435757359893209089","username":"景博"},{"relevant_topic_guid":"de781b5e3751344790adb7dea1b416df","cnt_retweet":"10","publish_time":"20210907090513","page_action_type":"07","cnt_agree":"7","topic_guid":"de781b5e3751344790adb7dea1b416df","userid":"li16620344","cnt_comment":"0","content":"CCP正在加速推进人民币及DCEP数字人民币的国际化，正式向美元发起挑战！这正是文贵先生讲的北京证券交易所的真实目的。********* https://t.co/vT7FG2VEq1","url":"https://twitter.com/li16620344/status/1435046462124032000","username":"雷鸣（雅典娜圣斗士）"},{"relevant_topic_guid":"82cb20088beb5104f7a65c66e1a3d7e2","cnt_retweet":"0","publish_time":"20210908103411","page_action_type":"07","cnt_agree":"0","topic_guid":"82cb20088beb5104f7a65c66e1a3d7e2","userid":"gaodonghai1","cnt_comment":"0","content":"选好口味，用手机碰一碰机器，一杯飘香的咖啡马上到手。在位于首钢园的服贸会金融服务专题展区，观众们清晰感受到扑面而来的数字科技浪潮。数字人民币，正在飞入寻常百姓家。从一杯咖啡开始 尝鲜数字人民币","url":"https://twitter.com/gaodonghai1/status/1435431240556072966","username":"gaodonghai"},{"relevant_topic_guid":"46fcb94199edcdd37b955cb9c952e5f5","cnt_retweet":"2","publish_time":"20210907052633","page_action_type":"07","cnt_agree":"5","topic_guid":"46fcb94199edcdd37b955cb9c952e5f5","userid":"chen88888899","cnt_comment":"0","content":"听说北京冬季奥运会会场及周边设施将试运行数字人民币支付！每一次大战的背后其真正的目的就是争夺货币权……#抵制2022北京冬奥会#喜美元 #喜币 #喜交易所  https://t.co/RooLk0MKqq","url":"https://twitter.com/chen88888899/status/1434991434818469888","username":"挺郭灭共总司令部"},{"relevant_topic_guid":"2bdb25c643aac44a71f256fbc3a16e03","cnt_retweet":"0","publish_time":"20210908163004","page_action_type":"07","cnt_agree":"0","topic_guid":"2bdb25c643aac44a71f256fbc3a16e03","userid":"jingbojingbo88","cnt_comment":"0","content":"渤海银行：已成立跨条线数字货币项目工作组 - 金色财经报道，渤海银行董事长李伏安在接受央视财经频道记者采访时表示，作为未来数字金融基础设施工程，数字人民币的推广应用将会对我国商业银行获客方式、经营模式以及内部管理产生较为深远的影响，渤海银行已经展开对数字货币系统建设及场景应用等的","url":"https://twitter.com/jingbojingbo88/status/1435520803194425344","username":"景博"},{"relevant_topic_guid":"02fac13d3b56d37a76523edc2af62592","cnt_retweet":"9","publish_time":"20210906232728","page_action_type":"07","cnt_agree":"13","topic_guid":"02fac13d3b56d37a76523edc2af62592","userid":"W16v4Hcb4eorT27","cnt_comment":"0","content":"数字人民币正在全力推广中 https://t.co/t6i8t6hUkf","url":"https://twitter.com/W16v4Hcb4eorT27/status/1434901067209261064","username":"五岳独尊"},{"relevant_topic_guid":"93936279ab33f54bd8f2cefe5798353d","cnt_retweet":"0","publish_time":"20210907180504","page_action_type":"07","cnt_agree":"1","topic_guid":"93936279ab33f54bd8f2cefe5798353d","userid":"jingbojingbo88","cnt_comment":"0","content":"锦江酒店 App 上线数字人民币支付功能并率先完成境外酒店在线支付场景 - 金色财经报道，锦江国际全球互联网共享平台 “锦江 WeHotel” 与工商银行共同开展数字人民币支付业务，在旗下锦江酒店 App 顺利上线，首批有效覆盖锦江国际旗下锦江、昆仑、丽笙、凯里亚德、锦江之星等二","url":"https://twitter.com/jingbojingbo88/status/1435182320697417732","username":"景博"},{"relevant_topic_guid":"fa376da5061a1bad1a57722b3e650f81","cnt_retweet":"0","publish_time":"20210908114846","page_action_type":"07","cnt_agree":"0","topic_guid":"fa376da5061a1bad1a57722b3e650f81","userid":"OkTelegraph","cnt_comment":"1","content":"【锦江酒店App上线数字人民币支付功能，并完成境外酒店在线支付场景落地】9月7日消息，近日，锦江国际全球互联网共享平台“锦江WeHotel”与工商银行共同开展数字人民币支付业务#Bitcoin #Blockchain","url":"https://twitter.com/OkTelegraph/status/1435450011068682240","username":"OK Telegraph"},{"relevant_topic_guid":"0fe9680b25ab3076c80c6cf43a7bcfa7","cnt_retweet":"0","publish_time":"20210906223252","page_action_type":"07","cnt_agree":"1","topic_guid":"0fe9680b25ab3076c80c6cf43a7bcfa7","userid":"HimalayaLa8","cnt_comment":"0","content":"数字人民币正在全力推广中 https://t.co/WW4MGf1gCQ","url":"https://twitter.com/HimalayaLa8/status/1434887328263127049","username":"鹿克思"},{"relevant_topic_guid":"a0e3970815a372fb43c8d6c8830ffeb8","cnt_retweet":"0","publish_time":"20210909091903","page_action_type":"07","cnt_agree":"0","topic_guid":"a0e3970815a372fb43c8d6c8830ffeb8","userid":"jingbojingbo88","cnt_comment":"0","content":"上海推出“南京西路数字人民币重点试验街区” - 金色财经报道，上海市商务委已梳理出首批 24 个商务领域数字化转型重点项目，其中包括“南京西路数字人民币重点试验街区”，旨在打造“新零售试验场”，形成数字商圈标杆场景。","url":"https://twitter.com/jingbojingbo88/status/1435774720905986056","username":"景博"},{"relevant_topic_guid":"6799a63c1c6aefa5c8a9f094f03df75f","cnt_retweet":"2","publish_time":"20210906223635","page_action_type":"07","cnt_agree":"1","topic_guid":"6799a63c1c6aefa5c8a9f094f03df75f","userid":"XjQ36","cnt_comment":"0","content":"数字人民币正在全力推广中 https://t.co/t8Bt8dMqFP","url":"https://twitter.com/XjQ36/status/1434888264113033220","username":"Tina"},{"relevant_topic_guid":"67dc4b5f73d5b4513e37e8f0ce6252d4","cnt_retweet":"0","publish_time":"20210906230445","page_action_type":"07","cnt_agree":"0","topic_guid":"67dc4b5f73d5b4513e37e8f0ce6252d4","userid":"Charlyn42200304","cnt_comment":"0","content":"#比特币 交通银行启动 #数字人民币 “开学季”活动，旨在进一步丰富“接地气”的 #数字人民币 试点应用场景，本次活动将在上海书城多家分店和东方书城开展，活动期间客户使用数字人民币交行钱包支付即可享受满50减30的优惠。 #数字货币 #数字人民币 #比特币 #币圈 https://t.co/5N8ikCmIk5","url":"https://twitter.com/Charlyn42200304/status/1434895352289640452","username":"币圈比特币-智能交易"},{"relevant_topic_guid":"4cfb04164e4bcda5f92703d562a0b3cd","cnt_retweet":"0","publish_time":"20210908162611","page_action_type":"07","cnt_agree":"0","topic_guid":"4cfb04164e4bcda5f92703d562a0b3cd","userid":"OkTelegraph","cnt_comment":"1","content":"【西南财经大学正式落地启动数字人民币校园场景】9月8日消息，上市公司正元智慧透露，该公司与中国人民银行数字货币研究所于2021年3月签署合作协议共同推动数字人民币在校园及企事业单位园区等场景中的智能支付创新应用。#cryptocurrencies #Bitcoin","url":"https://twitter.com/OkTelegraph/status/1435519826450006018","username":"OK Telegraph"},{"relevant_topic_guid":"1c1c04d0e277772f26352f796c7ab780","cnt_retweet":"3","publish_time":"20210824132000","page_action_type":"07","cnt_agree":"9","topic_guid":"1c1c04d0e277772f26352f796c7ab780","userid":"CGTNGlobalBiz","cnt_comment":"1","content":"#China\u0027s #digital fiat currency, or the e-CNY, has been used for the first time for transactions on the futures market on Monday. It is now being used by the Dalian Commodity Exchange to pay storage fees to a delivery warehouse, the China Securities Journal reported. #CBDC https://t.co/9ujqvWSoid","url":"https://twitter.com/CGTNGlobalBiz/status/1430037150938980352","username":"CGTN Global Business"},{"relevant_topic_guid":"f83032bf7a697019b1cd1e5140916576","cnt_retweet":"0","publish_time":"20210824125318","page_action_type":"07","cnt_agree":"0","topic_guid":"f83032bf7a697019b1cd1e5140916576","userid":"BCAHKofficial","cnt_comment":"0","content":"Small and Medium China banks participate as e-CNY \"Distributors\"https://t.co/CdEMGhBHw4","url":"https://twitter.com/BCAHKofficial/status/1430030434591645698","username":"Blockchain Association of Hong Kong (BCAHK)"},{"relevant_topic_guid":"9417d633816a0682c5761b7998e9280d","cnt_retweet":"0","publish_time":"20210824115340","page_action_type":"07","cnt_agree":"1","topic_guid":"9417d633816a0682c5761b7998e9280d","userid":"moneynbanking","cnt_comment":"0","content":"สกุลเงินดิจิทัลของจีน หรือหยวนดิจิทัล (e-CNY) ถูกใช้ทำธุรกรรมในตลาดซื้อขายล่วงหน้าภายในประเทศเป็นครั้งแรกhttps://t.co/1PfSMW6qqW https://t.co/cbvTFjpr3L","url":"https://twitter.com/moneynbanking/status/1430015424524029985","username":"Money \u0026 Banking Magazine"},{"relevant_topic_guid":"593e9e629a85e69f381ec2b7f6994133","cnt_retweet":"2","publish_time":"20210824084839","page_action_type":"07","cnt_agree":"9","topic_guid":"593e9e629a85e69f381ec2b7f6994133","userid":"siamblockchain","cnt_comment":"0","content":"จีนกำลังเร่งทดสอบ e-CNY คาดอาจได้เปิดตัวออกมาในเร็ว ๆ นี้https://t.co/2rvcoxnWQ7","url":"https://twitter.com/siamblockchain/status/1429968863907651593","username":"Siam Blockchain"},{"relevant_topic_guid":"d6b6292df9d9114e720655775e6694cc","cnt_retweet":"0","publish_time":"20210823230711","page_action_type":"07","cnt_agree":"0","topic_guid":"d6b6292df9d9114e720655775e6694cc","userid":"getnewsofficial","cnt_comment":"0","content":"China’s digital currency ‘e-CNY’ or ‘e-RMB’ debuts; first transaction a warehouse payment https://t.co/wtJDAg4qni","url":"https://twitter.com/getnewsofficial/status/1429822535273750546","username":"getnews"},{"relevant_topic_guid":"d207801ca7820db9c9172f8630a8f6ce","cnt_retweet":"1","publish_time":"20210824113028","page_action_type":"07","cnt_agree":"1","topic_guid":"d207801ca7820db9c9172f8630a8f6ce","userid":"China_Fact","cnt_comment":"0","content":"China\u0027s digital currency (e-CNY) has been used for the first time for transactions in the domestic futures market, the China Securities Journal reported Monday. The e-CNY has been used by the Dalian Commodity Exchange (DCE) for the payment of storage fees to a delivery warehouse. https://t.co/zHolMnsY6s","url":"https://twitter.com/China_Fact/status/1430009586551984143","username":"China Perspective"},{"relevant_topic_guid":"7d29caa816b4ac92de6b9ee3c903d470","cnt_retweet":"1","publish_time":"20210824114425","page_action_type":"07","cnt_agree":"0","topic_guid":"7d29caa816b4ac92de6b9ee3c903d470","userid":"CryptoEBanker","cnt_comment":"0","content":"China\u0027s Digital Currency \u0027e-CNY\u0027 Or \u0027e-RMB\u0027 Debuts; First Transaction A Warehouse PaymentAs economies across the world go digital, China introduced its digital fiat currency namely \u0027e-CNY\u0027 or the \u0027e-RMB\u0027 in the domestic futures markethttps://t.co/FXtvBxDoGy#digitalcurrecy https://t.co/xPjmusvIPr","url":"https://twitter.com/CryptoEBanker/status/1430013098815942656","username":"Crypto E-Banker"},{"relevant_topic_guid":"c2b137c8ebe7aee456ea956f687c728e","cnt_retweet":"0","publish_time":"20210824083705","page_action_type":"07","cnt_agree":"0","topic_guid":"c2b137c8ebe7aee456ea956f687c728e","userid":"rhbtoday","cnt_comment":"0","content":"China\u0027s digital currency \u0027e-CNY\u0027 or \u0027e-RMB\u0027 debuts; first transaction a warehouse payment https://t.co/fTxd07atRc","url":"https://twitter.com/rhbtoday/status/1429965952943222811","username":"Hourly latest on Crypto, Fintech and Blockchain"},{"relevant_topic_guid":"e5435abb60b413d9db6585a12d1410de","cnt_retweet":"0","publish_time":"20210823210949","page_action_type":"07","cnt_agree":"0","topic_guid":"e5435abb60b413d9db6585a12d1410de","userid":"acoindetective","cnt_comment":"0","content":"Upbit Submits Compliance Report: China’s E-CNY Trials Broaden - Forkast https://t.co/zP1RASZihW","url":"https://twitter.com/acoindetective/status/1429792997894361094","username":"The Coin Detective"},{"relevant_topic_guid":"9ba918b7a0807de27a0fcd4d981cf9c5","cnt_retweet":"0","publish_time":"20210823151809","page_action_type":"07","cnt_agree":"0","topic_guid":"9ba918b7a0807de27a0fcd4d981cf9c5","userid":"PandaSomon","cnt_comment":"0","content":"More Chinese Banks Show Interest in e-CNY https://t.co/x8OiQPL1nW","url":"https://twitter.com/PandaSomon/status/1429704497039822848","username":"Bitcoin nioctiB"},{"relevant_topic_guid":"b1afeca95e79fdd1d82d594edbdf899b","cnt_retweet":"6","publish_time":"20210824080241","page_action_type":"07","cnt_agree":"14","topic_guid":"b1afeca95e79fdd1d82d594edbdf899b","userid":"chinaorgcn","cnt_comment":"1","content":"China\u0027s digital fiat currency, or the e-CNY, has been used for the first time for transactions in the domestic futures market. https://t.co/i0xUk5qJeH https://t.co/NyYiT9tWxx","url":"https://twitter.com/chinaorgcn/status/1429957296688295943","username":"China.org.cn"},{"relevant_topic_guid":"a4daeda9f1329d9e5cc3475699a6ba2f","cnt_retweet":"0","publish_time":"20210823210230","page_action_type":"07","cnt_agree":"0","topic_guid":"a4daeda9f1329d9e5cc3475699a6ba2f","userid":"BMDaily1","cnt_comment":"0","content":"Upbit submits compliance report: China’s e-CNY trials broaden https://t.co/mqaORhQOEF","url":"https://twitter.com/BMDaily1/status/1429791156725075973","username":"Black Media Daily"},{"relevant_topic_guid":"15711211fe5eba8ca061ee90a8568594","cnt_retweet":"0","publish_time":"20210823214900","page_action_type":"07","cnt_agree":"1","topic_guid":"15711211fe5eba8ca061ee90a8568594","userid":"Forkast_News","cnt_comment":"0","content":"As China ramps up digital yuan testing, observers have said the government’s push on e-CNY adoption is increasingly looking like a soft launch https://t.co/jMC2mzYBjb","url":"https://twitter.com/Forkast_News/status/1429802858736611338","username":"Forkast News"},{"relevant_topic_guid":"36e4716816ad4f402b6fd777ca80bcd8","cnt_retweet":"2","publish_time":"20210823221900","page_action_type":"07","cnt_agree":"0","topic_guid":"36e4716816ad4f402b6fd777ca80bcd8","userid":"Forkast_News","cnt_comment":"0","content":"On today\u0027s #TheDailyForkast – Upbit submits compliance report; China’s e-CNY trials broaden and more https://t.co/xIiZjbrClY","url":"https://twitter.com/Forkast_News/status/1429810407129030656","username":"Forkast News"},{"relevant_topic_guid":"bc49c512676377128c4ab54486fca0a9","cnt_retweet":"0","publish_time":"20210823205013","page_action_type":"07","cnt_agree":"0","topic_guid":"bc49c512676377128c4ab54486fca0a9","userid":"CryptoTraderPro","cnt_comment":"0","content":"Crypto Panic: Upbit submits compliance report: China’s e-CNY trials broaden https://t.co/oEwIWEYkLJ * Bet with $BTC via ⟶ https://t.co/4h0cyuWSHk √ https://t.co/4WBG0zMNuv","url":"https://twitter.com/CryptoTraderPro/status/1429788062888779788","username":"Crypto Trader Pro **"},{"relevant_topic_guid":"832cb43b85c5155f1271ffdfc72dd3bb","cnt_retweet":"3","publish_time":"20210823193222","page_action_type":"07","cnt_agree":"5","topic_guid":"832cb43b85c5155f1271ffdfc72dd3bb","userid":"aadilbrar","cnt_comment":"1","content":"“China\u0027s digital fiat currency, or the e-CNY, has been used for the first time for transactions in the domestic futures market, the China Securities Journal reported on Monday”https://t.co/PG4wBJKjCv","url":"https://twitter.com/aadilbrar/status/1429768473261924352","username":"Aadil Brar"},{"relevant_topic_guid":"daba193b8527018d9a144e5a1fd3c687","cnt_retweet":"0","publish_time":"20210823191952","page_action_type":"07","cnt_agree":"0","topic_guid":"daba193b8527018d9a144e5a1fd3c687","userid":"treasurytoday","cnt_comment":"0","content":"As China’s central bank gets ready to launch the e-CNY corporates need to prepare for a #liquidity rush, and implications for #trade and #crossborder payments https://t.co/6zeQYVYHVk https://t.co/RFX7RbrodG","url":"https://twitter.com/treasurytoday/status/1429765327479578627","username":"Treasury Today Group"},{"relevant_topic_guid":"52ef690c180fe7b5a67440c27e21397d","cnt_retweet":"0","publish_time":"20210822220448","page_action_type":"07","cnt_agree":"0","topic_guid":"52ef690c180fe7b5a67440c27e21397d","userid":"johnmorganFL","cnt_comment":"0","content":"More Chinese Banks Show Interest in e-CNYhttps://t.co/WiJL9ynevn","url":"https://twitter.com/johnmorganFL/status/1429444447616606208","username":"John Morgan"},{"relevant_topic_guid":"ed0a09ba4c7172238baff7b4d13c52fb","cnt_retweet":"0","publish_time":"20210823222424","page_action_type":"07","cnt_agree":"23","topic_guid":"ed0a09ba4c7172238baff7b4d13c52fb","userid":"republic","cnt_comment":"0","content":"China\u0027s digital currency \u0027e-CNY\u0027 or \u0027e-RMB\u0027 debuts; first transaction a warehouse payment https://t.co/00PNgHASqd","url":"https://twitter.com/republic/status/1429811768407298049","username":"Republic"},{"relevant_topic_guid":"89a7abe45e4ae065f90d37129f7e68a6","cnt_retweet":"0","publish_time":"20210823203430","page_action_type":"07","cnt_agree":"0","topic_guid":"89a7abe45e4ae065f90d37129f7e68a6","userid":"cryptoworldhead","cnt_comment":"0","content":"Upbit submits compliance report: China’s e-CNY trials broaden https://t.co/i8Yd7Kqlth","url":"https://twitter.com/cryptoworldhead/status/1429784108625022978","username":"Crypto World Headline"},{"relevant_topic_guid":"3d0c3064b09bd3fafc2eba9e9f12d3d1","cnt_retweet":"0","publish_time":"20210823203242","page_action_type":"07","cnt_agree":"0","topic_guid":"3d0c3064b09bd3fafc2eba9e9f12d3d1","userid":"BTCTradeIdeas","cnt_comment":"0","content":"$BTC.X $ETH.X $XRP.X Upbit submits compliance report: China’s e-CNY trials broaden https://t.co/2Z8QHHnWaX https://t.co/Cv3EpDx1E3 https://t.co/X9i6eOSS62","url":"https://twitter.com/BTCTradeIdeas/status/1429783656617234432","username":"Bitcoin, Forex \u0026 Stock Market Headline News"},{"relevant_topic_guid":"457532a6b5ded3933af2ce24da83d519","cnt_retweet":"0","publish_time":"20210821171305","page_action_type":"07","cnt_agree":"4","topic_guid":"457532a6b5ded3933af2ce24da83d519","userid":"rameshore","cnt_comment":"1","content":"e-CNY: https://t.co/3hZ1PqUa0R","url":"https://twitter.com/rameshore/status/1429008647669960708","username":"Rameshore Khanal"},{"relevant_topic_guid":"8df2c75df808d85892007ae5b784697c","cnt_retweet":"15","publish_time":"20210823171728","page_action_type":"07","cnt_agree":"40","topic_guid":"8df2c75df808d85892007ae5b784697c","userid":"XHNews","cnt_comment":"1","content":"China\u0027s digital fiat currency, or the e-CNY, has been used for the first time for transactions in the domestic futures market https://t.co/kcR7IhB2st https://t.co/XxxfC0fVoM","url":"https://twitter.com/XHNews/status/1429734524435406853","username":"China Xinhua News"},{"relevant_topic_guid":"babad83959cc89e5af3cefd5c1b2f372","cnt_retweet":"0","publish_time":"20210908180420","page_action_type":"08","cnt_agree":"0","topic_guid":"6a03c33e36a162c389a5ab970e13cf92","userid":"OkTelegraph","cnt_comment":"0","content":"渤海银行已经展开对数字货币系统建设及场景应用等的研究，并在行内成立跨条线的数字货币项目工作组，下一步将力争在预期时间内实现数字人民币业务的上线运行。","url":"https://twitter.com/OkTelegraph/status/1435544524764311552","username":"OK Telegraph"},{"relevant_topic_guid":"4099988c5edff903a59d486dc13feffd","cnt_retweet":"0","publish_time":"20210908165339","page_action_type":"08","cnt_agree":"0","topic_guid":"545a13eb487e70b2fb4dce5921b0dd7a","userid":"OkTelegraph","cnt_comment":"0","content":"此次展出的智能胸卡，是由中国银行数字人民币和中国联通智能胸卡联合开展的新型养老业务，集合了数字人民币小额支付、紧急呼叫、电子围栏、轨迹查询等多种服务功能。（中国证券网）","url":"https://twitter.com/OkTelegraph/status/1435526735945027599","username":"OK Telegraph"},{"relevant_topic_guid":"119f181f7fefaa7ce24b3bd6dbced3c9","cnt_retweet":"0","publish_time":"20210907133823","page_action_type":"08","cnt_agree":"0","topic_guid":"8e36a27d557e7e3ba580d1df2575194d","userid":"DeepChaos2021","cnt_comment":"1","content":"@wto518 数字人民币技术支持？感觉中共的金融操作水平相当不错","url":"https://twitter.com/DeepChaos2021/status/1435115207735619584","username":"Deep Chaos"},{"relevant_topic_guid":"a87838acb498343ac34e0fafd614641f","cnt_retweet":"0","publish_time":"20210907171238","page_action_type":"08","cnt_agree":"0","topic_guid":"2f1cb91d3e49152dfaf1dfa55397bf3f","userid":"OkTelegraph","cnt_comment":"0","content":"这意味着不仅是苏州市内的用户，长三角青吴嘉三地乃至全国的所有电力用户均可以通过网上国网云终端，使用数字人民币为全国任意地区的账户缴纳电费。（苏州日报）","url":"https://twitter.com/OkTelegraph/status/1435169126331256832","username":"OK Telegraph"},{"relevant_topic_guid":"fa376da5061a1bad1a57722b3e650f81","cnt_retweet":"0","publish_time":"20210908114847","page_action_type":"08","cnt_agree":"0","topic_guid":"f2a4f65d19ccad786e7ac8ae03e50747","userid":"OkTelegraph","cnt_comment":"0","content":"在旗下锦江酒店App顺利上线，首批有效覆盖锦江国际旗下锦江、昆仑、丽笙、凯里亚德、锦江之星等二十多个品牌，同时还完成了境外酒店在线支付场景的落地，实现数字人民币在酒店行业应用突破。（动点科技）","url":"https://twitter.com/OkTelegraph/status/1435450014235459592","username":"OK Telegraph"},{"relevant_topic_guid":"01f789e50e26504e55ed68dae5f005d3","cnt_retweet":"0","publish_time":"20210907130032","page_action_type":"08","cnt_agree":"0","topic_guid":"8d7a05339d6da56b01ba5e3728c6a0fa","userid":"OkTelegraph","cnt_comment":"0","content":"此外，翼支付还将推出数字人民币商城，用户可以获取通用立减券，同时电信本网用户还可以在商城中进行话费充值。除了服务普通消费者，中国电信还联合中国银行研发了数字人民币超级受理终端，并已经在部分中小微商家完成部署使用。（第一财经）","url":"https://twitter.com/OkTelegraph/status/1435105682089414658","username":"OK Telegraph"},{"relevant_topic_guid":"bdd747ee8409ca7c6a77faf755cbdf64","cnt_retweet":"0","publish_time":"20210907104154","page_action_type":"08","cnt_agree":"0","topic_guid":"c589ed8a1b5b7a19129ff05e8ed5fb8d","userid":"OkTelegraph","cnt_comment":"0","content":"稳妥推进数字人民币试点，顺利落地34.5万个数字人民币冬奥场景，实现交通出行等七大类场景全覆盖。深入推进金融科技创新监管试点，已发布3批22个金融科技创新应用。","url":"https://twitter.com/OkTelegraph/status/1435070794246148099","username":"OK Telegraph"},{"relevant_topic_guid":"a1943bfd3b87e1a58280db158bc3b832","cnt_retweet":"0","publish_time":"20210906153718","page_action_type":"08","cnt_agree":"0","topic_guid":"7485fce35d26aeec240f32c62f133ed1","userid":"OkTelegraph","cnt_comment":"0","content":"在设于首钢园的金融服务专题展中，数字人民币成为一大亮点。（羊城晚报）","url":"https://twitter.com/OkTelegraph/status/1434782746845478914","username":"OK Telegraph"},{"relevant_topic_guid":"4ca7d2a9cfd36550b6e8c8f1e7fa571c","cnt_retweet":"0","publish_time":"20210906221932","page_action_type":"08","cnt_agree":"1","topic_guid":"2ed8bed0255d664a224d35c99f781673","userid":"Mrchen45428140","cnt_comment":"0","content":"@cctv1008 而且官僚主义盛行，贪污腐败严重，导致了投进去的资金很容易被贪污，想要根除东北的病，得大力反腐，直接税立法以及数字人民币，这种病不能只靠反腐败来治，得下狠药","url":"https://twitter.com/Mrchen45428140/status/1434883972534657029","username":"**Mr.chen**"},{"relevant_topic_guid":"4cfb04164e4bcda5f92703d562a0b3cd","cnt_retweet":"0","publish_time":"20210908162612","page_action_type":"08","cnt_agree":"0","topic_guid":"4f430134caac37bb5e62276b86423e6b","userid":"OkTelegraph","cnt_comment":"0","content":"目前数字人民币校园场景应用已在西南财经大学正式落地启动，并在多地部分高校完成项目实施和试点准备。（每日经济新闻）","url":"https://twitter.com/OkTelegraph/status/1435519829859913729","username":"OK Telegraph"},{"relevant_topic_guid":"a75fea5ebce08f1fbd971a172cf4a76a","cnt_retweet":"0","publish_time":"20210909102343","page_action_type":"07","cnt_agree":"0","topic_guid":"a75fea5ebce08f1fbd971a172cf4a76a","userid":"OkTelegraph","cnt_comment":"1","content":"【天喻信息计划在数据安全及数字人民币系列产品产业化项目投资6.1亿元】9月8日晚，天喻信息发布公告称，公司拟以10.99元/股价格，向闫春雨锁价定增募资不超过13.5亿元，用于数据安全及数字人民币系列产品产业化及物联网安全模组产品产业化两个项目。#Bitcoin #digitalcurrency","url":"https://twitter.com/OkTelegraph/status/1435790993643618306","username":"OK Telegraph"},{"relevant_topic_guid":"60d02db3f76e17f75bc6ff4432df934f","cnt_retweet":"0","publish_time":"20210908120616","page_action_type":"07","cnt_agree":"2","topic_guid":"60d02db3f76e17f75bc6ff4432df934f","userid":"nekoeroemon","cnt_comment":"0","content":"推油似乎在暗示数字人民币，我陷入了沉思","url":"https://twitter.com/nekoeroemon/status/1435454416161677319","username":"打工猫(eroneko:翠羽刁"},{"relevant_topic_guid":"5e730fb403d39b755f00c8e62b5f6d2e","cnt_retweet":"0","publish_time":"20210910135346","page_action_type":"08","cnt_agree":"0","topic_guid":"f8a01a44101eba8fae9babc244a0b303","userid":"OkTelegraph","cnt_comment":"0","content":"中国人民银行副行长范一飞表示，在技术实现方面，发挥好指定运营机构各自优势和专业经验，持续开展技术迭代保持整体先进性，充分利用现有金融基础设施，支持与传统电子支付系统间交互，推动不同运营机构钱包间、数字人民币钱包与银行账户间的互联互通，实现安全与便捷的统一。（新京报）","url":"https://twitter.com/OkTelegraph/status/1436206244222541827","username":"OK Telegraph"},{"relevant_topic_guid":"7d715836fa8a4cbca22a2077a75983ae","cnt_retweet":"0","publish_time":"20210910135346","page_action_type":"08","cnt_agree":"0","topic_guid":"5e730fb403d39b755f00c8e62b5f6d2e","userid":"OkTelegraph","cnt_comment":"1","content":"积极对外赋能，共同打造数字人民币生态体系。在规则制定方面，以中心化管理、统一认知、实现防伪为前提，充分发挥数字人民币结算效率高、隐私保护强等优势，既不能完全按照账户去管理，也不能照搬纸币去要求，该打破的要打破，该约束的要约束。","url":"https://twitter.com/OkTelegraph/status/1436206241601130505","username":"OK Telegraph"},{"relevant_topic_guid":"be8ac62e44d5c32a20aa00afa11f4e61","cnt_retweet":"0","publish_time":"20210909180125","page_action_type":"08","cnt_agree":"0","topic_guid":"cfa53b656b85ca370f69868836c8cc18","userid":"sunxiao0228","cnt_comment":"1","content":"@pear14525902 @CrabNJ @sylichao1 禁止废除纸币只用区块链技术的数字人民币应该是可以追踪到这种交易的","url":"https://twitter.com/sunxiao0228/status/1435906177531985923","username":"sunxiao"},{"relevant_topic_guid":"94dc9d778c7009cbffeffe2f9451ae5c","cnt_retweet":"0","publish_time":"20210910105445","page_action_type":"08","cnt_agree":"0","topic_guid":"abe44ad41ccdc72fb7a9e6d3a761e035","userid":"OkTelegraph","cnt_comment":"0","content":"意味着数字人民币的底层技术和运营体系已经达到中等规模可靠运行的基本需求。数字人民币在交通出行场景的密集试点，说明当前数字人民币的底层技术和运营体系已相对成熟，正在进入从早期注重体验覆盖面转向中期注重测试深入度的新阶段。（经济日报）","url":"https://twitter.com/OkTelegraph/status/1436161193824043043","username":"OK Telegraph"},{"relevant_topic_guid":"94d35d4f611ee00036fdd303c0bcc0b4","cnt_retweet":"0","publish_time":"20210909151648","page_action_type":"08","cnt_agree":"0","topic_guid":"20c00e0d40b1ff6552efc6da907ac462","userid":"OkTelegraph","cnt_comment":"0","content":"在技术成熟的前提下，如果将数字人民币用在B端场景上，则可以使“信息流”与“资金流”合二为一，让交易更加流畅高效。此外，亦有业内人士认为，随着数字人民币应用场景的不断拓展与尝试，这一产业上下游或将碰撞出更多的火花，更多、更新颖的赢利模式亦将不断涌出。（财联社）","url":"https://twitter.com/OkTelegraph/status/1435864751930630144","username":"OK Telegraph"},{"relevant_topic_guid":"107edae7b633d320f77935308a9f9643","cnt_retweet":"0","publish_time":"20210909151647","page_action_type":"08","cnt_agree":"0","topic_guid":"94d35d4f611ee00036fdd303c0bcc0b4","userid":"OkTelegraph","cnt_comment":"1","content":"有别于传统的支付渠道，数字人民币可让交易中的“信息流”与“资金流”合体，这可提高B端支付的效率，或将碰撞出更多的火花。数字人民币本身就是创新，而创新最重要的价值就是为了提高效率、解决现有方法无法突破的“顽疾”。","url":"https://twitter.com/OkTelegraph/status/1435864749267308548","username":"OK Telegraph"},{"relevant_topic_guid":"45b40bedff8f3d8f3b233ba94f598978","cnt_retweet":"0","publish_time":"20210910105859","page_action_type":"08","cnt_agree":"0","topic_guid":"dd32a01e6fa455061956aef85ca1a548","userid":"OkTelegraph","cnt_comment":"0","content":"创新应用区块链技术服务彩民回馈抽奖活动，开发数字人民币有关彩票购买支付及小奖兑付方式。建立“轮候准入制”的投注站设立及配套管理机制，布局彩票便捷式销售终端渠道。优化彩票游戏品种，探索开发“文化+”主题网点即开票，激发市场新活力。","url":"https://twitter.com/OkTelegraph/status/1436162258619416582","username":"OK Telegraph"},{"relevant_topic_guid":"361fd496dd57b5e3f01a2ed98f8683d0","cnt_retweet":"0","publish_time":"20210909115055","page_action_type":"08","cnt_agree":"0","topic_guid":"49f961ba02cfb31e3de86f226ba9e01b","userid":"OkTelegraph","cnt_comment":"0","content":"即日起，凡在北京、上海、海南、深圳、苏州、西安、长沙、成都、雄安新区等9大数字人民币试点地区城市工作或生活的社会公众，均可通过在美团app首页搜索“数字人民币”，报名参与活动并领取相应的数字人民币低碳红包奖励。（Techweb）","url":"https://twitter.com/OkTelegraph/status/1435812939101995010","username":"OK Telegraph"},{"relevant_topic_guid":"1eb6658bf8275244dbeff4d524303da8","cnt_retweet":"0","publish_time":"20210909102827","page_action_type":"08","cnt_agree":"0","topic_guid":"63ae8b49e97dfd4a131ffae3d96137b4","userid":"OkTelegraph","cnt_comment":"0","content":"将提高广州、深圳两市之间的资金周转效率，从而极大提高两市之间协同进程，在促进两市与港澳地区的往来过程中，通过建立数字贸易等信息共享平台，数字人民币可以充当跨境支付手段，推动港澳与内地业务往来。（广州日报）","url":"https://twitter.com/OkTelegraph/status/1435792187027902467","username":"OK Telegraph"},{"relevant_topic_guid":"dd1d1f3087ec62bf3b77c4c56d907412","cnt_retweet":"0","publish_time":"20210909104038","page_action_type":"08","cnt_agree":"0","topic_guid":"e68dc91a07249a4a7db739fe87c69cc9","userid":"OkTelegraph","cnt_comment":"1","content":"更有可能的是，数字人民币的长远潜力是颠覆美元的霸权地位，使一些受到美国制裁的国家能同中国做更大的生意。对美国来说，美元霸权的好处之一便是美国的任何制裁对于目标经济体来说都是残酷的。数字人民币还有潜力进入中国以外的欠发达地区。","url":"https://twitter.com/OkTelegraph/status/1435795250560131074","username":"OK Telegraph"},{"relevant_topic_guid":"a75fea5ebce08f1fbd971a172cf4a76a","cnt_retweet":"0","publish_time":"20210909102343","page_action_type":"08","cnt_agree":"0","topic_guid":"6a109407ac68dbfacc75338d6cb727f7","userid":"OkTelegraph","cnt_comment":"0","content":"根据公告，数据安全及数字人民币系列产品产业化项目计划投资6.1亿元，项目建成投产后，将进一步提升公司金融IC卡、物联网eSIM卡、数字人民币载体及机具等相关业务的市场竞争力，巩固和提高公司的市场地位。（上海证券报）","url":"https://twitter.com/OkTelegraph/status/1435790996575375363","username":"OK Telegraph"},{"relevant_topic_guid":"6ebb9f86f484320bd4c520cabe1325f8","cnt_retweet":"0","publish_time":"20210912181137","page_action_type":"08","cnt_agree":"0","topic_guid":"aef5bd83c680a8ed45ee7f326b3dc8c2","userid":"zhangdgt","cnt_comment":"1","content":"@shell909090 @shaity @lovecokeusa 跟数字人民币没有半毛钱关系啊！","url":"https://twitter.com/zhangdgt/status/1436995907174604802","username":"Big Bone"},{"relevant_topic_guid":"51b31624cb587bba660102da110463ef","cnt_retweet":"0","publish_time":"20210912154327","page_action_type":"08","cnt_agree":"45","topic_guid":"98a910648f39eaacf549d7afaf14cf54","userid":"JaneandLili","cnt_comment":"2","content":"@qe5MC3fVhIgTbHk @lovecokeusa 数字人民币更容易控制，万一特别严重，政府让你花你才能花，让你买a你就不能买b。就变相成半个废纸了，想花却花不出去。","url":"https://twitter.com/JaneandLili/status/1436958621175144453","username":"胖橘橘"},{"relevant_topic_guid":"a75fea5ebce08f1fbd971a172cf4a76a","cnt_retweet":"0","publish_time":"20210909102343","page_action_type":"08","cnt_agree":"0","topic_guid":"6a109407ac68dbfacc75338d6cb727f7","userid":"OkTelegraph","cnt_comment":"0","content":"根据公告，数据安全及数字人民币系列产品产业化项目计划投资6.1亿元，项目建成投产后，将进一步提升公司金融IC卡、物联网eSIM卡、数字人民币载体及机具等相关业务的市场竞争力，巩固和提高公司的市场地位。（上海证券报）","url":"https://twitter.com/OkTelegraph/status/1435790996575375363","username":"OK Telegraph"}]