[{"relevant_topic_guid":"ac4aafe9938fe74e494648aca8e78d66","cnt_retweet":"0","publish_time":"20210915161144","page_action_type":"07","cnt_agree":"1","topic_guid":"ac4aafe9938fe74e494648aca8e78d66","userid":"6146648275","cnt_comment":"0","content":"华为在郑州成立超聚变公司，注册资本超7亿 据界面快讯报道: 界面新闻官方账号 据天眼查App显示，近日，超聚变数字技术有限公司成立，法定代表人为郑丽英，注册资本7.27亿人民币，注册地址在河南自贸试验区郑州片区（郑东），经营范围包括计算机信息系统安全专用产品销售；信息系统集成服务；人工智能双创服务平台；大数据服务等。股东信息显示，该公司由华为技术有限公司全资控股。 老金:什么不用说，祝贺，祝福！在世界第一恶霸穷凶极恶猛追猛打下，不但图存，更大发展，中国华为，有大作为！！！ 搜索 华为超聚变是干啥的 超聚变技术是什么 郑丽英照片 华为一体机 豫能控股与华为合作 超聚变落地郑州","url":"https://m.weibo.cn/status/4681724242429463","username":"金聊斋"},{"relevant_topic_guid":"2deed84a7c76e47a8c4c60aa8ebccb2f","cnt_retweet":"0","publish_time":"20210915161853","page_action_type":"07","cnt_agree":"0","topic_guid":"2deed84a7c76e47a8c4c60aa8ebccb2f","userid":"2129416790","cnt_comment":"0","content":"频频亮相的数字人民币好在哪儿？怎么用？多图读懂 频频亮相的数字人民币好在哪儿？怎么用？多图读懂","url":"https://m.weibo.cn/status/4681726040998947","username":"于--"},{"relevant_topic_guid":"0383aadfd33ba6d49bc592b0c0b499c6","cnt_retweet":"1","publish_time":"20210915161107","page_action_type":"07","cnt_agree":"2","topic_guid":"0383aadfd33ba6d49bc592b0c0b499c6","userid":"6146648275","cnt_comment":"0","content":"华为在郑州成立超聚变公司，注册资本超7亿 据界面快讯报道: 界面新闻官方账号 据天眼查App显示，近日，超聚变数字技术有限公司成立，法定代表人为郑丽英，注册资本7.27亿人民币，注册地址在河南自贸试验区郑州片区（郑东），经营范围包括计算机信息系统安全专用产品销售；信息系统集成服务；人工智能双创服务平台；大数据服务等。股东信息显示，该公司由华为技术有限公司全资控股。 老金:什么不用说，祝贺，祝福！在世界第一恶霸穷凶极恶猛追猛打下，不但图存，更大发展，中国华为，有大作为！！！ 搜索 华为超聚变是干啥的 超聚变技术是什么 郑丽英照片 华为一体机 豫能控股与华为合作 超聚变落地郑州","url":"https://m.weibo.cn/status/4681724086719060","username":"金聊斋"},{"relevant_topic_guid":"d41d2c38cbcb4deeab9ff88822b454d2","cnt_retweet":"0","publish_time":"20210914135542","page_action_type":"07","cnt_agree":"0","topic_guid":"d41d2c38cbcb4deeab9ff88822b454d2","userid":"6788499283","cnt_comment":"0","content":"【字节跳动成立新公司 经营范围含广播电视节目制作经营等】天眼查App显示，9月13日，广州光界科技有限公司成立，注册资本100万人民币，法定代表人为陈鹏威，经营范围含软件开发；数字内容制作服务；信息系统集成服务；广播电视节目制作经营；演出经纪等。股东信息显示，该公司由字节跳动有限公司间接全资持股。 网页链接","url":"https://m.weibo.cn/status/4681327623800384","username":"微博财经7X24小时"},{"relevant_topic_guid":"eab5421a6c69f3640e4263e9d53e307a","cnt_retweet":"0","publish_time":"20210914133047","page_action_type":"07","cnt_agree":"1","topic_guid":"eab5421a6c69f3640e4263e9d53e307a","userid":"3195006702","cnt_comment":"0","content":"今天上班的时候研究了一下数字人民币。 首先，这无疑是中国在追求金融数字领域及地缘技术和政治竞争最具竞争力的有效手段之一。 另外，受到经济信息化和国内经济和市场活力的催促，法定数字货币吸收了类似比特币等独立加密货币的技术特征，摒弃了其被诟病的波动性及匿名性等不具备中国特色社会主义核心价值体系中所涉及的内容。 当然，这种可供流通，并且具有强大技术背景和政治背景背书的数字货币，必然也会冲击西方国家一直奉行的财务隐私标准。相反的是中国面对世界货币流通的隐私性却在一定程度上增强。 可以看出，中国在建立世界货币体系中表现出了更强的野心。相信也不仅是一个技术实验，而是中国崛起大业中新的显著的标记。","url":"https://m.weibo.cn/status/4681321349907648","username":"张小艺7004"},{"relevant_topic_guid":"1c4674dd76e3cec73225c82ae828514c","cnt_retweet":"1","publish_time":"20210914135423","page_action_type":"07","cnt_agree":"1","topic_guid":"1c4674dd76e3cec73225c82ae828514c","userid":"1721863722","cnt_comment":"0","content":"#海南买房#【三亚“抽签式”发放数字人民币红包 境外人士受邀参与】发放总额1000万元。网页链接","url":"https://m.weibo.cn/status/4681327293497632","username":"乐居网海口"},{"relevant_topic_guid":"8015dfa49dca6445702337f4ada87c88","cnt_retweet":"0","publish_time":"20210914112601","page_action_type":"07","cnt_agree":"0","topic_guid":"8015dfa49dca6445702337f4ada87c88","userid":"1702925432","cnt_comment":"0","content":"【#字节跳动成立新公司# 经营范围含广播电视节目制作经营等】天眼查App显示，9月13日，广州光界科技有限公司成立，注册资本100万人民币，法定代表人为陈鹏威，经营范围含软件开发；数字内容制作服务；信息系统集成服务；广播电视节目制作经营；演出经纪等。股东信息显示，该公司由字节跳动有限公司间接全资持股。","url":"https://m.weibo.cn/status/4681289951873559","username":"第一财经"},{"relevant_topic_guid":"b69979c9c577b554075ea67489b02ce1","cnt_retweet":"0","publish_time":"20210914111254","page_action_type":"07","cnt_agree":"0","topic_guid":"b69979c9c577b554075ea67489b02ce1","userid":"1041459942","cnt_comment":"0","content":"在法定数字货币试验区体验“扫一扫”“碰一碰” 北京市海淀区超五千家商户支持数字人民币一键支付 网页链接","url":"https://m.weibo.cn/status/4681286649908523","username":"肥兔子要努力哦"},{"relevant_topic_guid":"b832442e01739e1f6038edbf6853a372","cnt_retweet":"0","publish_time":"20210914112703","page_action_type":"07","cnt_agree":"0","topic_guid":"b832442e01739e1f6038edbf6853a372","userid":"3260025321","cnt_comment":"0","content":"#我爱大连# 【大连发放数字人民币体育消费券】9月13日上午10时，由大连市体育局、大连新闻传媒集团、中国银行大连市分行主办的大连体育产业嘉年华在线上正式启幕。本届体育产业嘉年华首次引入“数字人民币消费券”活动，活动期间，将面向市民推出总额高达180万元的数字人民币体育消费券，分四期推出。开幕式当天，首批9000张数字人民币消费券正式推出。详情点击→2021大连体育产业嘉年华正式启幕","url":"https://m.weibo.cn/status/4681290211132806","username":"新浪大连"},{"relevant_topic_guid":"894137fe7ef0bf03eab1859ca61c3bc7","cnt_retweet":"1","publish_time":"20210914112824","page_action_type":"07","cnt_agree":"0","topic_guid":"894137fe7ef0bf03eab1859ca61c3bc7","userid":"2953903975","cnt_comment":"0","content":"【收到假币怎么办？】是销毁？是花出去？还是偷偷塞到塑料同事的结婚红包里？正确答案，还是听听小魏警官@李卓阳ZY 的说法吧～#市场上已出现假冒数字人民币钱包# @重庆江津法院 重庆江津法院的微博视频","url":"https://m.weibo.cn/status/4681290551134640","username":"北京普法"},{"relevant_topic_guid":"e8de52aa7e1cbd3e07114eec7deb32ad","cnt_retweet":"0","publish_time":"20210914112133","page_action_type":"07","cnt_agree":"0","topic_guid":"e8de52aa7e1cbd3e07114eec7deb32ad","userid":"2622472937","cnt_comment":"0","content":"【#字节跳动成立新公司# 经营范围含广播电视节目制作经营等】天眼查App显示，9月13日，广州光界科技有限公司成立，注册资本100万人民币，法定代表人为陈鹏威，经营范围含软件开发；数字内容制作服务；信息系统集成服务；广播电视节目制作经营；演出经纪等。股东信息显示，该公司由字节跳动有限公司间接全资持股。#字节跳动##字节跳动成立网络科技新公司#","url":"https://m.weibo.cn/status/4681288826749706","username":"金十数据"},{"relevant_topic_guid":"9f8c31051bed730aad03647b8da2e6b2","cnt_retweet":"0","publish_time":"20210914112340","page_action_type":"07","cnt_agree":"0","topic_guid":"9f8c31051bed730aad03647b8da2e6b2","userid":"6450367173","cnt_comment":"0","content":"实时播报：【字节跳动成立新公司 经营范围含广播电视节目制作经营等】天眼查App显示，9月13日，广州光界科技有限公司成立，注册资本100万人民币，法定代表人为陈鹏威，经营范围含软件开发；数字内容制作服务；信息系统集成服务；广播电视节目制作经营；演出经纪等。股东信息显示，该公司由字节跳动有限公司间接全资持股。","url":"https://m.weibo.cn/status/4681289359690053","username":"快兰斯24小时财经直播2"},{"relevant_topic_guid":"3fb8b9ad2156539af93a770bd50b095c","cnt_retweet":"0","publish_time":"20210914061738","page_action_type":"07","cnt_agree":"0","topic_guid":"3fb8b9ad2156539af93a770bd50b095c","userid":"1288361790","cnt_comment":"0","content":"北京将建数字人民币全场景试点北京将建数字人民币全场景试点","url":"https://m.weibo.cn/status/4681212344140057","username":"本溪老刘"},{"relevant_topic_guid":"67558f4052c392f9f9a55a642086999b","cnt_retweet":"0","publish_time":"20210914062058","page_action_type":"07","cnt_agree":"0","topic_guid":"67558f4052c392f9f9a55a642086999b","userid":"2639169821","cnt_comment":"0","content":"鸿蒙生态场景，数字人民币来了！ 链接:鸿蒙生态场景，数字人民币来了！","url":"https://m.weibo.cn/status/4681213182477305","username":"老金jsm"},{"relevant_topic_guid":"bc49747e72892f6ae7bc6c32f74445e0","cnt_retweet":"0","publish_time":"20210913235748","page_action_type":"07","cnt_agree":"0","topic_guid":"bc49747e72892f6ae7bc6c32f74445e0","userid":"5519356878","cnt_comment":"0","content":"姐姐的数字人民币红包零点过期，然后让我顶着油头和台风*到楼下全家用掉，风好大雨好冷，以前也有过类似的场景","url":"https://m.weibo.cn/status/4681116756479256","username":"热桑不热"},{"relevant_topic_guid":"42529c48445094aac052e8fdd6f3a791","cnt_retweet":"0","publish_time":"20210911103257","page_action_type":"07","cnt_agree":"0","topic_guid":"42529c48445094aac052e8fdd6f3a791","userid":"3748319680","cnt_comment":"0","content":"数字人民币项目马上投产了，终于结束在长沙所有的事情，也可以安心的离职了。马上就去自己最想去的公司工作了，心情还是很激动的，为了谢顶大计加油！","url":"https://m.weibo.cn/status/4680189432824552","username":"我估计是个瞎子"},{"relevant_topic_guid":"5fdaa74b3feb5ca0f573449ea1589d30","cnt_retweet":"0","publish_time":"20210911101251","page_action_type":"07","cnt_agree":"0","topic_guid":"5fdaa74b3feb5ca0f573449ea1589d30","userid":"3198453865","cnt_comment":"0","content":"分享网易新闻《华为鸿蒙HarmonyOS将推出数字人民币原子化服务》 华为鸿蒙HarmonyOS将推出数字人民币原子化服务 来自@网易新闻客户端 #网易新闻#","url":"https://m.weibo.cn/status/4680184378687544","username":"高根远"},{"relevant_topic_guid":"c4b31f1323be2b2f2ae5e6e9dac10de6","cnt_retweet":"0","publish_time":"20210911095216","page_action_type":"11","cnt_agree":"0","topic_guid":"c4b31f1323be2b2f2ae5e6e9dac10de6","userid":"6171623575","cnt_comment":"0","content":"恭喜数字人民币与鸿蒙生态合作场景首次亮相：一键转至手表，万物皆可支付*#区块链技术# RT:@辛泓睿 区块链快讯 | 09月11日 星期六1、数字人民币与鸿蒙生态合作场景首次亮相：一键转至手表，万物皆可支付2、国网区块链科技公司获DCMM数据管理能力成熟度三级认证3、深圳市：拟创新彩票销售管理，开发数字人民币有关彩票购买支付及小奖兑付方式4、宁波：在建区块链项目已超过90个，总投资超过6亿元5 ...全文","url":"https://m.weibo.cn/status/4680179198198555","username":"渤海泓媒"},{"relevant_topic_guid":"72a00b15f86bd611215a79680858990f","cnt_retweet":"0","publish_time":"20210911093831","page_action_type":"07","cnt_agree":"1","topic_guid":"72a00b15f86bd611215a79680858990f","userid":"2239324731","cnt_comment":"0","content":"为减少碳排放 @邮储青年卡 给我发了如下内容的短信通知醉了:【邮储银行】尊敬的客户，为响应碳减排号召，我行拟于2021年9月13日起停止发送数字人民币单笔交易金额低于500元的短信通知。感谢您的理解！ 北京·玉渊潭","url":"https://m.weibo.cn/status/4680175733967899","username":"杜建立8002"},{"relevant_topic_guid":"a884a9a30b1646e253e7f06f8ab05cbb","cnt_retweet":"0","publish_time":"20210911092740","page_action_type":"07","cnt_agree":"0","topic_guid":"a884a9a30b1646e253e7f06f8ab05cbb","userid":"2127254682","cnt_comment":"0","content":"【大湾区、大未来】“十四五”期间广州谋划争取数字人民币试点 网页链接","url":"https://m.weibo.cn/status/4680173004261543","username":"lancyzz"},{"relevant_topic_guid":"a06759802c977475f887b26e1bd0a857","cnt_retweet":"0","publish_time":"20210911095213","page_action_type":"07","cnt_agree":"0","topic_guid":"a06759802c977475f887b26e1bd0a857","userid":"3546332963","cnt_comment":"0","content":"#聚焦2021服贸会#【感受身边的服务贸易】兑换数字人民币、欣赏爱尔兰踢踏舞表演、游览数字故宫、体验化妆师定制妆容……日前，2021年中国国际服务贸易交易会在北京闭幕，记者从市商务局了解到，本届服贸会上，天津市交易团累计取得各类成果58个，其中首发创新类2个、协定协议类35个、成交项目类16个、投资类5个，可谓收获颇丰。听起来十分“高大上”的服务贸易是什么？它又给我们的生活带来了什么？世界贸易组织（WTO）界定了服务贸易的12大领域，包括商业服务、通讯服务、建筑及相关工程服务、金融服务、旅游及旅行相关服务、娱乐文化与体育服务、运输服务、健康与社会服务、教育服务、分销服务、环境服务及其他服务。而通过此次服贸会，我们可以更加直观地感受身边的服务贸易。（记者 马晓冬）感受身边的服务贸易（图）","url":"https://m.weibo.cn/status/4680179182732808","username":"天津日报"},{"relevant_topic_guid":"5b995945a972ce61bdcfff0da6a6376d","cnt_retweet":"0","publish_time":"20210911110151","page_action_type":"07","cnt_agree":"0","topic_guid":"5b995945a972ce61bdcfff0da6a6376d","userid":"2789379721","cnt_comment":"0","content":"在法定数字货币试验区体验“扫一扫”“碰一碰” 北京市海淀区超五千家商户支持数字人民币一键支付 网页链接","url":"https://m.weibo.cn/status/4680196705225164","username":"新理念区域经济研究"},{"relevant_topic_guid":"429032b5c5ee573939264cac488846ea","cnt_retweet":"1","publish_time":"20210911103903","page_action_type":"07","cnt_agree":"8","topic_guid":"429032b5c5ee573939264cac488846ea","userid":"1642632024","cnt_comment":"4","content":"#华为鸿蒙OS推数字人民币服务# 数字人民币与鸿蒙生态的合作场景演示首次亮相，基于HarmonyOS的数字人民币原子化服务能够实现数字人民币收款、付款的功能。而鸿蒙系统的用户还可以将“数字人民币服务卡片”直接添加到华为系手机的桌面，进入功能即可完成首付款。华为鸿蒙OS推数字人民币服务：更安全便捷","url":"https://m.weibo.cn/status/4680190967939786","username":"新浪数码"},{"relevant_topic_guid":"bc2cd67160908e6fffdd03257cff401c","cnt_retweet":"0","publish_time":"20210911204441","page_action_type":"07","cnt_agree":"0","topic_guid":"bc2cd67160908e6fffdd03257cff401c","userid":"1869108901","cnt_comment":"0","content":"北京市推进数字人民币全场景试点 丽泽金融商务区成为“北京法定数字货币试验区” 网页链接","url":"https://m.weibo.cn/status/4680343380298503","username":"无理人_w"},{"relevant_topic_guid":"68845e36f14698ff36698883e40ddc51","cnt_retweet":"0","publish_time":"20210912000116","page_action_type":"07","cnt_agree":"0","topic_guid":"68845e36f14698ff36698883e40ddc51","userid":"5838130376","cnt_comment":"0","content":"数字人民币 真的挺莫名其妙","url":"https://m.weibo.cn/status/4680392853162701","username":"Charlie_Browny"},{"relevant_topic_guid":"b6be82ad815e29ceef3ae441d31b5b49","cnt_retweet":"0","publish_time":"20210911231832","page_action_type":"07","cnt_agree":"0","topic_guid":"b6be82ad815e29ceef3ae441d31b5b49","userid":"2056036452","cnt_comment":"0","content":"【大湾区、大未来】“十四五”期间广州谋划争取数字人民币试点 网页链接","url":"https://m.weibo.cn/status/4680382098179645","username":"幸运之神81"},{"relevant_topic_guid":"2907555d62958ba210a27315794e001f","cnt_retweet":"0","publish_time":"20210911230047","page_action_type":"07","cnt_agree":"0","topic_guid":"2907555d62958ba210a27315794e001f","userid":"1421394864","cnt_comment":"0","content":"北京市推进数字人民币全场景试点 丽泽金融商务区成为“北京法定数字货币试验区” 网页链接","url":"https://m.weibo.cn/status/4680377630723004","username":"皮卡丘跳跳虎"},{"relevant_topic_guid":"f5330f256be28d5b6a218fa8741dbe1c","cnt_retweet":"0","publish_time":"20210912001430","page_action_type":"07","cnt_agree":"0","topic_guid":"f5330f256be28d5b6a218fa8741dbe1c","userid":"1932032374","cnt_comment":"0","content":"北京市推进数字人民币全场景试点 丽泽金融商务区成为“北京法定数字货币试验区” 网页链接","url":"https://m.weibo.cn/status/4680396182653823","username":"小豹儿0514"},{"relevant_topic_guid":"678e2370adb05a0c8dd1d5cdba38a3a2","cnt_retweet":"0","publish_time":"20210911234023","page_action_type":"07","cnt_agree":"0","topic_guid":"678e2370adb05a0c8dd1d5cdba38a3a2","userid":"5085586067","cnt_comment":"0","content":"【红包】农行携手美团，领数字人民币红包，享低碳出行！【红包】农行携手美团，领数字人民币红包，享低碳出行！","url":"https://m.weibo.cn/status/4680387596652501","username":"中国农业银行湖北省分行"},{"relevant_topic_guid":"9a1da0438e37e34dac9e9fcd15f94cb9","cnt_retweet":"0","publish_time":"20210911230527","page_action_type":"07","cnt_agree":"0","topic_guid":"9a1da0438e37e34dac9e9fcd15f94cb9","userid":"6266449224","cnt_comment":"0","content":"#炒股大赛# 牛市炒股大赛肯定不能光靠技术分析，还要有胆量有时间才行下周机会电信营业厅石油数字人民币黄金煤炭中字头航空。","url":"https://m.weibo.cn/status/4680378805388855","username":"冲天老潘"},{"relevant_topic_guid":"036f656aa9d2ba8ec6d700ab4dd2d0aa","cnt_retweet":"0","publish_time":"20210911192309","page_action_type":"07","cnt_agree":"0","topic_guid":"036f656aa9d2ba8ec6d700ab4dd2d0aa","userid":"1726953830","cnt_comment":"0","content":"在法定数字货币试验区体验“扫一扫”“碰一碰” 北京市海淀区超五千家商户支持数字人民币一键支付 网页链接","url":"https://m.weibo.cn/status/4680322862287673","username":"总改昵称的洋"},{"relevant_topic_guid":"1901868964f54eee53cf2b5fabdda5c8","cnt_retweet":"0","publish_time":"20210911162745","page_action_type":"07","cnt_agree":"0","topic_guid":"1901868964f54eee53cf2b5fabdda5c8","userid":"1614262344","cnt_comment":"0","content":"北京市推进数字人民币全场景试点 丽泽金融商务区成为“北京法定数字货币试验区” 网页链接","url":"https://m.weibo.cn/status/4680278721170214","username":"Seven12121103"},{"relevant_topic_guid":"e44d09ba24646075bfa50672e7f57561","cnt_retweet":"0","publish_time":"20210910233314","page_action_type":"11","cnt_agree":"0","topic_guid":"e44d09ba24646075bfa50672e7f57561","userid":"1841923260","cnt_comment":"0","content":"个人觉得值得关注的是数字人民币跨境应用业务 RT:@香港衛視HKS 【粤港澳大湾区“跨境理财通”落地 香港金管局公布业务试点实施细则】酝酿一年多的粤港澳大湾区“跨境理财通”终于来了，9月10日，北京、广州、香港、澳门四地连线，同时启动粤港澳大湾区“跨境理财通”，首批产品将于近期落地。同日，香港金管局公布粤港澳大湾区跨境理财通业务试点实施细则，明确北向 ...全文","url":"https://m.weibo.cn/status/4680023409427593","username":"游_Sara"},{"relevant_topic_guid":"b85631eaced55d39b871bcc7e5930474","cnt_retweet":"0","publish_time":"20210910232759","page_action_type":"07","cnt_agree":"1","topic_guid":"b85631eaced55d39b871bcc7e5930474","userid":"7472808083","cnt_comment":"0","content":"【#在深圳用数字人民币免费骑车#】深圳数字人民币测试引入碳中和公益主题试点，深圳市民可报名参加美团“用数字人民币享低碳骑行季”，领取红包免费骑共享单车，活动一直持续到年底。#数字人民币助力实现双碳目标# 深报视听的微博视频","url":"https://m.weibo.cn/status/4680022088484608","username":"深报视听"},{"relevant_topic_guid":"45c9dd71a66262bb24b4e07be6670036","cnt_retweet":"0","publish_time":"20210911053736","page_action_type":"07","cnt_agree":"0","topic_guid":"45c9dd71a66262bb24b4e07be6670036","userid":"1486343433","cnt_comment":"0","content":"在法定数字货币试验区体验“扫一扫”“碰一碰” 北京市海淀区超五千家商户支持数字人民币一键支付 网页链接","url":"https://m.weibo.cn/status/4680115106349132","username":"Panyu-柒旅神"},{"relevant_topic_guid":"1d3b8fe1bcbc5299811e42486f8642cb","cnt_retweet":"0","publish_time":"20210911050514","page_action_type":"07","cnt_agree":"0","topic_guid":"1d3b8fe1bcbc5299811e42486f8642cb","userid":"1442448820","cnt_comment":"0","content":"在法定数字货币试验区体验“扫一扫”“碰一碰” 北京市海淀区超五千家商户支持数字人民币一键支付 网页链接","url":"https://m.weibo.cn/status/4680106959700238","username":"祘珠儿"},{"relevant_topic_guid":"b4ff1e0d63fc38000517f32db73b4cd5","cnt_retweet":"0","publish_time":"20210916232556","page_action_type":"07","cnt_agree":"1","topic_guid":"b4ff1e0d63fc38000517f32db73b4cd5","userid":"5752423827","cnt_comment":"0","content":"记录第一张数字人民币","url":"https://m.weibo.cn/status/4682195899255974","username":"很积极的的李伍"},{"relevant_topic_guid":"702aedc31f18ea0238853415737aa08e","cnt_retweet":"0","publish_time":"20210916233812","page_action_type":"07","cnt_agree":"0","topic_guid":"702aedc31f18ea0238853415737aa08e","userid":"1659280190","cnt_comment":"0","content":"#量化对冲基金#【范一飞副行长在北京和河北张家口调研北京冬奥会支付服务环境建设和数字人民币试点工作】人民银行党委委员、副行长范一飞带队先后到冬奥会张家口赛区和北京赛区调研冬奥会支付服务环境建设和数字人民币试点情况，并在北京主持召开冬奥会支付服务环境建设领导小组全体会议暨数字人民币北京冬奥会场景试点工作小组会议。范一飞强调，当前冬奥会支付服务环境建设和数字人民币试点工作已进入冲刺阶段。（中国人民银行）","url":"https://m.weibo.cn/status/4682198986788341","username":"QuantHedgeFund"},{"relevant_topic_guid":"426ae6bfe623a4b110d40c8f135ab92a","cnt_retweet":"0","publish_time":"20210916155750","page_action_type":"07","cnt_agree":"0","topic_guid":"426ae6bfe623a4b110d40c8f135ab92a","userid":"1006908252","cnt_comment":"0","content":"我也有数字人民币啦","url":"https://m.weibo.cn/status/4682083132246286","username":"不吃不吃我在瘦呢"},{"relevant_topic_guid":"cfe044f500c1b0e367517786779fcc56","cnt_retweet":"10","publish_time":"20210916124656","page_action_type":"07","cnt_agree":"34","topic_guid":"cfe044f500c1b0e367517786779fcc56","userid":"1955563285","cnt_comment":"10","content":"华为同时巨资注册三家名字几乎一样的公司 这是要干啥？1、9月15日消息， 根据工商注册信息，华为近日在郑州注册了一家名为超聚变数字技术有限公司，注册资本7.27亿元人民币，这个举措有点怪异。 2、首先，这不是华为第一次注册了名为超聚变数字技术有限公司，之前几个月，华为就分别在苏州和深圳分别注册了超聚变公司，而且，名称几乎一模一样，区别仅仅在于地名不同。 3、其次，法定代表人都是郑丽英，而郑丽英其实是华为财务部门出身，目前是华为投资方面的负责人，华为很多公司都是由她当法定代表人，比如2020年 4月1日，荣耀终端有限公司成立，注册资本3亿人民币，法定代表人为郑丽英，而不是以前的余承东。所以，只要一看郑丽英当法人的公司，就知道是华为体系的。 4、另外，三家名为超聚变数字技术有限公司的企业的经营范围也几乎一样，包括人工智能硬件销售网络设备销售；人工智能双创服务平台等。显然，华为是在全国布局“超聚变”。 5、那么，超聚变到底是什么呢？超聚变估计是从核聚变演化而来，意思是特别牛的技术。 华为技术有限公司常务董事、运营商BG总裁丁耘曾表示，超级频率聚变技术综合各个频段的优势，能实现全频谱池化，上下行按需灵活聚合，更好的满足5.5G应用场景对于网络能力的要求。 6、华为经常创造这种名词。比如2010年,华为公司正式提出“云管端”战略，后来 “云管端”这个词就流行。 比如有一年，任正非写了一个文章，叫《华为的冬天》，后来，很多企业、企业家就喜欢讲自己的“冬天”","url":"https://m.weibo.cn/status/4682035090687471","username":"寧晓言"},{"relevant_topic_guid":"dfc93f71b609ad2abea0c330bf6938c3","cnt_retweet":"0","publish_time":"20210916124241","page_action_type":"07","cnt_agree":"0","topic_guid":"dfc93f71b609ad2abea0c330bf6938c3","userid":"2536454572","cnt_comment":"0","content":"华为近日新增投资超聚变数字技术公司，投资比例为100%。注册资本7.27亿人民币，注册地址在河南自贸试验区郑州片区。经营范围包括许可项目：计算机信息系统安全专用产品销售；信息系统集成服务；计算机软硬件及辅助设备批发；通讯设备销售；人工智能双创服务平台；网络技术服务；大数据服务；软件开发；集成电路设计；智能控制系统集成；人工智能通用应用系统；信息系统运行维护服务；物联网技术研发等。","url":"https://m.weibo.cn/status/4682034020092314","username":"数科世界"},{"relevant_topic_guid":"695a0e6f32f11ea35d2bf913c44947f0","cnt_retweet":"0","publish_time":"20210916172933","page_action_type":"07","cnt_agree":"0","topic_guid":"695a0e6f32f11ea35d2bf913c44947f0","userid":"6404264396","cnt_comment":"1","content":"开通了建行数字人民币钱包。。。钱从哪来啊？","url":"https://m.weibo.cn/status/4682106212979219","username":"-acwell"},{"relevant_topic_guid":"71af28064307f81c45657bb23fa6d61a","cnt_retweet":"0","publish_time":"20210916180003","page_action_type":"07","cnt_agree":"0","topic_guid":"71af28064307f81c45657bb23fa6d61a","userid":"1926654680","cnt_comment":"0","content":"中国电信上线数字人民币钱包 \u003e\u003e\u003e 一图解密 \u003c\u003c\u003c* 便捷支付 一键开立 ** 抢鲜体验 玩转惊喜 *","url":"https://m.weibo.cn/status/4682113889080048","username":"中国电信海南客服"},{"relevant_topic_guid":"df068c2e2c9b8c8e4526c773dc7e8596","cnt_retweet":"0","publish_time":"20210916201352","page_action_type":"07","cnt_agree":"0","topic_guid":"df068c2e2c9b8c8e4526c773dc7e8596","userid":"5969267913","cnt_comment":"0","content":"数字人民币I got 上海","url":"https://m.weibo.cn/status/4682147565408481","username":"柴同学的碎碎念念"},{"relevant_topic_guid":"41e5642239ffed2777e26a7835d626ed","cnt_retweet":"0","publish_time":"20210916201710","page_action_type":"07","cnt_agree":"0","topic_guid":"41e5642239ffed2777e26a7835d626ed","userid":"5866672384","cnt_comment":"0","content":"金色财经报道，据工商银行和建设银行披露的数字人民币钱包的开立数据，截至6月末，工商银行累计开立数字人民币个人钱包356万个、对公钱包70万个，签约商户14万户。建设银行开立个人钱包723万余个，对公钱包119万余个，累计交易笔数2845万余笔，交易金额约189亿元。同时，据央行7月份发布的《中国数字人民币的研发进展白皮书》显示，截至6月30日，数字人民币开立个人钱包2087万余个、对公钱包351万余个，累计交易笔数7075万余笔、金额约345亿元。这意味着工商银行和建设银行合计开立的数字人民币个人钱包和对公钱包均占到全国开立数量的一半以上，其中建设银行数字人民币的交易金额则占全国总额的54.8%。","url":"https://m.weibo.cn/status/4682148395353041","username":"青连论币"},{"relevant_topic_guid":"1c639ba2caf72081947c9f847c117ceb","cnt_retweet":"0","publish_time":"20210916203754","page_action_type":"07","cnt_agree":"0","topic_guid":"1c639ba2caf72081947c9f847c117ceb","userid":"1960660265","cnt_comment":"0","content":"【议】央行副行长范一飞：有序推进冬奥会支付服务和数字人民币试点工作： 9月15日至16日，人民银行党委委员、副行长范一飞带队先后到冬奥会张家口赛区和北京赛区调研冬奥会支付服务环境建设和数字人民币试点情况。范一飞强调，当前冬奥会支付服务环境建设和数字人民币试点工作已进入冲刺阶段，要进一步提高政治站位，压实各方责任，将各项工作任务落到实处。切实增强使命感和紧迫感，以严谨的态度、过硬的作风、细致的工作，扎实有序推进冬奥会支付服务和数字人民币试点工作，切实服务好冬奥大局。（北京商报） #互联网快讯# #互联网资讯# #议科技#","url":"https://m.weibo.cn/status/4682153613072098","username":"议科技"},{"relevant_topic_guid":"f14bfe323b0907889188fec37b22d5b7","cnt_retweet":"0","publish_time":"20210916210228","page_action_type":"07","cnt_agree":"0","topic_guid":"f14bfe323b0907889188fec37b22d5b7","userid":"1652185502","cnt_comment":"0","content":"给家充桩交电费，国网可以，能用数字人民币啊#新能源汽车##国家电网#","url":"https://m.weibo.cn/status/4682159795209873","username":"电动知士大雨"},{"relevant_topic_guid":"95e5a32c40632bd27e89c18d77fbba8d","cnt_retweet":"0","publish_time":"20210916110853","page_action_type":"07","cnt_agree":"0","topic_guid":"95e5a32c40632bd27e89c18d77fbba8d","userid":"2001075617","cnt_comment":"0","content":"中国电信上线数字人民币钱包 \u003e\u003e\u003e 一图解密 \u003c\u003c\u003c * 便捷支付 一键开立 * * 抢鲜体验 玩转惊喜 * #数字人民币#","url":"https://m.weibo.cn/status/4682010419528081","username":"中国电信云南网上营业厅"},{"relevant_topic_guid":"24cd9692ab6af961fde688a664695b7f","cnt_retweet":"0","publish_time":"20210916110003","page_action_type":"07","cnt_agree":"0","topic_guid":"24cd9692ab6af961fde688a664695b7f","userid":"5669894010","cnt_comment":"0","content":"【#中国电信正式上线数字人民币钱包#】中国电信股份有限公司（简称“中国电信”）与中国银行联合研发的“数字人民币”钱包正式上线。手机用户仅需在翼支付App 中完成实名认证及绑定银行卡，即可开通数字人民币钱包，实现数字人民币存转银行、换数币、转账等服务操作。","url":"https://m.weibo.cn/status/4682008192356520","username":"群星创业大赛"},{"relevant_topic_guid":"850525e872db1925b8024310ce640a8a","cnt_retweet":"0","publish_time":"20210916110138","page_action_type":"07","cnt_agree":"0","topic_guid":"850525e872db1925b8024310ce640a8a","userid":"1259228935","cnt_comment":"0","content":"【华为成立新公司，布局5.5G】据天眼查App显示，近日，超聚变数字技术有限公司成立，法定代表人为郑丽英，注册资本7.27亿人民币，注册地址在河南自贸试验区郑州片区（郑东），经营范围包括计算机信息系统安全专用产品销售；信息系统集成服务；人工智能双创服务平台；大数据服务等。 股东信息显示，超聚变数字技术有限公司由华为技术有限公司全资控股，疑似实控人为华为投资控股有限公司工会委员会。 事实上，这已经不是华为首次在超聚变技术上进行资金投入。早在今年7月8日，华为便成立一家公司——超聚变技术有限公司；8月2日，华为再次成立一家与超聚变相关的新公司——深圳超聚变技术有限公司。 华为技术有限公司常务董事、运营商BG总裁丁耘彼时曾表示, 超级频率聚变技术综合各个频段的优势，能实现全频谱池化，上下行按需灵活聚合，更好的满足5.5G应用场景对于网络能力的要求。（AI财经社）","url":"https://m.weibo.cn/status/4682008590552156","username":"黄海峰看科技"},{"relevant_topic_guid":"edb6d14048129506c00e2c3fa3b99811","cnt_retweet":"0","publish_time":"20210916194912","page_action_type":"07","cnt_agree":"1","topic_guid":"edb6d14048129506c00e2c3fa3b99811","userid":"1315587597","cnt_comment":"0","content":"【范一飞：扎实有序推进冬奥会支付服务和数字人民币试点工作】央行网站9月16日消息，为做好北京冬奥会支付服务保障相关工作，2021年9月15日至16日，中国人民银行党委委员、副行长范一飞带队先后到冬奥会张家口赛区和北京赛区调研冬奥会支付服务环境建设和数字人民币试点情况，详细了解赛区内银行卡收单、ATM机具受理、移动支付服务和数字人民币受理环境建设等工作进展，并在北京主持召开冬奥会支付服务环境建设领导小组全体会议暨数字人民币北京冬奥会场景试点工作小组会议。网页链接","url":"https://m.weibo.cn/status/4682141356524940","username":"中国证券报"},{"relevant_topic_guid":"71efbd381469c65f9c00cef10587b444","cnt_retweet":"0","publish_time":"20210920180740","page_action_type":"07","cnt_agree":"1","topic_guid":"71efbd381469c65f9c00cef10587b444","userid":"2174978162","cnt_comment":"0","content":"工银亚洲官网9月20日消息，中国工商银行（亚洲）有限公司近日透过金融科技公司CONTOUR，成功协助大宗商品贸易平台冀东发展（香港）国际有限公司完成首笔基于区块链技术的跨境人民币信用证交易。这次交易中，工银亚洲透过CONTOUR平台为冀东香港向外国某大型上游矿山企业直接开立数字化人民币信用证，用以支付进口铁矿石款项。","url":"https://m.weibo.cn/status/4683565357335609","username":"魔贝"},{"relevant_topic_guid":"1301a7852deb6f62020206433e768bac","cnt_retweet":"0","publish_time":"20210920101700","page_action_type":"07","cnt_agree":"0","topic_guid":"1301a7852deb6f62020206433e768bac","userid":"3632453947","cnt_comment":"0","content":"我中了500数字人民币！啊啊啊啊啊！！！ 三亚","url":"https://m.weibo.cn/status/4683446914646565","username":"我要成为一个软妹"},{"relevant_topic_guid":"1688e410485f80ee8c1994206fb9e4e6","cnt_retweet":"0","publish_time":"20210920100941","page_action_type":"07","cnt_agree":"0","topic_guid":"1688e410485f80ee8c1994206fb9e4e6","userid":"2594221165","cnt_comment":"1","content":"数字人民币～哇偶 三亚·三亚广播电视台","url":"https://m.weibo.cn/status/4683445068369321","username":"稍息立正李先生"},{"relevant_topic_guid":"a196a379aca42fcf7fd18050a0c18b7b","cnt_retweet":"0","publish_time":"20210920103500","page_action_type":"07","cnt_agree":"0","topic_guid":"a196a379aca42fcf7fd18050a0c18b7b","userid":"3260025321","cnt_comment":"0","content":"#大连身边事# 【数字人民币试点商圈在西岗开启！】9月19日10:00，GO购西岗趣玩嘉年华活动暨西岗区数字人民币试点商圈启幕仪式在印象城中央广场缤纷启幕，本次活动由西岗区人民政府主办，西岗区商务局、西岗区财政事务服务中心等承办。活动作为GO购西岗乐活节系列活动之一，将为市民带来“乐活、有趣、新奇”的购物体验和消费红利。大连发布的微博视频","url":"https://m.weibo.cn/status/4683451439776682","username":"新浪大连"},{"relevant_topic_guid":"9deeaea05105eb83f8a3d3068a334174","cnt_retweet":"0","publish_time":"20210920115909","page_action_type":"11","cnt_agree":"0","topic_guid":"9deeaea05105eb83f8a3d3068a334174","userid":"6171623575","cnt_comment":"0","content":"湖南省将加快推进长沙“数字人民币”试点，实施跨境人民币便利化政策#区块链第一站# RT:@辛泓睿 区块链快讯 | 09月20日 星期一1、湖南省将加快推进长沙“数字人民币”试点，实施跨境人民币便利化政策2、吉大正元：公司区块链应用主要在电子认证安全产品3、Vechain与水产养殖技术公司Blue Aqua合作，将在虾类养殖中采用区块链追踪技术4、日本通讯巨头LINE宣布开放旗下NFT市场“NFTmarketβ“的NF ...全文","url":"https://m.weibo.cn/status/4683472617344187","username":"渤海泓媒"},{"relevant_topic_guid":"a2997fa956e6117689dcff18d347396f","cnt_retweet":"0","publish_time":"20210920122951","page_action_type":"07","cnt_agree":"0","topic_guid":"a2997fa956e6117689dcff18d347396f","userid":"5387802414","cnt_comment":"0","content":"数字人民币总是和我有缘","url":"https://m.weibo.cn/status/4683480342727819","username":"柚柚MUAA"},{"relevant_topic_guid":"0fd096bda4ab5e753f7512d8507c07a4","cnt_retweet":"0","publish_time":"20210920121210","page_action_type":"07","cnt_agree":"0","topic_guid":"0fd096bda4ab5e753f7512d8507c07a4","userid":"3885263860","cnt_comment":"2","content":"#三亚数字人民币#没有人吗","url":"https://m.weibo.cn/status/4683475892832324","username":"安迪2019"},{"relevant_topic_guid":"588b14f9bb3aa43f02d0d2af8340e36c","cnt_retweet":"0","publish_time":"20210920114627","page_action_type":"07","cnt_agree":"0","topic_guid":"588b14f9bb3aa43f02d0d2af8340e36c","userid":"1969856105","cnt_comment":"0","content":"数字人民币在跨境支付领域带来新机遇 数字人民币在跨境支付领域带来新机遇","url":"https://m.weibo.cn/status/4683469420496935","username":"zr山阴道上"},{"relevant_topic_guid":"19581026449ec9b5b37b2e816e2884a6","cnt_retweet":"0","publish_time":"20210920115327","page_action_type":"07","cnt_agree":"1","topic_guid":"19581026449ec9b5b37b2e816e2884a6","userid":"1811451324","cnt_comment":"0","content":"跌落星盘从今以后我就是数字人民币脑残粉了","url":"https://m.weibo.cn/status/4683471186821529","username":"讲漫长的笑话"},{"relevant_topic_guid":"f9563e5b5388b95fcb742561cf496ed5","cnt_retweet":"0","publish_time":"20210920113728","page_action_type":"07","cnt_agree":"0","topic_guid":"f9563e5b5388b95fcb742561cf496ed5","userid":"5262411708","cnt_comment":"1","content":"数字人民币中签了怎么用哇","url":"https://m.weibo.cn/status/4683467159768913","username":"呜哩哇啦子"},{"relevant_topic_guid":"5602eaf1f290d2cfec0494be2db718a5","cnt_retweet":"0","publish_time":"20210920113337","page_action_type":"07","cnt_agree":"0","topic_guid":"5602eaf1f290d2cfec0494be2db718a5","userid":"1969856105","cnt_comment":"0","content":"范一飞：数字人民币试点工作已进入冲刺阶段-银行频道-#和讯网# 范一飞：数字人民币试点工作已进入冲刺阶段","url":"https://m.weibo.cn/status/4683466190620509","username":"zr山阴道上"},{"relevant_topic_guid":"dd42e4da7c31106136982136a409c23f","cnt_retweet":"0","publish_time":"20210920140004","page_action_type":"07","cnt_agree":"0","topic_guid":"dd42e4da7c31106136982136a409c23f","userid":"1642566441","cnt_comment":"0","content":"拉卡拉：员工中秋节福利是数字人民币金色财经报道，拉卡拉继用数字人民币形式发放工资后，首次将数字人民币作为中秋节福利发放到每位员工的数字人民币钱包APP中，让员工们能在节日里和家人去景区游玩或商圈时体验更加便利的消费。","url":"https://m.weibo.cn/status/4683503050948709","username":"币圈亿达社区"},{"relevant_topic_guid":"7cc3cb5ab335811edfc8d534d104682c","cnt_retweet":"0","publish_time":"20210920134426","page_action_type":"07","cnt_agree":"0","topic_guid":"7cc3cb5ab335811edfc8d534d104682c","userid":"2136460485","cnt_comment":"0","content":"*好运～#数字人民币#","url":"https://m.weibo.cn/status/4683499112760659","username":"你的敏妹_M"},{"relevant_topic_guid":"1bddb1d9e12920f3881a899238a0043f","cnt_retweet":"0","publish_time":"20210920133135","page_action_type":"07","cnt_agree":"0","topic_guid":"1bddb1d9e12920f3881a899238a0043f","userid":"3267703752","cnt_comment":"0","content":"去不了三亚，亏死#数字人民币#","url":"https://m.weibo.cn/status/4683495878690418","username":"错觉是错觉"},{"relevant_topic_guid":"2e99fdf6c818cee94eb7558deddbb563","cnt_retweet":"0","publish_time":"20210920123356","page_action_type":"07","cnt_agree":"1","topic_guid":"2e99fdf6c818cee94eb7558deddbb563","userid":"5453677469","cnt_comment":"0","content":"我也成为数字人民币试点用户了","url":"https://m.weibo.cn/status/4683481369807916","username":"-巴塞罗那的时廊"},{"relevant_topic_guid":"263072cdd8bf0ba19a28ebfbb22d6df1","cnt_retweet":"0","publish_time":"20210920132013","page_action_type":"07","cnt_agree":"0","topic_guid":"263072cdd8bf0ba19a28ebfbb22d6df1","userid":"1720773454","cnt_comment":"0","content":"#三亚数字人民币#大概是提示我该休年假了哈哈哈","url":"https://m.weibo.cn/status/4683493018436277","username":"ssssss_ff"},{"relevant_topic_guid":"2d3598436038fd47cfe413437753cd51","cnt_retweet":"0","publish_time":"20210920130139","page_action_type":"07","cnt_agree":"0","topic_guid":"2d3598436038fd47cfe413437753cd51","userid":"6878256471","cnt_comment":"0","content":"真羡慕中了数字人民币的人我连弄都没弄，机会都没有万恶的水生院完全不通知我们","url":"https://m.weibo.cn/status/4683488345460460","username":"和也先生_"},{"relevant_topic_guid":"a2d8fd7e6aaa6dc34308c1a2a518fef7","cnt_retweet":"0","publish_time":"20210920123330","page_action_type":"07","cnt_agree":"0","topic_guid":"a2d8fd7e6aaa6dc34308c1a2a518fef7","userid":"2476574723","cnt_comment":"0","content":"错过了数字人民币，so sad，我的命怎么这么苦啊？","url":"https://m.weibo.cn/status/4683481265996366","username":"慢吞吞的退毛怪"},{"relevant_topic_guid":"d6cc296e8a4dae431174965696e9ec37","cnt_retweet":"0","publish_time":"20210920131140","page_action_type":"07","cnt_agree":"2","topic_guid":"d6cc296e8a4dae431174965696e9ec37","userid":"5945046990","cnt_comment":"0","content":"比特币 拉卡拉：员工中秋节福利是数字人民币你们呢？","url":"https://m.weibo.cn/status/4683490866237884","username":"十里长安街i"},{"relevant_topic_guid":"db14e7e76bbb8b3fa4598b97adb553da","cnt_retweet":"0","publish_time":"20210924201048","page_action_type":"07","cnt_agree":"0","topic_guid":"db14e7e76bbb8b3fa4598b97adb553da","userid":"6884793297","cnt_comment":"0","content":"CoralSea 三大国有银行（中国建设银行、交通银行、中国工商银行）近日在半年报中同时发布了数字人民币的使用数据，通过银行系统流通的资金总计达数百亿元。并且据了解，中国邮政储蓄银行还在其总行增设了一个专门负责数字人民币业务的部门。","url":"https://m.weibo.cn/status/4685045896581636","username":"宠我哒哒哒嗒大米粒"},{"relevant_topic_guid":"ea67a2f4752f8457a4ce8dc67290f1dd","cnt_retweet":"0","publish_time":"20210924202724","page_action_type":"07","cnt_agree":"0","topic_guid":"ea67a2f4752f8457a4ce8dc67290f1dd","userid":"2031864307","cnt_comment":"0","content":"【#一文看懂第十届中国支付清算论坛#都讲了啥？】我国支付产业发展如何？数字人民币的初心和设计理念是什么？今日，第十届中国支付清算论坛于京召开。央行副行长范一飞、央行数字货币研究所所长穆长春等人对以上问题作出了详尽解答。 　　据范一飞描述，经过产业各方的不懈努力，我国支付产业规模持续增长，支付产业已经步入高质量发展阶段。此外，穆长春对数字人民币的设计与运用进行了详尽介绍。他指出，数字人民币的初心就是推动金融普惠的发展，未来将进一步提高其可得性。一文看懂第十届中国支付清算论坛都讲了啥？","url":"https://m.weibo.cn/status/4685050073059986","username":"新浪银行"},{"relevant_topic_guid":"355e536680083258d5eaacb71c31802d","cnt_retweet":"0","publish_time":"20210924221615","page_action_type":"07","cnt_agree":"0","topic_guid":"355e536680083258d5eaacb71c31802d","userid":"3541431495","cnt_comment":"0","content":"超赞！超燃！2021“科技向北”再度绽放！跨界融合的产业盛会“科技向北”再度开启！科技、音乐、人文、运动、电竞、数字人民币重磅来袭！产业创新和活力人文两大主题版块精彩纷呈！让科技青年的心再次澎湃，让热血再次沸腾！@交通银行@中关村科学城 #交行战略支持科技向北活动# 中关村软件园的微博视频","url":"https://m.weibo.cn/status/4685077465797303","username":"中关村软件园"},{"relevant_topic_guid":"7d3419e6e7cb48ef8c8a1b4823035790","cnt_retweet":"0","publish_time":"20210924222543","page_action_type":"07","cnt_agree":"1","topic_guid":"7d3419e6e7cb48ef8c8a1b4823035790","userid":"1638782947","cnt_comment":"0","content":"【#一文看懂第十届中国支付清算论坛#都讲了啥？】我国支付产业发展如何？数字人民币的初心和设计理念是什么？今日，第十届中国支付清算论坛于京召开。央行副行长范一飞、央行数字货币研究所所长穆长春等人对以上问题作出了详尽解答。据范一飞描述，经过产业各方的不懈努力，我国支付产业规模持续增长，支付产业已经步入高质量发展阶段。此外，穆长春对数字人民币的设计与运用进行了详尽介绍。他指出，数字人民币的初心就是推动金融普惠的发展，未来将进一步提高其可得性。一文看懂第十届中国支付清算论坛都讲了啥？","url":"https://m.weibo.cn/status/4685079848161828","username":"新浪财经"},{"relevant_topic_guid":"e31f80466ef1e0260ad4586c0a0de259","cnt_retweet":"0","publish_time":"20210924204910","page_action_type":"07","cnt_agree":"0","topic_guid":"e31f80466ef1e0260ad4586c0a0de259","userid":"7114380154","cnt_comment":"0","content":"《大时代将至：数字人民币+数字平台经济》透过此次试点，我们看到了数字人民币与数字平台经济相互融合的巨大潜力，这也有望成为新时期数字经济发展的重头戏。数字人民币时代正在缓缓开启。网页链接","url":"https://m.weibo.cn/status/4685055550561274","username":"DCEP_Pluscoin"},{"relevant_topic_guid":"7a0d749908153ae891dcf5beade5085a","cnt_retweet":"0","publish_time":"20210924194859","page_action_type":"07","cnt_agree":"0","topic_guid":"7a0d749908153ae891dcf5beade5085a","userid":"1991537851","cnt_comment":"0","content":"【丽泽金融商务区擦亮数字金融新名片】近日，中国人民银行数字货币研究所与丽泽金融商务区共同设立的数字金融技术检测中心正式揭牌。北京市金融局正式向丽泽金融商务区颁授“北京法定数字货币试验区”，拓展特色金融科技应用场景，助力丽泽打造数字人民币技术与应用生态。作为新兴金融产业集聚区、首都金融改革试验区，丽泽金融商务区又将如何发展？点击文章查看→ 丽泽金融商务区擦亮数字金融新名片","url":"https://m.weibo.cn/status/4685040405189652","username":"途之家"},{"relevant_topic_guid":"ef6848cc8749caff1916209316a7ad63","cnt_retweet":"0","publish_time":"20210924171118","page_action_type":"07","cnt_agree":"0","topic_guid":"ef6848cc8749caff1916209316a7ad63","userid":"2563768927","cnt_comment":"0","content":"艹！数字人民币还会过期中奖的55+20元痛失","url":"https://m.weibo.cn/status/4685000723138020","username":"锦瑟安年-jjw"},{"relevant_topic_guid":"a06d26f53be770261e3ab9a79acb175a","cnt_retweet":"0","publish_time":"20210924173304","page_action_type":"07","cnt_agree":"0","topic_guid":"a06d26f53be770261e3ab9a79acb175a","userid":"2699543161","cnt_comment":"0","content":"【关于数字人民币的赋能，央行数研所穆长春最新观点！】“数字人民币是人民银行为国内零售支付市场提供的公共产品，其初心就是推动金融普惠的发展，所以，我们在数字人民币的试点过程中，一直努力落实金融普惠的理念。”在2021年9月24日的第十届中国支付清算论坛上，人民银行数字货币研究所所长穆长春从四个方面介绍了数字人民币在试点过程中如何助力落实金融普惠。关于数字人民币的赋能，央行数研所穆长春最新观点！","url":"https://m.weibo.cn/status/4685006205354681","username":"金融时报"},{"relevant_topic_guid":"a1940190759ae732f3a8388cbbd0d36d","cnt_retweet":"0","publish_time":"20210924172611","page_action_type":"07","cnt_agree":"0","topic_guid":"a1940190759ae732f3a8388cbbd0d36d","userid":"2726423047","cnt_comment":"0","content":"区块链 今天测试了一下数字人民币钱包，首先用中行APP，一打开数字人民币就需要输入支付密码，我没设置过密码呀，输错了4次就提示再错1次就锁钱包，吓死了，赶紧换建行的APP，先申请再设置支付密码，一路操作逻辑通顺，最终钱包就是长这个样子。数字人民币宣传没有账户慨念，实际上换个马甲仍有账户的慨念在里面，只不过不再是银行存款账户的慨念了。 这个数字人民币钱我也推荐使用。数字人民币背后的本质都是央行发行的法币，都是人民币基础货币。未来央行资产负债表下的储备货币将可能分成4个子项目，它们是货币发行（现金实物钞票），其它存款性公司存款（准备金存款），非金融机构存款（第3方支付100％超额储备金存款），数字人民币。从这个结构看，数字人民币规模增大，会产生对其它存款性公司存款的一种挤兑流出现象。会导致银行流动性更加紧张。我国的数字人民币E－CNY还会继续演变。#比特币##以太坊##区块链#","url":"https://m.weibo.cn/status/4685004468126982","username":"痞_蜀黍"},{"relevant_topic_guid":"25f02af5509a13057d23a99ab1e5e4ab","cnt_retweet":"0","publish_time":"20210924161331","page_action_type":"07","cnt_agree":"0","topic_guid":"25f02af5509a13057d23a99ab1e5e4ab","userid":"7079726073","cnt_comment":"0","content":"#第十八届西博会# 【逛西博 | 1分钱在西博会喝咖啡！探寻四川农行展馆用的“数字化”“智慧+”】你没看错，在第十八届西博会展览展示区5号馆的中国农业银行四川分行（以下简称四川农行）展馆，数字人民币自助咖啡机前人头攒动，大家正有序排队购买1分钱的现磨咖啡。“数字人民币自助咖啡机是我们针对这次西博会特意推出的，希望借助西博会平台，进一步推广数字人民币。” 四川农行展馆工作人员介绍道。 四川农行展馆内的智慧化、科技化、数字化体验，小博哥感受到了近年来四川农行以数字驱动为源头，以创新发展为核心的澎湃动力。逛西博 | 1分钱在西博会喝咖啡！探寻四川农行展馆用的“数字化”“智慧+” 四川国际博览集团的微博视频","url":"https://m.weibo.cn/status/4684986185941687","username":"四川国际博览集团"},{"relevant_topic_guid":"3debdd51c6b44dc64b2ebc701f04e367","cnt_retweet":"0","publish_time":"20210924225303","page_action_type":"07","cnt_agree":"0","topic_guid":"3debdd51c6b44dc64b2ebc701f04e367","userid":"3518920943","cnt_comment":"0","content":"抽中了20块数字人民币和200-20优惠券，最后实际只买了两只妮维雅的洗面奶，并没有满200，成功用58买到360ml洗面奶并没有被营销促动，成功薅了社会主义羊毛并避免被营销促动，实在是太开心了","url":"https://m.weibo.cn/status/4685086728130969","username":"Timchennnn_"},{"relevant_topic_guid":"c7a98f3942b5da0f6b0dba11a2d9bfd2","cnt_retweet":"2","publish_time":"20210923180555","page_action_type":"11","cnt_agree":"0","topic_guid":"c7a98f3942b5da0f6b0dba11a2d9bfd2","userid":"1862172703","cnt_comment":"0","content":"合作共赢 RT:@半导体投资联盟 【#紫光国微与微网优联达成战略合作#，探索万物智联时代发展新机遇】紫光国微发布公告称，公司与微网优联科技（成都）有限公司在成都签署战略合作协议。双方将在移动通信、数字人民币、物联网与智慧生活等领域深化合作，实现业务升级转型，共同探索万物智联时代发展新机遇。集微网","url":"https://m.weibo.cn/status/4684652083937595","username":"集微网官方微博"},{"relevant_topic_guid":"2418d60f85f4bb323cc8933d06255387","cnt_retweet":"1","publish_time":"20210923180734","page_action_type":"11","cnt_agree":"0","topic_guid":"2418d60f85f4bb323cc8933d06255387","userid":"2101850115","cnt_comment":"0","content":"//@集微网官方微博:合作共赢 RT:@半导体投资联盟 【#紫光国微与微网优联达成战略合作#，探索万物智联时代发展新机遇】紫光国微发布公告称，公司与微网优联科技（成都）有限公司在成都签署战略合作协议。双方将在移动通信、数字人民币、物联网与智慧生活等领域深化合作，实现业务升级转型，共同探索万物智联时代发展新机遇。集微网","url":"https://m.weibo.cn/status/4684652495767304","username":"手机中国联盟官博"},{"relevant_topic_guid":"eb17844c15a7f98fa65fd4b72fc76e78","cnt_retweet":"0","publish_time":"20210824102714","page_action_type":"07","cnt_agree":"0","topic_guid":"eb17844c15a7f98fa65fd4b72fc76e78","userid":"1830904251","cnt_comment":"0","content":"digicny.cn#数字人民币#_#域名交易#_ 网页链接","url":"https://m.weibo.cn/status/4673665012075192","username":"菜刀摄影网"},{"relevant_topic_guid":"0531fc80cc488f8cc5fd37aa13010e50","cnt_retweet":"0","publish_time":"20210824130314","page_action_type":"07","cnt_agree":"0","topic_guid":"0531fc80cc488f8cc5fd37aa13010e50","userid":"2174978162","cnt_comment":"0","content":"据最新公布的半年报显示，拉卡拉参与了迄今为止全部数字人民币试点城市的试点工作，以及2022北京冬奥会数字人民币受理的环境建设工作，升级了数百万台终端使之可以受理数字人民币，服务商户超过1万家，并将围绕KA商户形成不同的数字人民币解决方案。此外，拉卡拉即将推出一款可穿戴手环产品，可支持数字人民币支付，一定程度上可解决老年人数字支付困难，以及境外人士在境内数字支付的难题。","url":"https://m.weibo.cn/status/4673704270762418","username":"魔贝"},{"relevant_topic_guid":"9ab80a64b2f38562af4cabbad30d5a6c","cnt_retweet":"0","publish_time":"20210824131342","page_action_type":"07","cnt_agree":"2","topic_guid":"9ab80a64b2f38562af4cabbad30d5a6c","userid":"7574203734","cnt_comment":"1","content":"天津：积极争取数字人民币试点，提供多层次智能算力服务 8月24日消息，天津市人民政府印发《天津市加快数字化发展三年行动方案（2021—2023年）》，要求推动传统产业数字化转型升级，积极争取数字人民币试点，推动数字人民币应用场景建设；加快与量子计算、区块链技术融合发展，提供多层次智能算力服务，实现数据中心从数据存储型向计算型转变；重点支持区块链技术及支撑系统、量子科技等新一代信息技术研发应用；布局区块链等重量级未来产业，运用区块链等新一代信息技术进行即时分析、引导、调度、管理，实现产业链和创新链双向融合，推动数字经济高质量发展","url":"https://m.weibo.cn/status/4673706905568431","username":"波段猎人"},{"relevant_topic_guid":"7b8d67122618f7fa198094fca58c9dad","cnt_retweet":"0","publish_time":"20210824125901","page_action_type":"07","cnt_agree":"0","topic_guid":"7b8d67122618f7fa198094fca58c9dad","userid":"3105184603","cnt_comment":"0","content":"拉卡拉：已完成全部数字人民币试点城市的试点工作 8月24日消息，据最新公布的半年报显示，拉卡拉参与了迄今为止全部数字人民币试点城市的试点工作，以及2022北京冬奥会数字人民币受理的环境建设工作，升级了数百万台终端使之可以受理数字人民币，服务商户超过1万家，并将围绕KA商户形成不同的数字人民币解决方案。此外，拉卡拉即将推出一款可穿戴手环产品，可支持数字人民币支付，一定程度上可解决老年人数字支付困难，以及境外人士在境内数字支付的难题。","url":"https://m.weibo.cn/status/4673703209863486","username":"财经货币"},{"relevant_topic_guid":"9ac3cc078a9ffeacc34e094d82cb98e0","cnt_retweet":"0","publish_time":"20210824095221","page_action_type":"07","cnt_agree":"0","topic_guid":"9ac3cc078a9ffeacc34e094d82cb98e0","userid":"7336944806","cnt_comment":"0","content":"【行业新闻】受理场景持续丰富 | 西安市民可用数字人民币购电了！ 作为数字人民币第二批试点城市，西安市继在文化旅游、民生服务、商业连锁等领域开通数字人民币受理后，政务公缴领域也实现了新突破。近日，得益于银联商务为国家电网陕西省电力公司（下简称“国网陕西电力”）定制打造的数字人民币购电服务综合解决方案，市民在西安各供电营业厅可使用数字人民币快速便捷地缴纳电费。 自去年底西安被确定为数字人民币试点地区后，国网陕西电力就一直积极计划接入数字人民币支付电费功能。作为其在综合支付服务领域已经合作十余载的合作伙伴，银联商务在充分发挥自身数字人民币业务创新性及服务便捷性优势的基础上，迅速跟进开展数字人民币购电业务方案策划、业务合作模式探讨、技术程序开发、银行数字人民币账户开户、产品测试等一系列相关工作，使得数字人民币购电业务得以快速上线，实现了数字人民币在当地政务公共缴费领域的率先突破和在民生服务领域的深化应用。 如今，西安市民受邀或自行到工农中建交及邮储银行营业网点申请开通数字人民币钱包后，到西安市各供电营业厅缴纳电费时，只要出示数字人民币付款二维码，通过银联商务提供的支付受理服务便可轻松快速完成缴费过程，整个过程十分方便快捷。而此前，银联商务早已为国网陕西电力的“买电宝”提供线上线下一体化的支付服务，并为其上线“全民付”自助终端、“云闪付”APP等便捷的缴费通道，为市民缴费不断增添便利。 作为人民银行指定的数字人民币受理机构之一，银联商务一直积极发挥各地商户资源、场景应用优势，已陆续在北京、深圳、苏州、海南、雄安新区等各地的交通出行、政务公缴、健康医疗、景区园区等场景中开通数字人民币受理，全力助推数字人民币在全国各大试点地区的受理生态建设。 内容来源：银联商务；扫码查阅更多~~~·","url":"https://m.weibo.cn/status/4673656233657395","username":"西链协"},{"relevant_topic_guid":"36666f7dabf211ef44442df0febdd458","cnt_retweet":"0","publish_time":"20210824153759","page_action_type":"07","cnt_agree":"0","topic_guid":"36666f7dabf211ef44442df0febdd458","userid":"6488873896","cnt_comment":"0","content":"【天津：积极争取#数字人民币# 试点，提供多层次智能算力服务】火讯财经讯，8月24日消息，天津市人民政府印发《天津市加快数字化发展三年行动方案（2021—2023年）》，要求推动传统产业数字化转型升级，积极争取数字人民币试点，推动数字人民币应用场景建设……","url":"https://m.weibo.cn/status/4673743215400689","username":"火讯财经官方微博"},{"relevant_topic_guid":"cd77748221cc2e6b647e10c0b9ec8c54","cnt_retweet":"1","publish_time":"20210824152100","page_action_type":"07","cnt_agree":"0","topic_guid":"cd77748221cc2e6b647e10c0b9ec8c54","userid":"6500548942","cnt_comment":"0","content":"$上海银行 sh601229$ 上海：“十四五”期间稳步推进数字人民币应用试点 丰富数字人民币应用场景，点击链接查看更多-\u003e网页链接","url":"https://m.weibo.cn/status/4673738940879592","username":"上海银行sh601229"},{"relevant_topic_guid":"cb7cc47a31b8fbbb07f4f81b97baf529","cnt_retweet":"3","publish_time":"20210824151842","page_action_type":"07","cnt_agree":"6","topic_guid":"cb7cc47a31b8fbbb07f4f81b97baf529","userid":"1776830283","cnt_comment":"2","content":"【一图读懂《上海国际金融中心建设“十四五”规划》】上海市人民政府印发《上海国际金融中心建设“十四五”规划》，其中包括稳步推进数字人民币应用试点，加大对重点产业、“五型经济”等重要领域的金融支持力度等多项内容。#上海国际金融建设#","url":"https://m.weibo.cn/status/4673738366517918","username":"同花顺"},{"relevant_topic_guid":"d1e370c44fc832308356ad546f72fb9f","cnt_retweet":"0","publish_time":"20210824135107","page_action_type":"07","cnt_agree":"0","topic_guid":"d1e370c44fc832308356ad546f72fb9f","userid":"2150074682","cnt_comment":"0","content":"标题阴阳怪气，人民币数字化迫在眉睫2333","url":"https://m.weibo.cn/status/4673716321260332","username":"笨蛋的黑9"},{"relevant_topic_guid":"95da6354cbf9b1c116455bd41184c39f","cnt_retweet":"5","publish_time":"20210824153211","page_action_type":"07","cnt_agree":"1","topic_guid":"95da6354cbf9b1c116455bd41184c39f","userid":"1905628462","cnt_comment":"0","content":"#上海国际金融中心建设十四五规划来了#【“十四五”上海要加快推动金融“数字化”转型 稳步推进数字人民币试点】上海市委常委、副市长吴清8月24日在上海市政府新闻发布会上表示，根据《上海国际金融中心建设“十四五”规划》要求，“十四五”期间，上海要加快推动金融“数字化”转型，增强金融科技全球竞争力。上海市委常委、副市长吴清：“十四五”上海要加快推动金融“数字化”转型 稳步推进数字人民币试点","url":"https://m.weibo.cn/status/4673741756042808","username":"上海证券报"},{"relevant_topic_guid":"65e5f5d3ce1667d522d5367f57ebad1f","cnt_retweet":"0","publish_time":"20210824093845","page_action_type":"07","cnt_agree":"0","topic_guid":"65e5f5d3ce1667d522d5367f57ebad1f","userid":"6414187862","cnt_comment":"0","content":"#北京日报今日头条#2021.8.24【143家国内外金融机构将亮相服贸会】我国金融机构“第一方阵”将再次“合拍全家福”；现场开通一条数字人民币大道，打造文创、无人超市、移动便利店、老字号等消费场景；医疗教育、消费金融、智慧城市、金融科技创新场景将更加贴近民生……即将上演的服贸会，金融服务亮点纷呈。昨天，记者从2021年服贸会金融服务专题展媒体通气会获悉，今年共有143家国际国内金融机构集中亮相服贸会，包括29家世界500强领先金融机构和知名企业。网页链接","url":"https://m.weibo.cn/status/4673652811369137","username":"党报阅览室"},{"relevant_topic_guid":"1636f6b6745a1f2983544e6533287d32","cnt_retweet":"0","publish_time":"20210824013028","page_action_type":"07","cnt_agree":"0","topic_guid":"1636f6b6745a1f2983544e6533287d32","userid":"6501691720","cnt_comment":"0","content":"$工商银行 sh601398$ 数字人民币将亮相金融嘉年华，点击链接查看更多-\u003e2021年服贸会金融服务专题展9月3日在首钢园启幕 数字人民币将亮相金融嘉年华","url":"https://m.weibo.cn/status/4673529931629963","username":"工商银行sh601398"},{"relevant_topic_guid":"e276202e7a9775ccb4a35a59390ecf55","cnt_retweet":"0","publish_time":"20210824013026","page_action_type":"07","cnt_agree":"0","topic_guid":"e276202e7a9775ccb4a35a59390ecf55","userid":"6500548963","cnt_comment":"0","content":"$农业银行 sh601288$ 数字人民币将亮相金融嘉年华，点击链接查看更多-\u003e2021年服贸会金融服务专题展9月3日在首钢园启幕 数字人民币将亮相金融嘉年华","url":"https://m.weibo.cn/status/4673529927434318","username":"农业银行sh601288"},{"relevant_topic_guid":"f346a0dc798ba66c8296db5131cb70e8","cnt_retweet":"0","publish_time":"20210824092905","page_action_type":"07","cnt_agree":"0","topic_guid":"f346a0dc798ba66c8296db5131cb70e8","userid":"3221546262","cnt_comment":"0","content":"【大连商品交易所实现数字人民币在期货市场首次应用】大连商品交易所(以下简称“大商所”)23日发布消息称，大商所日前通过数字人民币形式向交割仓库大连良运集团储运有限公司支付仓储费，这是数字人民币在中国期货市场的首次应用。 　　数字人民币是中国人民银行发行的数字形式法定货币，与实物人民币等价。相比现金和银行存款等传统货币形式，数字人民币具有支持银行账户松耦合、可控匿名、即时结算等独特优势。来源：中国新闻网大连商品交易所实现数字人民币在期货市场首次应用","url":"https://m.weibo.cn/status/4673650383389748","username":"辽宁新闻网"},{"relevant_topic_guid":"50cf0dbd1210615cbf4917fd326ffd1c","cnt_retweet":"0","publish_time":"20210824013003","page_action_type":"07","cnt_agree":"0","topic_guid":"50cf0dbd1210615cbf4917fd326ffd1c","userid":"6501404038","cnt_comment":"0","content":"$华夏银行 sh600015$ 数字人民币将亮相金融嘉年华，点击链接查看更多-\u003e2021年服贸会金融服务专题展9月3日在首钢园启幕 数字人民币将亮相金融嘉年华","url":"https://m.weibo.cn/status/4673529825985761","username":"华夏银行sh600015"},{"relevant_topic_guid":"205694210cafa54578cf1895f108ea2c","cnt_retweet":"0","publish_time":"20210824013002","page_action_type":"07","cnt_agree":"0","topic_guid":"205694210cafa54578cf1895f108ea2c","userid":"6500544999","cnt_comment":"0","content":"$浦发银行 sh600000$ 数字人民币将亮相金融嘉年华，点击链接查看更多-\u003e2021年服贸会金融服务专题展9月3日在首钢园启幕 数字人民币将亮相金融嘉年华","url":"https://m.weibo.cn/status/4673529822053749","username":"浦发银行sh600000"},{"relevant_topic_guid":"6f43af0cc188619592efd01517658843","cnt_retweet":"0","publish_time":"20210824002804","page_action_type":"07","cnt_agree":"0","topic_guid":"6f43af0cc188619592efd01517658843","userid":"1812531492","cnt_comment":"0","content":"绝了 数字人民币还带回收的","url":"https://m.weibo.cn/status/4673514227631993","username":"Cutenessli"},{"relevant_topic_guid":"263072cdd8bf0ba19a28ebfbb22d6df1","publish_time":"20210921155200","page_action_type":"08","topic_guid":"a849220bb22a36072549216807d6d8a4","userid":"6480526588","content":"6.5折收6.5折收","url":"https://m.weibo.cn/status/4683493018436277/###4683893846837811","username":"Iris謝侑芯"},{"relevant_topic_guid":"263072cdd8bf0ba19a28ebfbb22d6df1","publish_time":"20210921001500","page_action_type":"08","topic_guid":"9d4a213b1829a415b50e0b9da2698c70","userid":"7345613944","content":"收","url":"https://m.weibo.cn/status/4683493018436277/###4683657895479568","username":"吃三个鸡蛋卷好了"},{"relevant_topic_guid":"263072cdd8bf0ba19a28ebfbb22d6df1","publish_time":"20210920163400","page_action_type":"08","topic_guid":"3286077f6c92068b005ec12b494ffeb6","userid":"2798652187","content":"我也中了800可惜在外地 [允悲] [悲伤] [允悲]","url":"https://m.weibo.cn/status/4683493018436277/###4683541894660218","username":"傻也不知道"}]