[{"relevant_topic_guid":"2334bcd97ef983427430a7875b51b795","cnt_retweet":"0","publish_time":"20210427094707","page_action_type":"07","cnt_agree":"0","topic_guid":"2334bcd97ef983427430a7875b51b795","userid":"ChainNewscom","cnt_comment":"0","content":"【数字人民币海南自贸港交通场景应用启动】链闻消息，据人民网海南频道，在中国人民银行海口中心支行、海南省交通厅的指导下，由中国银行海南省分行、海南海汽运输集团共同举办的数字人民币交通场景启动仪式在海口汽运总站举行，标志着数字人…… https://t.co/KxmUhOYWpk","url":"https://twitter.com/ChainNewscom/status/1386859420764803076","username":"链闻 ChainNews"},{"relevant_topic_guid":"4eaa92d4276687eced45684ee736e6b1","cnt_retweet":"0","publish_time":"20210427171015","page_action_type":"07","cnt_agree":"0","topic_guid":"4eaa92d4276687eced45684ee736e6b1","userid":"jucaijing","cnt_comment":"0","content":"分析：中国开展数字人民币应用试点 挑战微信支付宝双寡头局面 #财经 #股市 #美股 #基金 #指数精品折扣:https://t.co/D4bxqn7xLk电报群:https://t.co/xzW3Gz5hsfFB：https://t.co/WKiA8moVLZ https://t.co/fXFpLTjl4N","url":"https://twitter.com/jucaijing/status/1386970938558799874","username":"聚财经 (财经新闻每日精选25条)"},{"relevant_topic_guid":"aeb470584ea49f703f0ceeaf2e995547","cnt_retweet":"0","publish_time":"20210427084320","page_action_type":"07","cnt_agree":"0","topic_guid":"aeb470584ea49f703f0ceeaf2e995547","userid":"J3yae1AviuDc4Ck","cnt_comment":"0","content":"老年人不会用数字人民币怎么办？央行回应“数字人民币在设计上满足公共性和普惠性需求，针对不同用户群体提出解决方案。如，整合健康码及余额显示的可视芯片老人卡，通过碰一碰或者二维码方式，为老年人提供便捷安全的数字人民币支付体验以及社交出行便利。”","url":"https://twitter.com/J3yae1AviuDc4Ck/status/1386843369213550592","username":"方谦益"},{"relevant_topic_guid":"2a1aa877552cf3942851728ce46e7785","cnt_retweet":"0","publish_time":"20210427011705","page_action_type":"07","cnt_agree":"2","topic_guid":"2a1aa877552cf3942851728ce46e7785","userid":"MingJingNews","cnt_comment":"0","content":"美国有法案没动作，中国不惧拜登的“狼来了”；中国狂追军事大国，军费连续26年增长；中国开发商入侵购地，香港已成深圳后院；官推数字人民币，打击支付宝微信支付 | 中国新闻（20210427） https://t.co/tjTq0iKoPP https://t.co/NWy71HmVw9","url":"https://twitter.com/MingJingNews/status/1386731069412499457","username":"明鏡新聞網"},{"relevant_topic_guid":"92d0000e598d852c5526545a22b5b0c2","cnt_retweet":"0","publish_time":"20210427080633","page_action_type":"07","cnt_agree":"0","topic_guid":"92d0000e598d852c5526545a22b5b0c2","userid":"6donews","cnt_comment":"0","content":"拜登在玩“狼来了”？美国有法案没动作；官推数字人民币，打击支付宝微信支付；行动挺台！菅政府检视出动自卫队相关法律，七成四日本民众赞成；防火长城入侵香港 | 全球新闻 https://t.co/jyxDsxQuDz","url":"https://twitter.com/6donews/status/1386834114716737536","username":"六度新闻"},{"relevant_topic_guid":"13b602363d144949810fae1e8ebeb322","cnt_retweet":"0","publish_time":"20210427005157","page_action_type":"07","cnt_agree":"0","topic_guid":"13b602363d144949810fae1e8ebeb322","userid":"QuanQiuLianBao","cnt_comment":"0","content":"#中国新闻 最新节目：https://t.co/CPaHkl6ISn美国有法案没动作，中国不惧拜登的“狼来了”；中国狂追军事大国，军费连续26年增长；中国开发商入侵购地，香港已成深圳后院；官推数字人民币，打击支付宝微信支付 | 中国新闻（20210427）播放时间：2021年4月26日12:45pm（美东）4月27日12:45am（北京） https://t.co/TirdpaG4f4","url":"https://twitter.com/QuanQiuLianBao/status/1386724741952724999","username":"全球新闻连报"},{"relevant_topic_guid":"e4df0cace1cb22b9439f42f08e0f8a48","cnt_retweet":"1","publish_time":"20210426203855","page_action_type":"07","cnt_agree":"0","topic_guid":"e4df0cace1cb22b9439f42f08e0f8a48","userid":"0xzxcom","cnt_comment":"0","content":"中国在线零售巨头京东（https://t.co/XItaGdBABS）采用数字人民币支付工资 https://t.co/0mFkgAhLxE","url":"https://twitter.com/0xzxcom/status/1386661066248056838","username":"0x资讯"},{"relevant_topic_guid":"16b8dbd0c23130c465c7f91bd362d33a","cnt_retweet":"1","publish_time":"20210426171007","page_action_type":"07","cnt_agree":"0","topic_guid":"16b8dbd0c23130c465c7f91bd362d33a","userid":"ChainNewscom","cnt_comment":"0","content":"【央行预计将于「五一」期间向上海市民发放免费数字现金红包】链闻消息，据第一财经消息，为了推动公众对于数字人民币的了解和接受度，央行预计将在即将到来的「五一」期间，向上海市民发放免费数字现金红包。央行官员近期表示，目前数字人民…… https://t.co/mpsajV8ep3","url":"https://twitter.com/ChainNewscom/status/1386608520657883137","username":"链闻 ChainNews"},{"relevant_topic_guid":"6189ea5dd39634cab56c766fa35a43c7","cnt_retweet":"0","publish_time":"20210427071710","page_action_type":"07","cnt_agree":"1","topic_guid":"6189ea5dd39634cab56c766fa35a43c7","userid":"MingJingNews","cnt_comment":"0","content":"拜登在玩“狼来了”？美国有法案没动作；官推数字人民币，打击支付宝微信支付；行动挺台！菅政府检视出动自卫队相关法律，七成四日本民众赞成；防火长城入侵香港 | 全球新闻（20210427-2） https://t.co/Y19XOYw5WC https://t.co/V2gem64nk6","url":"https://twitter.com/MingJingNews/status/1386821686079594498","username":"明鏡新聞網"},{"relevant_topic_guid":"fca0e8d9cbf989acb4ec6d663844f09f","cnt_retweet":"0","publish_time":"20210426041432","page_action_type":"07","cnt_agree":"0","topic_guid":"fca0e8d9cbf989acb4ec6d663844f09f","userid":"XiaoZhen0537","cnt_comment":"0","content":"华为数字人民币技术首次亮相第四届数字中国建设峰会 https://t.co/cY8OHA7FCF","url":"https://twitter.com/XiaoZhen0537/status/1386413335243935746","username":"每日头条 - 时事百科抢先看"},{"relevant_topic_guid":"2e7b3da15ebf751fe5bff07db32a9a75","cnt_retweet":"0","publish_time":"20210426154943","page_action_type":"07","cnt_agree":"0","topic_guid":"2e7b3da15ebf751fe5bff07db32a9a75","userid":"TimednewsC","cnt_comment":"0","content":"【中国将在上海对试验数字人民币 打破支付宝微信的垄断】 在中国的商业中心上海，六家大型国有银行正在5月5日购物节之前悄悄地执行一项政治任务——推广数字人民币，这些国有银行试图为消费者提供除了支付宝和微信支付以外的替代支付方式。https://t.co/OEyW3c4axG https://t.co/kNjGZpOnPY","url":"https://twitter.com/TimednewsC/status/1386588284520845312","username":"TimedNews.com"},{"relevant_topic_guid":"44ae5057442283bc545a44eccfc31153","cnt_retweet":"1","publish_time":"20210426104015","page_action_type":"07","cnt_agree":"1","topic_guid":"44ae5057442283bc545a44eccfc31153","userid":"jike_collection","cnt_comment":"1","content":"【APPSO 科技早报-0426】1.苹果正研发无袖带血压监测技术https://t.co/3LKzd415ry TV 4K 国行版或已正式过审3.京东已用数字人民币支付货款、发放薪酬https://t.co/Pg69FTcUCM已启动太阳系边际探测工程论证工作5.特斯拉回应厦门交通事故6.哔哩哔哩回应招聘争议7.英特尔 CEO… https://t.co/Odmnj5WDlt","url":"https://twitter.com/jike_collection/status/1386510407775387652","username":"即刻精选"},{"relevant_topic_guid":"ed86bde06ab23dfde9ddf76536a034b7","cnt_retweet":"0","publish_time":"20210426150804","page_action_type":"07","cnt_agree":"0","topic_guid":"ed86bde06ab23dfde9ddf76536a034b7","userid":"6doworld","cnt_comment":"0","content":"央行数字货币研究所副所长：数字人民币是法定货币，不得拒收 https://t.co/Bjd6yYVW0Y https://t.co/HJGoZzNrgc","url":"https://twitter.com/6doworld/status/1386577805903761413","username":"六度世界"},{"relevant_topic_guid":"250f0ee5073d500faa203c2aa40f15f3","cnt_retweet":"1","publish_time":"20210426142217","page_action_type":"07","cnt_agree":"1","topic_guid":"250f0ee5073d500faa203c2aa40f15f3","userid":"zgagtqs","cnt_comment":"0","content":"目前市场存在的题材地位很高的板块有五个；一个是朗姿股份领导的大医美；二个小康股份领导的华为汽车；三是御银股份领导的数字人民币；四是士兰微领导的芯片；五是彩虹股份领导的面板。这几个题材都是偏趋势主升类的","url":"https://twitter.com/zgagtqs/status/1386566282716188672","username":"中国A股_天青色"},{"relevant_topic_guid":"662a927f165414cb57396014238d29b9","cnt_retweet":"8","publish_time":"20210425214942","page_action_type":"07","cnt_agree":"9","topic_guid":"662a927f165414cb57396014238d29b9","userid":"wstv_lizzi","cnt_comment":"2","content":"25日，中国人民银行数字货币研究所与蚂蚁集团签署战略合作协议。双方将基于蚂蚁自主研发分布式数据库OceanBase和移动开发平台mPaaS，共建数字人民币技术平台。蚂蚁表示积极响应，将继续巩固与央行数研所在技术领域的深度交流与合作，共同推动新技术在数字化升级中的落地，服务实体经济。（36氪）","url":"https://twitter.com/wstv_lizzi/status/1386316490475937804","username":"李其 Lizzi"},{"relevant_topic_guid":"705dc35dd0b4187ba190f616d13b36bd","cnt_retweet":"0","publish_time":"20210426160210","page_action_type":"07","cnt_agree":"0","topic_guid":"705dc35dd0b4187ba190f616d13b36bd","userid":"ChainNewscom","cnt_comment":"0","content":"【广东省「十四五」规划纲要：支持广州争取纳入数字人民币试点地区和建设区块链先行示范区】链闻消息，广东省在发布的《广东省国民经济和社会发展第十四个五年规划和 2035 年远景目标纲要》（以下简称《规划纲要》）中指出，开展数字货…… https://t.co/HCqTxgyZGU","url":"https://twitter.com/ChainNewscom/status/1386591418341335041","username":"链闻 ChainNews"},{"relevant_topic_guid":"b14d451b51019d6201e0ce54b84c5533","cnt_retweet":"0","publish_time":"20210505030806","page_action_type":"07","cnt_agree":"1","topic_guid":"b14d451b51019d6201e0ce54b84c5533","userid":"HottestTrader","cnt_comment":"0","content":"Digital Yuan Launch Draws Near: https://t.co/ld7Za4bl3s Employees Paid in e-CNY, Tencent, Ant, Mastercard Engage With PBoC https://t.co/XkRqIEYxvH https://t.co/DgAqg3QrNh","url":"https://twitter.com/HottestTrader/status/1389658107433734146","username":"The Sexiest Trader *"},{"relevant_topic_guid":"7898720db3447a43a7a81227c2a79967","cnt_retweet":"0","publish_time":"20210505030804","page_action_type":"07","cnt_agree":"0","topic_guid":"7898720db3447a43a7a81227c2a79967","userid":"BitcoinInfoVIP1","cnt_comment":"0","content":"#News #Alibaba #AntGroup #Antsdatabase Digital Yuan Launch Draws Near: https://t.co/mxT0sV2mzi Employees Paid in e-CNY, Tencent, Ant, Mastercard Engage With PBoC https://t.co/LJnCE0msSc","url":"https://twitter.com/BitcoinInfoVIP1/status/1389658101490483200","username":"Bitcoin Info VIP"},{"relevant_topic_guid":"06fae82a2b6bb1433f94a0b318c43f21","cnt_retweet":"0","publish_time":"20210505030759","page_action_type":"07","cnt_agree":"0","topic_guid":"06fae82a2b6bb1433f94a0b318c43f21","userid":"HackPosts","cnt_comment":"0","content":"https://t.co/etws1N9mbs Employees Paid in e-CNY, Tencent, Ant, Mastercard Engage With PBoC – Bitcoin News https://t.co/n2ibmSrHy6","url":"https://twitter.com/HackPosts/status/1389658079441080324","username":"The Hack Posts"},{"relevant_topic_guid":"19c26d647cb5884f785519024d6e8c52","cnt_retweet":"0","publish_time":"20210505030649","page_action_type":"07","cnt_agree":"0","topic_guid":"19c26d647cb5884f785519024d6e8c52","userid":"newzpick1","cnt_comment":"0","content":"Digital Yuan Launch Draws Near: https://t.co/xAPMBpqEei Employees Paid in e-CNY, Tencent, Ant, Mastercard Engage With PBoC https://t.co/9kRRDfemtr","url":"https://twitter.com/newzpick1/status/1389657787559464967","username":"newzpick"},{"relevant_topic_guid":"65ef5d59f49b85955b0b61dec28d3f6b","cnt_retweet":"0","publish_time":"20210505030734","page_action_type":"07","cnt_agree":"0","topic_guid":"65ef5d59f49b85955b0b61dec28d3f6b","userid":"ArabbitcoinInfo","cnt_comment":"0","content":"دفع موظفو https://t.co/FulYdD2EBL في e-CNY ، و Tencent ، و Ant ، و Mastercard Engage with PBoC – Bitcoin News https://t.co/ksRSYwwyWO","url":"https://twitter.com/ArabbitcoinInfo/status/1389657974424150021","username":"arabbitcoin"},{"relevant_topic_guid":"24547f86661f715eb630e88864660e9c","cnt_retweet":"1","publish_time":"20210425192036","page_action_type":"07","cnt_agree":"0","topic_guid":"24547f86661f715eb630e88864660e9c","userid":"kenwong__","cnt_comment":"2","content":"【腾讯相关负责人透露：腾讯系数字人民币运营机构之一】https://t.co/g2ZfMR1NBc腾讯相关负责人透露，自中国人民银行数字人民币项目启动以来，腾讯深度参与数字人民币相关的设计、研发、运营等工作，为数字人民币项目落地提供了全方位支持。后续，腾讯将在中国人民银行指导下，进一步开展可控试点","url":"https://twitter.com/kenwong__/status/1386278967229911043","username":"***堆"},{"relevant_topic_guid":"085a5e3d1e80b37c4f2f9954529e175a","cnt_retweet":"0","publish_time":"20210505030731","page_action_type":"07","cnt_agree":"0","topic_guid":"085a5e3d1e80b37c4f2f9954529e175a","userid":"Muhamma42779896","cnt_comment":"0","content":"Digital Yuan Launch Draws Near: https://t.co/87DYPgTsYB Employees Paid in e-CNY, Tencent, Ant, Mastercard Engage With PBoC – Bitcoin News https://t.co/Qe8eeCXvxl","url":"https://twitter.com/Muhamma42779896/status/1389657962424176653","username":"Muhammad usama"},{"relevant_topic_guid":"e2c7533287f5b3e43afbd00ad758662a","cnt_retweet":"0","publish_time":"20210505030243","page_action_type":"07","cnt_agree":"0","topic_guid":"e2c7533287f5b3e43afbd00ad758662a","userid":"experts_news","cnt_comment":"0","content":"Digital Yuan Launch Draws Near: https://t.co/UySnd8BAfM Employees Paid in e-CNY, Tencent, Ant, Mastercard Engage With PBoC https://t.co/W5DAP3pUu6","url":"https://twitter.com/experts_news/status/1389656756565991427","username":"Crypto News Experts"},{"relevant_topic_guid":"1e47aa06ebf305500d122dfd1d1576cd","cnt_retweet":"0","publish_time":"20210505030557","page_action_type":"07","cnt_agree":"0","topic_guid":"1e47aa06ebf305500d122dfd1d1576cd","userid":"LatestcryptoN","cnt_comment":"0","content":"Digital Yuan Launch Draws Near: https://t.co/amkR9RtSEk Employees Paid in e-CNY, Tencent, Ant, Mastercard Engage With PBoC https://t.co/ESG5NQu3OH","url":"https://twitter.com/LatestcryptoN/status/1389657570122600449","username":"Latestcrypto.news - Latest Crypto News 24/7 **"},{"relevant_topic_guid":"f96e01e1d56fa8dd4c9f142619638691","cnt_retweet":"0","publish_time":"20210505030615","page_action_type":"07","cnt_agree":"0","topic_guid":"f96e01e1d56fa8dd4c9f142619638691","userid":"CryptoJournaal","cnt_comment":"0","content":"Digital Yuan Launch Draws Near: https://t.co/IkQYjUJoFo Employees Paid in e-CNY, Tencent, Ant, Mastercard Engage With PBoC – Bitcoin News https://t.co/286j8P8SbW","url":"https://twitter.com/CryptoJournaal/status/1389657642432442369","username":"CryptoJournaal"},{"relevant_topic_guid":"8c742f6302abd02cd25c443211e8271c","cnt_retweet":"11","publish_time":"20210504120502","page_action_type":"07","cnt_agree":"15","topic_guid":"8c742f6302abd02cd25c443211e8271c","userid":"Quicktake","cnt_comment":"3","content":"⚡️ Here\u0027s what you need to know about China\u0027s digital currency, the e-CNYhttps://t.co/ZQbOiXJGA4","url":"https://twitter.com/Quicktake/status/1389430846583619588","username":"Bloomberg Quicktake"},{"relevant_topic_guid":"e12477547d9a9edc3f11d2f0cd1587ad","cnt_retweet":"0","publish_time":"20210427161120","page_action_type":"07","cnt_agree":"1","topic_guid":"e12477547d9a9edc3f11d2f0cd1587ad","userid":"ak47dealer","cnt_comment":"0","content":"牛逼啊想想海外民运那帮垃圾还在用落后几十年几百年的狗屁理论指导反共灭共。共匪虽然邪恶，至少也掌握着比特币还在搞数字人民币，但是，七哥已经站在在月球和火星的位置上，牢牢地截住了共匪的前路。G币一出谁与争峰号令天下莫不跟从*********","url":"https://twitter.com/ak47dealer/status/1386956114982547459","username":"*卡斯特梅的雨季*"},{"relevant_topic_guid":"020b6684a2b7199d9cc05be7870c0ea2","cnt_retweet":"0","publish_time":"20210505030232","page_action_type":"07","cnt_agree":"0","topic_guid":"020b6684a2b7199d9cc05be7870c0ea2","userid":"CryptNext","cnt_comment":"0","content":"Digital Yuan Launch Draws Near: https://t.co/17jsgCwRs1 Employees Paid in e-CNY, Tencent, Ant, Mastercard Engage With PBoC – Bitcoin News ... https://t.co/N3XnZeLwEd","url":"https://twitter.com/CryptNext/status/1389656708897808385","username":"CryptCoinNext"},{"relevant_topic_guid":"a9f0b244eabca70ece426948fec48d96","cnt_retweet":"0","publish_time":"20210505030605","page_action_type":"07","cnt_agree":"0","topic_guid":"a9f0b244eabca70ece426948fec48d96","userid":"CoinUp24","cnt_comment":"0","content":"Digital Yuan Launch Draws Near: https://t.co/SkQqrhBeKI Employees Paid in e-CNY, Tencent, Ant, Mastercard Engage With PBoC – Bitcoin Newshttps://t.co/28hBN40rLX https://t.co/zwhfXSCOPC","url":"https://twitter.com/CoinUp24/status/1389657603202895872","username":"CoinUp24"},{"relevant_topic_guid":"48080c9879d7818df372e781dd25b974","cnt_retweet":"0","publish_time":"20210505030242","page_action_type":"07","cnt_agree":"0","topic_guid":"48080c9879d7818df372e781dd25b974","userid":"Mk13Of","cnt_comment":"0","content":"Digital Yuan Launch Draws Near: https://t.co/teELJJ43EE Employees Paid in e-CNY, Tencent, Ant, Mastercard Engage With PBoC https://t.co/ByJO7XfGUz via @BTCTN","url":"https://twitter.com/Mk13Of/status/1389656749221847047","username":"mohammad13"},{"relevant_topic_guid":"596cfa099bf7a09b44b46eb55e420957","cnt_retweet":"11","publish_time":"20210504211027","page_action_type":"07","cnt_agree":"24","topic_guid":"596cfa099bf7a09b44b46eb55e420957","userid":"AngieTVLau","cnt_comment":"2","content":"China’s #CBDC project takes another leap forward as prototype ATM that converts foreign currency into e-CNY is introduced.https://t.co/KFJFJIuoLH","url":"https://twitter.com/AngieTVLau/status/1389568103181438976","username":"Angie Lau"},{"relevant_topic_guid":"ed978e513d792335999c8265711f935d","cnt_retweet":"0","publish_time":"20210504155727","page_action_type":"07","cnt_agree":"0","topic_guid":"ed978e513d792335999c8265711f935d","userid":"_techtalkng","cnt_comment":"0","content":"RT @Quicktake ⚡️ Here\u0027s what you need to know about China\u0027s digital currency, the e-CNYhttps://t.co/6XIlIoVo6k","url":"https://twitter.com/_techtalkng/status/1389489335603499008","username":"Keynode\u0027s TechTalk"},{"relevant_topic_guid":"054fe0a2801d1b5fa75e6aa6d738d0e5","cnt_retweet":"0","publish_time":"20210505030155","page_action_type":"07","cnt_agree":"0","topic_guid":"054fe0a2801d1b5fa75e6aa6d738d0e5","userid":"Brian_Richmond1","cnt_comment":"0","content":"What is the e-CNY, China\u0027s digital currency created by its central bank? Nicole Sy explores how it could work, who gets to use it, and the challenges it could run up against. https://t.co/prUNirC0eZ https://t.co/q6P2jfIsRr","url":"https://twitter.com/Brian_Richmond1/status/1389656551825235970","username":"Brian Richmond, BA QAFP"},{"relevant_topic_guid":"171b9d5631a8c9f561dc9d2d3a780262","cnt_retweet":"14","publish_time":"20210504100300","page_action_type":"07","cnt_agree":"37","topic_guid":"171b9d5631a8c9f561dc9d2d3a780262","userid":"business","cnt_comment":"6","content":"What is the e-CNY, China\u0027s digital currency created by its central bank?@nicolesyLIVE explores how it could work, who gets to use it and the challenges it could run up against https://t.co/S1HRd5cSXD @Quicktake https://t.co/74ja57rCwA","url":"https://twitter.com/business/status/1389400133457022976","username":"Bloomberg"},{"relevant_topic_guid":"0a5c54e4dc6c7fe01048eb6f21eff128","cnt_retweet":"18","publish_time":"20210503193300","page_action_type":"07","cnt_agree":"38","topic_guid":"0a5c54e4dc6c7fe01048eb6f21eff128","userid":"business","cnt_comment":"1","content":"What is the e-CNY, China\u0027s digital currency created by its central bank?@nicolesyLIVE explores how it could work, who gets to use it and the challenges it could run up against https://t.co/S1HRd5cSXD https://t.co/GB8xCyfgWK","url":"https://twitter.com/business/status/1389181190645637126","username":"Bloomberg"},{"relevant_topic_guid":"ebb3e6e3d4e9ddf4d7ac123b0adc849f","cnt_retweet":"0","publish_time":"20210503155747","page_action_type":"07","cnt_agree":"0","topic_guid":"ebb3e6e3d4e9ddf4d7ac123b0adc849f","userid":"_techtalkng","cnt_comment":"0","content":"RT @Quicktake * What is the e-CNY, China\u0027s digital currency created by its central bank?@nicolesyLIVE explores how it could work, who gets to use it and the challenges it could run up against https://t.co/Nt3Pge6jag https://t.co/KQxSW58zQ0","url":"https://twitter.com/_techtalkng/status/1389127032592871424","username":"Keynode\u0027s TechTalk"},{"relevant_topic_guid":"470aa936287a34e01a3f0f87290d2279","cnt_retweet":"1","publish_time":"20210503224702","page_action_type":"07","cnt_agree":"5","topic_guid":"470aa936287a34e01a3f0f87290d2279","userid":"stellar28164037","cnt_comment":"0","content":"中国の中央銀行は、アントグループと戦略的協力協定を締結し、ソブリンデジタル通貨の技術プラットフォームの構築を支援。 現金の一部を置き換えることを目的とした電子人民元（e-CNY）。デジタルキャッシュはまず国内での小売支払いに使用される予定。 https://t.co/cqinMxIC89","url":"https://twitter.com/stellar28164037/status/1389230023819677696","username":"stellar17style"},{"relevant_topic_guid":"0b8611de5588959f6ec4bebe69b0415a","cnt_retweet":"8","publish_time":"20210503150603","page_action_type":"07","cnt_agree":"22","topic_guid":"0b8611de5588959f6ec4bebe69b0415a","userid":"Quicktake","cnt_comment":"4","content":"* What is the e-CNY, China\u0027s digital currency created by its central bank?@nicolesyLIVE explores how it could work, who gets to use it and the challenges it could run up against https://t.co/swOH3Mkx87 https://t.co/7i0uxwbsGQ","url":"https://twitter.com/Quicktake/status/1389114010612678657","username":"Bloomberg Quicktake"},{"relevant_topic_guid":"ad308ba8e9f7a872952a1f3ecb24f1ea","cnt_retweet":"0","publish_time":"20210503172556","page_action_type":"07","cnt_agree":"1","topic_guid":"ad308ba8e9f7a872952a1f3ecb24f1ea","userid":"Byron_Wan","cnt_comment":"0","content":"China’s central bank has been working with Ant and Tencent over the past three years to co-develop the digital yuan, aka e-CNY. https://t.co/WOUF0Xzzef","url":"https://twitter.com/Byron_Wan/status/1389149216333733889","username":"Byron Wan"},{"relevant_topic_guid":"a2d5248e004bc340d992d8447054bc62","cnt_retweet":"0","publish_time":"20210503154647","page_action_type":"07","cnt_agree":"0","topic_guid":"a2d5248e004bc340d992d8447054bc62","userid":"hypeterix","cnt_comment":"0","content":"λ-SPAC *.Δ BOND e-CNY dogecoin","url":"https://twitter.com/hypeterix/status/1389124262884110336","username":"hypeterix"},{"relevant_topic_guid":"8fbbe624290fd258537fd28e590bc8bd","cnt_retweet":"16","publish_time":"20210503154415","page_action_type":"07","cnt_agree":"37","topic_guid":"8fbbe624290fd258537fd28e590bc8bd","userid":"business","cnt_comment":"7","content":"What is the e-CNY, China\u0027s digital currency created by its central bank?@nicolesyLIVE explores how it could work, who gets to use it and the challenges it could run up against https://t.co/S1HRd4Vhz3 via @Quicktake https://t.co/S8FACj1xaA","url":"https://twitter.com/business/status/1389123623001104385","username":"Bloomberg"},{"relevant_topic_guid":"7434d2fb8fff0f28243c8086cf403c02","cnt_retweet":"0","publish_time":"20210503042956","page_action_type":"07","cnt_agree":"1","topic_guid":"7434d2fb8fff0f28243c8086cf403c02","userid":"0xkanye","cnt_comment":"2","content":"jspr l\u0027euro numérique arrivera bientôt sinon on va devoir hésiter entre un e-dollars qui perd 20% sur l\u0027euro par an et un e-cny chinois avec la censure et la confidentialité qu\u0027on connait de ce beau pays *","url":"https://twitter.com/0xkanye/status/1388953929480814594","username":"kanye *"},{"relevant_topic_guid":"0f2d0c1a4cde03761ed5bb2689e1a9c9","cnt_retweet":"0","publish_time":"20210407004201","page_action_type":"08","cnt_agree":"1","topic_guid":"37578cd737f34b02d713e1f3c160a0c2","userid":"eddywangping","cnt_comment":"1","content":"@DanCera E-CNY , not digital yuan https://t.co/GtQ9sDGNjI","url":"https://twitter.com/eddywangping/status/1379474485401645057","username":"Nftdaos.com"},{"relevant_topic_guid":"6ab3ff6a6d3f053589e0104765d4ff0d","cnt_retweet":"0","publish_time":"20210406110658","page_action_type":"08","cnt_agree":"6","topic_guid":"ec7f339281e038fc13e822006b829a1d","userid":"mattysino","cnt_comment":"3","content":"There are really concerns with CBDCs in general! Including of course e-CNY. But hyperbole isn’t helpful and crowds out thoughtful and nuanced discussions.","url":"https://twitter.com/mattysino/status/1379269373374865411","username":"Matthew Graham"},{"relevant_topic_guid":"306aa9ffbe0ac2e53a23e0c3a97268eb","cnt_retweet":"0","publish_time":"20210425213235","page_action_type":"07","cnt_agree":"0","topic_guid":"306aa9ffbe0ac2e53a23e0c3a97268eb","userid":"iFinTechNews","cnt_comment":"0","content":"https://t.co/Nl5vDs6pX9 debuted e-CNY payrolls and corporate payments. #fintech #e-CNYhttps://t.co/iRH5Vkbgt0 https://t.co/0xXpmG1CM0","url":"https://twitter.com/iFinTechNews/status/1386312181797449733","username":"FinTech China"},{"relevant_topic_guid":"27a2751d677d5259fd26b16ee7afc07e","cnt_retweet":"0","publish_time":"20210425125358","page_action_type":"07","cnt_agree":"0","topic_guid":"27a2751d677d5259fd26b16ee7afc07e","userid":"Minjoon_93","cnt_comment":"0","content":"@binance @cz_binance What do you think about e-CNY? (E-Yuan) and will it be available on Binance?","url":"https://twitter.com/Minjoon_93/status/1386181667656720384","username":"Spriggan **"},{"relevant_topic_guid":"45424f70b102e5e7930796724f1298e7","cnt_retweet":"0","publish_time":"20210426111221","page_action_type":"07","cnt_agree":"0","topic_guid":"45424f70b102e5e7930796724f1298e7","userid":"dfa_pepecabrera","cnt_comment":"0","content":"\"Chow predicts that e-CNY will account for roughly 10% of China\u0027s electronic payments market in a few years, co-existing with Alipay and WeChat Pay.\"Maybe 30% or more. So it begins.","url":"https://twitter.com/dfa_pepecabrera/status/1386518483933011970","username":"Jose Cabrera"},{"relevant_topic_guid":"3aa70e45d2b84ebe7b53bae84bc63c79","cnt_retweet":"0","publish_time":"20210419021100","page_action_type":"08","cnt_agree":"1","topic_guid":"b1ce59ed399db462d90f5ce1b4d8460a","userid":"imagicbean_VPN","cnt_comment":"0","content":"@caijinglengyan 稳定币是什么？数字人民币吗？如果比特币被监管了， 还是比特币吗？****","url":"https://twitter.com/imagicbean_VPN/status/1383845533408653314","username":"魔豆翻墙VPN"},{"relevant_topic_guid":"83e084d8e6d5022e1fee00a75b3982e1","cnt_retweet":"0","publish_time":"20210417123708","page_action_type":"08","cnt_agree":"11","topic_guid":"3ac7742f044df0be4208d3d9255bd69b","userid":"chinasmpb","cnt_comment":"1","content":"6〉5.预计，今年下半年中国将出台更多支持国内经济的政策，届时随着世界其他地区供应的回升，出口贡献将逐渐减少。而且中国将庆祝中国共产党成立100周年，第三季度开始，可能会出台一些刺激消费的措施，比如向某些城市的居民派发更多的数字人民币。","url":"https://twitter.com/chinasmpb/status/1383278330745556993","username":"司马平邦"},{"relevant_topic_guid":"1ea32e1d333bedbd4fcd38f2270bab50","cnt_retweet":"0","publish_time":"20210416113012","page_action_type":"08","cnt_agree":"0","topic_guid":"cc154a83269d6b81b9066d8b3a5a3c1c","userid":"jike_collection","cnt_comment":"1","content":"…开卖 iPhone7. 字节跳动夺得视频编码器大赛世界冠军8. 一加 9R 正式发布9. 中兴 Axon 30 Ultra 正式发布10. 大疆发布 DJI Air 2S11. 数字人民币在港开启测试12. 奔驰 EQS 正式亮相详情点击*https://m…","url":"https://twitter.com/jike_collection/status/1382899097665826820","username":"即刻精选"},{"relevant_topic_guid":"fc4dd6fd0fb43eb9a5b395cc842d380e","cnt_retweet":"0","publish_time":"20210416094543","page_action_type":"08","cnt_agree":"0","topic_guid":"6ba1b0aba9116f515c76b3de8001672b","userid":"LsfdnC","cnt_comment":"0","content":"@wjbf2016 党不敢不开放资本项目汇兑，威胁啥嘛。数字人民币的作用是加强内部控制。","url":"https://twitter.com/LsfdnC/status/1382872805121744896","username":"Beautiful Regime"},{"relevant_topic_guid":"d8e8d7108aac5e13c78824a8d4a89f87","cnt_retweet":"0","publish_time":"20210419041625","page_action_type":"08","cnt_agree":"1","topic_guid":"e288acf35ee515208240e8910d353a7f","userid":"TomChang107","cnt_comment":"0","content":"@wstv_lizzi CCP的话要反着理解，它说：“数字人民币无意取代美元”，意思就是“数字人民币的目标就是取代美元”。","url":"https://twitter.com/TomChang107/status/1383877096997490689","username":"Tom Chang"},{"relevant_topic_guid":"a6ac16fc277dc8ec6dcb852012c8c61d","cnt_retweet":"0","publish_time":"20210418171023","page_action_type":"08","cnt_agree":"1","topic_guid":"0bea535f1b0a6b4becdcb7a231944ea5","userid":"Jinque001","cnt_comment":"0","content":"@gtvgood1 @caijingxiang 黄金支持的数字人民币，以及缓解人民币升值压力","url":"https://twitter.com/Jinque001/status/1383709483730235397","username":"Armageddon"},{"relevant_topic_guid":"653cda5a836a013eefe2ee031d22359b","cnt_retweet":"0","publish_time":"20210415231230","page_action_type":"08","cnt_agree":"0","topic_guid":"2074515783307465f497b9f56084be49","userid":"chuxi2050","cnt_comment":"1","content":"发行数字人民币意义非凡，我很期待！","url":"https://twitter.com/chuxi2050/status/1382713447331237888","username":"除夕***"},{"relevant_topic_guid":"2acea7a3022800a2345a1e799361c8c8","cnt_retweet":"0","publish_time":"20210323182313","page_action_type":"07","cnt_agree":"0","topic_guid":"2acea7a3022800a2345a1e799361c8c8","userid":"BRASIL_ACABOU","cnt_comment":"0","content":"O teste do digital #RMB , ou #eCNY , está em andamento. O E-CNY pode tecnicamente realizar transações anônimas em pequena escala. Com base no princípio de \"conhecer seu cliente\", os usuários podem abrir várias carteiras digitais com diferentes níveis de limite máximo de pagam\u0026gt;\u0026gt;\u0026gt;\u0026gt;","url":"https://twitter.com/BRASIL_ACABOU/status/1374305729637666819","username":"BRASIL ACABOU"},{"relevant_topic_guid":"d161d835c372e85431c3abac6bccb0cc","cnt_retweet":"0","publish_time":"20210321040353","page_action_type":"07","cnt_agree":"5","topic_guid":"d161d835c372e85431c3abac6bccb0cc","userid":"amritxyz","cnt_comment":"1","content":"China’s new digital current (e-CNY) is in-differentiable from WeChat UX and the government is paying people to use it. https://t.co/Mnmzwuu53q","url":"https://twitter.com/amritxyz/status/1373364692677169153","username":"Amrit Singh *"},{"relevant_topic_guid":"d7ad5d186e6dda1d60065134289cbb46","cnt_retweet":"2","publish_time":"20210323020705","page_action_type":"07","cnt_agree":"6","topic_guid":"d7ad5d186e6dda1d60065134289cbb46","userid":"FrosininiAndrea","cnt_comment":"0","content":"China promotes digital yuan privacy as CBDC trials enter second phaseThe digital yuan (e-CNY) achieves privacy and “controllable anonymity”. Also related to central bank digital currency (CBDC), another digital renminbi giveaway w…https://t.co/p5g4il5Nfe https://t.co/wBLxjbNl8L","url":"https://twitter.com/FrosininiAndrea/status/1374060075174785028","username":"Andrea Frosinini"},{"relevant_topic_guid":"e0998d6175415ab60405dc94b3d260ab","cnt_retweet":"0","publish_time":"20210322154717","page_action_type":"07","cnt_agree":"0","topic_guid":"e0998d6175415ab60405dc94b3d260ab","userid":"TheTop10News2","cnt_comment":"0","content":"E-CNY signals digitalization to \u0027connect everything\u0027Source: China Dailyhttps://t.co/tTnP2NnjN7","url":"https://twitter.com/TheTop10News2/status/1373904095812149249","username":"TheTop10News"},{"relevant_topic_guid":"5a71443ed8880279732b939981662c55","cnt_retweet":"0","publish_time":"20210322194530","page_action_type":"07","cnt_agree":"0","topic_guid":"5a71443ed8880279732b939981662c55","userid":"AlbertMylesAM","cnt_comment":"0","content":"E-CNY Signals Digitalization To \u0027Connect Everything\u0027 | Opinion | China Daily https://t.co/wZJJBgx5DW","url":"https://twitter.com/AlbertMylesAM/status/1373964049155715073","username":"Team Albert"},{"relevant_topic_guid":"2316ecb286165740125148d7e159b620","cnt_retweet":"5","publish_time":"20210323120000","page_action_type":"07","cnt_agree":"2","topic_guid":"2316ecb286165740125148d7e159b620","userid":"CE_ChinaEconomy","cnt_comment":"0","content":"The testing of the #digital #RMB, or #eCNY, is ongoing. E-CNY can technically realize anonymous small-scale transactions. Based on principle of \"know your customer\", users can open multiple digital wallets having different levels of maximum payment limit, a PBOC official said. https://t.co/GV3OcpgLuU","url":"https://twitter.com/CE_ChinaEconomy/status/1374209287963078659","username":"China Economy"},{"relevant_topic_guid":"b350703e50f51db9a249320df1dea7fe","cnt_retweet":"3","publish_time":"20210323121500","page_action_type":"07","cnt_agree":"2","topic_guid":"b350703e50f51db9a249320df1dea7fe","userid":"CE_ChinaEconomy","cnt_comment":"0","content":"Users of #China\u0027s e-CNY could open an anonymous #digital wallet through registering a mobile phone number, and any telecom operators should not disclose information about customers to the central bank, or other third-party institutions. #eCNY https://t.co/0e24f0QNk8","url":"https://twitter.com/CE_ChinaEconomy/status/1374213061846970368","username":"China Economy"},{"relevant_topic_guid":"1eb16106e26eb1af4afb0e5963cf7117","cnt_retweet":"0","publish_time":"20210323113833","page_action_type":"07","cnt_agree":"0","topic_guid":"1eb16106e26eb1af4afb0e5963cf7117","userid":"NBDPress","cnt_comment":"0","content":"Six state-owned Chinese banks have started pushing forward their digital RMB wallet (e-CNY). https://t.co/EDdA9krlIB, Meituan, vending machines, shopping malls and many other scenarios are starting to accept such digital currency, reported Shanghai Securities News on Tuesday. https://t.co/aOFtuzwK99","url":"https://twitter.com/NBDPress/status/1374203888966856713","username":"National Business Daily"},{"relevant_topic_guid":"8d327a16e77c3e7df2e6eca4ff7a2656","cnt_retweet":"2","publish_time":"20210318123000","page_action_type":"07","cnt_agree":"1","topic_guid":"8d327a16e77c3e7df2e6eca4ff7a2656","userid":"CE_ChinaEconomy","cnt_comment":"0","content":"Two fuel trading companies in Dalian, #China\u0027s Liaoning province completed a fuel transaction settlement on the shipping industry\u0027s digital platform via digital RMB (E-CNY) on Monday, the first B2B payment settlement in China using #digital #RMB. https://t.co/cXlaMMHJOg","url":"https://twitter.com/CE_ChinaEconomy/status/1372404898063597568","username":"China Economy"},{"relevant_topic_guid":"852947b7a53f5b84b0c385f0f07b0ada","cnt_retweet":"0","publish_time":"20210322181551","page_action_type":"07","cnt_agree":"5","topic_guid":"852947b7a53f5b84b0c385f0f07b0ada","userid":"CnTechPost","cnt_comment":"0","content":"Chinese central bank official explains how e-CNY handles user privacy https://t.co/AGWGc1QJ5Q","url":"https://twitter.com/CnTechPost/status/1373941485306007560","username":"CnTechPost"},{"relevant_topic_guid":"d293baa65b42ebc53ceab5ca1fd9a58e","cnt_retweet":"0","publish_time":"20210320103257","page_action_type":"07","cnt_agree":"0","topic_guid":"d293baa65b42ebc53ceab5ca1fd9a58e","userid":"FurtherAsia","cnt_comment":"0","content":"EXCLUSIVE | Chinese state banks accepting applications for enterprise e-CNY accounts https://t.co/LtFhYaBzKk","url":"https://twitter.com/FurtherAsia/status/1373100215734042624","username":"FurtherAsia"},{"relevant_topic_guid":"32097d259929a4b022cdfde1f41cb738","cnt_retweet":"0","publish_time":"20210319221120","page_action_type":"07","cnt_agree":"0","topic_guid":"32097d259929a4b022cdfde1f41cb738","userid":"WenchiY","cnt_comment":"0","content":"Chinese state banks start opening enterprise e-CNY accounts · #DigitalCurrency TechNode https://t.co/Q59iM5dCNX","url":"https://twitter.com/WenchiY/status/1372913585270181890","username":"Wenchi Yu"},{"relevant_topic_guid":"f5d22724badef2b960fdafc8eab7f0af","cnt_retweet":"7","publish_time":"20210319180105","page_action_type":"07","cnt_agree":"7","topic_guid":"f5d22724badef2b960fdafc8eab7f0af","userid":"richardturrin","cnt_comment":"0","content":"Good read.  Problem is direct #CBDC to fiat trading puts #e-CNY into hands of Western banks same as #SWIFT. Keeping e-CNY segregated is more likely.@psb_dc @efipm @BrettKing @ursbolt@leimer @spirosmargaris @BetaMoroney @jimmarous#fintech #technology https://t.co/hclvD5DFIm","url":"https://twitter.com/richardturrin/status/1372850604582768645","username":"Richard Turrin"},{"relevant_topic_guid":"124bf1abab5bcc611c26ab83eb0e4059","cnt_retweet":"0","publish_time":"20210318205004","page_action_type":"07","cnt_agree":"0","topic_guid":"124bf1abab5bcc611c26ab83eb0e4059","userid":"BRASIL_ACABOU","cnt_comment":"0","content":"2 empresas de comercialização de combustível em Dalian, província de Liaoning de #China concluíram um acordo de transação de combustível na plataforma digital da indústria de navegação via RMB digital (E-CNY) na seg., o 1o acordo de pagamento B2B na China usando # digital #RMB .","url":"https://twitter.com/BRASIL_ACABOU/status/1372530744040566791","username":"BRASIL ACABOU"},{"relevant_topic_guid":"32be001b2b090bdc6561827191a31ded","cnt_retweet":"0","publish_time":"20210318192003","page_action_type":"07","cnt_agree":"0","topic_guid":"32be001b2b090bdc6561827191a31ded","userid":"technodechina","cnt_comment":"0","content":"EXCLUSIVE | Chinese state banks accepting applications for enterprise e-CNY accounts https://t.co/P8qgOdJs1A https://t.co/uwsvX1yLZe","url":"https://twitter.com/technodechina/status/1372508091535724547","username":"TechNode"},{"relevant_topic_guid":"d23790cc30a56ece5721e960a0909133","cnt_retweet":"0","publish_time":"20210318184936","page_action_type":"07","cnt_agree":"0","topic_guid":"d23790cc30a56ece5721e960a0909133","userid":"BTCNews6","cnt_comment":"0","content":"Chicomnews: EXCLUSIVE | Chinese state banks accepting applications for enterprise e-CNY accounts #auspol #chinesenews Two of branches of major Chinese state banks in Beijing and Suzhou have started opening up e-CNY merchant and enterprise accounts for https://t.co/51MNjzk9tm","url":"https://twitter.com/BTCNews6/status/1372500426021507079","username":"My Eyes Are Up Here"},{"relevant_topic_guid":"f39fd5bc5affdf9df4fc3ba40051b826","cnt_retweet":"0","publish_time":"20210318182536","page_action_type":"07","cnt_agree":"0","topic_guid":"f39fd5bc5affdf9df4fc3ba40051b826","userid":"AndyVermaut","cnt_comment":"0","content":"EXCLUSIVE | Chinese state banks accepting applications for enterprise e-CNY accounts https://t.co/aujWhTkbMT https://t.co/KBM5SNzpKH","url":"https://twitter.com/AndyVermaut/status/1372494389126201348","username":"Andy Vermaut"},{"relevant_topic_guid":"9f3acf79fc462ff7422141798416ad88","cnt_retweet":"1","publish_time":"20210412115458","page_action_type":"07","cnt_agree":"5","topic_guid":"9f3acf79fc462ff7422141798416ad88","userid":"China4Tech","cnt_comment":"0","content":"How China’s digital currency push can boost fintech and the yuan’s global presence | South China Morning Post #China #数字人民币 #cryptocurrencies #yuan #Asia #news #innovation #AI #fintech #business #Banking #StarTrek #ArtificialIntelligence Link:https://t.co/8e28tabnB5 https://t.co/JEmQZWkB9K","url":"https://twitter.com/China4Tech/status/1381455777819291648","username":"China4Tech"},{"relevant_topic_guid":"5c4a310a957026ea17da1e795e9eb493","cnt_retweet":"0","publish_time":"20210412155123","page_action_type":"07","cnt_agree":"0","topic_guid":"5c4a310a957026ea17da1e795e9eb493","userid":"blueskybaiyun","cnt_comment":"0","content":"消息：美国在衡量中国数字人民币的潜在威胁 | 早报 https://t.co/tNN3c7LvSG","url":"https://twitter.com/blueskybaiyun/status/1381515275367944193","username":"藍天白雲"},{"relevant_topic_guid":"48ffe3b2323d683129dc36b83bedd5bf","cnt_retweet":"1","publish_time":"20210411154749","page_action_type":"07","cnt_agree":"0","topic_guid":"48ffe3b2323d683129dc36b83bedd5bf","userid":"chengyoung1130","cnt_comment":"1","content":"中国要推第六套人民币了吗？不是要实现数字人民币吗？那干嘛还要推出第六套人民币纸币呢？难道是第五套人民币防伪技术已经彻底被中国人攻破了？所以才出第六套？还是有其它原因？现在是不知道。反正这套是测试版的第六套人民币。 https://t.co/eKqVJCdrij","url":"https://twitter.com/chengyoung1130/status/1381151988969304065","username":"เฉียนโม่เป็นทองคำ"},{"relevant_topic_guid":"f84cd607c6408ffb12f4e0083470f765","cnt_retweet":"3","publish_time":"20210412090558","page_action_type":"07","cnt_agree":"6","topic_guid":"f84cd607c6408ffb12f4e0083470f765","userid":"wstv_lizzi","cnt_comment":"0","content":"#华尔街网报 最新节目：https://t.co/MVBWUcwy2g习近平托人带话，给美参谋长联席会议主席意外惊喜房峰辉事变中美军方互联机制曾断层BCI突消声：电话无人接推特账号私密，与新疆生产建设兵团有百万资金往来美国对数字人民币计划警觉安全论坛拟授奖蔡英文特鲁多政府威胁美财政刺激计划扩大贸易逆差 https://t.co/EwVWhfyKdR","url":"https://twitter.com/wstv_lizzi/status/1381413249346899970","username":"李其 Lizzi"},{"relevant_topic_guid":"a8f56a202c06141d53588c288146e32c","cnt_retweet":"0","publish_time":"20210412103203","page_action_type":"07","cnt_agree":"1","topic_guid":"a8f56a202c06141d53588c288146e32c","userid":"WallStTV","cnt_comment":"1","content":"习近平托人带话给美参谋长联席会主席意外惊喜；房峰辉事变中美军方互联曾陷断层危机；BCI突然消声：电话无人接推特改私密，与新疆生产建设兵团有百万资金往来；美国对数字人民币警觉：是否意图绕过美国制裁？ https://t.co/I0KrELPbpm https://t.co/MQHLdp7omo","url":"https://twitter.com/WallStTV/status/1381434911182090240","username":"華爾街電視 Wall St TV"},{"relevant_topic_guid":"1bf2e0079c56f2a687a840cc85af38db","cnt_retweet":"4","publish_time":"20210412150203","page_action_type":"07","cnt_agree":"10","topic_guid":"1bf2e0079c56f2a687a840cc85af38db","userid":"WallStTV","cnt_comment":"5","content":"美芯片全球峰会排除中国，官媒急跳脚；阿里主席出面认错：罚的对，不上诉；中国四大银行快崩塌，坏帐已达9991亿；数字人民币恐成制裁漏洞，拜登急评估∣华尔街财经（20210412） https://t.co/lAYj17rAzr https://t.co/kHR35BmSs2","url":"https://twitter.com/WallStTV/status/1381502860571992065","username":"華爾街電視 Wall St TV"},{"relevant_topic_guid":"87022a7a93709141f748603a6dd4ccea","cnt_retweet":"0","publish_time":"20210412153433","page_action_type":"07","cnt_agree":"1","topic_guid":"87022a7a93709141f748603a6dd4ccea","userid":"WallStTV","cnt_comment":"0","content":"美芯片全球峰会排除中国，官媒急跳脚；阿里主席出面认错：罚的对，不上诉；中国四大银行快崩塌，坏帐已达9991亿；数字人民币恐成制裁漏洞，拜登急评估∣华尔街财经（20210412） https://t.co/VZ2KvMkapi https://t.co/9Stdy5B82i","url":"https://twitter.com/WallStTV/status/1381511040135876609","username":"華爾街電視 Wall St TV"},{"relevant_topic_guid":"f33442fa1bfd7ceefe139ce50f73bb35","cnt_retweet":"0","publish_time":"20210411093303","page_action_type":"07","cnt_agree":"0","topic_guid":"f33442fa1bfd7ceefe139ce50f73bb35","userid":"6donews","cnt_comment":"0","content":"深圳数字人民币试点人群再扩容 https://t.co/WKdD6q4V32","url":"https://twitter.com/6donews/status/1381057677640392708","username":"六度新闻"},{"relevant_topic_guid":"0e110dd8ece2190c11e6d0a514ea8ff5","cnt_retweet":"0","publish_time":"20210412095010","page_action_type":"07","cnt_agree":"0","topic_guid":"0e110dd8ece2190c11e6d0a514ea8ff5","userid":"TimednewsC","cnt_comment":"0","content":"【拜登政府着眼于研究中国数字人民币计划的潜在威胁】这些知情人士说，中国的数字货币正在努力积聚势头，美国财政部、国务院、五角大楼和国家安全委员会（National Security Council）的官员也在加大努力，以了解其潜在影响。 https://t.co/AmLZTxLTrB https://t.co/AvcMyt1R8m","url":"https://twitter.com/TimednewsC/status/1381424373567868932","username":"TimedNews.com"},{"relevant_topic_guid":"43e5b7a0c5e72686de2fc806e9d975dc","cnt_retweet":"1","publish_time":"20210412102436","page_action_type":"07","cnt_agree":"6","topic_guid":"43e5b7a0c5e72686de2fc806e9d975dc","userid":"MingJingNews","cnt_comment":"0","content":"习近平托人带话给美参谋长联席会主席意外惊喜；房峰辉事变中美军方互联曾陷断层危机；BCI突然消声：电话无人接推特改私密，与新疆生产建设兵团有百万资金往来；美国对数字人民币警觉：是否意图绕过美国制裁？ https://t.co/Vr24EK5EDW https://t.co/n00JGw1KbH","url":"https://twitter.com/MingJingNews/status/1381433035984269314","username":"明鏡新聞網"},{"relevant_topic_guid":"ce2397b428129c22295a45c37e86574d","cnt_retweet":"1","publish_time":"20210412151050","page_action_type":"07","cnt_agree":"2","topic_guid":"ce2397b428129c22295a45c37e86574d","userid":"MingjingLive","cnt_comment":"0","content":"#华尔街财经 最新节目：https://t.co/jODCYGwNnv美芯片全球峰会排除中国，官媒急跳脚；阿里主席出面认错：罚的对，不上诉；中国四大银行快崩塌，坏帐已达9991亿；数字人民币恐成制裁漏洞，拜登急评估∣华尔街财经（20210412） https://t.co/ZD93MowgVX","url":"https://twitter.com/MingjingLive/status/1381505069162455042","username":"明镜火拍"},{"relevant_topic_guid":"eb67ecbc46e13f87bd6b6907aa1ab75c","cnt_retweet":"0","publish_time":"20210412103836","page_action_type":"07","cnt_agree":"0","topic_guid":"eb67ecbc46e13f87bd6b6907aa1ab75c","userid":"6doChina","cnt_comment":"0","content":"颠覆美元地位？美国在衡量中国数字人民币潜在威胁 https://t.co/rvtTSYDtYW","url":"https://twitter.com/6doChina/status/1381436558356611072","username":"六度中国"},{"relevant_topic_guid":"99d45fa7fa6f5adc1eebcfed910eea69","cnt_retweet":"0","publish_time":"20210412105111","page_action_type":"07","cnt_agree":"1","topic_guid":"99d45fa7fa6f5adc1eebcfed910eea69","userid":"ChainNewscom","cnt_comment":"0","content":"【彭博社：拜登政府正加强对数字人民币的研究】链闻消息，拜登政府正在加强对中国数字人民币计划的审查与研究。彭博社援引一名知情人士称，中国的数字货币正在蓬勃发展，一些美国政府官员担心中国数字人民币长期来看可能推翻美元作为世界主要…… https://t.co/4xtwjclOeb","url":"https://twitter.com/ChainNewscom/status/1381439727111450625","username":"链闻 ChainNews"},{"relevant_topic_guid":"196a8c4ec1e4a8011738ecaf83cc7dc1","cnt_retweet":"2","publish_time":"20210412090404","page_action_type":"07","cnt_agree":"3","topic_guid":"196a8c4ec1e4a8011738ecaf83cc7dc1","userid":"WallStTV","cnt_comment":"0","content":"习近平托人带话给美参谋长联席会主席意外惊喜；房峰辉事变中美军方互联曾陷断层危机；BCI突然消声：电话无人接推特改私密，与新疆生产建设兵团有百万资金往来；美国对数字人民币警觉：是否意图绕过美国制裁？ https://t.co/SFFKOPHzis https://t.co/31Fo2OIZf1","url":"https://twitter.com/WallStTV/status/1381412772181778437","username":"華爾街電視 Wall St TV"},{"relevant_topic_guid":"b98ff4af5b6986c0436295bd073571ad","cnt_retweet":"3","publish_time":"20210412074724","page_action_type":"07","cnt_agree":"10","topic_guid":"b98ff4af5b6986c0436295bd073571ad","userid":"wstv_lizzi","cnt_comment":"2","content":"据彭博社报道，拜登团队加紧对中国数字人民币审查。消息人士透露，美国官员不十分担心数字人民币对美元中心地位的直接挑战，但他们希望了解数字人民币将如何分发，以及是否可以用来绕过美国的制裁。（华尔街网报稍后详细报道）","url":"https://twitter.com/wstv_lizzi/status/1381393475933966340","username":"李其 Lizzi"},{"relevant_topic_guid":"1d9bdc641a5612925e0c87ceb301900d","cnt_retweet":"2","publish_time":"20210412151906","page_action_type":"07","cnt_agree":"7","topic_guid":"1d9bdc641a5612925e0c87ceb301900d","userid":"MingJingNews","cnt_comment":"2","content":"美芯片全球峰会排除中国，官媒急跳脚；阿里主席出面认错：罚的对，不上诉；中国四大银行快崩塌，坏帐已达9991亿；数字人民币恐成制裁漏洞，拜登急评估∣华尔街财经（20210412） https://t.co/zjKG7ZwXTU https://t.co/KJVlERSMub","url":"https://twitter.com/MingJingNews/status/1381507149650567170","username":"明鏡新聞網"},{"relevant_topic_guid":"b1c08abc95ad9d2a93bc5f4e914db58a","cnt_retweet":"0","publish_time":"20210411064620","page_action_type":"07","cnt_agree":"0","topic_guid":"b1c08abc95ad9d2a93bc5f4e914db58a","userid":"JE1YqM6rW3Pi0A9","cnt_comment":"0","content":"中国力推数字人民币以撼动美元 但美联储仍然淡定 https://t.co/CPtxJEpxXr 來自 @voachinese","url":"https://twitter.com/JE1YqM6rW3Pi0A9/status/1381015721467990016","username":"胡途~台灣與世界"},{"relevant_topic_guid":"e35881e2a34cbfb47672028493bfa8d4","cnt_retweet":"0","publish_time":"20210411144036","page_action_type":"07","cnt_agree":"0","topic_guid":"e35881e2a34cbfb47672028493bfa8d4","userid":"RenZegang","cnt_comment":"0","content":"数字人民币，美国媒体的反应和评论 https://t.co/lQVN23oNHU via @YouTube https://t.co/c1N7JBZcuq","url":"https://twitter.com/RenZegang/status/1381135072145760256","username":"zegang ren"},{"relevant_topic_guid":"07620fe0b197ad5ceeb1ba75d2377521","cnt_retweet":"0","publish_time":"20210412103836","page_action_type":"07","cnt_agree":"0","topic_guid":"07620fe0b197ad5ceeb1ba75d2377521","userid":"6donews","cnt_comment":"0","content":"颠覆美元地位？美国在衡量中国数字人民币潜在威胁 https://t.co/uGf5cOQneC https://t.co/WPZLoTXTbz","url":"https://twitter.com/6donews/status/1381436559052828674","username":"六度新闻"},{"relevant_topic_guid":"656c1e23872d14cf6b9c6377230c55e7","cnt_retweet":"2","publish_time":"20210411103148","page_action_type":"07","cnt_agree":"3","topic_guid":"656c1e23872d14cf6b9c6377230c55e7","userid":"ying32178493","cnt_comment":"1","content":"相比中国积极推广数字人民币，美国则显得更为淡定。美国官方的底气是因为美元的全球主导地位很难被低估。目前超过60%以上的全球储备和85%以上的外汇交易都是美元。相比之下，人民币在这两类交易中的比例仅占2%","url":"https://twitter.com/ying32178493/status/1381072462381735936","username":"ying"},{"relevant_topic_guid":"c93696f36c9e45607b805073d86258f8","cnt_retweet":"0","publish_time":"20210412151032","page_action_type":"07","cnt_agree":"0","topic_guid":"c93696f36c9e45607b805073d86258f8","userid":"6dovideo","cnt_comment":"0","content":"美芯片全球峰会排除中国，官媒急跳脚；阿里主席出面认错：罚的对，不上诉；中国四大银行快崩塌，坏帐已达9991亿；数字人民币恐成制裁漏洞，拜登急评估∣华尔街财经 https://t.co/vHDUQaUQN9","url":"https://twitter.com/6dovideo/status/1381504996018036736","username":"六度视频"},{"relevant_topic_guid":"05fd6ddc707c5fcfbfd4e8e8c5d800e4","cnt_retweet":"0","publish_time":"20210412103832","page_action_type":"07","cnt_agree":"0","topic_guid":"05fd6ddc707c5fcfbfd4e8e8c5d800e4","userid":"6dovideo","cnt_comment":"0","content":"习近平托人带话给美参谋长联席会主席意外惊喜；房峰辉事变中美军方互联曾陷断层危机；BCI突然消声：电话无人接推特改私密，与新疆生产建设兵团有百万资金往来；美国对数字人民币警觉：是否意图绕过美国制裁？ https://t.co/BTocDimwSW","url":"https://twitter.com/6dovideo/status/1381436541755518977","username":"六度视频"},{"relevant_topic_guid":"08d556c4d9e2cdc1aefcd785a4f8038c","cnt_retweet":"0","publish_time":"20210411062105","page_action_type":"07","cnt_agree":"0","topic_guid":"08d556c4d9e2cdc1aefcd785a4f8038c","userid":"MingJingNews","cnt_comment":"0","content":"新疫苗：防变种病毒与非典；回应王毅威胁，日美东海空训；中国力推数字人民币欲撼动美元地位；传英国要复活CGTN；滴滴获神秘融资在美IPO丨全球新闻（20210411） https://t.co/3eMSGTj3E4 https://t.co/5dqFqBBQ2s","url":"https://twitter.com/MingJingNews/status/1381009364354404353","username":"明鏡新聞網"},{"relevant_topic_guid":"5156ec1e2946b81f78907b912aa0a62d","cnt_retweet":"0","publish_time":"20210411022004","page_action_type":"07","cnt_agree":"0","topic_guid":"5156ec1e2946b81f78907b912aa0a62d","userid":"carraro007007","cnt_comment":"0","content":"中国互联网巨头阿里相对腾讯比较激进 相对的入侵啦更多也许部门 整改湖畔大学停止招生（教育 出售媒体业务（宣传  媒体业务是蒋凡惹的祸 但中国看到啦阿里对于舆论的控制非常强大 央行的数字人民币也是用来对付支付宝的（保障国有银行利益 那剩下就是电商 物流 外卖这些经济相关的业务是允许发展的","url":"https://twitter.com/carraro007007/status/1380948711652564993","username":"法比奥奥奥"},{"relevant_topic_guid":"94644ac340b0d20bdbe3ae0676c0637b","cnt_retweet":"5","publish_time":"20201213233100","page_action_type":"07","cnt_agree":"17","topic_guid":"94644ac340b0d20bdbe3ae0676c0637b","userid":"BCoeure","cnt_comment":"2","content":"A very informative review of the DC/EP electronic payment project and the e-CNY digital currency by former PBOC Governor Zhou Xiaochuan","url":"https://twitter.com/BCoeure/status/1338144396987035653","username":"Benoit Coeuré"},{"relevant_topic_guid":"29f4ffd1eccbea6eaec7490a1ef5b3f5","cnt_retweet":"3","publish_time":"20210208202619","page_action_type":"08","cnt_agree":"13","topic_guid":"20221ff8b0167ccb029a98cecfccb86e","userid":"ZouYueTweets","cnt_comment":"0","content":"The initiative is part of the trial of the central bank\u0027s digital currency, the e-CNY. Beijing will be the third city－after Shenzhen, Guangdong province, and Suzhou, Jiangsu province－to send the digital yuan to consumers for testing. (2/2)","url":"https://twitter.com/ZouYueTweets/status/1358754026553135104","username":"ZouYue"},{"relevant_topic_guid":"ccf49e446e63c3d8649be5eabf100227","cnt_retweet":"0","publish_time":"20210118091636","page_action_type":"08","cnt_agree":"0","topic_guid":"dd7f339a22130c5f02829fe4c81fec3a","userid":"KambingTribune","cnt_comment":"0","content":"@STopinion right, right, right ... we will all eat e-yusheng and have e-reunion-dinner, as well as set off e-fire-crackers this e-CNY ...","url":"https://twitter.com/KambingTribune/status/1350975343809744901","username":"** *️‍* Temasek Kambing Tribune"},{"relevant_topic_guid":"b995efc49f5091a4484b9bb73b7606c2","cnt_retweet":"1","publish_time":"20210204151959","page_action_type":"08","cnt_agree":"10","topic_guid":"ff448e9a2bcb70d3552d36da4cb87e28","userid":"lyrichues","cnt_comment":"0","content":"@GoldTelegraph_ China’s e-CNY is neither a  cryptocurrency nor a rival to #BTC. It is digitized fiat controlled by the PBOC, intended for use by Chinese consumers and businesses. It would allow direct payments by the govt to citizens as well. SWIFT simply enables international transactions.","url":"https://twitter.com/lyrichues/status/1357227383984693249","username":"Lyric Hughes Hale"},{"relevant_topic_guid":"94644ac340b0d20bdbe3ae0676c0637b","cnt_retweet":"0","publish_time":"20201215033555","page_action_type":"08","cnt_agree":"0","topic_guid":"20533c33bc9261ade901daba0749f80b","userid":"VeriDelisi","cnt_comment":"0","content":"@BCoeure @t_oncu @Jonas__Gross @philippsandner","url":"https://twitter.com/VeriDelisi/status/1338568418455334914","username":"Veridelisi | Shadowy Supereconomist"},{"relevant_topic_guid":"94644ac340b0d20bdbe3ae0676c0637b","cnt_retweet":"0","publish_time":"20201215031150","page_action_type":"08","cnt_agree":"0","topic_guid":"c65fb593a7abec4b6001868de47936ea","userid":"VeriDelisi","cnt_comment":"0","content":"@BCoeure Dear benoit, do you understand this article? I dont understand.The idea behind DC/EP is not completely the same with that underlying CBDC (central bank digital currency) that has been popular internationally.","url":"https://twitter.com/VeriDelisi/status/1338562359598731264","username":"Veridelisi | Shadowy Supereconomist"}]