[{"relevant_topic_guid":"bd927180201b0285d65d59d3564e0c06","cnt_retweet":"0","publish_time":"20210310041916","page_action_type":"08","cnt_agree":"1","topic_guid":"48b2317edd602afe82ca04e35e686de0","userid":"KarlSaltzman","cnt_comment":"0","content":"@BrianRoemmele @jamesplloyd China declares war on Bitcoin: https://t.co/iPsS8ShiWs","url":"https://twitter.com/KarlSaltzman/status/1369382300291637256","username":"Karl Saltzman"},{"relevant_topic_guid":"2d1eee4ee09f0370b61188ab7886be7a","cnt_retweet":"0","publish_time":"20201207082744","page_action_type":"08","cnt_agree":"0","topic_guid":"ef55038072ca942f88b2f9556eea0b90","userid":"jamesplloyd","cnt_comment":"0","content":"After Shenzhen, here comes Suzhou... “Some 10,000 shops will take part in the Suzhou trial, and it will also include https://t.co/XRda7S0abc, the Chinese e-commerce giant, which is providing ‘technology plus service’.”","url":"https://twitter.com/jamesplloyd/status/1335742754291269632","username":"James Lloyd"},{"relevant_topic_guid":"bd927180201b0285d65d59d3564e0c06","cnt_retweet":"0","publish_time":"20201012003654","page_action_type":"08","cnt_agree":"1","topic_guid":"607cd89c7d27d5f99d0a43bb387b44f7","userid":"adamliyou","cnt_comment":"0","content":"@BrianRoemmele @jamesplloyd This is not bitcoin. This is state bank trying to catch up with Alipay and WeChat pay both of which already digitized Chinese money. Nobody carries wallet anymore. Even street beggars now carry a printed QR code.","url":"https://twitter.com/adamliyou/status/1315330544662650886","username":"Adam Li"},{"relevant_topic_guid":"1e870abd8d698ecb57e17fd6d4a872b9","cnt_retweet":"0","publish_time":"20210331001037","page_action_type":"08","cnt_agree":"0","topic_guid":"38294f135a7c3f53dc8e3e7b248d036b","userid":"samuel_s_chin","cnt_comment":"0","content":"@flywithbird2 @dongmianxiong1 中国恢复1842年以前的所有国土及朝贡国。民主只是国内制度。外交依旧强硬；对西方不得手软！","url":"https://twitter.com/samuel_s_chin/status/1376929868605091841","username":"Samuel S. Chin"},{"relevant_topic_guid":"2d1eee4ee09f0370b61188ab7886be7a","cnt_retweet":"0","publish_time":"20201011134553","page_action_type":"08","cnt_agree":"0","topic_guid":"9d31017dcdfc0b8f29a97aaf73140cdb","userid":"paulmearsuk","cnt_comment":"0","content":"@jamesplloyd The difference between having politicians who talk for PR and actually do nothing and those who actually don\u0027t talk so much but take actions and make sure they are implemented.I know which I prefer","url":"https://twitter.com/paulmearsuk/status/1315166714389127171","username":"Paulmears **"},{"relevant_topic_guid":"bd927180201b0285d65d59d3564e0c06","cnt_retweet":"0","publish_time":"20201011221133","page_action_type":"08","cnt_agree":"0","topic_guid":"17019ce8d30f8ab976e54bf98a43a823","userid":"DeFiDaJo","cnt_comment":"0","content":"@BrianRoemmele @jamesplloyd https://t.co/g3tIzYqQzd","url":"https://twitter.com/DeFiDaJo/status/1315293968591130626","username":"David Johnson"},{"relevant_topic_guid":"7533aefaa25a2ba3604e151694ba1836","cnt_retweet":"0","publish_time":"20210307132559","page_action_type":"08","cnt_agree":"1","topic_guid":"32ed73563a04f8cda3593043f9aeda47","userid":"bangbangrang","cnt_comment":"0","content":"@nytchinese 数字货币的作用不仅仅是用于国内的消费，如果各国都推广就可以防止美国利益自己掌握的金融结算系统随意窃取用户资料挥舞制裁大棒","url":"https://twitter.com/bangbangrang/status/1368432721312112640","username":"富八代"},{"relevant_topic_guid":"d2d1cb1e57222faa1b5f4eae6dc334c2","cnt_retweet":"0","publish_time":"20210303125942","page_action_type":"08","cnt_agree":"0","topic_guid":"1445c75138b4ba60b9ffc51695686ac8","userid":"jasonstormLi","cnt_comment":"0","content":"@renfanzi 看来要投资比特币了","url":"https://twitter.com/jasonstormLi/status/1366976556627726336","username":"Input*‍♂️Output"},{"relevant_topic_guid":"d2d1cb1e57222faa1b5f4eae6dc334c2","cnt_retweet":"0","publish_time":"20210303113256","page_action_type":"08","cnt_agree":"1","topic_guid":"5962e7ce541dcc437983b663f7fd4473","userid":"newns5","cnt_comment":"0","content":"@renfanzi 新朝十五年","url":"https://twitter.com/newns5/status/1366954718346452998","username":"newns"},{"relevant_topic_guid":"7533aefaa25a2ba3604e151694ba1836","cnt_retweet":"0","publish_time":"20210307165254","page_action_type":"08","cnt_agree":"0","topic_guid":"ebeb94fe75ded729f57533f101b99897","userid":"Wilson39875605","cnt_comment":"0","content":"@nytchinese Shameless New York Times, the Fake/Misleading media. God will punish you liars from New York Times!!! New York Times LIES Exposed-1: https://t.co/1qneHpRGVc New York Times LIES Exposed-2: https://t.co/k4Noty2uYHNew York Times LIES Exposed-3: https://t.co/pxSnZ2myQO","url":"https://twitter.com/Wilson39875605/status/1368484794892316672","username":"Wilson (❤️）"},{"relevant_topic_guid":"d2d1cb1e57222faa1b5f4eae6dc334c2","cnt_retweet":"1","publish_time":"20210303102836","page_action_type":"08","cnt_agree":"6","topic_guid":"a515339ccc48e2a1bcf164d15bd128df","userid":"youseehand","cnt_comment":"0","content":"@renfanzi 快了，再結合香港金融機構不執行美國制裁的消息，內外兼修，有那味了。","url":"https://twitter.com/youseehand/status/1366938528144220160","username":"游思行"},{"relevant_topic_guid":"d2d1cb1e57222faa1b5f4eae6dc334c2","cnt_retweet":"0","publish_time":"20210303150949","page_action_type":"08","cnt_agree":"3","topic_guid":"331c3997d56a0573e310f54651f9199f","userid":"OspeakerN","cnt_comment":"0","content":"@renfanzi 某衙门不是傻屄就是高级黑，但凡读过点历史的都知道王莽和新朝代表啥","url":"https://twitter.com/OspeakerN/status/1367009301361954816","username":"不可说不可说"},{"relevant_topic_guid":"d2d1cb1e57222faa1b5f4eae6dc334c2","cnt_retweet":"0","publish_time":"20210303122245","page_action_type":"08","cnt_agree":"1","topic_guid":"67ba341a15bbc4a03a64541787fbb136","userid":"84w3XC90YdcaY8o","cnt_comment":"0","content":"@renfanzi @2DFoLcKTIIWhyRW 然而新朝也没蹦哒几年","url":"https://twitter.com/84w3XC90YdcaY8o/status/1366967256668774402","username":"三兔***"},{"relevant_topic_guid":"7533aefaa25a2ba3604e151694ba1836","cnt_retweet":"0","publish_time":"20210307135810","page_action_type":"08","cnt_agree":"0","topic_guid":"9b28f58d66be0b3173439ae05709553e","userid":"Hdy75239366","cnt_comment":"0","content":"@nytchinese 支持，防洗钱神奇，能让财务来源真正真实话的基础","url":"https://twitter.com/Hdy75239366/status/1368440820651622400","username":"Hdy"},{"relevant_topic_guid":"0f14631ab4a2c56628bfda4acb17033d","cnt_retweet":"0","publish_time":"20210325105346","page_action_type":"08","cnt_agree":"0","topic_guid":"6520be1d1b549d79bd36de59537add5d","userid":"0cs9m1df673z","cnt_comment":"0","content":"@laoyang945 紙幣是棉麻混合纖維。","url":"https://twitter.com/0cs9m1df673z/status/1374917395265904642","username":"莫語之"},{"relevant_topic_guid":"a0c822a374ae85ac64232dc7db7bce3d","cnt_retweet":"0","publish_time":"20210327105418","page_action_type":"08","cnt_agree":"0","topic_guid":"b1cd260b48b3b46d7e388b19511ebfa0","userid":"LOVECHINA1999","cnt_comment":"0","content":"@liangjiahechun @ChenQuesera @zlj517 但凡了解政策，看你说的话都很可笑","url":"https://twitter.com/LOVECHINA1999/status/1375642307177811969","username":"单文涛"},{"relevant_topic_guid":"a0c822a374ae85ac64232dc7db7bce3d","cnt_retweet":"0","publish_time":"20210328210304","page_action_type":"08","cnt_agree":"0","topic_guid":"d7688d98dda1cc35fa9c82d10d553005","userid":"BcNOIHhiZHHajwC","cnt_comment":"0","content":"@liangjiahechun @ChenQuesera @zlj517 这话说的和三峡大坝年年崩溃一样，你们还真乐此不疲","url":"https://twitter.com/BcNOIHhiZHHajwC/status/1376157894391951361","username":"绝版"},{"relevant_topic_guid":"d555e3dd3fe0ed21105e2285ae96dcf7","cnt_retweet":"0","publish_time":"20210324123814","page_action_type":"08","cnt_agree":"1","topic_guid":"6ff52dd0006c19c4690d1f2e7fd58398","userid":"dugujiujianxian","cnt_comment":"0","content":"@GongMPingLY2021 感觉还有一段路需要走啊","url":"https://twitter.com/dugujiujianxian/status/1374581297012645888","username":"阿来"},{"relevant_topic_guid":"d555e3dd3fe0ed21105e2285ae96dcf7","cnt_retweet":"0","publish_time":"20210324221157","page_action_type":"08","cnt_agree":"1","topic_guid":"e798774beab7cbd2f5b4ea0fef6ab747","userid":"BarryWo31638350","cnt_comment":"0","content":"@GongMPingLY2021 這不是撤退，這是進攻啊！","url":"https://twitter.com/BarryWo31638350/status/1374725676993896451","username":"B哥哥**********************"},{"relevant_topic_guid":"c31015ac2923d29fca5425f16d512581","cnt_retweet":"0","publish_time":"20210326220004","page_action_type":"08","cnt_agree":"0","topic_guid":"d795c50a9b54f65beb755364fb15fa76","userid":"zoce20","cnt_comment":"0","content":"@truelyman @stupidwz 过过嘴瘾，舒服了吧，舒服了就赶紧搬砖去**","url":"https://twitter.com/zoce20/status/1375447463729881089","username":"zoce"},{"relevant_topic_guid":"e8afc198ab08620fc787b4f02f0293ee","cnt_retweet":"0","publish_time":"20210327064059","page_action_type":"08","cnt_agree":"0","topic_guid":"cc0f25ee4ef9be3df1d13b528ba29522","userid":"leowang00l","cnt_comment":"0","content":"@LIKEqiangCHN @zlj517 所以呢？","url":"https://twitter.com/leowang00l/status/1375578556273733634","username":"GT*德国自干五-嘻嘻哈哈传媒〖KTV麦霸团〗**EX团长**"},{"relevant_topic_guid":"d555e3dd3fe0ed21105e2285ae96dcf7","cnt_retweet":"0","publish_time":"20210324130330","page_action_type":"08","cnt_agree":"1","topic_guid":"41a732321dccc861ae6baab1abf42c41","userid":"cathy9108","cnt_comment":"0","content":"@GongMPingLY2021 好悲壮","url":"https://twitter.com/cathy9108/status/1374587654335983621","username":"竹子难养"},{"relevant_topic_guid":"1ca2a9f61e1f941efbcf08dfc3433e0d","cnt_retweet":"0","publish_time":"20210324175822","page_action_type":"08","cnt_agree":"1","topic_guid":"bc5a20f487c0a8b27aadfa62af952031","userid":"dugujiujianxian","cnt_comment":"0","content":"@ChaoHe90474945 @comeonjustchill 我不是官方，不敢做这个答复啊*","url":"https://twitter.com/dugujiujianxian/status/1374661863586160643","username":"阿来"},{"relevant_topic_guid":"0f14631ab4a2c56628bfda4acb17033d","cnt_retweet":"0","publish_time":"20210325103957","page_action_type":"08","cnt_agree":"0","topic_guid":"33d6883234f5cc3f749056d35d018511","userid":"treenew1","cnt_comment":"0","content":"@laoyang945 太瞧得起人民币了，来的品牌估计没有认人民币的吧。","url":"https://twitter.com/treenew1/status/1374913919400046595","username":"顶针儿"},{"relevant_topic_guid":"d555e3dd3fe0ed21105e2285ae96dcf7","cnt_retweet":"0","publish_time":"20210324122334","page_action_type":"08","cnt_agree":"1","topic_guid":"7052350f969bc30a976c391681e83652","userid":"bqaLyqKIp5CvaG6","cnt_comment":"0","content":"@GongMPingLY2021 早晚走到这一步，必然走到这一步，没有退路，只能向前！","url":"https://twitter.com/bqaLyqKIp5CvaG6/status/1374577606566109184","username":"Dennis"},{"relevant_topic_guid":"c30837a7e0cd237958e5ba74ed4ad2a4","cnt_retweet":"0","publish_time":"20210227190355","page_action_type":"08","cnt_agree":"2","topic_guid":"5b7ca3bcaed91694e06731346b38a8dc","userid":"liangshaohua","cnt_comment":"0","content":"@cherylnatsu 突然觉得，复兴的目标可能真是朝鲜","url":"https://twitter.com/liangshaohua/status/1365618661826854913","username":"liangshaohua"},{"relevant_topic_guid":"f990fd9091d1d0aebcc6f3c22fbce45b","cnt_retweet":"0","publish_time":"20210302154224","page_action_type":"08","cnt_agree":"7","topic_guid":"7eceeaedc83e3f4fc7c507b396e29492","userid":"bangbangrang","cnt_comment":"0","content":"@nytchinese 用美国控制的银行金融系统那才叫没有隐私","url":"https://twitter.com/bangbangrang/status/1366655113020854274","username":"富八代"},{"relevant_topic_guid":"f9dbd101cd0992b7fe19ade55e934959","cnt_retweet":"0","publish_time":"20210226004813","page_action_type":"08","cnt_agree":"3","topic_guid":"c41e27548ccab34225aa498ab26c7160","userid":"MOURNE916","cnt_comment":"0","content":"@RFA_Chinese 这个怎么黑？在线等，挺急的","url":"https://twitter.com/MOURNE916/status/1364980532849745929","username":"不靠谱的乔先生"},{"relevant_topic_guid":"634ed96bac21733880940e27afb91583","cnt_retweet":"0","publish_time":"20210302153202","page_action_type":"08","cnt_agree":"0","topic_guid":"d1122a5bebe2746d4f72b579e81529f1","userid":"linl_wz","cnt_comment":"0","content":"@chinasmpb @YouTube 这该有多傻逼才会信","url":"https://twitter.com/linl_wz/status/1366652501001265152","username":"丙寅"},{"relevant_topic_guid":"f9dbd101cd0992b7fe19ade55e934959","cnt_retweet":"0","publish_time":"20210226014734","page_action_type":"08","cnt_agree":"7","topic_guid":"b9e78421a12b2ffd9daa54649b870b49","userid":"Char63365803","cnt_comment":"0","content":"@RFA_Chinese 水能載舟亦能覆舟，任何科技落在共產黨手上都變成監控打壓人民的工具","url":"https://twitter.com/Char63365803/status/1364995467046621192","username":"Char"},{"relevant_topic_guid":"3e7a622f4e429bdc8dd65dd537f1a08b","cnt_retweet":"0","publish_time":"20210224094801","page_action_type":"08","cnt_agree":"0","topic_guid":"6b1b7479d25e3e49be574d6fe4047cec","userid":"Docjx1","cnt_comment":"0","content":"@wstv_lizzi 降维打击？你还不如干脆直接说：共产党要杀富济贫了！要是说是应对美国还有可能，针对国内两个个体？这太可笑了，你还拿过去共产共妻这一套说事呢？这个措施迟早要启动，这是国家层次的金融措施，哪个国家也不会允许金融被掌控在少数人手里！","url":"https://twitter.com/Docjx1/status/1364391599619334144","username":"Docjx"},{"relevant_topic_guid":"245a79a7b97dc3effceacae94a73efd3","cnt_retweet":"0","publish_time":"20210301032830","page_action_type":"08","cnt_agree":"1","topic_guid":"7ac2f7fdcb6f5480fbc6f9cb43f46437","userid":"joyce34690006","cnt_comment":"0","content":"@wongkim728 你哑巴拉？最近怎么不讲你的主子拜登了呢？继续狂叫啊。","url":"https://twitter.com/joyce34690006/status/1366108033437196289","username":"joyce"},{"relevant_topic_guid":"c30837a7e0cd237958e5ba74ed4ad2a4","cnt_retweet":"0","publish_time":"20210227214506","page_action_type":"08","cnt_agree":"0","topic_guid":"215b33ab7effb949c6828c1f15a56085","userid":"jieroarchl","cnt_comment":"0","content":"@cherylnatsu 越来越像繁荣时期的美国不是？","url":"https://twitter.com/jieroarchl/status/1365659222894022661","username":"Luo Jie"},{"relevant_topic_guid":"c30837a7e0cd237958e5ba74ed4ad2a4","cnt_retweet":"0","publish_time":"20210227190640","page_action_type":"08","cnt_agree":"0","topic_guid":"edbf79a09b2d429cead1a6513b578714","userid":"suika1986","cnt_comment":"0","content":"@cherylnatsu 不應該是放開生育麼？","url":"https://twitter.com/suika1986/status/1365619351668236288","username":"Wesley Lee"},{"relevant_topic_guid":"f990fd9091d1d0aebcc6f3c22fbce45b","cnt_retweet":"0","publish_time":"20210302154346","page_action_type":"08","cnt_agree":"4","topic_guid":"5a6d454ae7908dcfe69ac3c3bf42c9aa","userid":"wutongtingyuan","cnt_comment":"0","content":"@nytchinese 有大V给解释一下吗，除了嫖妓，买毒品之外，还有哪些消费项目是需要隐私的？？？","url":"https://twitter.com/wutongtingyuan/status/1366655457163694083","username":"正是陛下****"},{"relevant_topic_guid":"f990fd9091d1d0aebcc6f3c22fbce45b","cnt_retweet":"0","publish_time":"20210302154532","page_action_type":"08","cnt_agree":"0","topic_guid":"45d0578edee99fb7d7e85b363ec08b79","userid":"wutongtingyuan","cnt_comment":"0","content":"@nytchinese 美国有数字货币的话，弗洛伊德死不了...***","url":"https://twitter.com/wutongtingyuan/status/1366655899436265472","username":"正是陛下****"},{"relevant_topic_guid":"f990fd9091d1d0aebcc6f3c22fbce45b","cnt_retweet":"0","publish_time":"20210302154229","page_action_type":"08","cnt_agree":"1","topic_guid":"888630aa8fc097bf3046a6fd845f6f8f","userid":"ray663521","cnt_comment":"0","content":"@nytchinese 反正中国没一件事你们不担忧的","url":"https://twitter.com/ray663521/status/1366655133501722625","username":"本村美男协会名誉会长"},{"relevant_topic_guid":"f990fd9091d1d0aebcc6f3c22fbce45b","cnt_retweet":"0","publish_time":"20210302153754","page_action_type":"08","cnt_agree":"2","topic_guid":"77452455ec47ddca341345c2a74aeac7","userid":"qiuyujun1","cnt_comment":"0","content":"@nytchinese 感觉美国已经回到中国文革时期了，其实互联网时代已经对隐私构成巨大威胁了，怎么没见你们这么担忧过?","url":"https://twitter.com/qiuyujun1/status/1366653979581501440","username":"山隈"},{"relevant_topic_guid":"f9dbd101cd0992b7fe19ade55e934959","cnt_retweet":"0","publish_time":"20210226005721","page_action_type":"08","cnt_agree":"2","topic_guid":"1c9335f85bfb2e760b8352445b4c9a3a","userid":"quitkina01","cnt_comment":"0","content":"@RFA_Chinese “民眾瘋搶”好，加菜！☺️","url":"https://twitter.com/quitkina01/status/1364982828438482944","username":"Enlightened Sheeple -我已去了GAB: @quitkina01"},{"relevant_topic_guid":"f9dbd101cd0992b7fe19ade55e934959","cnt_retweet":"0","publish_time":"20210226014050","page_action_type":"08","cnt_agree":"2","topic_guid":"b27e3ae961e475ce75ddb355f92bbe27","userid":"xinnews2020","cnt_comment":"0","content":"@RFA_Chinese 數字人民幣的收割形式基本可以斷定韭菜們是無法拒絕的,畢竟這玩意已經佈局了快10年了","url":"https://twitter.com/xinnews2020/status/1364993774804480001","username":"Xin視角 UK"},{"relevant_topic_guid":"f990fd9091d1d0aebcc6f3c22fbce45b","cnt_retweet":"0","publish_time":"20210302153506","page_action_type":"08","cnt_agree":"0","topic_guid":"fa0ac18d077154baac54042a1a3e1ee2","userid":"lisigege","cnt_comment":"0","content":"@nytchinese 国家发行的数字货币如果用于犯罪行为会被追索到，是那些准备犯罪的人才担忧吧。你前面也说全球各地都在探索新形式的数字货币，全球的罪犯或者预备犯们都在担忧吧*","url":"https://twitter.com/lisigege/status/1366653274397368321","username":"李四哥"},{"relevant_topic_guid":"f9dbd101cd0992b7fe19ade55e934959","cnt_retweet":"0","publish_time":"20210226011234","page_action_type":"08","cnt_agree":"0","topic_guid":"32127ab4fd968ac79d7348e3f2730e71","userid":"MsShuYu","cnt_comment":"0","content":"@RFA_Chinese 民众总是盲目的，现在疯抢238，将来付出的代价是238000","url":"https://twitter.com/MsShuYu/status/1364986658710425603","username":"舒妤"},{"relevant_topic_guid":"f9dbd101cd0992b7fe19ade55e934959","cnt_retweet":"0","publish_time":"20210226071451","page_action_type":"08","cnt_agree":"0","topic_guid":"f7b7181c09b03c82969696493b335f0c","userid":"TOFuymHF2xwL9Pa","cnt_comment":"0","content":"@RFA_Chinese 共匪邪惡","url":"https://twitter.com/TOFuymHF2xwL9Pa/status/1365077831492005888","username":"暗夜使者"},{"relevant_topic_guid":"e37702291958b5053aa628b7c9e35236","cnt_retweet":"0","publish_time":"20210423215516","page_action_type":"08","cnt_agree":"0","topic_guid":"0c1ee68a4b9ae2104ee404d945631ad4","userid":"briankuo","cnt_comment":"0","content":"中国截胡之后，美国还剩一张王牌，4月会谈将拉开世界变局的序幕https://t.co/wXNxxkKivn#发行 #流通 #结算｜#去美元化","url":"https://twitter.com/briankuo/status/1385593117018005507","username":"无定创客 Brian"},{"relevant_topic_guid":"f990fd9091d1d0aebcc6f3c22fbce45b","cnt_retweet":"0","publish_time":"20210302154357","page_action_type":"08","cnt_agree":"2","topic_guid":"69969bea9b5a71bae86aac4b33e17c33","userid":"csdemon7","cnt_comment":"0","content":"@nytchinese 比特币可以用于暗网非法交易和洗黑钱我倒是从来没听说你们担忧啊。你们有担忧的时间能干点正事修补撕裂的美国社会做好基建落实好疫情防控工作吗。这三件事只要有一件中国做的和美国一样，你们根本都没有黑中国的机会中国就垮了。","url":"https://twitter.com/csdemon7/status/1366655502956916739","username":"话痨轩"},{"relevant_topic_guid":"f9dbd101cd0992b7fe19ade55e934959","cnt_retweet":"0","publish_time":"20210226065627","page_action_type":"08","cnt_agree":"0","topic_guid":"c1cdbb14d5af48d585d662df7cad0e96","userid":"vL9FlYu7JvGgRAW","cnt_comment":"0","content":"@RFA_Chinese 中國人佔小便宜陋習永遠改不了。","url":"https://twitter.com/vL9FlYu7JvGgRAW/status/1365073200279814145","username":"Kintaro"},{"relevant_topic_guid":"f9dbd101cd0992b7fe19ade55e934959","cnt_retweet":"0","publish_time":"20210226080250","page_action_type":"08","cnt_agree":"0","topic_guid":"230ad52053a45125a1c613c924ac5286","userid":"KWokchan10","cnt_comment":"0","content":"@RFA_Chinese 别上当！没好事","url":"https://twitter.com/KWokchan10/status/1365089907018981377","username":"KWokchan"},{"relevant_topic_guid":"d469279f15a8b493695d9abcf4c7851f","cnt_retweet":"0","publish_time":"20210225160225","page_action_type":"08","cnt_agree":"0","topic_guid":"ef972f8aea48a1a1d5c3ecd7ecaab1b4","userid":"PockiesWili","cnt_comment":"0","content":"@aosaka_yuki 用手游十连取代王小姐工资！","url":"https://twitter.com/PockiesWili/status/1364848209789521921","username":"Pockies Wili"},{"relevant_topic_guid":"f990fd9091d1d0aebcc6f3c22fbce45b","cnt_retweet":"0","publish_time":"20210302153750","page_action_type":"08","cnt_agree":"5","topic_guid":"c8444192463db5ec0a3612f1f49c80dd","userid":"Abby_0083","cnt_comment":"0","content":"@nytchinese 只要中国发展的更好的，西方国家就开始隐忧，不是人权就是隐私","url":"https://twitter.com/Abby_0083/status/1366653960686211072","username":"Abby Zang**"},{"relevant_topic_guid":"e5e5cbf0cbc24b6b5d9f213979d7521c","cnt_retweet":"0","publish_time":"20210225191556","page_action_type":"08","cnt_agree":"2","topic_guid":"5fce2557aea03f42f597ed18c4307b75","userid":"daijyann7899","cnt_comment":"0","content":"@catmamgo 草民那几个钱有啥恐惧的，恐惧的是黑箱操作来钱的和藏在床底下几顿钱没处花的阶层","url":"https://twitter.com/daijyann7899/status/1364896908871831553","username":"daijyann7899"},{"relevant_topic_guid":"e5e5cbf0cbc24b6b5d9f213979d7521c","cnt_retweet":"0","publish_time":"20210227210428","page_action_type":"08","cnt_agree":"1","topic_guid":"e377bcbf861e7d1118a2018325662713","userid":"53180930","cnt_comment":"0","content":"@catmamgo 这个前瞻性需要警惕","url":"https://twitter.com/53180930/status/1365648999210840065","username":"Raymond"},{"relevant_topic_guid":"e5e5cbf0cbc24b6b5d9f213979d7521c","cnt_retweet":"2","publish_time":"20210225183714","page_action_type":"08","cnt_agree":"10","topic_guid":"ba242a4bd8d6bd01f14631c361fafc48","userid":"catmamgo","cnt_comment":"0","content":"但是现在谈这个问题太早了，这个数字货币钱包目前还是处于非常早期的测试，唯一的好处就是可以优惠买很多东西。目前还是二类账户，离真正投入使用还是有很大的距离。我们目前已经拿到了工商银行的数字货币钱包样本，冲了点钱进去，看上去还是不错的。钱也没有成为废纸，今晚京东上买个路由器玩玩。 https://t.co/rbKJjthicr","url":"https://twitter.com/catmamgo/status/1364887170285150210","username":"猫总"},{"relevant_topic_guid":"f990fd9091d1d0aebcc6f3c22fbce45b","cnt_retweet":"0","publish_time":"20210302160339","page_action_type":"08","cnt_agree":"2","topic_guid":"92f832e74a454b349380cf628d28a953","userid":"sfh828","cnt_comment":"0","content":"@nytchinese 担忧你妈逼啊，你这不是自己打自己国家大嘴巴子吗？？？？斯诺登事件！维基解密！监控各国！自己国家侵犯各国隐私记录劣迹斑斑，还想着污蔑抹黑中国呢？？？纽约鸡巴报你有脸？？？写这个的小编你脑子进屎了还是你们主编进屎了？？？以为你说啥就是啥？你想抹黑谁就是谁？？黄毛蛮夷，垃圾美国人！","url":"https://twitter.com/sfh828/status/1366660461245042691","username":"Fuhao Sun 孙富豪(互fo必回*ྀི*ྀི❤️ྀི)"},{"relevant_topic_guid":"f990fd9091d1d0aebcc6f3c22fbce45b","cnt_retweet":"0","publish_time":"20210302154854","page_action_type":"08","cnt_agree":"1","topic_guid":"99366d9dab3bde36c848990398507845","userid":"QAQ37192311","cnt_comment":"0","content":"@nytchinese 甭管啥新闻，只要是中国的，你他妈就担忧，杞人都没你忧。","url":"https://twitter.com/QAQ37192311/status/1366656745578188802","username":"QAQ"},{"relevant_topic_guid":"f9dbd101cd0992b7fe19ade55e934959","cnt_retweet":"0","publish_time":"20210226053355","page_action_type":"08","cnt_agree":"0","topic_guid":"6463d74af611615b6e51f761bd2d08fb","userid":"Chinky72374664","cnt_comment":"0","content":"@RFA_Chinese 还有比特币","url":"https://twitter.com/Chinky72374664/status/1365052429188800516","username":"Chinky"},{"relevant_topic_guid":"c30837a7e0cd237958e5ba74ed4ad2a4","cnt_retweet":"0","publish_time":"20210227210544","page_action_type":"08","cnt_agree":"0","topic_guid":"ddb465eb71511c2d34e52ad1e397450c","userid":"mynfqc","cnt_comment":"0","content":"@cherylnatsu 996确实应该管管，后面都是不得已而为之吧","url":"https://twitter.com/mynfqc/status/1365649317172678658","username":"Jack Ma"},{"relevant_topic_guid":"aba7485f6af8ce0e35131b6dd275f590","cnt_retweet":"0","publish_time":"20210322155956","page_action_type":"08","cnt_agree":"0","topic_guid":"0d980bd3190854995ceaca416ff17eb1","userid":"miduobiduo","cnt_comment":"0","content":"@ChainNewscom 我有多少钱，我让这个无信无义的国家看到？我疯了吗？","url":"https://twitter.com/miduobiduo/status/1373907282497441792","username":"米多币多"},{"relevant_topic_guid":"9cf96ce428b51549b9a1f7b3832d34f1","cnt_retweet":"0","publish_time":"20210315112803","page_action_type":"08","cnt_agree":"0","topic_guid":"9d5d2c1c63152901bb757b6408b7550e","userid":"ALQuNPHKhgSDXPF","cnt_comment":"0","content":"@China_6_6_6 @bbcchinese 直呼好家伙，有道理","url":"https://twitter.com/ALQuNPHKhgSDXPF/status/1371302144968597507","username":"老赛巴斯"},{"relevant_topic_guid":"d84b1f61d5e759df4e49d8cd4b70d9cf","cnt_retweet":"0","publish_time":"20210402092320","page_action_type":"08","cnt_agree":"1","topic_guid":"cdc5f65e7600db8b4a4adf59afaf594d","userid":"DufhniFgyj","cnt_comment":"0","content":"@wongkim728 和镇压法轮功相比，新疆算小事，与整风、土改、镇反、肃反、反右、四清、大饥荒、文革相比，习共太文明了。","url":"https://twitter.com/DufhniFgyj/status/1377793738332721155","username":"梁家河大学问"},{"relevant_topic_guid":"d84b1f61d5e759df4e49d8cd4b70d9cf","cnt_retweet":"0","publish_time":"20210403024716","page_action_type":"08","cnt_agree":"0","topic_guid":"c5e4b89475bf8a1886b01256bf990906","userid":"homecat007","cnt_comment":"0","content":"@wongkim728 跨境支付的事也就是说说 图个口快，别当真","url":"https://twitter.com/homecat007/status/1378056452779114496","username":"Shawn"},{"relevant_topic_guid":"40b92f2962d12584ecca89d8c79f1f1b","cnt_retweet":"0","publish_time":"20210401220103","page_action_type":"08","cnt_agree":"0","topic_guid":"42df8e70ac5f1ab27e904fe82867c999","userid":"Michae1_MOHAMED","cnt_comment":"0","content":"@xiayutian2 @RFI_Cn 金圆券听说过吗？津巴布韦币见过吗？政府背书的。你那么信政府就不该知道“比特币”这仨字儿才对","url":"https://twitter.com/Michae1_MOHAMED/status/1377622038072995846","username":"Michael Mohammed"},{"relevant_topic_guid":"9362e037d34150ea496a1d3fc493d88e","cnt_retweet":"0","publish_time":"20201206045800","page_action_type":"08","cnt_agree":"0","topic_guid":"4a6eaef83e6a8a3f2129081b1e5da6cb","userid":"EdwinGa95061560","cnt_comment":"0","content":"@RuleXRP No one say that NairNada Like you say that NairNada!!!Still dont know what that shit mean tho!Lol","url":"https://twitter.com/EdwinGa95061560/status/1335327587699081217","username":"VALIENT BEING12: XRP HODLR"},{"relevant_topic_guid":"c02408a20145e9a119f2d07790bbdd15","cnt_retweet":"0","publish_time":"20210401192843","page_action_type":"08","cnt_agree":"0","topic_guid":"628707aada0265c3eb84e3674bca9960","userid":"WanabeKeats","cnt_comment":"0","content":"@RioJot 直接扣除！","url":"https://twitter.com/WanabeKeats/status/1377583701337407493","username":"想做心理史学家的哈里谢顿"},{"relevant_topic_guid":"c02408a20145e9a119f2d07790bbdd15","cnt_retweet":"0","publish_time":"20210401190908","page_action_type":"08","cnt_agree":"0","topic_guid":"7d77bedcfc813198fe81286f2e14240c","userid":"_vonAntares","cnt_comment":"0","content":"@RioJot 1946年要是有这个技术现在哪里来的国民党党产问题","url":"https://twitter.com/_vonAntares/status/1377578773596504065","username":"Tau Upsilon"},{"relevant_topic_guid":"216db67e014c064152251cf224fd52c7","cnt_retweet":"0","publish_time":"20210331080519","page_action_type":"08","cnt_agree":"1","topic_guid":"c00314c46bc43900435b278b53eb3ba0","userid":"chenglu92482354","cnt_comment":"0","content":"@G2_1988 都是好消息啊","url":"https://twitter.com/chenglu92482354/status/1377049332399144963","username":"漢武士"},{"relevant_topic_guid":"216db67e014c064152251cf224fd52c7","cnt_retweet":"0","publish_time":"20210331080515","page_action_type":"08","cnt_agree":"3","topic_guid":"abb43a5a7887f6f6b225471a8b2be11a","userid":"G2_1988","cnt_comment":"0","content":"现在抓紧用美元换人民币啦。","url":"https://twitter.com/G2_1988/status/1377049313042309121","username":"秦妄漢舞"},{"relevant_topic_guid":"6ad3c3c52ebf2ed3f05e214df1e5d24a","cnt_retweet":"0","publish_time":"20210401015500","page_action_type":"08","cnt_agree":"1","topic_guid":"23aae5fc099a14d23b2ff70692411217","userid":"MaoDie8964","cnt_comment":"0","content":"@pharma_grade 这不还没完全限制嘛，快了快了，下一步人民币真的就成了人民纸，只有硬通货和粮票值钱了","url":"https://twitter.com/MaoDie8964/status/1377318526520791040","username":"毛媽的毛爹"},{"relevant_topic_guid":"216db67e014c064152251cf224fd52c7","cnt_retweet":"0","publish_time":"20210331081354","page_action_type":"08","cnt_agree":"1","topic_guid":"d30f6e97a241997051fa517fa9286fb4","userid":"Summer33955466","cnt_comment":"0","content":"@G2_1988 前央行货币政策司司长张晓慧指出：“当前大多数国家对美元都是采取净额结算，即国内银行之间先清算完结，再到国外去清算。国内的银行则大多数采用全额结算，无论总行、分行还是海外行，都是直接通过SWIFT以及美国的CHIPS进行结算”第一步改为净额结算，省手续费，对美隐藏交易细节难以理解现在才改","url":"https://twitter.com/Summer33955466/status/1377051493132431362","username":"Summer"},{"relevant_topic_guid":"fe0c21d691993605c1338cd60cadeb1c","cnt_retweet":"0","publish_time":"20210324082602","page_action_type":"08","cnt_agree":"0","topic_guid":"3c75c64b6dbc51a71f23d60fbfa00820","userid":"dychem88","cnt_comment":"0","content":"@rijingzhongwen 西方国家对中国每个事情的程序都是：嘲笑再嘲笑污蔑紧张抹黑围堵失落","url":"https://twitter.com/dychem88/status/1374517829886640130","username":"李沂"},{"relevant_topic_guid":"267773d174a0dc5f57fbe5eed644e8dc","cnt_retweet":"0","publish_time":"20210324101353","page_action_type":"08","cnt_agree":"0","topic_guid":"fd83da23e08bf2bc1944703176b27129","userid":"jike_collection","cnt_comment":"0","content":"…戏版上架详情点击*https://t.co/vWQRI5FbBa  #科技圈大小事","url":"https://twitter.com/jike_collection/status/1374544970833530880","username":"即刻精选"},{"relevant_topic_guid":"972a59f3284fee16b8d69bb6bcab712d","cnt_retweet":"1","publish_time":"20210323113408","page_action_type":"08","cnt_agree":"0","topic_guid":"fdf7a1c4ba7be596979aa0fcb3848068","userid":"MartinLau1978","cnt_comment":"0","content":"@myfxtrader 不理解这个到底价值在哪儿。跟你银行上的现金账户有啥区别。本来就都是数字……","url":"https://twitter.com/MartinLau1978/status/1374202780273938437","username":"不二法门"},{"relevant_topic_guid":"9bdaef67cabe9f2a9ffd1cd42d712915","cnt_retweet":"0","publish_time":"20210326081555","page_action_type":"08","cnt_agree":"0","topic_guid":"9f2a3674122921b6515f5dddc0003315","userid":"BaaXn","cnt_comment":"0","content":"@maskman47338380 @YouTube 中国人只能学文明地做好自己文化中国人_如果抛弃文化_抵制文明_那么结果就是神党四国乱华西方人只能学文化地做好自己文明西方人_如果抛弃文明_抵制文化_那么结果就是中世纪中世纪中国灿烂在于中国文化强大今天西方灿烂在于今天西方文明强大明天中国再次强大在于明天中国有现代文化而非宗教救国","url":"https://twitter.com/BaaXn/status/1375240057485922308","username":"回归才能新建"},{"relevant_topic_guid":"fe0c21d691993605c1338cd60cadeb1c","cnt_retweet":"0","publish_time":"20210324095744","page_action_type":"08","cnt_agree":"0","topic_guid":"a94ae59be7aeee1e28a7f1eaed9a2095","userid":"cai7171","cnt_comment":"0","content":"@rijingzhongwen 美国大撒币收割全世界韭菜，日本没有能力发展数字货币，只能等着美国来收割吧","url":"https://twitter.com/cai7171/status/1374540904879427585","username":"cai7171"},{"relevant_topic_guid":"164eb138930368197adc0d596e4ab4b1","cnt_retweet":"0","publish_time":"20210321175930","page_action_type":"08","cnt_agree":"3","topic_guid":"7e479993345c8f403959fc75c7a58013","userid":"_242883715539","cnt_comment":"0","content":"@Xhnsoc__Redflag 吃饱了撑的没事干","url":"https://twitter.com/_242883715539/status/1373574984891736064","username":"Meme"},{"relevant_topic_guid":"164eb138930368197adc0d596e4ab4b1","cnt_retweet":"0","publish_time":"20210321202354","page_action_type":"08","cnt_agree":"17","topic_guid":"bc4fea18b60b2a8a70c1744cf8a9189c","userid":"removesina","cnt_comment":"0","content":"@Xhnsoc__Redflag 不匿名的数字货币...","url":"https://twitter.com/removesina/status/1373611324123488258","username":"Individual Eleven"},{"relevant_topic_guid":"fe0c21d691993605c1338cd60cadeb1c","cnt_retweet":"0","publish_time":"20210324100917","page_action_type":"08","cnt_agree":"0","topic_guid":"75982e30f2544a501251dfc6ae24c91b","userid":"markqian86","cnt_comment":"0","content":"@rijingzhongwen 一个对抗美元收割的工具，美国印钱太狠了，全球埋单，主权国家都寻求新的代币来对抗收割，数字货币是必然的大趋势","url":"https://twitter.com/markqian86/status/1374543811334959105","username":"Hex"},{"relevant_topic_guid":"164eb138930368197adc0d596e4ab4b1","cnt_retweet":"0","publish_time":"20210321170507","page_action_type":"08","cnt_agree":"16","topic_guid":"a7a71113c1198b59568ac6fdf6df405d","userid":"Porridge0","cnt_comment":"0","content":"@Xhnsoc__Redflag 5元以下为小面额","url":"https://twitter.com/Porridge0/status/1373561297367830532","username":"Porridge"},{"relevant_topic_guid":"164eb138930368197adc0d596e4ab4b1","cnt_retweet":"0","publish_time":"20210321235633","page_action_type":"08","cnt_agree":"1","topic_guid":"5ef4d37ecbcf8f8f357b1088f4be9616","userid":"MaharajaBossku","cnt_comment":"0","content":"@Xhnsoc__Redflag 这不就是马云的构思吗","url":"https://twitter.com/MaharajaBossku/status/1373664838262476805","username":"BossKu PaulWin"},{"relevant_topic_guid":"aa90f86927a5ea3be3731fe90d98f4e8","cnt_retweet":"0","publish_time":"20210317184717","page_action_type":"08","cnt_agree":"1","topic_guid":"ef75b8e81525daca3afcd6dab65c13c5","userid":"miamiuka8964","cnt_comment":"0","content":"@tansunit 7. 反腐真的是在打击贪官8. 脱贫真的是在帮助穷人9. 反垄断真的是为了自由市场10. 中共真的是左派政党11. 专制真的是社会主义道路12. 现在真的是百年未有之大便局，今上真的是天降之神人，跟着他真的能加速撅起，突开那憋了几千年的腹腥之门！","url":"https://twitter.com/miamiuka8964/status/1372137457559478278","username":"Mia"},{"relevant_topic_guid":"aa90f86927a5ea3be3731fe90d98f4e8","cnt_retweet":"0","publish_time":"20210317221020","page_action_type":"08","cnt_agree":"0","topic_guid":"6d1ba2eefc18d47f32d07961dc7c9e63","userid":"tonbby","cnt_comment":"0","content":"@tansunit 所有政策总结下来其实都只有一个目的","url":"https://twitter.com/tonbby/status/1372188556966383617","username":"Tonbby"},{"relevant_topic_guid":"aa90f86927a5ea3be3731fe90d98f4e8","cnt_retweet":"0","publish_time":"20210317175226","page_action_type":"08","cnt_agree":"0","topic_guid":"853e17c8906de3817fa4f10bdbb17c89","userid":"kayandtt","cnt_comment":"0","content":"@tansunit 每一條都中！","url":"https://twitter.com/kayandtt/status/1372123651575844865","username":"簌簌流沙涓"},{"relevant_topic_guid":"aa90f86927a5ea3be3731fe90d98f4e8","cnt_retweet":"0","publish_time":"20210317174514","page_action_type":"08","cnt_agree":"1","topic_guid":"dcf0c06035655b088facfdc15ddea82d","userid":"psfd2021","cnt_comment":"0","content":"@tansunit 以为人民服务的名义干缺德事","url":"https://twitter.com/psfd2021/status/1372121843163824129","username":"LY"},{"relevant_topic_guid":"164eb138930368197adc0d596e4ab4b1","cnt_retweet":"0","publish_time":"20210321171115","page_action_type":"08","cnt_agree":"7","topic_guid":"7019e7394da94d88fc2cced95008f35c","userid":"SYH6262571324","cnt_comment":"0","content":"@Xhnsoc__Redflag 怪不得把支付宝掐死自己来搞 是眼红了吧","url":"https://twitter.com/SYH6262571324/status/1373562842159415296","username":"Busy Bee"},{"relevant_topic_guid":"aa90f86927a5ea3be3731fe90d98f4e8","cnt_retweet":"0","publish_time":"20210318211224","page_action_type":"08","cnt_agree":"1","topic_guid":"6afbd0d5adc2b64c43fa477a5e07d2d1","userid":"nano_tout_blanc","cnt_comment":"0","content":"@tansunit 排名如果有先后。那第一名：没有共产党就没有新中国。","url":"https://twitter.com/nano_tout_blanc/status/1372536365158699010","username":"NANO"},{"relevant_topic_guid":"164eb138930368197adc0d596e4ab4b1","cnt_retweet":"0","publish_time":"20210321170554","page_action_type":"08","cnt_agree":"1","topic_guid":"6b0459f7681d59abf5d6fa8bd8708f29","userid":"hejiubifen","cnt_comment":"0","content":"@Xhnsoc__Redflag 这项目会成为这家伙败笔。","url":"https://twitter.com/hejiubifen/status/1373561494164574208","username":"修正主义是最坏的资本主义"},{"relevant_topic_guid":"1a6b1b9b28e6cc09e16a26ba6db99a67","cnt_retweet":"0","publish_time":"20210316224515","page_action_type":"08","cnt_agree":"0","topic_guid":"f17de356ad480952ce6176b2910839d0","userid":"yuchuen2","cnt_comment":"0","content":"@mengwuming @OfRockley @zzy2017win1 这两家公司搞加密货币就是为了圈钱，后来央行认定或者加密货币都是非法的，他们就停止了，但是区块链他们还是研究的","url":"https://twitter.com/yuchuen2/status/1371834953630158848","username":"yuchuen"},{"relevant_topic_guid":"164eb138930368197adc0d596e4ab4b1","cnt_retweet":"0","publish_time":"20210322155549","page_action_type":"08","cnt_agree":"1","topic_guid":"bffe45c1f2521d9b2226da3ba76b92bd","userid":"Nonobobody","cnt_comment":"0","content":"@Xhnsoc__Redflag 中心记账不就是这个德性吗？韭菜还想去中心化？","url":"https://twitter.com/Nonobobody/status/1373906246810488833","username":"Nobodie"},{"relevant_topic_guid":"164eb138930368197adc0d596e4ab4b1","cnt_retweet":"0","publish_time":"20210322115146","page_action_type":"08","cnt_agree":"0","topic_guid":"3bb839fbb2ae2e2471fe1d9456d5c751","userid":"woodywoodyqw","cnt_comment":"0","content":"@Xhnsoc__Redflag 中国人说的话你反过来理解就对了，安全\u003d不安全，隐私\u003d毫无隐私，匿名\u003d实名。","url":"https://twitter.com/woodywoodyqw/status/1373844829898207232","username":"CNZ"},{"relevant_topic_guid":"164eb138930368197adc0d596e4ab4b1","cnt_retweet":"0","publish_time":"20210321171145","page_action_type":"08","cnt_agree":"0","topic_guid":"6b4dee95a0fad34a93110f6cc3ff1765","userid":"richthofenA1","cnt_comment":"0","content":"@Xhnsoc__Redflag 不匿名为什么不用现金和转账？注定长不了","url":"https://twitter.com/richthofenA1/status/1373562967799652352","username":"红男爵"},{"relevant_topic_guid":"b93e2c4dec95329958f8974cb3e0fa9e","cnt_retweet":"0","publish_time":"20210317160218","page_action_type":"08","cnt_agree":"0","topic_guid":"a4ff0dfd5a21970080417492f7f93e18","userid":"yuchuen2","cnt_comment":"0","content":"@mengwuming @OfRockley @zzy2017win1 地方试运行主要是因为测试大规模使用的安全性，数字货币厉害的是去中心化交易，特别是大额支付，","url":"https://twitter.com/yuchuen2/status/1372095936692842499","username":"yuchuen"},{"relevant_topic_guid":"2d4f4c78b65b8389600a5b74c3139b7a","cnt_retweet":"0","publish_time":"20201013152227","page_action_type":"08","cnt_agree":"0","topic_guid":"748469dca87f9879c3175979feed0dcb","userid":"Saiko0_0","cnt_comment":"0","content":"@YamayaT 来年デジタル日本円も出るそうです","url":"https://twitter.com/Saiko0_0/status/1315915790256807936","username":"サイコウ"},{"relevant_topic_guid":"7914cf03c406b79b73e394d7537492fc","cnt_retweet":"1","publish_time":"20210328011247","page_action_type":"08","cnt_agree":"1","topic_guid":"e9b4a994e7a51847b30a1bbc37db056f","userid":"Davy0000000000","cnt_comment":"0","content":"@ILoveCNPanda @RFI_Cn @AndrewC86186 嗯 北斗还可以免费提供给北朝鲜做导弹支持 *","url":"https://twitter.com/Davy0000000000/status/1375858348579463169","username":"Davy"},{"relevant_topic_guid":"d8e8fb6dbacfc5e27ce29163e4ac093f","cnt_retweet":"0","publish_time":"20210329152139","page_action_type":"08","cnt_agree":"0","topic_guid":"b1e02c70497d0d51732cf258bdeae31e","userid":"JonathanXuhm","cnt_comment":"0","content":"@caijingzongheng @YouTube 知道老百姓手里吞进了大量美元，都是7以上换的，现在6.5换回来，又割一次韭菜","url":"https://twitter.com/JonathanXuhm/status/1376434363928354817","username":"J"},{"relevant_topic_guid":"7dc61b19f5fd51174ae28a0db524d404","cnt_retweet":"0","publish_time":"20191019041214","page_action_type":"08","cnt_agree":"0","topic_guid":"3873db4622b612561ac1d270d2e72efa","userid":"BitTradr","cnt_comment":"0","content":"Within 12-14 months 2+ billion new digital wallets will be created.. with most of them also supporting Bitcoin (cause why not, they can)","url":"https://twitter.com/BitTradr/status/1185287490879524864","username":"BitTradr"},{"relevant_topic_guid":"6209f83e7db5d1dea24519a49acd4cfb","cnt_retweet":"0","publish_time":"20210329081605","page_action_type":"08","cnt_agree":"1","topic_guid":"de50f4e1f02a8c6130900c69d23f34bc","userid":"david73936962","cnt_comment":"0","content":"@stephen24167703 @M8xM8 这一说，人民币数字话意义深远，是不是现在力推的区块链也是为瓦解美元的工具","url":"https://twitter.com/david73936962/status/1376327266255314944","username":"My whimsy"},{"relevant_topic_guid":"9cf96ce428b51549b9a1f7b3832d34f1","cnt_retweet":"0","publish_time":"20210315202507","page_action_type":"08","cnt_agree":"0","topic_guid":"8de3fa85a0844606191b41ac747dec3b","userid":"longguangshi","cnt_comment":"0","content":"@China_6_6_6 @bbcchinese 该有也会有，毕竟，上有政策，下有对策。","url":"https://twitter.com/longguangshi/status/1371437302199676932","username":"Rational analysis of the world"},{"relevant_topic_guid":"6c7c1a53fdfa32db17a99634cdeb5ec2","cnt_retweet":"0","publish_time":"20210314184044","page_action_type":"08","cnt_agree":"1","topic_guid":"b9356996f87597a8b614dc1ecf8c16db","userid":"Lineup22660777","cnt_comment":"0","content":"@PolEcoGuru 没想到翻了墙还是能遇到脑残","url":"https://twitter.com/Lineup22660777/status/1371048645127143429","username":"无"},{"relevant_topic_guid":"9cf96ce428b51549b9a1f7b3832d34f1","cnt_retweet":"0","publish_time":"20210318134715","page_action_type":"08","cnt_agree":"0","topic_guid":"500b9ecbcf655e2e5e93b05d35f30929","userid":"Haiyang331","cnt_comment":"0","content":"@China_6_6_6 @bbcchinese 贪腐也在升级，现在贪腐也不给钱了。还送一些实物（古董、电子产品、健身卡、购物卡之类的）","url":"https://twitter.com/Haiyang331/status/1372424337899200515","username":"小宇宙"},{"relevant_topic_guid":"6c7c1a53fdfa32db17a99634cdeb5ec2","cnt_retweet":"0","publish_time":"20210314204823","page_action_type":"08","cnt_agree":"0","topic_guid":"a3393d019aba8845b387046bd6d2bacf","userid":"dF5SP6p0LWUVyEw","cnt_comment":"0","content":"@PolEcoGuru 傻逼","url":"https://twitter.com/dF5SP6p0LWUVyEw/status/1371080770299654147","username":"佐藤隆太"},{"relevant_topic_guid":"4d81baa91904123ecb26d27f974bf193","cnt_retweet":"0","publish_time":"20210311222739","page_action_type":"08","cnt_agree":"0","topic_guid":"136499d6e35f5582ca47894eead84b6f","userid":"BowlongRise","cnt_comment":"0","content":"@PolEcoGuru 看来币圈要有大起伏啊","url":"https://twitter.com/BowlongRise/status/1370018586597625858","username":"BowlongRise"}]